region,lat,lon,tile_basename,hand_lambda_m,chosen_lambda_m,chosen_crest_az_deg,chosen_prom_frac,chosen_rel_power,within_tol,confidence,pct_diff_from_hand,n_candidates,all_candidates
AlNafudDesert,27.5,39.25,AlNafudDesert_lat27p50_lon39p25,1800.0,1802.0,148.8,0.594,0.115,True,high,0.1,16,117@261(p1.00);334@156(p0.27);474@246(p0.19);532@111(p0.28);711@266(p0.58);951@261(p0.82);1132@126(p0.28);1802@149(p0.59);2273@106(p0.77);2706@96(p0.57);3040@256(p1.00);3414@236(p1.00);3835@261(p1.00);4565@91(p1.00);5434@91(p1.00);6855@106(p1.00)
AlNafudDesert,27.5,39.5,AlNafudDesert_lat27p50_lon39p50,2300.0,2409.3,233.8,0.655,0.04,True,high,4.8,17,99@249(p1.00);315@214(p0.27);422@131(p0.18);564@134(p0.51);847@111(p0.32);1008@256(p0.76);1132@236(p0.16);1272@214(p0.37);1700@236(p0.76);2024@126(p0.50);2409@234(p0.66);3221@246(p0.99);3835@251(p1.00);4307@249(p1.00);5434@91(p1.00);6855@254(p1.00);8648@249(p1.00)
AlNafudDesert,27.75,39.25,AlNafudDesert_lat27p75_lon39p25,1700.0,1802.0,153.8,0.65,0.155,True,high,6.0,14,99@239(p0.98);354@149(p0.38);532@221(p0.35);711@209(p0.22);799@236(p0.70);1132@236(p0.84);1802@154(p0.65);3040@149(p0.82);3414@106(p0.89);4064@216(p1.00);4565@161(p1.00);5127@114(p1.00);6103@194(p1.00);7265@149(p1.00)
AlNafudDesert,27.75,39.5,AlNafudDesert_lat27p75_lon39p50,1200.0,1271.7,131.2,0.825,0.403,True,high,6.0,14,99@239(p0.99);447@199(p0.39);633@229(p0.44);897@229(p0.76);1272@131(p0.82);1428@239(p0.19);1910@226(p0.63);2706@264(p0.75);3618@211(p0.99);4064@164(p1.00);5127@214(p1.00);6103@194(p1.00);7265@149(p1.00);8648@111(p1.00)
AlNafudDesert,27.75,39.75,AlNafudDesert_lat27p75_lon39p75,1300.0,1513.8,121.2,0.279,0.139,True,high,16.4,20,99@246(p1.00);315@224(p0.19);375@229(p0.19);474@219(p0.38);564@96(p0.33);799@239(p0.56);1068@254(p0.66);1514@121(p0.28);1802@124(p0.37);2024@114(p0.19);2273@229(p0.55);2706@196(p0.26);3040@231(p0.58);3414@226(p0.24);4064@164(p0.71);4565@221(p0.86);5127@114(p1.00);6103@194(p1.00);6855@106(p1.00);8648@111(p1.00)
AlNafudDesert,27.75,40.25,AlNafudDesert_lat27p75_lon40p25,1400.0,1347.7,151.2,0.455,0.026,True,high,3.7,16,105@254(p1.00);422@244(p0.31);564@239(p0.50);754@264(p0.54);897@254(p0.24);1132@139(p0.58);1348@151(p0.46);1802@244(p0.58);2024@136(p0.30);2706@239(p0.89);3040@91(p0.23);3835@251(p0.68);4307@249(p1.00);5127@246(p1.00);6855@254(p1.00);8648@249(p1.00)
AlNafudDesert,27.75,40.75,AlNafudDesert_lat27p75_lon40p75,800.0,711.4,116.2,0.714,0.123,True,high,11.1,19,93@99(p1.00);250@96(p0.20);298@99(p0.46);334@106(p0.28);375@241(p0.27);447@109(p0.55);502@261(p0.62);711@116(p0.71);1068@91(p0.80);1428@114(p0.65);2145@104(p0.87);2553@234(p1.00);2868@234(p1.00);3414@91(p1.00);4064@91(p1.00);4565@91(p1.00);5759@91(p1.00);6855@91(p1.00);9166@91(p1.00)
AlNafudDesert,27.75,41.25,AlNafudDesert_lat27p75_lon41p25,1000.0,951.1,181.2,0.426,0.341,True,high,4.9,16,354@181(p0.33);532@181(p0.26);598@181(p0.25);847@181(p0.44);951@181(p0.43);1068@181(p0.41);1910@181(p1.00);2273@181(p1.00);2553@181(p1.00);2868@181(p0.44);3221@181(p0.48);3618@181(p1.00);4307@181(p1.00);5127@181(p1.00);6468@181(p1.00);8160@181(p1.00)
AlNafudDesert,28.0,39.5,AlNafudDesert_lat28p00_lon39p50,2100.0,2024.0,91.2,0.969,0.638,True,high,3.6,21,105@244(p0.59);265@91(p0.23);447@91(p0.19);502@91(p0.35);711@91(p0.31);799@91(p0.80);951@91(p0.54);1132@91(p0.29);1272@91(p0.30);1428@91(p1.00);1604@91(p0.29);1802@91(p0.50);2024@91(p0.97);2553@91(p0.95);3040@91(p1.00);3414@91(p1.00);4064@91(p1.00);4565@91(p1.00);5434@91(p1.00);6855@91(p1.00);9166@91(p1.00)
AlNafudDesert,28.0,39.75,AlNafudDesert_lat28p00_lon39p75,1800.0,1513.8,91.2,0.685,0.865,True,high,15.9,18,105@241(p0.74);281@91(p0.21);447@91(p0.35);532@91(p0.28);633@91(p0.23);799@91(p0.41);1132@91(p1.00);1272@91(p0.30);1514@91(p0.68);2273@91(p0.77);2553@91(p1.00);3040@91(p0.86);3414@91(p1.00);4064@91(p1.00);4565@91(p1.00);5434@91(p1.00);6855@91(p1.00);9166@91(p1.00)
AlNafudDesert,28.0,40.75,AlNafudDesert_lat28p00_lon40p75,700.0,671.2,91.2,0.288,0.479,True,high,4.1,16,88@259(p0.81);422@91(p0.22);598@91(p0.28);671@91(p0.29);951@91(p1.00);1272@91(p0.16);1428@91(p0.68);2273@91(p0.56);2553@91(p1.00);2868@91(p1.00);3414@91(p1.00);4064@91(p1.00);4565@91(p1.00);5759@91(p1.00);6855@91(p1.00);9166@91(p1.00)
AlNafudDesert,28.25,39.5,AlNafudDesert_lat28p25_lon39p50,800.0,753.9,171.2,0.387,0.296,True,high,5.8,18,125@216(p0.44);187@184(p0.19);236@171(p0.30);315@189(p0.52);633@219(p0.55);754@171(p0.39);951@199(p0.47);1068@199(p0.35);1348@191(p1.00);1802@211(p0.44);2024@234(p0.44);2409@194(p0.20);3221@216(p0.65);3618@211(p0.24);4064@119(p0.95);4565@124(p1.00);6103@221(p1.00);7700@196(p1.00)
AlNafudDesert,28.25,39.75,AlNafudDesert_lat28p25_lon39p75,1800.0,1802.0,173.8,0.762,0.08,True,high,0.1,12,105@251(p1.00);564@164(p0.48);799@254(p0.62);1200@194(p0.63);1802@174(p0.76);2273@259(p0.70);3414@236(p0.54);3835@204(p0.52);4565@101(p1.00);5434@104(p1.00);6855@91(p1.00);8648@111(p1.00)
AlNafudDesert,28.25,40.25,AlNafudDesert_lat28p25_lon40p25,1500.0,1347.7,256.2,0.706,0.033,True,high,10.2,15,105@251(p1.00);375@241(p0.19);502@254(p0.27);598@244(p0.40);1068@254(p0.54);1348@256(p0.71);1700@184(p0.75);2409@241(p0.47);3040@221(p0.77);3414@194(p0.54);3835@251(p0.93);5127@146(p1.00);6103@194(p1.00);6855@254(p1.00);8648@111(p1.00)
AlNafudDesert,28.25,40.5,AlNafudDesert_lat28p25_lon40p50,900.0,1008.0,223.8,0.25,0.02,True,high,12.0,14,88@246(p1.00);671@266(p0.21);754@259(p0.20);1008@224(p0.25);1272@184(p0.34);1428@166(p0.76);2024@246(p0.71);2706@251(p0.84);3414@194(p0.79);3835@204(p1.00);4565@124(p0.17);5127@214(p1.00);6855@106(p1.00);8648@249(p1.00)
AlNafudDesert,28.25,41.5,AlNafudDesert_lat28p25_lon41p50,1700.0,1604.3,266.2,1.0,1.0,True,high,5.6,17,78@264(p0.94);250@259(p0.20);298@239(p0.24);375@266(p0.23);447@234(p0.26);598@264(p0.46);754@91(p0.23);951@266(p0.89);1132@261(p0.23);1604@266(p1.00);2024@266(p0.81);2553@259(p0.81);3040@264(p0.69);3414@99(p1.00);4064@164(p1.00);4565@101(p1.00);5434@131(p1.00)
AlNafudDesert,28.25,41.75,AlNafudDesert_lat28p25_lon41p75,1000.0,1008.0,261.2,0.15,0.152,True,high,0.8,15,88@254(p0.93);334@261(p0.24);422@251(p0.28);502@254(p0.39);564@251(p0.26);754@264(p0.47);1008@261(p0.15);1604@261(p1.00);2868@91(p0.67);3414@201(p1.00);3835@251(p1.00);4307@249(p0.93);5434@229(p1.00);6855@254(p1.00);8648@249(p1.00)
AlNafudDesert,28.25,42.25,AlNafudDesert_lat28p25_lon42p25,1600.0,1700.3,91.2,0.923,0.345,True,high,6.3,15,88@94(p1.00);422@99(p0.42);532@104(p0.37);897@91(p0.54);1068@91(p0.48);1200@119(p0.21);1348@131(p0.43);1700@91(p0.92);2409@254(p0.56);3040@104(p1.00);4064@216(p1.00);4565@209(p1.00);5759@91(p1.00);7265@211(p1.00);9166@91(p1.00)
AlNafudDesert,28.5,39.75,AlNafudDesert_lat28p50_lon39p75,1500.0,1428.4,161.2,0.677,0.605,True,high,4.8,18,39@229(p0.39);298@151(p0.24);354@154(p0.25);474@154(p0.53);598@144(p0.22);711@149(p1.00);1200@156(p0.17);1428@161(p0.68);2024@164(p0.23);2273@229(p0.34);2553@159(p0.46);2868@111(p0.79);3221@114(p0.94);3835@164(p1.00);4565@124(p0.87);5127@114(p1.00);5759@156(p1.00);7265@149(p1.00)
AlNafudDesert,28.5,40.25,AlNafudDesert_lat28p50_lon40p25,1200.0,1008.0,251.2,0.748,0.077,True,high,16.0,16,105@254(p1.00);502@249(p0.31);598@249(p0.26);799@211(p0.41);1008@251(p0.75);1514@91(p0.47);2024@91(p0.29);2273@101(p0.55);2553@246(p0.67);3040@264(p0.34);3414@236(p0.62);3835@234(p0.84);4307@249(p1.00);5127@214(p1.00);6855@254(p1.00);8648@249(p1.00)
AlNafudDesert,28.5,40.5,AlNafudDesert_lat28p50_lon40p50,1000.0,1008.0,261.2,0.692,0.06,True,high,0.8,15,93@259(p1.00);210@261(p0.28);447@139(p0.35);633@141(p0.42);711@136(p0.30);1008@261(p0.69);1514@259(p0.54);1910@256(p0.92);2553@259(p0.53);3040@149(p1.00);3414@144(p1.00);3835@126(p1.00);4565@139(p1.00);5434@256(p1.00);6855@254(p1.00)
AlNafudDesert,28.5,41.25,AlNafudDesert_lat28p50_lon41p25,1500.0,1347.7,181.2,0.401,0.927,True,high,10.2,18,41@181(p0.18);236@181(p0.19);375@181(p0.16);532@181(p0.25);598@181(p0.24);847@181(p0.45);951@181(p0.44);1068@181(p1.00);1348@181(p0.40);1910@181(p0.41);2273@181(p1.00);2553@181(p1.00);3040@181(p1.00);3618@181(p1.00);4064@181(p1.00);5127@181(p1.00);6103@181(p1.00);8160@181(p1.00)
AlNafudDesert,28.5,41.5,AlNafudDesert_lat28p50_lon41p50,1600.0,1513.8,266.2,0.382,0.496,True,high,5.4,17,78@264(p0.84);223@246(p0.26);281@256(p0.19);474@234(p0.19);598@246(p0.29);711@94(p0.65);951@254(p0.48);1272@99(p1.00);1514@266(p0.38);2024@261(p0.37);2553@91(p0.53);2868@234(p1.00);4064@216(p1.00);4565@236(p1.00);5759@91(p1.00);7265@211(p1.00);9166@139(p1.00)
AlNafudDesert,28.5,41.75,AlNafudDesert_lat28p50_lon41p75,1100.0,1199.9,261.2,0.543,0.613,True,high,9.1,17,78@256(p0.88);334@244(p0.16);564@256(p0.24);711@261(p0.66);799@99(p0.19);951@264(p0.17);1200@261(p0.54);1604@264(p1.00);1802@261(p0.31);2145@256(p0.68);2553@91(p0.47);2868@234(p0.18);3414@226(p1.00);4064@91(p1.00);4565@221(p1.00);5434@256(p1.00);6855@106(p1.00)
AlNafudDesert,28.5,42.0,AlNafudDesert_lat28p50_lon42p00,1000.0,951.1,181.2,0.402,0.757,True,high,4.9,19,41@264(p0.45);157@181(p0.18);398@181(p0.26);447@181(p0.25);598@181(p0.23);847@181(p0.50);951@181(p0.40);1068@181(p1.00);1700@181(p0.53);1910@181(p0.23);2145@181(p1.00);2553@181(p1.00);2868@181(p1.00);3221@181(p1.00);3618@181(p1.00);4307@181(p1.00);5127@181(p1.00);6468@181(p1.00);8160@181(p1.00)
AlNafudDesert,28.75,39.5,AlNafudDesert_lat28p75_lon39p50,1800.0,1700.3,241.2,0.72,0.11,True,high,5.5,18,117@96(p1.00);354@126(p0.48);502@106(p0.42);711@121(p0.33);847@261(p0.60);951@121(p0.23);1272@129(p0.81);1428@129(p0.44);1700@241(p0.72);2273@96(p0.97);2553@96(p0.72);3040@96(p1.00);3414@91(p1.00);4064@91(p1.00);4565@91(p1.00);5434@91(p1.00);6855@91(p1.00);9166@91(p1.00)
AlNafudDesert,28.75,39.75,AlNafudDesert_lat28p75_lon39p75,1300.0,1271.7,166.2,0.171,0.269,True,high,2.2,20,99@91(p1.00);250@161(p0.15);375@124(p0.41);474@161(p0.26);564@126(p0.57);711@106(p0.45);847@116(p0.45);1008@129(p0.81);1132@129(p0.22);1272@166(p0.17);1604@144(p0.56);2145@136(p0.53);2553@146(p1.00);3040@256(p0.80);3414@181(p1.00);4064@91(p1.00);4565@91(p1.00);5434@229(p1.00);6855@254(p1.00);9166@91(p1.00)
Chad,13.0,15.25,Chad_lat13p00_lon15p25,2000.0,1802.0,121.2,0.242,0.6,True,high,9.9,17,223@131(p0.78);281@151(p0.33);398@134(p0.25);532@109(p0.22);847@126(p0.40);1068@144(p0.47);1272@131(p0.63);1514@169(p0.22);1802@121(p0.24);2409@136(p0.83);3221@126(p1.00);3835@146(p0.64);4307@251(p1.00);4838@121(p1.00);5434@169(p1.00);6468@166(p1.00);7700@124(p1.00)
Chad,13.0,15.5,Chad_lat13p00_lon15p50,1800.0,1513.8,136.2,0.778,0.432,True,high,15.9,15,187@136(p0.16);250@136(p0.92);598@141(p0.33);951@251(p0.26);1272@114(p0.30);1514@136(p0.78);2145@136(p0.46);2409@144(p0.85);3221@144(p0.32);3835@99(p0.97);4307@129(p1.00);4838@121(p1.00);5434@101(p1.00);6468@224(p1.00);7700@214(p1.00)
Chad,13.25,15.25,Chad_lat13p25_lon15p25,2000.0,2024.0,106.2,1.0,1.0,True,high,1.2,13,117@146(p0.16);236@144(p0.22);422@114(p0.47);711@129(p0.24);897@106(p0.49);1348@96(p0.56);1802@101(p0.18);2024@106(p1.00);3835@224(p0.90);5127@249(p1.00);6103@154(p1.00);6855@181(p1.00);8648@199(p1.00)
Chad,13.25,15.5,Chad_lat13p25_lon15p50,1000.0,1008.0,156.2,0.295,0.27,True,high,0.8,17,315@156(p0.32);474@134(p0.17);598@154(p0.34);711@131(p0.95);897@139(p0.47);1008@156(p0.30);1272@229(p0.34);1514@96(p0.49);2273@204(p0.49);2706@151(p0.28);3040@131(p1.00);3618@114(p0.42);4307@161(p1.00);4838@239(p1.00);5434@91(p1.00);6468@224(p1.00);7700@214(p1.00)
Chad,13.25,15.75,Chad_lat13p25_lon15p75,700.0,671.2,126.2,0.391,0.909,True,high,4.1,16,281@126(p0.56);564@129(p0.96);671@126(p0.39);847@129(p0.42);1132@114(p0.55);1514@146(p0.23);1802@254(p0.40);2145@136(p0.57);2409@121(p0.58);3040@139(p0.59);3835@196(p0.28);4307@199(p0.88);4838@136(p1.00);5434@169(p1.00);6103@206(p1.00);7700@214(p1.00)
Chad,13.25,16.0,Chad_lat13p25_lon16p00,2000.0,1909.8,136.2,0.909,0.706,True,high,4.5,18,148@181(p0.22);210@181(p0.17);398@181(p0.28);564@181(p0.34);633@151(p0.23);951@146(p0.30);1200@149(p1.00);1514@176(p0.54);1910@136(p0.91);2273@131(p0.56);2706@181(p1.00);3040@181(p1.00);3414@181(p1.00);3835@181(p1.00);4565@181(p1.00);5434@181(p1.00);6855@181(p1.00);9166@181(p1.00)
Chad,13.25,16.25,Chad_lat13p25_lon16p25,2200.0,2024.0,126.2,0.99,1.0,True,high,8.0,16,236@141(p0.22);265@141(p0.22);422@131(p0.34);474@121(p0.34);564@141(p0.25);633@154(p0.27);799@141(p0.32);1068@136(p0.86);1802@174(p0.22);2024@126(p0.99);3040@131(p0.58);3618@131(p0.94);4307@231(p1.00);5434@91(p1.00);6468@224(p1.00);7700@146(p1.00)
Chad,13.25,16.5,Chad_lat13p25_lon16p50,2000.0,1909.8,146.2,0.314,0.468,True,high,4.5,21,140@191(p0.19);187@191(p0.25);265@191(p0.19);298@191(p0.25);532@191(p0.69);633@191(p0.26);754@109(p0.17);847@191(p0.39);1008@136(p0.19);1132@191(p0.31);1348@191(p1.00);1514@141(p0.21);1910@146(p0.31);2409@191(p0.76);2706@191(p0.52);3040@191(p0.89);3835@196(p1.00);4565@189(p1.00);5434@191(p1.00);6468@194(p1.00);8648@199(p1.00)
Chad,13.25,16.75,Chad_lat13p25_lon16p75,1700.0,1604.3,148.8,0.231,0.712,True,high,5.6,17,265@114(p0.17);315@121(p0.58);422@129(p0.17);474@111(p0.37);633@99(p0.34);711@171(p0.58);1008@106(p1.00);1272@121(p0.35);1604@149(p0.23);2409@129(p0.84);3040@229(p0.39);3414@174(p0.94);4307@199(p0.76);4838@211(p1.00);6103@116(p1.00);6855@256(p1.00);8648@199(p1.00)
Chad,13.25,17.25,Chad_lat13p25_lon17p25,1200.0,1199.9,136.2,0.434,0.441,True,high,0.0,17,210@136(p0.31);315@136(p0.19);354@109(p0.36);502@159(p0.35);633@151(p0.51);711@161(p0.20);799@159(p1.00);1200@136(p0.43);1514@154(p0.36);1700@129(p0.42);2024@154(p0.74);2409@154(p0.84);2868@161(p0.42);4064@154(p0.87);4838@149(p1.00);6468@166(p1.00);8648@251(p1.00)
Chad,13.5,15.25,Chad_lat13p50_lon15p25,1000.0,1132.2,91.2,1.0,1.0,True,high,13.2,20,41@91(p0.18);223@91(p0.19);281@91(p0.23);398@91(p0.19);474@91(p0.16);633@91(p0.37);711@91(p0.33);1132@91(p1.00);1348@91(p0.46);1514@91(p0.40);1802@91(p0.39);2273@91(p0.80);2553@91(p0.99);3040@91(p1.00);3414@91(p1.00);4064@91(p1.00);4565@91(p1.00);5434@91(p1.00);6855@91(p1.00);9166@91(p1.00)
Chad,13.5,15.5,Chad_lat13p50_lon15p50,800.0,846.8,158.8,0.738,0.741,True,high,5.8,20,187@91(p0.21);375@144(p0.25);474@139(p0.30);532@91(p0.31);633@91(p0.20);711@91(p0.46);847@159(p0.74);951@91(p0.38);1132@91(p0.72);1348@91(p1.00);1802@91(p0.60);2273@91(p0.90);2706@91(p0.95);3040@91(p1.00);3414@91(p1.00);4064@91(p1.00);4565@91(p1.00);5434@91(p1.00);6855@91(p1.00);9166@91(p1.00)
Chad,13.5,15.75,Chad_lat13p50_lon15p75,900.0,846.8,91.2,1.0,1.0,True,high,5.9,21,198@91(p0.16);236@91(p0.23);281@91(p0.22);354@91(p0.21);422@91(p0.30);474@91(p0.38);711@91(p0.46);847@91(p1.00);1008@91(p0.30);1132@91(p0.27);1428@91(p0.64);1700@91(p0.18);2024@91(p0.99);2706@91(p1.00);3040@91(p1.00);3414@91(p1.00);4064@91(p1.00);4565@91(p1.00);5434@91(p1.00);6855@91(p1.00);9166@91(p1.00)
Chad,13.5,16.25,Chad_lat13p50_lon16p25,800.0,846.8,128.8,0.317,0.584,True,high,5.8,22,198@156(p0.20);223@91(p0.33);265@91(p0.25);298@136(p0.43);375@91(p0.26);564@91(p0.66);633@91(p0.49);711@91(p0.27);847@129(p0.32);1008@91(p0.41);1132@91(p1.00);1428@91(p0.19);1802@91(p0.66);2024@91(p0.97);2706@91(p1.00);3040@91(p1.00);3414@91(p1.00);4064@91(p1.00);4565@91(p1.00);5434@91(p1.00);6855@91(p1.00);9166@91(p1.00)
Chad,13.75,14.25,Chad_lat13p75_lon14p25,1400.0,1347.7,263.8,0.24,0.626,True,high,3.7,14,422@119(p0.43);474@129(p0.16);598@149(p0.45);711@134(p0.21);847@186(p0.58);1132@121(p0.96);1348@264(p0.24);2868@161(p0.53);3221@159(p0.80);3835@164(p0.67);4838@239(p1.00);5434@101(p1.00);6103@154(p1.00);7700@146(p1.00)
Chad,13.75,14.5,Chad_lat13p75_lon14p50,1600.0,1700.3,266.2,0.33,0.285,True,high,6.3,17,315@231(p0.20);398@181(p0.28);598@204(p0.77);754@211(p0.53);847@216(p0.33);1272@246(p0.99);1700@266(p0.33);1910@171(p0.31);2409@244(p0.72);2706@156(p0.17);3221@201(p0.98);3835@224(p0.49);4307@219(p0.98);5127@249(p1.00);6103@244(p1.00);7700@146(p1.00);8648@199(p1.00)
Chad,13.75,14.75,Chad_lat13p75_lon14p75,1300.0,1199.9,248.8,0.334,0.543,True,high,7.7,18,93@246(p0.17);105@239(p0.18);250@236(p0.43);375@246(p0.15);474@104(p0.28);532@251(p0.53);671@256(p0.31);799@236(p0.77);1008@236(p0.64);1200@249(p0.33);1514@246(p0.39);2145@236(p0.99);3414@239(p0.61);3835@236(p0.70);4838@136(p1.00);5434@91(p1.00);6103@154(p1.00);7700@146(p1.00)
Chad,13.75,15.0,Chad_lat13p75_lon15p00,1500.0,1428.4,243.8,0.721,0.743,True,high,4.8,21,148@221(p0.16);210@236(p0.19);422@244(p0.41);532@244(p0.20);633@104(p0.37);847@191(p0.19);951@236(p1.00);1200@181(p0.20);1428@244(p0.72);1604@181(p0.80);1802@229(p0.86);2024@234(p0.32);2409@249(p1.00);2706@181(p1.00);3040@181(p0.59);3414@229(p1.00);3835@236(p1.00);4565@181(p1.00);5434@191(p1.00);6855@181(p1.00);9166@181(p1.00)
Chad,13.75,15.25,Chad_lat13p75_lon15p25,800.0,846.8,148.8,0.202,0.505,True,high,5.8,16,265@144(p0.27);334@141(p0.30);422@136(p0.78);532@151(p0.32);598@161(p0.45);711@139(p0.67);847@149(p0.20);1514@141(p0.94);2273@229(p0.66);2706@96(p0.41);3414@256(p0.60);3835@214(p1.00);4565@181(p1.00);5434@216(p1.00);6468@194(p1.00);7700@214(p1.00)
Chad,13.75,15.5,Chad_lat13p75_lon15p50,1400.0,1513.8,233.8,0.658,0.486,True,high,8.1,20,41@194(p0.20);187@181(p0.21);298@181(p0.33);354@151(p0.17);447@176(p1.00);598@174(p0.44);711@154(p0.39);1068@131(p0.78);1200@176(p0.23);1514@234(p0.66);1802@186(p0.50);2273@156(p1.00);2706@234(p0.60);3040@229(p1.00);3414@151(p1.00);3835@196(p1.00);4565@211(p1.00);5434@101(p1.00);6855@104(p1.00);9166@181(p1.00)
Chad,13.75,15.75,Chad_lat13p75_lon15p75,1300.0,1199.9,193.8,0.674,0.856,True,high,7.7,19,41@181(p0.28);281@184(p0.31);354@166(p0.26);447@176(p1.00);564@171(p0.20);711@126(p0.28);847@174(p0.43);1068@149(p0.25);1200@194(p0.67);1604@266(p0.68);1802@166(p0.18);2409@169(p0.92);2706@216(p0.97);3414@121(p0.38);3835@236(p1.00);4565@171(p1.00);5434@216(p1.00);6855@104(p1.00);9166@91(p1.00)
Chad,13.75,16.0,Chad_lat13p75_lon16p00,2000.0,1909.8,181.2,0.69,0.426,True,high,4.5,18,41@181(p0.25);265@184(p0.20);354@136(p0.20);447@159(p0.41);633@176(p0.38);754@156(p0.21);951@181(p1.00);1200@181(p0.57);1428@181(p0.45);1910@181(p0.69);2706@181(p1.00);3040@181(p1.00);3414@181(p1.00);3835@181(p1.00);4565@181(p1.00);5434@181(p1.00);6855@181(p1.00);9166@181(p1.00)
Chad,13.75,16.25,Chad_lat13p75_lon16p25,2100.0,2024.0,133.8,0.563,0.13,True,high,3.6,20,41@174(p0.20);198@96(p0.28);223@99(p0.19);265@134(p0.17);334@119(p0.19);474@259(p0.44);671@91(p0.62);847@96(p1.00);1132@91(p0.36);1348@116(p0.89);1604@96(p0.52);2024@134(p0.56);2553@249(p1.00);3040@229(p1.00);3414@121(p1.00);4064@206(p1.00);4565@189(p1.00);5434@231(p1.00);6855@104(p1.00);9166@91(p1.00)
Chad,13.75,16.75,Chad_lat13p75_lon16p75,1400.0,1428.4,163.8,0.478,0.643,True,high,2.0,17,41@184(p0.27);176@189(p0.24);315@194(p0.23);375@164(p0.70);564@159(p0.32);671@171(p0.46);951@196(p0.47);1428@164(p0.48);1910@169(p1.00);2409@174(p0.37);2868@161(p0.68);3221@146(p0.38);3835@146(p1.00);4307@141(p1.00);5127@159(p1.00);6468@136(p1.00);8648@161(p1.00)
Chad,14.0,15.25,Chad_lat14p00_lon15p25,1600.0,1604.3,163.8,1.0,1.0,True,high,0.3,14,236@156(p0.32);315@166(p0.20);398@174(p0.30);564@164(p0.65);847@161(p0.89);1068@141(p0.55);1348@151(p0.21);1604@164(p1.00);2273@246(p0.63);2706@186(p0.87);4307@251(p1.00);5127@249(p1.00);6468@166(p1.00);8648@199(p1.00)
Chad,14.0,15.5,Chad_lat14p00_lon15p50,2200.0,2273.3,266.2,0.667,0.403,True,high,3.3,19,41@176(p0.30);132@231(p0.16);210@176(p0.27);265@234(p0.19);298@159(p0.18);447@229(p0.35);633@101(p0.37);951@246(p0.51);1348@94(p1.00);1604@96(p0.16);2273@266(p0.67);2706@264(p0.48);3040@264(p1.00);3414@264(p1.00);4064@91(p1.00);4565@261(p1.00);5434@259(p1.00);6855@256(p1.00);9166@91(p1.00)
Chad,14.0,15.75,Chad_lat14p00_lon15p75,2000.0,1909.8,168.8,0.453,0.139,True,high,4.5,21,41@181(p0.25);236@186(p0.19);354@174(p1.00);398@159(p0.16);474@159(p0.23);633@181(p0.53);754@211(p0.35);897@141(p0.25);1008@174(p0.27);1200@194(p0.26);1604@181(p0.69);1910@169(p0.45);2409@254(p0.64);2706@156(p1.00);3040@229(p0.76);3414@239(p1.00);3835@224(p1.00);4565@99(p1.00);5434@181(p1.00);6855@181(p1.00);9166@181(p1.00)
Chad,14.0,16.0,Chad_lat14p00_lon16p00,2000.0,1909.8,181.2,0.651,0.426,True,high,4.5,20,41@181(p0.27);334@181(p0.35);375@199(p0.21);502@181(p0.74);564@181(p0.26);847@164(p0.22);1068@181(p0.57);1200@181(p0.27);1348@181(p1.00);1514@181(p0.77);1910@181(p0.65);2409@181(p0.80);2706@181(p1.00);3040@181(p0.92);3414@181(p1.00);3835@181(p1.00);4565@181(p1.00);5434@181(p1.00);6855@181(p1.00);9166@181(p1.00)
Chad,14.0,16.25,Chad_lat14p00_lon16p25,1700.0,1604.3,188.8,0.701,0.306,True,high,5.6,19,41@181(p0.27);298@171(p0.28);354@186(p0.21);422@186(p0.23);564@176(p0.64);951@171(p1.00);1068@181(p0.21);1200@181(p0.36);1604@189(p0.70);1802@131(p0.47);2273@114(p0.85);2706@129(p1.00);3040@131(p0.90);3414@174(p1.00);3835@146(p1.00);4565@171(p1.00);5434@181(p1.00);6855@181(p1.00);9166@91(p1.00)
Chad,14.25,14.5,Chad_lat14p25_lon14p50,1000.0,1068.3,128.8,1.0,1.0,True,high,6.8,17,111@231(p0.42);223@239(p0.24);334@251(p0.16);754@246(p0.44);897@249(p0.35);1068@129(p1.00);1348@226(p0.45);1700@231(p0.46);2024@111(p0.62);2409@106(p0.36);3414@104(p0.33);3835@224(p0.95);4838@224(p1.00);6103@206(p1.00);6855@181(p1.00);7700@236(p1.00);8648@109(p1.00)
Chad,14.25,14.75,Chad_lat14p25_lon14p75,400.0,421.7,243.8,0.237,0.472,True,high,5.4,19,88@246(p0.21);148@241(p0.51);187@241(p0.17);281@251(p0.36);354@239(p0.36);422@244(p0.24);598@224(p0.64);711@244(p0.27);799@254(p0.29);1008@244(p0.88);1428@244(p1.00);1910@244(p0.63);2409@244(p0.62);2868@246(p0.75);3835@224(p0.61);4838@224(p1.00);6103@244(p1.00);7700@146(p1.00);8648@161(p1.00)
Chad,14.25,15.25,Chad_lat14p25_lon15p25,2400.0,2145.0,151.2,0.83,0.284,True,high,10.6,17,176@161(p0.16);265@159(p0.31);398@159(p0.53);474@161(p0.57);598@161(p0.64);799@156(p0.80);1200@156(p1.00);1514@199(p0.43);1910@191(p0.16);2145@151(p0.83);3221@234(p0.58);3618@156(p0.90);4307@161(p0.99);5127@249(p1.00);6468@224(p1.00);7700@236(p1.00);8648@199(p1.00)
Chad,14.25,15.5,Chad_lat14p25_lon15p50,1500.0,1513.8,161.2,0.331,0.853,True,high,0.9,22,41@189(p0.19);187@164(p0.33);281@164(p0.24);315@156(p0.76);375@171(p0.17);447@164(p0.49);564@164(p0.28);799@96(p0.53);951@116(p0.19);1132@246(p0.42);1514@161(p0.33);1700@154(p1.00);1910@164(p0.41);2145@159(p0.34);2868@211(p0.21);3221@214(p0.49);3618@156(p0.68);4064@116(p0.55);4565@171(p0.92);5434@169(p1.00);6103@244(p1.00);8648@199(p1.00)
Chad,14.25,15.75,Chad_lat14p25_lon15p75,1300.0,1132.2,158.8,0.664,0.99,True,high,12.9,13,157@221(p0.43);375@166(p0.16);474@131(p0.51);633@234(p0.16);711@229(p0.58);847@171(p0.27);1132@159(p0.66);2273@234(p0.95);3618@229(p0.47);4838@239(p1.00);5434@259(p1.00);6103@116(p1.00);7700@236(p1.00)
Chad,14.25,16.0,Chad_lat14p25_lon16p00,2000.0,1802.0,181.2,0.36,0.711,True,high,9.9,18,41@181(p0.18);354@181(p0.27);474@181(p0.32);564@181(p0.52);633@181(p0.31);754@181(p0.39);951@181(p0.71);1200@181(p1.00);1802@181(p0.36);2409@181(p0.54);2706@181(p0.99);3040@181(p1.00);3414@181(p1.00);3835@181(p1.00);4565@181(p1.00);5434@181(p1.00);6855@181(p1.00);9166@181(p1.00)
Chad,14.25,16.25,Chad_lat14p25_lon16p25,1800.0,1700.3,176.2,0.264,0.553,True,high,5.5,21,41@169(p0.16);265@181(p0.17);298@176(p0.20);334@184(p0.25);474@184(p0.34);598@199(p0.33);754@149(p0.21);897@189(p0.15);1068@166(p1.00);1272@176(p0.39);1428@109(p0.16);1700@176(p0.26);2024@171(p0.38);2273@171(p0.93);2706@156(p1.00);3414@264(p1.00);3835@254(p1.00);4565@211(p1.00);5434@91(p1.00);6855@104(p1.00);9166@181(p1.00)
Chad,14.25,16.5,Chad_lat14p25_lon16p50,1300.0,1271.7,181.2,0.222,0.001,True,high,2.2,15,564@181(p0.18);633@181(p0.15);951@181(p0.38);1068@181(p0.36);1272@181(p0.22);1910@181(p1.00);2409@181(p1.00);2706@181(p1.00);3040@181(p1.00);3414@181(p1.00);3835@181(p1.00);4565@181(p1.00);5434@181(p1.00);6855@181(p1.00);9166@181(p1.00)
Chad,14.5,15.25,Chad_lat14p50_lon15p25,2200.0,2273.3,91.2,1.0,0.623,True,high,3.3,19,223@91(p0.15);474@91(p0.34);564@91(p0.18);633@91(p0.20);711@91(p0.26);897@91(p0.44);1008@91(p0.42);1132@91(p0.48);1348@91(p1.00);1700@91(p0.25);2273@91(p1.00);2553@91(p1.00);3040@91(p1.00);3414@91(p1.00);4064@91(p1.00);4565@91(p1.00);5434@91(p1.00);6855@91(p1.00);9166@91(p1.00)
Chad,14.5,15.5,Chad_lat14p50_lon15p50,1600.0,1347.7,91.2,1.0,1.0,True,high,15.8,17,198@91(p0.17);334@91(p0.23);564@91(p0.24);633@91(p0.37);711@91(p0.45);1008@91(p0.48);1132@91(p0.49);1348@91(p1.00);2145@91(p1.00);2553@91(p1.00);3040@91(p1.00);3414@91(p1.00);4064@91(p1.00);4565@91(p1.00);5434@91(p1.00);6855@91(p1.00);9166@91(p1.00)
Chad,14.5,15.75,Chad_lat14p50_lon15p75,2100.0,2024.0,91.2,0.998,0.657,True,high,3.6,17,375@91(p0.16);532@91(p0.19);633@91(p0.25);711@91(p0.47);847@91(p0.22);1008@91(p0.47);1132@91(p0.45);1428@91(p1.00);2024@91(p1.00);2553@91(p1.00);3040@91(p1.00);3414@91(p1.00);4064@91(p1.00);4565@91(p1.00);5434@91(p1.00);6855@91(p1.00);9166@91(p1.00)
Chad,14.75,13.75,Chad_lat14p75_lon13p75,2000.0,1700.3,91.2,0.444,0.471,True,high,15.0,15,78@249(p0.68);298@246(p0.23);398@246(p0.18);633@244(p0.48);1008@246(p0.27);1200@246(p1.00);1428@239(p0.23);1700@91(p0.44);2868@246(p0.82);3221@146(p0.65);3835@236(p0.99);4838@239(p1.00);6103@244(p1.00);7700@214(p1.00);8648@109(p1.00)
Chad,14.75,14.0,Chad_lat14p75_lon14p00,1700.0,1700.3,256.2,0.614,0.403,True,high,0.0,20,93@234(p0.86);281@194(p0.18);334@221(p0.27);532@254(p0.30);598@194(p0.40);754@229(p0.25);951@236(p0.45);1068@201(p0.22);1272@164(p0.79);1514@156(p0.33);1700@256(p0.61);2145@159(p0.25);2409@224(p0.44);3414@256(p0.50);3835@236(p0.84);4307@231(p1.00);4838@239(p1.00);5434@181(p1.00);6468@224(p1.00);7700@214(p1.00)
Chad,14.75,14.75,Chad_lat14p75_lon14p75,2300.0,2409.3,243.8,0.629,0.308,True,high,4.8,15,140@249(p0.26);223@249(p0.17);315@239(p0.53);671@246(p0.47);799@246(p0.21);951@236(p0.16);1132@241(p1.00);1428@246(p0.51);1604@254(p0.29);2024@244(p0.22);2409@244(p0.63);5127@111(p1.00);6103@116(p1.00);7700@214(p1.00);8648@109(p1.00)
Chad,14.75,15.0,Chad_lat14p75_lon15p00,2200.0,2024.0,243.8,0.724,0.62,True,high,8.0,17,132@241(p0.25);198@244(p0.24);281@241(p0.41);315@236(p0.32);447@249(p0.34);532@234(p0.29);633@229(p0.17);1008@239(p1.00);1348@221(p0.56);1604@246(p0.17);2024@244(p0.72);2868@109(p0.30);3618@246(p0.87);5127@249(p1.00);6103@244(p1.00);7700@146(p1.00);8648@199(p1.00)
Chad,14.75,15.5,Chad_lat14p75_lon15p50,2600.0,2409.3,101.2,0.471,0.129,True,high,7.3,16,111@246(p0.65);223@246(p0.19);298@264(p0.21);375@239(p0.16);422@239(p0.38);633@261(p0.27);847@234(p0.40);951@249(p0.39);1272@239(p0.98);1802@239(p0.56);2409@101(p0.47);2868@191(p0.89);4064@244(p0.95);5434@259(p1.00);6103@244(p1.00);7700@146(p1.00)
Chad,14.75,15.75,Chad_lat14p75_lon15p75,2000.0,1700.3,236.2,0.99,1.0,True,high,15.0,14,93@246(p0.23);132@241(p0.36);375@251(p0.26);502@181(p0.58);847@244(p0.77);1132@234(p0.78);1700@236(p0.99);2553@236(p0.72);3414@209(p0.61);4064@244(p0.80);4838@239(p1.00);5434@231(p0.36);6103@206(p1.00);7700@146(p1.00)
Chad,14.75,16.0,Chad_lat14p75_lon16p00,1700.0,1802.0,181.2,0.42,0.855,True,high,6.0,20,140@181(p0.65);315@181(p0.32);447@181(p0.18);502@181(p0.31);564@181(p0.35);711@181(p0.21);897@181(p0.25);1068@181(p0.30);1200@181(p0.55);1514@181(p1.00);1802@181(p0.42);2409@181(p1.00);2706@181(p0.98);3040@181(p1.00);3414@181(p1.00);3835@181(p1.00);4565@181(p1.00);5434@181(p1.00);6855@181(p1.00);9166@181(p1.00)
Chad,14.75,16.25,Chad_lat14p75_lon16p25,1900.0,1513.8,151.2,0.629,0.457,True,high,20.3,16,132@244(p0.20);250@236(p0.35);315@241(p1.00);598@139(p0.23);711@244(p0.34);897@106(p0.18);1132@141(p0.59);1514@151(p0.63);2409@111(p0.88);3221@214(p0.75);3835@124(p0.96);4307@129(p0.89);5127@201(p1.00);6103@206(p1.00);7700@214(p1.00);8648@199(p1.00)
Chad,14.75,16.5,Chad_lat14p75_lon16p50,1900.0,1700.3,158.8,0.491,0.276,True,high,10.5,15,210@156(p0.16);250@139(p0.78);422@141(p0.28);633@139(p0.43);754@134(p0.24);951@134(p0.52);1200@149(p0.93);1700@159(p0.49);2145@141(p0.89);3040@244(p0.17);3835@236(p0.83);4307@219(p1.00);5434@231(p1.00);6468@136(p1.00);7700@236(p1.00)
Chad,15.0,11.5,Chad_lat15p00_lon11p50,1700.0,1802.0,136.2,0.207,0.043,True,high,6.0,14,265@234(p0.97);502@231(p0.47);754@139(p0.16);1068@181(p0.31);1514@144(p0.60);1802@136(p0.21);2145@149(p0.36);2706@254(p0.33);3221@224(p0.69);3835@224(p0.93);4838@239(p1.00);5434@101(p1.00);6468@224(p1.00);7700@214(p1.00)
Chad,15.0,12.5,Chad_lat15p00_lon12p50,1500.0,1604.3,121.2,0.259,0.133,True,high,7.0,18,93@221(p0.90);354@169(p0.15);398@139(p0.17);502@176(p0.42);633@181(p0.35);711@159(p0.35);1008@121(p0.30);1272@161(p0.33);1604@121(p0.26);1802@136(p0.72);2145@211(p0.24);2868@129(p0.91);3618@114(p1.00);4307@161(p1.00);4838@239(p1.00);5434@169(p1.00);6468@166(p1.00);7700@214(p1.00)
Chad,15.0,12.75,Chad_lat15p00_lon12p75,1500.0,1604.3,181.2,0.313,0.73,True,high,7.0,19,41@181(p0.16);125@181(p0.22);375@181(p0.32);532@181(p0.21);598@181(p0.33);671@181(p0.16);897@181(p0.46);1068@181(p1.00);1272@181(p0.55);1604@181(p0.31);2273@181(p1.00);2553@181(p1.00);3040@181(p1.00);3414@181(p1.00);3835@181(p1.00);4565@181(p1.00);5434@181(p1.00);6855@181(p1.00);9166@181(p1.00)
Chad,15.0,13.0,Chad_lat15p00_lon13p00,1400.0,1428.4,126.2,0.979,1.0,True,high,2.0,18,157@234(p0.23);315@131(p0.34);375@124(p0.75);502@119(p0.30);564@129(p0.44);671@121(p0.20);754@124(p0.69);951@181(p0.34);1428@126(p0.98);2024@151(p0.36);2553@96(p0.37);3040@256(p0.70);3618@219(p0.88);4064@91(p0.98);4838@239(p1.00);5434@259(p1.00);6103@244(p1.00);7700@124(p1.00)
Chad,15.0,13.5,Chad_lat15p00_lon13p50,1500.0,1604.3,136.2,0.707,0.311,True,high,7.0,17,93@251(p1.00);354@166(p0.19);564@126(p0.27);633@264(p0.62);754@154(p0.45);1008@134(p0.52);1272@111(p0.46);1604@136(p0.71);2273@146(p0.58);2706@259(p0.68);3040@264(p0.81);3414@256(p0.93);3835@254(p1.00);4565@91(p1.00);5434@91(p1.00);6855@91(p1.00);8648@199(p1.00)
Chad,15.0,13.75,Chad_lat15p00_lon13p75,2300.0,2409.3,173.8,0.434,0.159,True,high,4.8,17,99@246(p1.00);176@241(p0.17);210@241(p0.19);354@251(p0.41);564@91(p0.35);754@194(p0.19);1008@249(p0.71);1200@246(p0.51);1428@251(p0.78);2145@151(p0.81);2409@174(p0.43);2706@169(p0.38);3835@99(p0.85);5434@216(p1.00);6103@244(p1.00);6855@256(p1.00);8648@251(p1.00)
Chad,15.0,14.0,Chad_lat15p00_lon14p00,2300.0,2409.3,248.8,0.669,0.554,True,high,4.8,16,88@249(p1.00);398@264(p0.17);447@224(p0.19);502@216(p0.32);598@246(p0.44);711@201(p0.23);847@256(p0.49);1200@249(p0.66);1604@256(p0.52);2409@249(p0.67);3414@256(p0.64);3835@254(p0.80);4838@136(p1.00);6103@206(p1.00);6855@256(p1.00);8648@251(p1.00)
Chad,15.0,14.5,Chad_lat15p00_lon14p50,1800.0,1604.3,111.2,0.558,0.312,True,high,10.9,18,117@241(p1.00);250@254(p0.24);281@244(p0.25);315@209(p0.31);598@249(p0.20);671@174(p0.45);951@244(p0.64);1132@254(p0.57);1604@111(p0.56);2409@166(p0.57);2868@251(p0.89);3221@249(p0.79);3618@164(p0.64);4307@199(p0.66);5127@249(p1.00);6103@244(p1.00);7700@124(p1.00);8648@251(p1.00)
Chad,15.0,14.75,Chad_lat15p00_lon14p75,1800.0,1909.8,248.8,0.788,0.539,True,high,6.1,17,99@241(p1.00);447@231(p0.21);564@179(p0.16);754@116(p0.49);1008@204(p0.26);1132@254(p0.65);1428@191(p0.71);1910@249(p0.79);2409@144(p0.20);2868@246(p0.62);3221@249(p0.65);3618@246(p0.91);4307@251(p0.26);5127@249(p1.00);6103@154(p1.00);7700@236(p1.00);8648@251(p1.00)
Chad,15.0,15.0,Chad_lat15p00_lon15p00,2400.0,2273.3,181.2,1.0,1.0,True,high,5.3,20,334@241(p0.29);398@181(p0.27);502@216(p0.30);598@226(p0.27);671@181(p0.48);799@181(p0.68);1008@181(p0.46);1132@181(p0.19);1272@181(p1.00);1514@254(p0.55);1910@181(p0.70);2273@181(p1.00);2706@181(p1.00);3040@181(p0.95);3414@181(p1.00);3835@181(p1.00);4565@181(p1.00);5434@181(p1.00);6855@181(p1.00);9166@181(p1.00)
Chad,15.0,16.5,Chad_lat15p00_lon16p50,2600.0,2273.3,126.2,0.726,0.613,True,high,12.6,17,187@126(p0.21);265@144(p0.61);298@144(p0.17);375@169(p0.29);532@131(p0.57);711@139(p0.38);1068@136(p0.98);1348@96(p0.33);1802@106(p0.59);2273@126(p0.73);3040@104(p1.00);3835@99(p0.99);4307@251(p1.00);4838@136(p1.00);5434@181(p1.00);6468@166(p1.00);7700@214(p1.00)
Chad,15.25,12.5,Chad_lat15p25_lon12p50,900.0,951.1,91.2,0.459,0.455,True,high,5.7,19,93@246(p0.59);265@111(p0.20);398@91(p0.43);598@96(p0.26);799@114(p0.35);951@91(p0.46);1068@151(p0.83);1200@156(p0.44);1428@151(p0.66);1604@156(p0.69);1910@91(p1.00);2553@91(p0.92);3040@91(p1.00);3618@91(p1.00);4064@91(p1.00);4565@251(p1.00);5759@91(p1.00);6855@256(p1.00);9166@91(p1.00)
Chad,15.25,12.75,Chad_lat15p25_lon12p75,1400.0,1271.7,181.2,0.472,0.854,True,high,9.2,16,176@181(p0.16);598@181(p0.18);671@181(p0.31);951@181(p0.61);1068@181(p0.47);1272@181(p0.47);1802@181(p1.00);2145@181(p1.00);2706@181(p1.00);3040@181(p1.00);3414@181(p1.00);3835@181(p1.00);4565@181(p1.00);5434@181(p1.00);6855@181(p1.00);9166@181(p1.00)
Chad,15.25,13.0,Chad_lat15p25_lon13p00,1700.0,1802.0,156.2,0.999,1.0,True,high,6.0,14,236@266(p0.16);354@131(p0.32);447@181(p0.18);502@264(p0.22);799@144(p0.29);1008@156(p0.68);1802@156(p1.00);2706@169(p0.88);3618@246(p0.20);4064@244(p0.53);5127@249(p1.00);6103@244(p1.00);7700@236(p1.00);8648@251(p1.00)
Chad,15.25,13.5,Chad_lat15p25_lon13p50,2000.0,1909.8,196.2,0.553,0.279,True,high,4.5,20,125@259(p1.00);223@256(p0.18);334@91(p0.27);398@259(p0.30);447@266(p0.42);502@259(p0.30);564@156(p0.19);671@104(p0.39);897@191(p0.55);1200@181(p0.47);1428@251(p0.51);1910@196(p0.55);2706@151(p0.58);3221@249(p0.28);3835@254(p0.85);4307@251(p0.82);5434@259(p1.00);6103@244(p1.00);6855@91(p1.00);8648@109(p1.00)
Chad,15.25,13.75,Chad_lat15p25_lon13p75,2000.0,1909.8,258.8,1.0,1.0,True,high,4.5,14,117@254(p0.72);298@259(p0.23);564@91(p0.34);799@211(p0.21);1272@206(p0.65);1428@251(p0.29);1910@259(p1.00);2273@171(p0.55);3414@256(p0.89);3835@236(p0.63);5127@111(p1.00);6103@116(p1.00);6855@181(p1.00);8648@199(p1.00)
Chad,15.25,14.0,Chad_lat15p25_lon14p00,1800.0,1513.8,246.2,0.733,0.863,True,high,15.9,16,99@241(p1.00);281@259(p0.30);375@254(p0.29);474@254(p0.43);754@256(p0.55);847@241(p0.37);1200@259(p0.51);1514@246(p0.73);2145@266(p0.41);2868@251(p0.84);3835@254(p0.92);4307@251(p0.95);5127@249(p1.00);6103@244(p1.00);6855@256(p1.00);8648@251(p1.00)
Chad,15.25,14.5,Chad_lat15p25_lon14p50,2000.0,2273.3,261.2,0.73,0.349,True,high,13.7,19,111@251(p0.40);210@256(p0.28);334@219(p0.25);447@261(p0.24);598@264(p0.50);754@251(p0.86);897@261(p0.20);1068@259(p1.00);1272@261(p0.70);1514@261(p0.67);2273@261(p0.73);2706@259(p0.46);3040@256(p0.74);3414@264(p1.00);3835@254(p1.00);4565@261(p1.00);5434@259(p1.00);6855@91(p1.00);8648@251(p1.00)
Chad,15.25,15.0,Chad_lat15p25_lon15p00,2100.0,2273.3,181.2,1.0,0.4,True,high,8.3,20,41@181(p0.16);125@244(p0.16);281@181(p0.29);422@181(p0.30);474@214(p0.21);671@181(p0.70);847@181(p0.36);1008@181(p0.65);1132@181(p1.00);1428@181(p0.32);1604@251(p0.84);2273@181(p1.00);2706@181(p1.00);3040@181(p0.97);3414@181(p1.00);3835@181(p1.00);4565@181(p1.00);5434@181(p1.00);6855@181(p1.00);9166@181(p1.00)
Chad,15.5,12.5,Chad_lat15p50_lon12p50,1600.0,1604.3,263.8,0.868,0.9,True,high,0.3,19,117@256(p0.23);298@206(p0.18);354@254(p0.37);447@234(p0.31);502@204(p0.41);598@101(p0.24);711@241(p0.18);799@231(p0.19);897@256(p1.00);1132@221(p0.34);1604@264(p0.87);2273@266(p0.68);2553@96(p0.34);3040@264(p0.96);3414@256(p1.00);3835@254(p1.00);4565@99(p1.00);5434@259(p1.00);6855@256(p1.00)
Chad,15.5,12.75,Chad_lat15p50_lon12p75,1900.0,1909.8,181.2,0.309,0.747,True,high,0.5,18,281@181(p0.15);502@181(p0.48);633@181(p0.44);897@181(p0.44);1068@181(p0.59);1272@181(p0.60);1428@181(p0.26);1700@181(p1.00);1910@181(p0.31);2145@181(p0.85);2553@181(p0.55);3040@181(p1.00);3414@181(p1.00);3835@181(p1.00);4565@181(p1.00);5434@181(p1.00);6855@181(p1.00);9166@181(p1.00)
Chad,15.5,13.0,Chad_lat15p50_lon13p00,1800.0,1802.0,191.2,0.487,0.738,True,high,0.1,21,117@264(p0.35);148@264(p0.20);250@264(p0.34);354@186(p0.46);532@206(p0.18);598@189(p0.22);799@254(p0.74);1008@194(p0.55);1132@221(p0.43);1428@96(p0.41);1604@186(p0.26);1802@191(p0.49);2024@261(p0.16);2273@261(p1.00);2553@259(p0.69);3414@256(p1.00);4064@261(p1.00);4565@149(p0.97);5434@129(p1.00);6855@104(p1.00);8648@161(p1.00)
Chad,15.5,13.25,Chad_lat15p50_lon13p25,1700.0,1909.8,253.8,0.482,0.53,True,high,12.3,18,111@266(p0.65);125@254(p0.15);298@269(p0.22);447@266(p0.18);532@259(p0.45);671@91(p0.15);799@259(p0.78);1008@264(p0.59);1428@259(p1.00);1910@254(p0.48);2553@91(p0.88);3040@141(p0.98);3414@264(p0.85);3835@261(p1.00);4565@261(p1.00);5127@249(p1.00);6855@181(p1.00);8648@199(p1.00)
Chad,15.5,13.5,Chad_lat15p50_lon13p50,2100.0,2145.0,261.2,0.865,0.41,True,high,2.1,18,111@256(p0.31);187@264(p0.65);315@259(p0.37);375@264(p0.17);474@256(p0.49);564@266(p0.51);799@259(p0.55);1008@264(p1.00);1200@256(p0.29);1604@256(p0.62);2145@261(p0.86);2868@251(p0.91);3414@264(p1.00);3835@224(p1.00);4565@189(p1.00);5434@191(p1.00);6855@256(p1.00);8648@251(p1.00)
Chad,15.5,13.75,Chad_lat15p50_lon13p75,2100.0,2024.0,166.2,0.901,0.511,True,high,3.6,23,111@244(p0.16);125@259(p0.18);187@256(p0.25);210@259(p0.20);334@261(p0.31);398@266(p0.29);532@246(p0.25);633@266(p0.70);754@256(p0.50);847@214(p0.39);1008@269(p0.55);1200@256(p1.00);1604@106(p0.52);1802@101(p0.48);2024@166(p0.90);2273@266(p0.53);2553@111(p1.00);3040@244(p1.00);3414@186(p1.00);3835@189(p1.00);4565@99(p1.00);5434@231(p1.00);6855@256(p1.00)
Chad,15.5,15.25,Chad_lat15p50_lon15p25,2000.0,2024.0,158.8,0.196,0.174,True,high,1.2,18,334@254(p0.44);474@249(p0.17);532@239(p0.27);633@254(p0.35);754@256(p0.24);897@254(p0.84);1068@121(p0.24);1348@209(p0.61);1604@249(p0.36);2024@159(p0.20);2409@249(p1.00);2706@254(p0.24);3040@264(p0.21);3414@264(p0.47);5127@169(p1.00);6103@116(p1.00);6855@256(p1.00);8648@251(p1.00)
Chad,15.5,15.5,Chad_lat15p50_lon15p50,2200.0,2409.3,153.8,0.158,0.091,True,high,9.5,20,176@251(p0.20);210@246(p0.23);281@249(p1.00);334@244(p0.17);375@259(p0.33);502@256(p0.20);711@266(p0.20);847@249(p0.32);1132@254(p0.58);1272@256(p0.28);1604@251(p0.72);1910@249(p0.60);2409@154(p0.16);2706@259(p0.94);3835@146(p0.71);4307@141(p0.96);5434@101(p1.00);6103@116(p1.00);6855@181(p1.00);8648@109(p1.00)
Chad,15.75,12.5,Chad_lat15p75_lon12p50,1500.0,1199.9,253.8,1.0,1.0,True,high,20.0,16,166@269(p0.37);375@224(p0.20);474@256(p0.51);564@224(p0.29);633@244(p0.61);951@171(p0.80);1200@254(p1.00);1910@119(p0.51);2553@259(p0.79);3040@236(p0.86);3414@96(p1.00);3835@181(p1.00);4565@261(p1.00);5434@259(p1.00);6855@91(p1.00);8648@161(p1.00)
Chad,15.75,12.75,Chad_lat15p75_lon12p75,1800.0,1909.8,181.2,1.0,1.0,True,high,6.1,16,354@181(p0.23);502@181(p0.29);633@181(p0.49);951@181(p0.52);1068@181(p0.73);1272@181(p0.33);1514@181(p0.45);1910@181(p1.00);2145@181(p0.82);3040@181(p1.00);3414@181(p1.00);3835@181(p1.00);4565@181(p1.00);5434@181(p1.00);6855@181(p1.00);9166@181(p1.00)
Chad,15.75,13.0,Chad_lat15p75_lon13p00,1700.0,1700.3,258.8,0.39,0.957,True,high,0.0,20,140@261(p0.25);223@256(p0.18);265@259(p0.36);354@261(p0.20);422@254(p0.48);474@251(p0.22);633@259(p0.39);799@264(p0.30);1200@226(p0.23);1428@261(p1.00);1700@259(p0.39);2409@239(p0.18);2706@264(p0.66);3040@264(p0.91);3414@219(p0.54);3835@106(p0.59);4565@261(p1.00);5434@169(p1.00);6855@256(p1.00);8648@251(p1.00)
Chad,15.75,13.5,Chad_lat15p75_lon13p50,300.0,334.3,253.8,0.429,0.197,True,high,11.4,20,148@261(p0.27);334@254(p0.43);375@259(p0.16);447@261(p0.24);564@251(p0.76);711@101(p0.32);799@259(p0.38);1132@91(p0.68);1348@221(p0.21);1802@261(p1.00);2024@261(p0.64);2273@261(p0.28);2553@259(p0.67);3040@91(p0.77);3414@91(p1.00);3835@106(p1.00);4307@109(p1.00);5434@259(p1.00);6855@256(p1.00);8648@199(p1.00)
Chad,15.75,13.75,Chad_lat15p75_lon13p75,500.0,502.0,91.2,0.49,0.678,True,high,0.4,19,117@241(p0.15);166@91(p0.17);250@91(p0.28);298@91(p0.43);398@259(p0.27);502@91(p0.49);711@241(p0.47);897@99(p0.43);1132@91(p0.62);1348@221(p1.00);2024@91(p0.65);2706@241(p1.00);3040@104(p1.00);3414@121(p1.00);4064@116(p1.00);4565@171(p1.00);5434@259(p1.00);6855@256(p1.00);9166@91(p1.00)
Chad,15.75,14.0,Chad_lat15p75_lon14p00,400.0,375.5,256.2,0.157,0.327,True,high,6.1,22,117@261(p0.15);198@261(p0.28);236@259(p0.16);298@259(p0.27);334@259(p0.27);375@256(p0.16);447@259(p0.35);532@254(p0.18);633@269(p0.27);754@261(p0.18);847@91(p0.36);1348@264(p1.00);1604@264(p0.26);2145@266(p0.69);2706@191(p0.74);3040@186(p0.86);3414@264(p1.00);3835@261(p1.00);4565@261(p1.00);5434@191(p1.00);6855@181(p1.00);8648@251(p1.00)
Chad,15.75,14.5,Chad_lat15p75_lon14p50,300.0,397.9,263.8,0.222,0.063,False,low,32.6,12,398@264(p0.22);754@251(p0.36);847@259(p0.43);1068@256(p1.00);1604@259(p0.78);2273@261(p0.80);3414@96(p1.00);3835@99(p1.00);4565@91(p1.00);5434@91(p1.00);6855@91(p1.00);8648@199(p1.00)
Chad,15.75,15.0,Chad_lat15p75_lon15p00,400.0,375.5,183.8,0.348,0.815,True,high,6.1,22,99@211(p0.31);140@239(p0.32);223@194(p0.24);334@184(p0.16);375@184(p0.35);532@156(p0.54);671@171(p0.35);754@159(p0.19);847@181(p1.00);1008@149(p0.40);1132@126(p0.67);1428@134(p0.35);1802@249(p0.75);2409@154(p0.95);2706@174(p0.97);3040@181(p1.00);3414@181(p1.00);3835@254(p1.00);4565@181(p1.00);5434@181(p1.00);6855@181(p1.00);9166@181(p1.00)
Chad,16.0,12.75,Chad_lat16p00_lon12p75,1500.0,1604.3,181.2,0.364,0.55,True,high,7.0,15,532@181(p0.22);754@181(p0.16);1068@181(p0.53);1272@181(p0.79);1604@181(p0.36);1802@181(p1.00);2145@181(p0.81);2706@181(p0.30);3040@181(p1.00);3414@181(p1.00);3835@181(p1.00);4565@181(p1.00);5434@181(p1.00);6855@181(p1.00);9166@181(p1.00)
Chad,16.0,13.0,Chad_lat16p00_lon13p00,1900.0,1909.8,258.8,1.0,1.0,True,high,0.5,15,250@266(p0.20);354@266(p0.29);447@256(p0.48);633@259(p0.45);897@261(p0.56);1132@266(p0.39);1604@264(p0.52);1910@259(p1.00);2553@164(p0.41);3414@96(p0.80);3835@171(p0.63);4565@261(p1.00);5127@249(p1.00);6855@181(p1.00);8648@161(p1.00)
Chad,16.0,13.25,Chad_lat16p00_lon13p25,1700.0,1909.8,258.8,0.85,0.323,True,high,12.3,16,176@236(p0.30);315@264(p0.33);532@96(p0.18);671@94(p0.32);799@96(p0.46);1008@261(p0.57);1272@259(p1.00);1910@259(p0.85);2553@91(p0.66);3040@264(p1.00);3414@264(p1.00);3835@261(p1.00);4565@261(p1.00);5434@259(p1.00);6855@181(p1.00);8648@199(p1.00)
Chad,16.0,13.5,Chad_lat16p00_lon13p50,300.0,334.3,258.8,0.3,0.338,True,high,11.4,18,132@264(p0.33);198@264(p0.18);334@259(p0.30);474@264(p0.34);532@264(p0.24);754@261(p0.32);951@106(p0.62);1272@266(p0.70);1802@259(p0.45);2145@261(p1.00);2553@259(p0.65);3040@96(p0.34);3414@264(p0.90);3835@261(p1.00);4565@91(p1.00);5434@91(p1.00);6855@256(p1.00);8648@109(p1.00)
Chad,16.5,18.0,Chad_lat16p50_lon18p00,200.0,157.1,216.2,0.379,0.804,True,high,21.5,18,117@226(p0.17);157@216(p0.38);354@259(p0.21);398@249(p0.54);474@236(p0.23);598@91(p0.46);951@244(p0.97);1200@246(p0.71);1604@224(p0.22);1802@236(p0.59);2273@234(p0.43);2868@264(p0.77);3221@234(p0.33);4307@251(p0.64);4838@224(p1.00);5434@259(p1.00);6103@206(p1.00);7700@236(p1.00)
Chad,16.5,18.5,Chad_lat16p50_lon18p50,200.0,222.6,223.8,0.988,1.0,True,high,11.3,18,223@224(p0.99);298@106(p0.18);422@234(p0.27);598@226(p0.30);711@221(p0.21);799@234(p0.32);1008@224(p0.48);1272@156(p0.25);1514@256(p0.18);1802@251(p0.40);2409@211(p0.16);2706@209(p0.84);3221@166(p0.17);4064@244(p0.69);4565@211(p1.00);5434@231(p1.00);6103@244(p1.00);7700@236(p1.00)
Chad,16.5,18.75,Chad_lat16p50_lon18p75,200.0,210.0,111.2,0.152,0.952,True,high,5.0,21,117@231(p0.19);166@91(p0.25);187@94(p0.17);210@111(p0.15);334@229(p0.97);422@224(p0.24);564@239(p0.22);799@234(p0.32);951@229(p0.25);1068@239(p0.57);1272@236(p0.23);1700@239(p0.71);2273@241(p0.50);2706@241(p0.51);3414@239(p0.59);3835@236(p0.65);4307@219(p1.00);4838@224(p1.00);5434@216(p1.00);6468@194(p1.00);7700@236(p1.00)
Chad,16.75,18.75,Chad_lat16p75_lon18p75,300.0,250.0,178.8,0.368,0.269,True,high,16.7,16,187@201(p0.25);250@179(p0.37);375@209(p0.21);422@226(p0.44);598@241(p0.22);711@239(p0.52);847@244(p0.39);1008@241(p1.00);1514@244(p0.70);2024@244(p0.56);2868@236(p0.96);3221@234(p0.19);4838@239(p1.00);6103@244(p1.00);7700@236(p1.00);8648@251(p1.00)
Chad,16.75,19.25,Chad_lat16p75_lon19p25,200.0,222.6,243.8,0.256,0.691,True,high,11.3,18,105@204(p0.17);223@244(p0.26);315@206(p0.59);447@216(p0.25);564@224(p0.42);711@241(p0.51);847@241(p0.18);1068@239(p1.00);1428@239(p0.30);1910@241(p0.72);2273@226(p0.63);2868@236(p0.73);3221@234(p0.25);3835@254(p0.62);4838@239(p1.00);6103@206(p1.00);7700@214(p1.00);8648@251(p1.00)
Chad,17.0,18.25,Chad_lat17p00_lon18p25,300.0,265.0,91.2,0.16,0.263,True,high,11.7,17,265@91(p0.16);422@91(p0.19);598@91(p0.16);671@91(p0.21);951@91(p0.46);1068@91(p0.45);1200@91(p1.00);1514@91(p0.28);2273@91(p0.29);2553@91(p1.00);2868@91(p1.00);3414@91(p1.00);4064@91(p1.00);4565@91(p1.00);5759@91(p1.00);6855@91(p1.00);9166@91(p1.00)
Chad,17.0,19.5,Chad_lat17p00_lon19p50,200.0,157.1,198.8,0.186,0.255,True,high,21.5,15,157@199(p0.19);422@244(p0.28);532@236(p0.42);598@234(p0.40);711@234(p0.45);847@236(p0.50);1132@231(p1.00);1514@226(p0.53);3040@244(p0.95);3414@209(p0.17);3835@106(p0.88);4838@239(p1.00);5434@101(p1.00);6103@116(p1.00);7700@124(p1.00)
Chad,17.5,19.5,Chad_lat17p50_lon19p50,300.0,265.0,248.8,0.732,0.805,True,high,11.7,16,117@214(p0.34);210@229(p0.25);265@249(p0.73);422@216(p0.45);598@231(p0.52);799@101(p0.28);1132@154(p0.55);1802@196(p1.00);2024@196(p0.21);2409@184(p0.26);2706@191(p0.35);3221@194(p0.26);4307@199(p1.00);5127@201(p1.00);6468@136(p1.00);9166@181(p1.00)
Chad,17.5,19.75,Chad_lat17p50_lon19p75,200.0,198.2,186.2,0.492,0.43,True,high,0.9,17,198@186(p0.49);422@241(p0.27);532@234(p0.30);671@236(p0.29);897@236(p1.00);1132@241(p0.42);1272@241(p0.34);1700@219(p0.84);2273@244(p0.47);2868@236(p0.17);3414@229(p0.25);3835@224(p0.68);4307@231(p0.68);4838@224(p0.72);5434@231(p1.00);6103@206(p1.00);7700@214(p1.00)
GrandErgOccidental,30.0,-1.75,GrandErgOccidental_lat30p00_lon-01p75,1700.0,1700.3,181.2,0.293,0.794,True,high,0.0,16,398@181(p0.16);532@181(p0.26);598@181(p0.24);799@181(p0.45);951@181(p0.44);1132@181(p1.00);1700@181(p0.29);2024@181(p1.00);2273@181(p1.00);2706@181(p1.00);3040@181(p1.00);3414@181(p1.00);4064@181(p1.00);4838@181(p1.00);6103@181(p1.00);8160@181(p1.00)
GrandErgOccidental,30.0,-1.5,GrandErgOccidental_lat30p00_lon-01p50,2000.0,2145.0,243.8,0.483,0.005,True,high,7.3,17,52@116(p1.00);354@234(p0.24);447@249(p0.37);564@244(p0.22);633@94(p0.40);754@234(p0.19);847@229(p0.26);1132@96(p0.29);1272@251(p0.76);1514@236(p0.52);2145@244(p0.48);2706@229(p0.76);4064@229(p0.79);5127@214(p1.00);6103@241(p1.00);6855@254(p1.00);8648@249(p1.00)
GrandErgOccidental,30.0,-1.25,GrandErgOccidental_lat30p00_lon-01p25,1200.0,1271.7,248.8,0.25,0.009,True,high,6.0,17,52@109(p1.00);298@236(p0.29);354@244(p0.16);598@259(p0.42);799@254(p0.69);1272@249(p0.25);1428@249(p0.73);1700@206(p0.82);1910@224(p0.15);2273@221(p0.25);2706@221(p0.74);3618@234(p0.76);4064@119(p0.16);5127@214(p1.00);6103@191(p1.00);6855@91(p1.00);8648@249(p1.00)
GrandErgOccidental,30.0,-1.0,GrandErgOccidental_lat30p00_lon-01p00,1300.0,1428.4,191.2,0.853,0.012,True,high,9.9,14,62@116(p1.00);502@199(p0.43);633@256(p0.39);1008@194(p0.52);1428@191(p0.85);2273@199(p0.34);2706@186(p0.86);3040@191(p0.32);3414@254(p0.99);4064@181(p0.85);5434@229(p1.00);6103@241(p1.00);6855@254(p1.00);8648@249(p1.00)
GrandErgOccidental,30.0,-0.5,GrandErgOccidental_lat30p00_lon-00p50,1400.0,1428.4,208.8,0.371,0.01,True,high,2.0,15,62@106(p1.00);281@266(p0.25);422@214(p0.31);502@194(p0.22);633@209(p0.17);1008@199(p0.16);1132@191(p0.84);1428@209(p0.37);1910@209(p0.58);2706@191(p0.87);3414@194(p0.72);4307@249(p1.00);5434@229(p1.00);6855@254(p1.00);8648@249(p1.00)
GrandErgOccidental,30.0,-0.25,GrandErgOccidental_lat30p00_lon-00p25,1200.0,1132.2,181.2,0.427,0.042,True,high,5.7,17,66@109(p1.00);422@119(p0.36);564@166(p0.33);633@191(p0.19);711@184(p0.43);1132@181(p0.43);1428@181(p0.74);1700@216(p0.41);1910@221(p0.64);2409@181(p0.69);3040@181(p0.60);3835@204(p0.88);4307@111(p0.64);5434@256(p1.00);6103@181(p1.00);6855@106(p1.00);8648@111(p1.00)
GrandErgOccidental,30.25,-1.75,GrandErgOccidental_lat30p25_lon-01p75,2000.0,2024.0,181.2,1.0,0.823,True,high,1.2,17,334@181(p0.24);398@181(p0.16);447@181(p0.36);564@181(p0.25);847@181(p0.44);951@181(p0.44);1132@181(p1.00);1700@181(p0.30);2024@181(p1.00);2273@181(p1.00);2706@181(p1.00);3040@181(p1.00);3414@181(p1.00);4064@181(p1.00);4838@181(p1.00);6103@181(p1.00);8160@181(p1.00)
GrandErgOccidental,30.25,-1.5,GrandErgOccidental_lat30p25_lon-01p50,3000.0,3414.0,181.2,1.0,0.026,True,high,13.8,20,41@101(p1.00);166@261(p0.15);334@91(p0.27);375@99(p0.30);532@94(p0.43);671@101(p0.33);754@109(p0.19);847@99(p0.69);1008@201(p0.23);1348@99(p0.50);1604@91(p0.94);1802@91(p0.36);2024@99(p0.29);2553@124(p1.00);3414@181(p1.00);4064@181(p1.00);4565@221(p1.00);5759@156(p1.00);6855@149(p1.00);9166@91(p1.00)
GrandErgOccidental,30.25,-1.25,GrandErgOccidental_lat30p25_lon-01p25,5000.0,4837.7,181.2,1.0,0.167,True,high,3.2,15,532@181(p0.17);799@181(p0.39);897@181(p0.38);1008@181(p0.36);1200@181(p0.33);1700@181(p1.00);2024@181(p1.00);2409@181(p1.00);2706@181(p1.00);3040@181(p1.00);3414@181(p1.00);4064@181(p1.00);4838@181(p1.00);6103@181(p1.00);8160@181(p1.00)
GrandErgOccidental,30.25,0.0,GrandErgOccidental_lat30p25_lon00p00,2900.0,3039.6,173.8,0.715,0.002,True,high,4.8,17,66@269(p1.00);334@119(p0.24);422@104(p0.24);532@104(p0.47);754@181(p0.40);951@189(p0.73);1068@166(p0.16);1428@194(p0.79);1604@174(p0.19);2024@104(p0.44);2706@174(p0.78);3040@174(p0.72);3414@166(p1.00);4064@171(p1.00);4565@199(p1.00);5434@104(p1.00);6855@106(p1.00)
GrandErgOccidental,30.25,0.5,GrandErgOccidental_lat30p25_lon00p50,1900.0,1604.3,228.8,0.88,0.03,True,high,15.6,14,66@266(p1.00);474@229(p0.24);633@234(p0.21);799@199(p0.75);951@204(p0.26);1200@224(p0.69);1604@229(p0.88);2273@254(p0.83);3040@241(p0.59);3414@186(p1.00);3835@251(p1.00);4565@221(p1.00);5434@229(p1.00);6855@254(p1.00)
GrandErgOccidental,30.5,-2.25,GrandErgOccidental_lat30p50_lon-02p25,2300.0,2409.3,181.2,0.778,0.846,True,high,4.8,13,52@181(p0.82);78@176(p0.31);1068@189(p0.16);1514@189(p0.37);2145@189(p1.00);2409@181(p0.78);2706@181(p0.52);3040@181(p0.76);3414@181(p0.83);4064@181(p1.00);4838@181(p1.00);5759@191(p1.00);7700@196(p1.00)
GrandErgOccidental,30.5,-1.75,GrandErgOccidental_lat30p50_lon-01p75,1700.0,1604.3,181.2,0.241,0.773,True,high,5.6,15,447@181(p0.31);564@181(p0.25);847@181(p0.44);951@181(p0.44);1132@181(p1.00);1604@181(p0.24);2024@181(p0.79);2409@181(p0.65);2706@181(p1.00);3040@181(p1.00);3414@181(p1.00);4064@181(p1.00);4838@181(p1.00);6103@181(p1.00);8160@181(p1.00)
GrandErgOccidental,30.5,-1.5,GrandErgOccidental_lat30p50_lon-01p50,1500.0,1428.4,101.2,0.438,0.396,True,high,4.8,16,55@114(p1.00);354@101(p0.18);671@101(p0.18);897@101(p0.37);1008@99(p0.20);1428@101(p0.44);1700@101(p0.85);2273@101(p0.42);2553@101(p0.88);3040@96(p0.94);3414@99(p1.00);4064@99(p1.00);4565@101(p0.73);5434@104(p1.00);6855@106(p1.00);8648@111(p1.00)
GrandErgOccidental,30.5,-1.25,GrandErgOccidental_lat30p50_lon-01p25,2800.0,2706.2,208.8,0.916,0.011,True,high,3.4,14,59@104(p1.00);354@101(p0.21);754@101(p0.26);847@101(p0.19);1132@101(p0.58);1348@99(p0.81);1802@254(p0.28);2145@219(p0.50);2706@209(p0.92);3414@99(p1.00);4565@101(p0.97);5434@104(p1.00);6855@106(p1.00);8648@111(p1.00)
GrandErgOccidental,30.5,-0.75,GrandErgOccidental_lat30p50_lon-00p75,2700.0,2706.2,181.2,1.0,0.593,True,high,0.2,17,41@181(p0.16);532@181(p0.27);598@181(p0.24);799@181(p0.44);897@181(p0.45);1008@181(p0.46);1200@181(p1.00);1604@181(p0.19);1802@181(p0.98);2273@181(p0.98);2706@181(p1.00);3040@181(p1.00);3414@181(p1.00);4064@181(p1.00);4838@181(p1.00);6103@181(p1.00);8160@181(p1.00)
GrandErgOccidental,30.5,0.0,GrandErgOccidental_lat30p50_lon00p00,2800.0,2868.0,198.8,1.0,0.002,True,high,2.4,14,70@109(p1.00);223@104(p0.16);334@101(p0.21);671@211(p0.59);1132@206(p0.92);1514@249(p0.95);1802@196(p0.66);2145@194(p0.32);2409@189(p0.88);2868@199(p1.00);4064@171(p1.00);4838@171(p1.00);5759@204(p1.00);7265@211(p1.00)
GrandErgOccidental,30.5,0.5,GrandErgOccidental_lat30p50_lon00p50,1900.0,1700.3,166.2,0.551,0.013,True,high,10.5,16,41@269(p1.00);398@234(p0.27);502@226(p0.18);598@261(p0.50);799@254(p0.72);951@251(p0.47);1200@264(p0.85);1348@256(p0.58);1700@166(p0.55);2273@199(p0.32);2706@196(p0.63);3414@186(p1.00);3835@234(p1.00);4565@161(p1.00);5434@104(p1.00);6855@106(p1.00)
GrandErgOccidental,30.5,0.75,GrandErgOccidental_lat30p50_lon00p75,2800.0,2868.0,198.8,0.936,0.045,True,high,2.4,14,62@259(p1.00);447@169(p0.18);502@256(p0.51);564@224(p0.23);671@256(p0.52);1008@219(p0.38);1428@234(p0.75);1700@154(p0.47);2145@189(p0.19);2868@199(p0.94);4307@151(p0.66);5127@146(p1.00);6855@254(p1.00);8648@249(p1.00)
GrandErgOccidental,30.5,1.25,GrandErgOccidental_lat30p50_lon01p25,2400.0,2706.2,191.2,0.488,0.042,True,high,12.8,17,55@256(p1.00);236@244(p0.20);447@241(p0.62);532@244(p0.46);711@236(p0.51);951@249(p0.74);1132@181(p0.56);1428@191(p0.45);1700@249(p0.86);2024@226(p0.59);2706@191(p0.49);3618@211(p0.49);4307@209(p0.59);5127@246(p1.00);6103@181(p1.00);6855@106(p1.00);8648@111(p1.00)
GrandErgOccidental,31.0,-1.75,GrandErgOccidental_lat31p00_lon-01p75,1800.0,1700.3,181.2,0.276,0.918,True,high,5.5,16,422@181(p0.15);502@181(p0.26);564@181(p0.26);847@181(p0.44);951@181(p0.44);1132@181(p1.00);1700@181(p0.28);2024@181(p1.00);2409@181(p1.00);2706@181(p1.00);3040@181(p1.00);3414@181(p1.00);4064@181(p1.00);4838@181(p1.00);6103@181(p1.00);8160@181(p1.00)
GrandErgOccidental,31.0,-1.5,GrandErgOccidental_lat31p00_lon-01p50,1400.0,1199.9,96.2,0.73,0.119,True,high,14.3,16,55@111(p1.00);315@249(p0.16);754@96(p0.24);1008@159(p0.21);1200@96(p0.73);1604@149(p0.24);1802@99(p0.91);2273@214(p0.47);2553@164(p0.17);3040@169(p0.83);3414@151(p1.00);4064@239(p1.00);4565@236(p1.00);5759@91(p1.00);6855@151(p1.00);9166@91(p1.00)
GrandErgOccidental,31.0,1.5,GrandErgOccidental_lat31p00_lon01p50,2100.0,2145.0,193.8,0.746,0.842,True,high,2.1,19,62@249(p0.89);187@224(p0.16);236@216(p0.16);298@201(p0.25);354@194(p0.33);422@194(p0.47);564@191(p0.45);754@194(p0.37);1200@191(p0.78);1428@204(p0.25);1700@184(p0.66);2145@194(p0.75);2409@194(p1.00);2706@209(p0.52);3221@216(p0.56);3618@204(p0.52);4565@259(p1.00);5434@204(p1.00);7700@164(p1.00)
GrandErgOccidental,31.0,1.75,GrandErgOccidental_lat31p00_lon01p75,2200.0,2024.0,191.2,0.982,0.487,True,high,8.0,14,74@116(p0.83);671@194(p0.39);1008@199(p0.87);1272@186(p0.52);1604@181(p0.59);2024@191(p0.98);2409@189(p0.74);2706@191(p1.00);3040@191(p0.59);3414@194(p1.00);4064@181(p1.00);4838@181(p1.00);6103@221(p1.00);7700@196(p1.00)
GrandErgOccidental,31.0,2.25,GrandErgOccidental_lat31p00_lon02p25,1700.0,1513.8,216.2,0.684,0.073,True,high,11.0,20,66@244(p0.97);334@181(p0.25);502@191(p0.51);564@189(p0.30);711@231(p0.45);847@221(p0.27);951@176(p0.24);1068@181(p0.45);1272@166(p0.17);1514@216(p0.68);1910@161(p0.40);2145@164(p0.79);3040@129(p0.79);3618@204(p0.94);4064@214(p1.00);4565@161(p0.36);5127@214(p1.00);6103@221(p1.00);7265@129(p1.00);8648@111(p1.00)
GrandErgOccidental,31.25,1.5,GrandErgOccidental_lat31p25_lon01p50,1900.0,2024.0,191.2,0.629,0.272,True,high,6.5,17,55@94(p1.00);315@214(p0.35);474@196(p0.29);598@194(p0.15);897@91(p0.88);1200@236(p0.28);1428@94(p0.93);1604@209(p0.28);2024@191(p0.63);2553@201(p1.00);3040@206(p1.00);3414@194(p1.00);4064@171(p1.00);4565@236(p1.00);5759@191(p1.00);6855@209(p1.00);9166@221(p1.00)
GrandErgOccidental,31.25,1.75,GrandErgOccidental_lat31p25_lon01p75,1500.0,1604.3,201.2,0.36,0.568,True,high,7.0,13,59@236(p0.91);334@199(p0.22);447@196(p0.58);532@244(p0.24);754@204(p0.57);1132@124(p0.20);1604@201(p0.36);1802@204(p1.00);2706@209(p0.49);3835@196(p0.42);4565@199(p0.70);5434@204(p1.00);7700@196(p1.00)
GrandErgOccidental,31.25,2.25,GrandErgOccidental_lat31p25_lon02p25,1900.0,1909.8,168.8,0.753,0.028,True,high,0.5,19,66@244(p1.00);250@241(p0.24);422@189(p0.24);474@181(p0.43);598@181(p0.34);847@249(p0.25);951@214(p0.48);1132@161(p0.33);1348@151(p0.66);1910@169(p0.75);2553@146(p0.49);3040@154(p0.99);3414@209(p0.95);4064@226(p0.91);4565@101(p0.99);5434@256(p1.00);6103@121(p1.00);6855@254(p1.00);8648@111(p1.00)
GrandErgOccidental,31.25,2.5,GrandErgOccidental_lat31p25_lon02p50,1400.0,1428.4,131.2,0.427,0.022,True,high,2.0,18,62@231(p0.91);532@174(p0.27);598@141(p0.37);799@224(p0.38);897@181(p0.50);1008@141(p0.31);1132@139(p0.56);1428@131(p0.43);2024@159(p0.85);2553@196(p0.27);3040@154(p0.29);3618@129(p1.00);4064@134(p1.00);4565@199(p1.00);5127@229(p1.00);6103@121(p1.00);7265@231(p1.00);9166@139(p1.00)
GrandErgOccidental,31.75,2.5,GrandErgOccidental_lat31p75_lon02p50,2200.0,2145.0,166.2,0.399,0.003,True,high,2.5,18,59@239(p0.91);447@204(p0.18);502@229(p0.43);633@176(p0.38);711@174(p0.34);1068@124(p0.63);1272@156(p0.33);1428@166(p0.40);1700@161(p0.39);2145@166(p0.40);3040@181(p0.18);3618@116(p1.00);4064@181(p1.00);4565@91(p1.00);5127@146(p1.00);6103@181(p1.00);7265@231(p1.00);9166@139(p1.00)
GrandErgOccidental,31.75,2.75,GrandErgOccidental_lat31p75_lon02p75,1900.0,2024.0,148.8,0.867,0.005,True,high,6.5,17,59@231(p0.91);422@219(p0.22);598@169(p0.51);754@201(p0.35);951@181(p0.19);1132@144(p0.64);1428@141(p0.64);1700@141(p0.36);2024@149(p0.87);3040@181(p0.89);3414@181(p1.00);4064@181(p1.00);4565@161(p1.00);5127@116(p1.00);6103@121(p1.00);7265@231(p1.00);9166@91(p1.00)
GrandErgOccidental,32.0,2.5,GrandErgOccidental_lat32p00_lon02p50,1300.0,1428.4,141.2,0.611,0.017,True,high,9.9,20,70@261(p1.00);375@91(p0.17);447@154(p0.21);502@174(p0.34);564@181(p0.15);633@156(p0.65);754@161(p0.28);951@169(p0.40);1428@141(p0.61);1604@139(p0.73);1910@156(p0.51);2273@166(p0.97);2706@156(p0.77);3040@174(p1.00);3414@174(p1.00);3835@171(p1.00);4565@139(p1.00);5434@156(p1.00);6855@106(p1.00);9166@139(p1.00)
GrandErgOccidental,32.0,2.75,GrandErgOccidental_lat32p00_lon02p75,2000.0,2024.0,138.8,0.425,0.005,True,high,1.2,19,70@234(p1.00);398@246(p0.46);447@156(p0.16);502@174(p0.36);598@156(p0.56);847@169(p0.55);1200@139(p0.58);1428@159(p0.36);1604@164(p0.70);2024@139(p0.42);2273@171(p0.86);3040@181(p0.69);3618@139(p0.34);4064@181(p0.92);4565@234(p0.46);5127@214(p1.00);6103@121(p1.00);6855@151(p1.00);8648@111(p1.00)
GrandErgOrientalAlgeria,26.5,6.75,GrandErgOrientalAlgeria_lat26p50_lon06p75,2800.0,3039.6,146.2,0.505,0.005,True,high,8.6,18,250@246(p0.18);354@256(p0.28);447@251(p1.00);532@241(p0.28);754@221(p0.33);897@241(p0.69);1132@116(p0.59);1348@134(p0.51);1604@174(p0.56);1910@131(p0.28);2145@219(p0.26);3040@146(p0.51);3618@174(p0.75);4064@164(p0.90);5127@191(p1.00);6103@194(p1.00);6855@91(p1.00);8648@181(p1.00)
GrandErgOrientalAlgeria,26.5,8.0,GrandErgOrientalAlgeria_lat26p50_lon08p00,3000.0,2868.0,181.2,0.188,0.434,True,high,4.4,18,281@181(p0.26);354@181(p0.31);532@181(p0.26);598@181(p0.23);847@181(p0.39);951@181(p0.48);1068@181(p0.33);1514@181(p0.17);1910@181(p1.00);2145@181(p0.94);2553@181(p0.99);2868@181(p0.19);3221@181(p0.19);3618@181(p1.00);4307@181(p1.00);5127@181(p1.00);6468@181(p1.00);8160@181(p1.00)
GrandErgOrientalAlgeria,26.5,8.25,GrandErgOrientalAlgeria_lat26p50_lon08p25,2000.0,2145.0,238.8,0.303,0.111,True,high,7.3,17,83@241(p0.92);334@171(p0.17);422@256(p0.26);502@259(p0.16);633@216(p0.26);799@234(p0.67);951@241(p0.17);1514@209(p0.85);2145@239(p0.30);3040@241(p0.75);3414@226(p1.00);4064@216(p0.59);4565@259(p1.00);5127@214(p1.00);6103@194(p1.00);7265@211(p1.00);9166@139(p1.00)
GrandErgOrientalAlgeria,26.75,6.5,GrandErgOrientalAlgeria_lat26p75_lon06p50,3100.0,2868.0,173.8,1.0,0.054,True,high,7.5,20,148@101(p0.29);236@259(p0.23);281@101(p0.58);334@196(p0.18);375@239(p1.00);447@91(p0.39);532@91(p0.24);598@91(p0.57);754@221(p0.69);847@136(p0.37);1008@104(p0.32);1200@131(p0.61);1514@96(p0.85);1910@251(p0.59);2868@174(p1.00);4064@144(p1.00);4565@151(p1.00);5759@156(p1.00);6855@254(p1.00);9166@91(p1.00)
GrandErgOrientalAlgeria,26.75,6.75,GrandErgOrientalAlgeria_lat26p75_lon06p75,2600.0,1802.0,203.8,0.553,0.068,False,low,30.7,17,187@251(p0.15);315@254(p1.00);375@246(p0.15);671@94(p0.25);754@249(p0.53);951@226(p0.56);1132@209(p0.27);1348@209(p0.23);1604@196(p0.36);1802@204(p0.55);3414@261(p0.91);4064@164(p0.27);4565@151(p0.67);5434@129(p1.00);6103@119(p1.00);6855@254(p1.00);8648@181(p1.00)
GrandErgOrientalAlgeria,26.75,7.75,GrandErgOrientalAlgeria_lat26p75_lon07p75,2000.0,2024.0,208.8,1.0,1.0,True,high,1.2,18,88@216(p0.79);298@236(p0.23);354@204(p0.20);474@211(p0.58);598@204(p0.49);711@211(p0.29);897@211(p0.26);1008@214(p0.62);1428@204(p0.86);2024@209(p1.00);2706@231(p0.17);3040@214(p0.36);3414@216(p0.88);4307@209(p0.97);4838@199(p1.00);5759@204(p1.00);7265@149(p1.00);8160@196(p1.00)
GrandErgOrientalAlgeria,26.75,8.0,GrandErgOrientalAlgeria_lat26p75_lon08p00,2200.0,2145.0,181.2,0.998,0.833,True,high,2.5,19,105@181(p0.17);148@181(p0.19);166@181(p0.19);334@181(p0.18);532@181(p0.30);598@181(p0.27);847@181(p0.49);951@181(p0.45);1068@181(p1.00);1802@181(p0.28);2145@181(p1.00);2553@181(p1.00);2868@181(p0.49);3221@181(p0.52);3618@181(p1.00);4064@181(p1.00);5127@181(p1.00);6103@181(p1.00);8160@181(p1.00)
GrandErgOrientalAlgeria,26.75,8.25,GrandErgOrientalAlgeria_lat26p75_lon08p25,1600.0,1604.3,206.2,0.366,0.097,True,high,0.3,17,99@226(p0.95);532@211(p0.39);598@181(p0.29);711@221(p0.28);799@229(p0.46);1068@226(p0.31);1200@229(p0.67);1604@206(p0.37);2024@256(p0.44);2706@221(p0.78);3414@216(p0.18);4064@216(p1.00);4565@221(p1.00);5434@231(p1.00);6103@241(p1.00);7265@234(p1.00);9166@221(p1.00)
GrandErgOrientalAlgeria,27.0,6.5,GrandErgOrientalAlgeria_lat27p00_lon06p50,3000.0,3039.6,193.8,0.287,0.581,True,high,1.3,17,99@226(p0.66);315@214(p0.16);354@191(p0.28);474@216(p0.65);633@234(p0.43);847@191(p0.48);1200@234(p0.55);1604@194(p1.00);1802@174(p0.29);2273@166(p0.41);2706@191(p0.31);3040@194(p0.29);3414@194(p0.87);4307@189(p0.86);5127@191(p1.00);6103@194(p1.00);8160@196(p1.00)
GrandErgOrientalAlgeria,27.0,6.75,GrandErgOrientalAlgeria_lat27p00_lon06p75,3600.0,3414.0,166.2,1.0,0.006,True,high,5.2,18,93@226(p0.95);198@236(p0.19);265@226(p0.24);334@246(p0.18);422@224(p0.40);711@91(p0.52);951@196(p0.42);1272@166(p0.37);1428@194(p0.71);2024@91(p0.27);2868@174(p0.79);3414@166(p1.00);3835@156(p1.00);4838@161(p0.61);5434@104(p1.00);6103@241(p1.00);7700@126(p1.00);9166@91(p1.00)
GrandErgOrientalAlgeria,27.0,7.25,GrandErgOrientalAlgeria_lat27p00_lon07p25,1500.0,1604.3,91.2,1.0,1.0,True,high,7.0,19,148@91(p0.31);236@91(p0.16);265@91(p0.16);447@91(p0.29);598@91(p0.35);671@91(p0.15);951@91(p0.40);1068@91(p0.48);1200@91(p0.49);1604@91(p1.00);2145@91(p0.83);2553@91(p1.00);2868@91(p1.00);3414@91(p1.00);4064@91(p1.00);4565@91(p1.00);5759@91(p1.00);6855@91(p1.00);9166@91(p1.00)
GrandErgOrientalAlgeria,27.0,8.25,GrandErgOrientalAlgeria_lat27p00_lon08p25,2200.0,2024.0,251.2,1.0,1.0,True,high,8.0,15,88@249(p0.92);315@241(p0.19);447@251(p0.20);799@246(p0.32);1008@244(p0.22);1200@256(p0.22);1348@251(p0.71);1604@244(p0.27);2024@251(p1.00);2706@251(p0.77);3835@251(p0.92);5127@246(p1.00);6103@221(p1.00);6855@91(p1.00);8648@249(p1.00)
GrandErgOrientalAlgeria,27.0,8.5,GrandErgOrientalAlgeria_lat27p00_lon08p50,1800.0,1700.3,236.2,0.431,0.277,True,high,5.5,16,74@234(p0.94);315@246(p0.31);375@244(p0.37);532@131(p0.22);711@241(p0.23);1132@244(p0.85);1700@236(p0.43);1910@251(p0.76);2553@246(p0.74);3040@241(p0.65);3414@236(p0.83);4064@91(p1.00);4565@91(p1.00);5434@256(p1.00);6103@119(p1.00);7265@126(p1.00)
GrandErgOrientalAlgeria,27.25,6.5,GrandErgOrientalAlgeria_lat27p25_lon06p50,2700.0,3414.0,261.2,0.776,0.094,False,low,26.4,15,88@226(p0.74);250@96(p0.17);375@99(p0.19);474@246(p0.20);633@249(p0.64);897@261(p0.32);1132@259(p1.00);1428@181(p0.58);1910@256(p0.84);3414@261(p0.78);4064@91(p1.00);4565@259(p0.93);5434@256(p1.00);6855@254(p1.00);8648@111(p1.00)
GrandErgOrientalAlgeria,27.25,6.75,GrandErgOrientalAlgeria_lat27p25_lon06p75,3200.0,3414.0,143.8,0.777,0.014,True,high,6.7,17,70@231(p0.15);93@234(p0.96);354@251(p0.29);422@94(p0.39);598@91(p0.54);754@236(p0.62);1008@181(p0.19);1200@234(p0.19);1428@236(p0.77);1910@164(p0.39);2409@149(p0.73);2868@181(p0.45);3414@144(p0.78);4064@171(p1.00);5434@129(p1.00);6103@139(p1.00);7700@126(p1.00)
GrandErgOrientalAlgeria,27.25,8.0,GrandErgOrientalAlgeria_lat27p25_lon08p00,2000.0,2273.3,243.8,0.916,0.723,True,high,13.7,13,83@241(p0.96);281@269(p0.17);671@241(p0.33);897@231(p0.66);1200@246(p0.76);1428@246(p0.43);2273@244(p0.92);3040@231(p0.44);3414@236(p0.89);4565@236(p1.00);5434@231(p1.00);6103@221(p1.00);7265@211(p1.00)
GrandErgOrientalAlgeria,27.25,8.25,GrandErgOrientalAlgeria_lat27p25_lon08p25,2300.0,2273.3,263.8,0.909,0.625,True,high,1.2,15,78@254(p0.57);210@109(p0.21);671@261(p1.00);897@251(p0.36);1132@251(p0.25);1348@116(p0.58);1604@266(p0.32);2273@264(p0.91);3040@264(p0.66);3414@261(p1.00);3835@261(p1.00);4565@259(p1.00);5434@256(p1.00);6855@106(p1.00);8648@111(p1.00)
GrandErgOrientalAlgeria,27.25,8.5,GrandErgOrientalAlgeria_lat27p25_lon08p50,2300.0,2145.0,98.8,1.0,1.0,True,high,6.7,18,88@249(p0.43);210@91(p0.16);281@94(p0.16);502@99(p0.39);754@96(p0.80);1008@246(p0.61);1200@91(p0.85);1428@119(p0.53);1700@246(p0.18);2145@99(p1.00);2706@96(p0.81);3040@256(p1.00);3414@261(p1.00);4064@241(p1.00);4565@259(p1.00);5434@91(p1.00);6855@91(p1.00);9166@221(p1.00)
GrandErgOrientalAlgeria,27.5,6.75,GrandErgOrientalAlgeria_lat27p50_lon06p75,2200.0,2273.3,236.2,0.801,0.255,True,high,3.3,16,93@229(p0.97);398@234(p0.41);598@101(p0.19);671@244(p0.47);951@136(p0.15);1200@234(p0.84);1428@261(p0.33);1700@231(p0.49);2273@236(p0.80);2706@251(p0.39);3618@174(p0.27);4064@171(p0.70);4565@151(p0.51);5434@231(p1.00);6103@139(p1.00);7700@126(p1.00)
GrandErgOrientalAlgeria,27.5,7.25,GrandErgOrientalAlgeria_lat27p50_lon07p25,2100.0,2273.3,243.8,0.476,0.121,True,high,8.3,14,78@236(p0.97);447@231(p0.34);754@226(p0.61);897@244(p0.30);1132@231(p0.27);1272@201(p0.33);1802@236(p0.87);2273@244(p0.48);2868@249(p0.62);3221@246(p0.75);4307@229(p0.88);5434@231(p1.00);6103@119(p1.00);7700@234(p1.00)
GrandErgOrientalAlgeria,27.5,7.5,GrandErgOrientalAlgeria_lat27p50_lon07p50,3800.0,4064.0,228.8,1.0,0.31,True,high,6.9,19,88@239(p0.95);298@234(p0.24);422@234(p0.23);671@251(p0.33);754@241(p0.16);951@231(p0.45);1200@226(p0.26);1348@219(p0.30);1514@239(p0.53);2145@231(p0.81);2553@234(p0.33);3040@231(p0.77);3414@226(p1.00);4064@229(p1.00);4565@221(p1.00);5434@231(p1.00);6103@221(p1.00);7700@234(p1.00);9166@221(p1.00)
GrandErgOrientalAlgeria,27.5,8.0,GrandErgOrientalAlgeria_lat27p50_lon08p00,2600.0,2706.2,251.2,0.824,0.279,True,high,4.1,18,78@256(p1.00);281@181(p0.16);398@181(p0.15);671@181(p0.24);754@181(p0.48);1008@251(p0.48);1348@181(p0.72);1604@251(p0.92);2024@246(p0.62);2409@254(p0.37);2706@251(p0.82);3040@256(p0.45);3414@254(p0.94);4565@199(p0.58);5127@181(p1.00);6103@181(p1.00);6855@254(p1.00);8648@249(p1.00)
GrandErgOrientalAlgeria,27.5,8.25,GrandErgOrientalAlgeria_lat27p50_lon08p25,2300.0,2273.3,263.8,0.864,0.699,True,high,1.2,17,83@256(p1.00);447@251(p0.37);564@256(p0.44);711@94(p0.37);1008@249(p0.75);1348@251(p0.71);1700@259(p0.29);1910@261(p0.57);2273@264(p0.86);2553@264(p0.75);3040@119(p0.32);3414@106(p0.56);3835@261(p1.00);4565@259(p1.00);5434@256(p1.00);6855@106(p1.00);8648@249(p1.00)
GrandErgOrientalAlgeria,27.75,6.75,GrandErgOrientalAlgeria_lat27p75_lon06p75,2400.0,2145.0,176.2,0.723,0.169,True,high,10.6,16,93@189(p1.00);223@194(p0.22);265@171(p0.21);422@174(p0.44);532@156(p0.16);671@176(p0.38);847@156(p0.49);1428@176(p0.92);1910@94(p0.33);2145@176(p0.72);2706@174(p0.99);3618@149(p1.00);4064@196(p1.00);5127@181(p1.00);6468@181(p1.00);8160@164(p1.00)
GrandErgOrientalAlgeria,27.75,7.25,GrandErgOrientalAlgeria_lat27p75_lon07p25,2100.0,2145.0,238.8,0.868,0.27,True,high,2.1,16,74@239(p1.00);532@216(p0.43);847@236(p0.30);951@246(p0.25);1068@244(p0.36);1272@241(p0.67);2145@239(p0.87);2868@234(p0.37);3414@236(p0.59);3835@234(p0.57);4565@236(p0.65);5127@246(p1.00);6103@241(p1.00);6855@254(p1.00);7700@234(p1.00);8648@249(p1.00)
GrandErgOrientalAlgeria,27.75,7.5,GrandErgOrientalAlgeria_lat27p75_lon07p50,2800.0,2868.0,203.8,0.415,0.04,True,high,2.4,19,74@236(p0.96);250@259(p0.16);375@239(p0.15);474@149(p0.34);532@236(p0.22);598@181(p0.50);799@241(p0.46);1132@246(p0.80);1428@254(p0.45);1700@241(p0.67);1910@249(p0.44);2145@231(p0.15);2409@229(p0.39);2868@204(p0.41);4064@261(p0.59);4565@259(p1.00);5434@229(p1.00);6103@221(p1.00);7700@126(p1.00)
GrandErgOrientalAlgeria,27.75,8.0,GrandErgOrientalAlgeria_lat27p75_lon08p00,2700.0,2706.2,181.2,1.0,0.836,True,high,0.2,16,83@259(p0.92);398@181(p0.33);564@181(p0.38);711@181(p0.29);897@181(p0.78);1008@181(p0.37);1348@181(p0.51);1802@181(p0.43);2024@181(p1.00);2706@181(p1.00);3040@181(p1.00);3618@244(p1.00);4064@241(p1.00);4838@181(p1.00);6103@181(p1.00);8160@181(p1.00)
GrandErgOrientalAlgeria,27.75,8.25,GrandErgOrientalAlgeria_lat27p75_lon08p25,2000.0,1802.0,256.2,0.236,0.063,True,high,9.9,17,83@259(p1.00);375@129(p0.41);532@224(p0.50);633@236(p0.33);799@229(p0.66);1132@91(p0.41);1514@256(p0.91);1802@256(p0.24);2273@254(p0.71);2553@159(p0.47);3040@166(p0.71);3414@99(p0.84);3835@204(p1.00);4307@249(p1.00);5127@214(p1.00);6855@106(p1.00);8648@111(p1.00)
GrandErgOrientalAlgeria,28.25,7.5,GrandErgOrientalAlgeria_lat28p25_lon07p50,2300.0,2273.3,263.8,0.329,0.282,True,high,1.2,24,125@94(p1.00);157@91(p0.18);298@204(p0.26);334@241(p0.29);398@259(p0.17);447@231(p0.35);502@179(p0.37);564@186(p0.25);633@96(p0.49);754@101(p0.55);897@174(p0.24);1200@91(p0.87);1348@184(p0.22);1514@266(p0.28);2024@241(p0.63);2273@264(p0.33);2553@264(p1.00);3040@264(p0.66);3414@91(p1.00);4064@91(p1.00);4565@101(p1.00);5759@91(p1.00);6855@106(p1.00);9166@91(p1.00)
GrandErgOrientalAlgeria,28.5,8.75,GrandErgOrientalAlgeria_lat28p50_lon08p75,3000.0,3039.6,148.8,1.0,0.071,True,high,1.3,18,93@94(p1.00);236@91(p0.28);281@249(p0.18);398@94(p0.16);564@171(p0.44);711@94(p0.67);1008@104(p0.49);1604@159(p0.31);1802@104(p0.59);2145@161(p0.49);2706@174(p0.98);3040@149(p1.00);3414@194(p1.00);4064@189(p1.00);4565@161(p1.00);5434@131(p1.00);6855@149(p1.00);9166@139(p1.00)
GrandErgOrientalAlgeria,30.5,9.75,GrandErgOrientalAlgeria_lat30p50_lon09p75,1000.0,1008.0,98.8,0.879,0.771,True,high,0.8,18,59@91(p1.00);315@251(p0.43);447@99(p0.28);502@91(p0.41);633@266(p0.47);754@91(p0.64);1008@99(p0.88);1428@266(p0.15);1700@101(p0.97);2145@96(p0.52);2553@246(p1.00);3040@256(p0.51);3414@106(p1.00);3835@109(p1.00);4565@236(p1.00);5434@156(p1.00);6855@254(p1.00);9166@221(p1.00)
GrandErgOrientalAlgeria,31.0,9.5,GrandErgOrientalAlgeria_lat31p00_lon09p50,2300.0,2145.0,258.8,0.718,0.446,True,high,6.7,22,70@111(p0.71);210@109(p0.18);250@99(p0.31);334@99(p0.28);398@91(p0.83);474@264(p0.21);598@96(p0.37);711@104(p0.41);799@91(p0.33);1008@269(p0.61);1132@119(p0.35);1272@101(p1.00);1700@234(p0.28);2145@259(p0.72);2553@114(p0.93);3040@96(p1.00);3414@91(p1.00);4064@91(p1.00);4565@91(p1.00);5434@91(p1.00);6855@91(p1.00);9166@139(p1.00)
GrandErgOrientalAlgeria,31.0,9.75,GrandErgOrientalAlgeria_lat31p00_lon09p75,1200.0,1132.2,166.2,0.381,0.868,True,high,5.7,18,62@104(p0.80);265@184(p0.28);375@181(p0.20);532@206(p0.33);711@196(p0.46);847@194(p1.00);1132@166(p0.38);1428@104(p0.52);1604@216(p0.19);2145@101(p0.92);2553@201(p0.76);3040@181(p0.66);3414@226(p1.00);3835@109(p0.97);4565@161(p1.00);5434@104(p1.00);6855@106(p1.00);8648@111(p1.00)
GrandErgOrientalAlgeria,31.25,9.5,GrandErgOrientalAlgeria_lat31p25_lon09p50,100.0,58.5,108.8,0.681,0.25,False,low,41.5,23,59@109(p0.68);198@129(p0.19);250@96(p0.24);281@91(p0.24);315@99(p0.30);422@96(p0.47);474@96(p0.21);633@91(p0.26);754@96(p0.81);847@99(p0.50);1132@94(p1.00);1428@91(p0.61);1700@99(p0.79);1910@109(p0.37);2273@246(p0.70);2553@114(p0.63);3040@139(p1.00);3414@134(p1.00);3835@109(p1.00);4565@199(p1.00);5434@204(p1.00);6855@209(p1.00);9166@221(p1.00)
GrandErgOrientalAlgeria,31.25,9.75,GrandErgOrientalAlgeria_lat31p25_lon09p75,700.0,633.3,211.2,0.99,1.0,True,high,9.5,15,39@109(p0.86);223@181(p0.17);298@211(p0.19);354@204(p0.16);564@204(p0.20);633@211(p0.99);1008@209(p0.73);1428@186(p0.77);1802@134(p0.29);2145@144(p0.18);3221@144(p0.73);3618@156(p0.82);4565@101(p1.00);5434@91(p1.00);6855@254(p1.00)
GrandErgOrientalAlgeria,31.75,9.25,GrandErgOrientalAlgeria_lat31p75_lon09p25,700.0,846.8,211.2,0.392,0.255,True,high,21.0,22,52@94(p0.19);140@226(p0.23);223@221(p0.74);265@224(p0.25);398@91(p0.22);502@226(p0.35);847@211(p0.39);1008@156(p0.73);1200@104(p0.23);1428@109(p0.50);1604@139(p0.23);2024@176(p0.78);2553@139(p0.77);2868@126(p0.55);3221@246(p0.87);3618@129(p0.65);4064@134(p1.00);4565@259(p1.00);5127@229(p1.00);6103@239(p1.00);7265@231(p1.00);9166@221(p1.00)
GrandErgOrientalAlgeria,31.75,9.5,GrandErgOrientalAlgeria_lat31p75_lon09p50,900.0,951.1,91.2,0.52,0.254,True,high,5.7,24,41@91(p1.00);117@199(p0.17);176@199(p0.24);198@214(p0.15);223@211(p0.28);281@111(p0.16);334@211(p0.18);422@214(p0.16);532@156(p0.18);598@239(p0.18);847@124(p0.25);951@91(p0.52);1132@139(p0.55);1348@171(p0.15);1514@109(p0.76);2145@189(p0.60);2553@109(p0.94);3040@121(p1.00);3414@181(p1.00);3835@164(p1.00);4565@161(p1.00);5434@156(p1.00);6855@151(p1.00);9166@139(p1.00)
GrandErgOrientalAlgeria,32.0,9.25,GrandErgOrientalAlgeria_lat32p00_lon09p25,1300.0,1347.7,193.8,0.367,0.415,True,high,3.7,16,44@214(p1.00);176@209(p0.52);223@204(p0.19);671@239(p0.65);1008@204(p0.58);1348@194(p0.37);1700@201(p0.83);2145@171(p0.62);2553@151(p0.36);2868@191(p0.74);3221@194(p0.60);3618@139(p0.99);4565@199(p1.00);5434@91(p1.00);6855@91(p1.00);7700@181(p1.00)
GrandErgOrientalAlgeria,32.25,8.75,GrandErgOrientalAlgeria_lat32p25_lon08p75,1400.0,1347.7,251.2,0.874,0.364,True,high,3.7,17,49@254(p1.00);375@91(p0.24);474@251(p0.30);711@254(p0.24);847@224(p0.51);1132@241(p0.71);1348@251(p0.87);1700@261(p0.38);2024@244(p0.43);2273@91(p0.52);3040@239(p0.57);3414@174(p0.72);4565@101(p0.17);5434@156(p1.00);6103@221(p1.00);6855@209(p1.00);8648@249(p1.00)
GrandErgOrientalAlgeria,32.25,9.25,GrandErgOrientalAlgeria_lat32p25_lon09p25,800.0,753.9,216.2,0.275,0.504,True,high,5.8,19,35@229(p0.38);187@199(p0.22);223@219(p0.61);281@254(p0.29);354@259(p0.15);447@264(p0.21);502@234(p0.47);633@204(p0.21);754@216(p0.28);847@224(p0.73);1132@159(p0.63);1428@224(p0.68);3221@144(p0.84);3618@139(p1.00);4565@139(p1.00);5127@131(p1.00);6103@139(p1.00);7265@129(p1.00);9166@139(p1.00)
GrandErgOrientalAlgeria,32.75,8.75,GrandErgOrientalAlgeria_lat32p75_lon08p75,1000.0,1008.0,196.2,0.583,0.567,True,high,0.8,19,41@91(p1.00);265@94(p0.23);398@254(p0.41);502@216(p0.45);633@99(p0.21);711@241(p0.37);799@201(p0.74);1008@196(p0.58);1132@261(p0.93);1802@129(p0.29);2145@144(p0.90);2706@91(p0.71);3040@121(p1.00);3414@209(p1.00);3835@214(p1.00);4565@221(p1.00);5434@91(p1.00);6855@91(p1.00);9166@91(p1.00)
GrandErgOrientalAlgeria,32.75,9.5,GrandErgOrientalAlgeria_lat32p75_lon09p50,1000.0,1068.3,101.2,0.374,0.737,True,high,6.8,15,41@101(p0.56);532@101(p0.17);633@101(p0.20);897@101(p0.19);1068@101(p0.37);1272@99(p1.00);2273@101(p0.61);2706@104(p0.63);3040@104(p0.95);3414@99(p1.00);3835@99(p1.00);4565@101(p0.86);5434@104(p1.00);6855@106(p1.00);8648@111(p1.00)
Karakum,37.25,62.75,Karakum_lat37p25_lon62p75,1400.0,1271.7,96.2,0.785,0.849,True,high,9.2,20,125@114(p0.86);176@144(p0.17);298@129(p0.32);354@149(p0.21);502@126(p0.34);633@154(p0.50);754@171(p0.57);847@181(p0.29);1272@96(p0.79);1802@251(p1.00);2024@96(p0.65);2273@96(p0.33);2553@124(p1.00);3040@131(p1.00);3414@241(p1.00);3835@239(p1.00);4565@126(p1.00);5434@169(p1.00);6855@91(p1.00);9166@91(p1.00)
Karakum,37.25,63.25,Karakum_lat37p25_lon63p25,1500.0,1513.8,91.2,0.839,0.445,True,high,0.9,21,83@91(p1.00);132@99(p0.23);210@116(p0.17);298@259(p0.23);334@111(p0.33);447@121(p0.42);598@124(p0.71);847@201(p0.37);1008@201(p0.19);1348@94(p0.40);1514@91(p0.84);1802@261(p0.41);2273@91(p0.60);2553@91(p1.00);3040@106(p1.00);3414@241(p1.00);3835@109(p1.00);4565@101(p1.00);5434@104(p1.00);6855@91(p1.00);9166@91(p1.00)
Karakum,37.25,63.75,Karakum_lat37p25_lon63p75,1000.0,897.4,198.8,0.562,0.708,True,high,10.3,15,105@261(p0.34);223@156(p0.32);250@199(p0.24);315@201(p1.00);447@201(p0.37);598@206(p0.58);711@206(p0.62);897@199(p0.56);1200@209(p0.67);1910@204(p0.77);2706@191(p0.82);3040@194(p0.97);4064@206(p1.00);4838@149(p1.00);6468@209(p1.00)
Karakum,37.25,64.0,Karakum_lat37p25_lon64p00,700.0,671.2,213.8,0.468,0.822,True,high,4.1,17,176@196(p0.19);210@96(p0.22);298@214(p0.22);474@214(p1.00);671@214(p0.47);799@199(p0.19);1008@216(p0.18);1428@206(p0.79);1910@201(p0.40);2145@221(p0.72);2706@196(p0.80);3040@199(p0.84);3835@181(p0.89);4307@219(p0.39);5127@201(p1.00);6468@209(p1.00);7265@231(p1.00)
Karakum,37.5,62.75,Karakum_lat37p50_lon62p75,1800.0,1802.0,193.8,1.0,1.0,True,high,0.1,17,78@264(p0.46);315@194(p0.36);422@194(p0.28);564@194(p0.18);754@194(p0.35);847@194(p0.53);951@194(p0.75);1348@194(p0.25);1802@194(p1.00);2024@91(p0.62);2409@194(p0.81);2706@191(p0.93);3040@194(p0.91);3618@194(p0.97);4307@199(p1.00);5434@169(p1.00);7265@194(p1.00)
Karakum,37.5,63.25,Karakum_lat37p50_lon63p25,1700.0,1513.8,166.2,0.732,0.356,True,high,11.0,17,66@259(p1.00);198@259(p0.18);334@261(p0.35);532@249(p0.37);671@264(p0.51);1008@234(p0.35);1132@174(p0.50);1514@166(p0.73);1910@106(p0.34);2273@114(p0.55);2706@104(p0.55);3040@106(p0.15);3835@121(p1.00);4307@199(p1.00);5434@91(p1.00);6468@151(p1.00);8648@114(p1.00)
Karakum,37.5,63.5,Karakum_lat37p50_lon63p50,700.0,711.4,193.8,0.365,0.506,True,high,1.6,20,78@94(p0.67);176@194(p0.21);236@194(p0.22);375@194(p0.24);422@194(p0.45);598@194(p0.33);711@194(p0.36);847@194(p0.46);1008@194(p0.23);1200@194(p0.29);1514@196(p0.71);1802@194(p1.00);2145@194(p0.51);2409@194(p0.70);2706@196(p0.82);3040@194(p0.93);3618@194(p0.99);4307@199(p1.00);5434@191(p1.00);7265@194(p1.00)
Karakum,38.25,55.0,Karakum_lat38p25_lon55p00,1800.0,1513.8,138.8,0.436,0.19,True,high,15.9,20,88@254(p1.00);223@256(p0.15);281@116(p0.17);375@144(p0.31);474@246(p0.36);532@139(p0.20);671@176(p0.33);799@251(p0.64);897@134(p0.16);1008@241(p0.70);1200@154(p0.70);1348@161(p0.26);1514@139(p0.44);2273@156(p0.91);2706@136(p0.80);3221@244(p0.97);4565@171(p0.64);5434@169(p1.00);6855@106(p1.00);8648@114(p1.00)
Karakum,39.0,54.0,Karakum_lat39p00_lon54p00,1500.0,1347.7,193.8,0.187,0.507,True,high,10.2,17,41@184(p0.18);83@194(p0.16);447@194(p0.17);671@194(p0.30);799@194(p0.31);897@194(p0.25);1068@194(p0.65);1348@194(p0.19);1802@194(p0.93);2024@191(p1.00);2409@194(p0.50);2706@191(p0.97);3221@194(p0.85);3618@194(p0.95);4307@199(p1.00);5434@191(p1.00);7265@194(p1.00)
Karakum,39.0,54.25,Karakum_lat39p00_lon54p25,1000.0,951.1,188.8,0.255,0.12,True,high,4.9,18,74@234(p0.80);298@224(p0.33);398@226(p0.33);598@191(p0.20);754@196(p0.61);951@189(p0.26);1132@214(p0.57);1272@189(p0.23);1604@211(p0.57);1910@226(p0.65);2553@219(p0.95);3040@229(p0.96);3618@171(p1.00);4064@206(p1.00);5127@116(p1.00);6103@121(p1.00);7265@166(p1.00);8648@219(p1.00)
Karakum,39.0,59.0,Karakum_lat39p00_lon59p00,800.0,846.8,193.8,0.677,0.8,True,high,5.8,16,250@194(p0.21);447@194(p0.33);711@194(p0.28);847@194(p0.68);1008@194(p0.42);1272@194(p0.64);1428@194(p0.31);1802@194(p0.66);2145@194(p1.00);2409@194(p0.82);2706@196(p0.97);3040@194(p1.00);3618@194(p0.83);4307@199(p1.00);5434@191(p1.00);7265@194(p1.00)
Karakum,39.25,53.75,Karakum_lat39p25_lon53p75,1300.0,1199.9,198.8,0.579,0.319,True,high,7.7,19,70@224(p0.97);265@181(p0.16);315@216(p0.16);375@194(p0.28);422@194(p0.33);564@191(p0.37);711@186(p0.41);1008@196(p0.20);1200@199(p0.58);1428@204(p0.40);1700@214(p0.81);2145@194(p0.28);2553@181(p0.28);2868@181(p0.16);4064@154(p1.00);4838@149(p1.00);5759@181(p1.00);6468@151(p1.00);8648@141(p1.00)
Karakum,39.25,58.5,Karakum_lat39p25_lon58p50,900.0,897.4,241.2,0.739,0.06,True,high,0.3,19,70@91(p1.00);250@189(p0.15);281@186(p0.20);354@189(p0.19);474@144(p0.50);564@206(p0.68);754@261(p0.43);897@241(p0.74);1068@186(p0.33);1514@234(p0.68);1910@226(p0.79);2553@126(p0.75);2868@91(p1.00);3618@91(p1.00);4064@206(p1.00);4565@91(p1.00);5759@91(p1.00);6855@251(p1.00);9166@91(p1.00)
Karakum,39.25,58.75,Karakum_lat39p25_lon58p75,900.0,846.8,238.8,0.63,0.177,True,high,5.9,16,74@91(p1.00);354@101(p0.40);447@226(p0.51);598@249(p0.24);671@234(p0.36);847@239(p0.63);1132@239(p0.78);1700@219(p0.19);2145@149(p0.94);2868@91(p1.00);3414@99(p0.61);4064@239(p1.00);4565@234(p1.00);5759@219(p1.00);6855@91(p1.00);9166@91(p1.00)
Karakum,39.25,59.0,Karakum_lat39p25_lon59p00,1000.0,951.1,218.8,0.246,0.22,True,high,4.9,24,70@99(p0.20);83@94(p1.00);166@101(p0.25);236@224(p0.20);265@174(p0.22);315@151(p0.32);422@99(p0.64);502@101(p0.57);598@204(p0.18);711@149(p0.31);799@244(p0.25);951@219(p0.25);1068@231(p0.68);1514@134(p0.56);2024@241(p0.89);2553@264(p0.77);2868@91(p1.00);3221@224(p0.49);3618@166(p0.60);4064@154(p1.00);4565@181(p1.00);5759@141(p1.00);7265@229(p1.00);9166@91(p1.00)
Karakum,39.5,58.0,Karakum_lat39p50_lon58p00,900.0,633.3,98.8,0.453,0.316,False,low,29.6,15,41@266(p1.00);210@119(p0.28);281@109(p0.21);354@94(p0.41);633@99(p0.45);1802@131(p0.81);2273@221(p0.78);2553@104(p1.00);3040@106(p1.00);3414@109(p1.00);4064@206(p1.00);4565@231(p1.00);5759@91(p1.00);6855@91(p1.00);9166@91(p1.00)
Karakum,39.5,58.5,Karakum_lat39p50_lon58p50,800.0,897.4,156.2,0.573,0.354,True,high,12.2,16,78@99(p0.89);236@156(p0.17);502@151(p0.24);671@154(p0.28);897@156(p0.57);1008@206(p0.23);1132@206(p0.59);1514@154(p0.46);1802@156(p0.52);2024@154(p0.75);2706@139(p0.56);4064@124(p1.00);5127@159(p1.00);5759@219(p1.00);6468@151(p1.00);8648@246(p1.00)
Karakum,39.75,53.75,Karakum_lat39p75_lon53p75,500.0,447.0,203.8,0.365,0.521,True,high,10.6,16,78@211(p0.99);315@191(p0.29);447@204(p0.37);564@199(p0.53);671@189(p0.25);951@181(p0.17);1514@184(p0.59);1802@191(p0.19);2273@176(p0.25);2868@186(p0.43);3221@209(p0.69);3835@211(p0.96);5127@201(p1.00);5759@219(p1.00);6468@209(p1.00);8648@219(p1.00)
Karakum,39.75,54.0,Karakum_lat39p75_lon54p00,400.0,421.7,98.8,0.747,0.815,True,high,5.4,19,125@226(p0.18);198@96(p0.20);236@226(p0.63);281@246(p0.34);422@99(p0.75);502@259(p0.19);598@91(p0.38);671@91(p0.38);1068@94(p1.00);1200@116(p0.20);2024@91(p0.15);2553@116(p0.65);2868@91(p1.00);3221@91(p1.00);3618@91(p1.00);4064@101(p1.00);4565@101(p1.00);5759@91(p1.00);7265@91(p1.00)
LencoisMaranhensesBrazil,-2.5,-43.0,LencoisMaranhensesBrazil_lat-2p50_lon-43p00,300.0,297.6,173.8,0.25,0.909,True,high,0.8,18,265@111(p1.00);298@174(p0.25);447@224(p0.54);598@164(p0.47);754@111(p0.37);847@114(p0.57);1008@104(p0.44);1200@111(p0.73);1700@111(p0.38);2024@104(p0.22);2273@114(p0.20);2553@116(p0.35);3618@114(p0.67);4064@116(p0.61);4838@121(p1.00);6103@116(p1.00);6855@104(p1.00);8648@109(p1.00)
LutDesert,30.0,59.25,LutDesert_lat30p00_lon59p25,1300.0,1428.4,211.2,0.678,0.387,True,high,9.9,14,166@259(p0.16);398@249(p0.43);564@266(p0.23);799@254(p1.00);1132@251(p0.70);1428@211(p0.68);1910@256(p0.74);2553@246(p0.46);3040@256(p0.73);3414@236(p0.81);4064@261(p1.00);5127@246(p1.00);6855@106(p1.00);8648@111(p1.00)
LutDesert,30.0,59.5,LutDesert_lat30p00_lon59p50,1300.0,1271.7,243.8,0.19,0.986,True,high,2.2,18,132@236(p0.45);298@249(p0.28);502@239(p0.40);564@249(p0.15);633@244(p0.18);799@91(p0.61);1008@241(p0.50);1132@249(p1.00);1272@244(p0.19);1700@246(p0.56);2024@246(p0.48);2409@254(p0.45);2868@226(p0.92);3414@216(p0.61);5127@146(p1.00);6103@139(p1.00);7700@234(p1.00);8648@111(p1.00)
LutDesert,30.25,59.25,LutDesert_lat30p25_lon59p25,1300.0,1132.2,248.8,0.461,0.803,True,high,12.9,14,140@239(p0.22);447@249(p0.34);799@244(p1.00);1132@249(p0.46);1700@241(p0.80);2409@246(p0.84);2706@251(p0.40);3040@256(p0.41);3414@254(p0.70);4565@236(p0.73);5127@246(p1.00);6103@241(p1.00);6855@91(p1.00);8648@249(p1.00)
LutDesert,30.25,59.5,LutDesert_lat30p25_lon59p50,1300.0,1347.7,226.2,0.977,1.0,True,high,3.7,20,105@251(p0.19);298@231(p0.25);334@226(p0.51);375@224(p0.22);502@224(p0.33);598@254(p0.19);754@226(p0.49);951@229(p0.45);1132@229(p0.38);1348@226(p0.98);1604@231(p0.31);2145@219(p0.80);3040@231(p0.95);3414@226(p1.00);3835@234(p0.37);4565@199(p1.00);5127@246(p1.00);6103@181(p1.00);7700@234(p1.00);9166@91(p1.00)
LutDesert,30.25,59.75,LutDesert_lat30p25_lon59p75,1300.0,1199.9,231.2,0.781,0.248,True,high,7.7,18,41@91(p0.15);140@91(p1.00);223@251(p0.19);474@91(p0.32);532@249(p0.17);633@191(p0.52);951@91(p0.71);1068@239(p0.21);1200@231(p0.78);1428@146(p0.81);1604@109(p0.16);2145@151(p0.83);2553@136(p0.93);3040@221(p1.00);4064@131(p1.00);4838@181(p1.00);5759@156(p1.00);7265@149(p1.00)
LutDesert,30.5,59.5,LutDesert_lat30p50_lon59p50,1300.0,1271.7,233.8,0.515,0.922,True,high,2.2,18,236@234(p0.29);315@236(p0.50);447@244(p0.41);502@246(p0.48);598@224(p0.29);711@246(p0.47);897@229(p1.00);1272@234(p0.52);1514@236(p0.26);1802@244(p0.59);2409@241(p0.25);2706@229(p0.86);3414@254(p0.63);3835@251(p0.35);5434@104(p1.00);6103@119(p1.00);6855@106(p1.00);8648@111(p1.00)
Namib,-24.5,14.75,Namib_lat-24p50_lon14p75,700.0,711.4,91.2,0.507,0.428,True,high,1.6,22,140@129(p0.19);176@116(p1.00);198@129(p0.16);236@131(p0.20);398@91(p0.19);532@91(p0.29);711@91(p0.51);847@91(p0.33);1008@91(p0.53);1132@91(p0.76);1348@91(p0.59);1802@91(p0.44);2024@91(p0.99);2273@91(p0.20);2553@91(p0.99);3040@91(p1.00);3414@91(p1.00);4064@91(p1.00);4565@91(p1.00);5434@91(p1.00);6855@91(p1.00);9166@91(p1.00)
Namib,-24.25,14.75,Namib_lat-24p25_lon14p75,300.0,297.6,133.8,0.159,0.619,True,high,0.8,17,132@126(p0.97);298@134(p0.16);564@124(p0.25);671@131(p0.17);897@181(p0.44);1132@109(p0.63);1428@184(p0.22);1910@169(p0.31);2553@174(p0.15);3040@161(p0.95);3414@159(p1.00);3835@204(p1.00);4565@259(p1.00);5434@259(p1.00);6103@166(p1.00);7700@234(p1.00);9166@136(p1.00)
Namib,-23.75,15.75,Namib_lat-23p75_lon15p75,1700.0,1700.3,101.2,0.402,0.403,True,high,0.0,16,105@119(p0.48);210@104(p0.25);281@141(p0.24);502@114(p0.43);1008@109(p0.29);1272@101(p1.00);1700@101(p0.40);2409@106(p0.33);2706@109(p0.66);3040@264(p0.28);3835@156(p0.92);4565@259(p0.58);5434@91(p1.00);6103@166(p1.00);6855@91(p1.00);8648@251(p1.00)
Namib,-23.25,14.5,Namib_lat-23p25_lon14p50,500.0,421.7,158.8,0.285,0.386,True,high,15.7,16,83@161(p0.18);140@161(p0.77);265@161(p0.18);422@159(p0.29);671@161(p0.24);1068@166(p0.17);1272@164(p0.21);1910@164(p0.45);2273@166(p1.00);2706@164(p0.59);3040@161(p0.75);3618@166(p0.98);4064@164(p0.71);4838@159(p0.88);6103@166(p1.00);8160@164(p1.00)
Namib,-23.0,14.5,Namib_lat-23p00_lon14p50,300.0,235.9,191.2,0.268,0.237,True,high,21.4,15,148@191(p0.17);236@191(p0.27);422@196(p0.45);564@189(p0.23);633@91(p0.77);711@199(p0.28);1132@224(p0.62);1428@211(p0.26);2273@194(p1.00);2706@201(p0.17);3618@194(p0.62);4064@216(p0.18);4838@201(p1.00);5759@204(p1.00);8160@196(p1.00)
Namib,-16.5,12.0,Namib_lat-16p50_lon12p00,300.0,447.0,143.8,0.321,0.11,False,low,49.0,16,140@151(p0.95);447@144(p0.32);532@216(p0.21);754@226(p0.22);897@221(p0.20);1008@209(p0.22);1802@224(p0.22);2024@221(p0.62);2553@214(p0.32);2868@236(p0.37);3221@234(p0.29);3835@236(p0.27);4565@189(p0.35);5434@231(p1.00);6468@224(p1.00);7700@214(p1.00)
Namib,-16.25,12.0,Namib_lat-16p25_lon12p00,300.0,473.7,91.2,0.154,0.355,False,low,57.9,16,474@91(p0.15);598@91(p0.27);671@91(p0.25);951@91(p0.47);1068@91(p0.46);1200@91(p1.00);1604@91(p0.31);1802@91(p0.20);2553@91(p0.79);2868@91(p1.00);3414@91(p1.00);4064@91(p1.00);4565@91(p1.00);5759@91(p1.00);6855@91(p1.00);9166@91(p1.00)
Namib,-16.0,12.0,Namib_lat-16p00_lon12p00,200.0,157.1,141.2,0.987,1.0,True,high,21.5,15,157@141(p0.99);633@234(p0.41);754@256(p0.33);1008@201(p0.67);1272@256(p0.25);1514@214(p0.64);1802@211(p0.29);2409@206(p0.79);3040@191(p0.35);3618@204(p1.00);4307@199(p1.00);4838@239(p1.00);5434@216(p1.00);6468@194(p1.00);7700@214(p1.00)
RegistanDesert,27.75,64.0,RegistanDesert_lat27p75_lon64p00,70.0,62.0,248.8,0.559,0.103,True,high,11.4,18,62@249(p0.56);176@254(p0.19);236@246(p0.19);265@249(p0.26);354@249(p0.41);502@244(p0.43);671@254(p0.24);847@251(p0.55);1008@249(p0.16);1604@251(p1.00);3040@256(p0.49);3414@254(p0.25);3835@251(p0.43);4307@249(p0.52);5127@114(p1.00);6103@221(p1.00);6855@106(p1.00);8648@249(p1.00)
RegistanDesert,27.75,64.25,RegistanDesert_lat27p75_lon64p25,30.0,43.8,248.8,1.0,1.0,False,low,45.9,19,44@249(p1.00);93@251(p0.20);117@249(p0.16);157@251(p0.22);210@241(p0.26);298@256(p0.29);422@224(p0.25);564@246(p0.56);1008@214(p0.82);1272@249(p0.87);1604@239(p0.52);2706@229(p0.81);3040@214(p0.53);3414@216(p0.30);3835@109(p0.92);5127@214(p1.00);6103@241(p1.00);6855@254(p1.00);8648@249(p1.00)
RegistanDesert,27.75,64.5,RegistanDesert_lat27p75_lon64p50,30.0,46.4,253.8,1.0,1.0,False,low,54.6,20,46@254(p1.00);187@251(p0.16);223@256(p0.24);375@249(p0.32);474@251(p0.26);598@244(p0.19);711@259(p0.43);897@246(p0.17);1008@254(p0.33);1200@241(p0.45);1700@241(p0.53);2145@249(p0.37);2706@256(p0.80);3040@256(p0.76);3414@254(p0.81);3835@251(p1.00);4307@249(p0.21);5434@256(p1.00);6855@254(p1.00);8648@249(p1.00)
RegistanDesert,28.0,64.25,RegistanDesert_lat28p00_lon64p25,30.0,58.5,256.2,0.502,0.229,False,low,95.0,13,59@256(p0.50);398@259(p0.25);847@251(p0.61);1200@256(p0.66);1428@259(p0.32);1604@251(p1.00);2024@256(p0.67);3221@246(p0.89);4565@124(p0.44);5434@131(p1.00);6103@221(p1.00);6855@106(p1.00);8648@249(p1.00)
RegistanDesert,28.0,64.5,RegistanDesert_lat28p00_lon64p50,1700.0,1700.3,266.2,0.526,0.673,True,high,0.0,19,99@259(p0.23);236@256(p0.23);334@266(p0.24);375@259(p0.18);422@251(p0.34);532@269(p0.22);633@254(p0.59);754@264(p0.30);847@259(p0.54);1008@254(p0.23);1132@261(p0.36);1428@249(p1.00);1700@266(p0.53);2273@254(p0.59);3221@246(p0.63);4307@111(p0.88);5127@114(p1.00);6855@254(p1.00);8648@249(p1.00)
RegistanDesert,28.0,64.75,RegistanDesert_lat28p00_lon64p75,1700.0,1802.0,168.8,0.525,0.624,True,high,6.0,19,88@249(p0.19);187@249(p0.37);250@249(p0.15);281@246(p0.18);334@259(p0.41);447@241(p0.30);532@261(p0.36);598@261(p0.39);711@174(p0.24);951@249(p1.00);1200@231(p0.18);1428@231(p0.35);1802@169(p0.53);2145@219(p0.70);3414@236(p0.69);4565@91(p0.99);5127@181(p1.00);6855@254(p1.00);8648@249(p1.00)
RegistanDesert,28.0,65.0,RegistanDesert_lat28p00_lon65p00,900.0,846.8,91.2,0.673,0.686,True,high,5.9,20,83@239(p0.43);157@156(p0.25);236@159(p0.31);298@139(p0.45);447@156(p0.33);564@136(p0.40);754@91(p0.30);847@91(p0.67);1068@149(p1.00);1272@131(p0.35);1604@164(p0.66);2024@114(p0.84);2553@159(p0.79);3040@91(p1.00);3414@99(p1.00);4064@241(p1.00);4565@91(p1.00);5759@91(p1.00);6855@91(p1.00);9166@91(p1.00)
RegistanDesert,28.25,63.5,RegistanDesert_lat28p25_lon63p50,900.0,799.0,116.2,0.487,0.407,True,high,11.2,21,105@236(p0.70);125@109(p0.17);265@116(p0.35);334@111(p0.30);398@114(p0.26);447@106(p0.17);502@111(p0.19);711@109(p0.41);799@116(p0.49);1008@111(p0.46);1348@116(p1.00);1802@106(p0.41);2273@106(p0.48);2706@109(p0.49);3221@114(p0.65);3618@116(p0.72);4565@101(p0.90);5127@114(p1.00);6103@119(p1.00);6855@106(p1.00);8648@111(p1.00)
RegistanDesert,28.25,63.75,RegistanDesert_lat28p25_lon63p75,1000.0,1008.0,158.8,0.669,0.615,True,high,0.8,15,41@236(p0.90);250@266(p0.21);334@259(p0.40);633@266(p0.72);897@266(p0.62);1008@159(p0.67);1428@266(p1.00);2024@251(p0.41);2273@124(p0.19);2553@114(p1.00);3040@91(p1.00);3414@124(p1.00);3835@99(p1.00);4565@101(p1.00);5434@104(p1.00)
RegistanDesert,28.25,64.75,RegistanDesert_lat28p25_lon64p75,1200.0,1132.2,251.2,0.285,0.62,True,high,5.7,18,223@241(p0.16);265@249(p0.23);354@254(p0.15);422@229(p0.50);598@241(p0.42);711@249(p0.40);847@251(p1.00);1132@251(p0.29);1272@229(p0.51);1514@241(p0.52);2024@91(p0.22);3040@264(p0.44);3414@261(p0.84);4064@189(p0.52);5127@114(p1.00);6103@181(p1.00);6855@106(p1.00);8648@111(p1.00)
RegistanDesert,28.25,65.0,RegistanDesert_lat28p25_lon65p00,500.0,502.0,113.8,0.155,0.729,True,high,0.4,18,250@231(p0.28);334@249(p0.35);375@246(p0.43);502@114(p0.16);598@96(p0.24);711@241(p1.00);1200@191(p0.70);1428@174(p0.38);1802@229(p0.55);2409@249(p0.84);3414@261(p0.94);3835@234(p0.95);4565@91(p0.64);5127@146(p1.00);6103@139(p1.00);6855@254(p1.00);7700@126(p1.00);8648@249(p1.00)
RegistanDesert,28.25,65.5,RegistanDesert_lat28p25_lon65p50,1200.0,1199.9,148.8,0.27,0.165,True,high,0.0,18,88@206(p0.52);117@206(p0.19);398@206(p0.65);502@204(p0.25);711@206(p0.27);897@209(p1.00);1200@149(p0.27);1428@129(p0.59);1700@144(p0.21);2024@129(p0.54);2706@139(p0.62);3414@144(p0.43);4064@119(p0.75);4565@124(p1.00);5127@114(p0.88);5759@91(p1.00);7265@149(p1.00);8160@196(p1.00)
RegistanDesert,29.5,62.75,RegistanDesert_lat29p50_lon62p75,1800.0,1700.3,211.2,0.258,0.563,True,high,5.5,18,88@236(p0.98);223@221(p0.20);375@214(p0.37);502@211(p0.22);633@214(p0.37);799@221(p0.51);951@211(p0.61);1514@221(p0.82);1700@211(p0.26);2024@211(p0.31);2273@211(p0.47);3040@231(p0.76);3618@244(p0.63);4307@249(p1.00);5127@246(p1.00);6103@221(p1.00);6855@211(p1.00);9166@221(p1.00)
RegistanDesert,30.0,65.5,RegistanDesert_lat30p00_lon65p50,1800.0,2024.0,176.2,0.69,0.017,True,high,12.4,18,88@96(p1.00);223@96(p0.29);281@96(p0.16);532@106(p0.47);671@101(p0.55);1008@104(p0.50);1200@106(p0.64);1514@116(p0.74);2024@176(p0.69);2553@146(p0.91);2868@144(p1.00);3221@91(p0.49);3618@181(p0.40);4064@181(p1.00);4838@181(p1.00);5759@91(p1.00);7265@91(p1.00);9166@91(p1.00)
RegistanDesert,30.25,62.5,RegistanDesert_lat30p25_lon62p50,1400.0,1428.4,93.8,1.0,1.0,True,high,2.0,20,62@241(p0.78);148@226(p0.23);334@129(p0.47);398@96(p0.55);474@104(p0.36);532@101(p0.27);633@136(p0.62);754@219(p0.30);897@144(p0.41);1132@156(p0.52);1428@94(p1.00);2145@151(p0.73);2706@96(p0.93);3040@91(p1.00);3414@91(p1.00);4064@91(p1.00);4565@221(p1.00);5434@204(p1.00);6855@211(p1.00);9166@139(p1.00)
RegistanDesert,30.25,65.5,RegistanDesert_lat30p25_lon65p50,1900.0,1604.3,193.8,0.51,0.037,True,high,15.6,16,93@261(p1.00);265@91(p0.27);398@91(p0.33);502@99(p0.67);754@129(p0.39);951@124(p0.52);1200@159(p0.36);1604@194(p0.51);2409@171(p0.71);2868@204(p0.77);3414@186(p1.00);4064@99(p1.00);4565@101(p1.00);5759@91(p1.00);7265@91(p1.00);9166@221(p1.00)
RegistanDesert,30.5,65.5,RegistanDesert_lat30p50_lon65p50,1400.0,1271.7,133.8,0.54,0.143,True,high,9.2,17,78@264(p1.00);236@264(p0.44);375@161(p0.32);447@104(p0.40);532@91(p0.47);633@116(p0.31);1068@181(p0.90);1272@134(p0.54);2024@184(p0.39);2553@91(p0.93);2868@161(p1.00);3414@99(p0.92);4064@99(p1.00);4565@199(p1.00);5759@91(p1.00);7265@149(p1.00);9166@221(p1.00)
RegistanDesert,30.5,66.0,RegistanDesert_lat30p50_lon66p00,2000.0,2024.0,171.2,0.501,0.042,True,high,1.2,16,99@249(p1.00);334@229(p0.44);422@234(p0.26);502@204(p0.24);598@214(p0.37);754@159(p0.30);897@194(p0.69);2024@171(p0.50);2273@181(p0.38);2706@181(p0.80);3414@144(p0.62);4064@134(p0.61);5127@214(p1.00);6103@221(p1.00);6855@106(p1.00);8648@249(p1.00)
RegistanDesert,31.0,65.75,RegistanDesert_lat31p00_lon65p75,2500.0,2409.3,131.2,0.232,0.031,True,high,3.6,17,93@256(p1.00);111@259(p0.17);236@251(p0.19);354@254(p0.34);474@256(p0.32);564@246(p0.25);951@261(p0.78);1068@254(p0.29);1348@211(p0.40);1604@131(p0.31);2409@131(p0.23);3040@264(p0.54);3414@261(p0.56);3835@109(p1.00);5127@146(p1.00);6855@106(p1.00);8648@249(p1.00)
RubAlKhali,19.5,52.5,RubAlKhali_lat19p50_lon52p50,1400.0,1428.4,173.8,0.49,0.78,True,high,2.0,16,105@226(p0.77);250@224(p0.26);375@214(p0.22);447@226(p0.20);598@201(p0.17);847@191(p0.95);1132@231(p0.31);1428@174(p0.49);2024@214(p0.52);2409@241(p0.42);3414@239(p1.00);3835@189(p1.00);4565@261(p0.66);5434@91(p1.00);6103@206(p1.00);7265@211(p1.00)
RubAlKhali,19.5,52.75,RubAlKhali_lat19p50_lon52p75,1600.0,1199.9,173.8,0.376,0.282,False,low,25.0,15,111@229(p0.76);166@249(p0.18);532@201(p0.16);598@241(p0.32);711@194(p0.51);1008@181(p0.51);1200@174(p0.38);2024@251(p1.00);2706@174(p0.79);3414@181(p0.95);4307@229(p0.59);5434@101(p1.00);6103@119(p1.00);6855@91(p1.00);8648@161(p1.00)
RubAlKhali,19.5,53.25,RubAlKhali_lat19p50_lon53p25,1300.0,1132.2,176.2,1.0,1.0,True,high,12.9,19,93@239(p0.27);281@144(p0.19);315@164(p0.17);354@191(p0.21);502@184(p0.35);633@176(p0.46);754@171(p0.15);847@174(p0.55);1008@186(p0.48);1132@176(p1.00);1700@226(p0.28);2409@171(p0.73);2868@169(p0.62);3221@161(p0.91);3835@136(p1.00);4565@91(p1.00);5127@114(p1.00);6468@194(p1.00);8648@161(p1.00)
RubAlKhali,20.0,53.5,RubAlKhali_lat20p00_lon53p50,1200.0,1132.2,191.2,1.0,1.0,True,high,5.7,18,88@236(p0.31);422@191(p0.31);532@191(p0.38);671@191(p0.18);754@191(p0.55);1008@194(p0.30);1132@191(p1.00);1428@191(p0.61);1910@191(p0.56);2145@194(p0.40);2409@194(p0.67);2868@191(p0.86);3221@194(p0.99);3618@196(p0.99);4307@189(p1.00);5127@191(p1.00);6468@194(p1.00);8648@199(p1.00)
RubAlKhali,20.25,53.5,RubAlKhali_lat20p25_lon53p50,2100.0,2273.3,108.8,0.787,0.333,True,high,8.3,18,93@224(p0.95);298@239(p0.17);398@101(p0.36);564@151(p0.28);754@99(p0.21);847@154(p0.15);1008@139(p0.39);1272@146(p0.33);1700@159(p0.53);2273@109(p0.79);2868@116(p0.68);3414@131(p0.95);3835@106(p1.00);4307@109(p1.00);4838@136(p0.83);5434@144(p1.00);6468@194(p1.00);7700@234(p1.00)
RubAlKhali,20.25,53.75,RubAlKhali_lat20p25_lon53p75,2400.0,2553.4,191.2,0.703,0.66,True,high,6.4,14,55@191(p0.18);847@191(p0.30);951@191(p0.18);1272@194(p1.00);1910@191(p0.38);2145@194(p0.21);2553@191(p0.70);2868@191(p0.82);3221@194(p0.97);3618@196(p0.92);4307@196(p1.00);5127@191(p1.00);6468@194(p1.00);8648@181(p1.00)
RubAlKhali,21.0,53.75,RubAlKhali_lat21p00_lon53p75,2000.0,2145.0,193.8,1.0,1.0,True,high,7.3,17,93@231(p0.62);315@191(p0.16);354@191(p0.15);633@191(p0.44);711@191(p0.15);847@191(p0.34);1200@126(p0.42);1348@191(p0.55);2145@194(p1.00);2553@91(p0.68);2868@91(p0.94);3221@126(p0.82);3618@196(p0.84);4307@189(p1.00);5127@191(p1.00);6468@194(p1.00);8648@196(p1.00)
RubAlKhali,21.0,54.25,RubAlKhali_lat21p00_lon54p25,1600.0,1513.8,126.2,0.964,1.0,True,high,5.4,18,37@216(p0.30);157@224(p0.20);250@246(p0.30);447@126(p0.17);532@111(p0.31);711@116(p0.51);951@121(p0.57);1132@136(p0.20);1348@124(p0.40);1514@126(p0.96);1802@126(p0.34);2273@116(p0.45);2868@124(p0.75);3835@126(p0.64);4838@136(p1.00);5434@144(p1.00);6468@136(p1.00);7700@126(p1.00)
RubAlKhali,21.25,53.75,RubAlKhali_lat21p25_lon53p75,2000.0,1802.0,106.2,0.899,0.535,True,high,9.9,17,93@244(p0.70);474@91(p0.54);532@91(p0.18);633@96(p0.28);799@91(p0.54);951@94(p0.41);1428@99(p0.89);1802@106(p0.90);2273@96(p1.00);2553@91(p0.72);2868@91(p0.18);3414@99(p1.00);4064@241(p1.00);4565@101(p1.00);5759@91(p1.00);6855@104(p1.00);9166@91(p1.00)
RubAlKhali,21.25,54.25,RubAlKhali_lat21p25_lon54p25,1800.0,1909.8,111.2,0.747,0.846,True,high,6.1,23,187@106(p0.18);265@119(p0.36);334@116(p0.24);375@116(p0.53);447@104(p0.37);564@114(p0.30);633@111(p0.38);711@116(p0.48);951@114(p0.43);1132@114(p0.52);1348@104(p1.00);1604@111(p0.46);1910@111(p0.75);2409@106(p0.19);2706@109(p0.78);3040@104(p0.77);3414@104(p0.95);3835@136(p0.81);4565@109(p1.00);5127@169(p1.00);6103@154(p1.00);6855@104(p1.00);8648@164(p1.00)
RubAlKhali,21.25,54.5,RubAlKhali_lat21p25_lon54p50,2300.0,2553.4,126.2,0.995,1.0,True,high,11.0,16,37@224(p0.19);198@101(p0.26);398@126(p0.47);474@126(p0.31);633@124(p0.57);897@126(p0.31);1132@124(p0.78);1348@124(p0.92);2024@121(p0.21);2553@126(p1.00);3221@126(p0.33);3618@131(p0.29);4838@91(p1.00);5434@259(p1.00);6103@241(p1.00);7700@234(p1.00)
RubAlKhali,21.5,53.75,RubAlKhali_lat21p50_lon53p75,2000.0,2145.0,123.8,0.479,0.733,True,high,7.3,18,99@254(p0.67);298@136(p0.16);354@126(p0.36);422@111(p0.21);474@116(p0.22);564@96(p0.41);754@156(p0.41);897@146(p0.63);1200@111(p0.27);1428@96(p1.00);2145@124(p0.48);2706@101(p0.86);3618@114(p1.00);4064@119(p1.00);4565@151(p1.00);5759@91(p1.00);6855@104(p1.00);9166@91(p1.00)
RubAlKhali,21.5,55.5,RubAlKhali_lat21p50_lon55p50,1500.0,1347.7,226.2,0.504,0.341,True,high,10.2,18,88@229(p0.65);250@221(p0.17);298@226(p0.18);398@226(p0.29);532@226(p0.56);671@221(p0.46);799@219(p0.15);897@226(p0.92);1348@226(p0.50);1910@136(p0.43);2706@96(p0.59);3414@201(p1.00);3835@136(p1.00);4307@144(p1.00);4838@224(p1.00);5434@144(p1.00);6468@181(p1.00);7700@234(p1.00)
RubAlKhali,21.75,54.25,RubAlKhali_lat21p75_lon54p25,2100.0,1802.0,91.2,0.302,0.822,True,high,14.2,16,354@91(p0.16);598@91(p0.25);671@91(p0.35);951@91(p0.40);1068@91(p0.38);1200@91(p1.00);1802@91(p0.30);2409@91(p0.99);2868@91(p0.99);3221@91(p0.60);3618@91(p0.60);4064@91(p1.00);4838@91(p1.00);5759@91(p1.00);7265@91(p1.00);9166@91(p1.00)
RubAlKhali,21.75,54.5,RubAlKhali_lat21p75_lon54p50,2100.0,1909.8,91.2,0.262,0.734,True,high,9.1,15,447@91(p0.16);502@91(p0.27);671@91(p0.23);951@91(p0.44);1068@91(p0.45);1200@91(p1.00);1910@91(p0.26);2409@91(p1.00);2868@91(p1.00);3221@91(p0.78);3618@91(p0.78);4064@91(p1.00);4838@91(p1.00);5759@91(p1.00);7265@91(p1.00)
RubAlKhali,21.75,54.75,RubAlKhali_lat21p75_lon54p75,2300.0,2409.3,91.2,0.987,0.698,True,high,4.8,17,265@91(p0.21);447@91(p0.16);502@91(p0.34);633@91(p0.21);711@91(p0.25);951@91(p0.44);1068@91(p0.44);1200@91(p1.00);1910@91(p0.28);2409@91(p0.99);2868@91(p0.99);3221@91(p1.00);3618@91(p0.79);4064@91(p1.00);4838@91(p1.00);5759@91(p1.00);7265@91(p1.00)
RubAlKhali,22.0,53.75,RubAlKhali_lat22p00_lon53p75,2000.0,1802.0,106.2,0.26,0.387,True,high,9.9,17,39@219(p0.19);111@214(p0.46);334@169(p0.31);502@131(p0.16);564@179(p0.17);671@151(p0.21);897@134(p0.42);1348@111(p0.94);1802@106(p0.26);2273@109(p1.00);2868@109(p0.30);3414@104(p0.55);3835@171(p0.75);4838@201(p1.00);6103@154(p1.00);6855@91(p1.00);8648@181(p1.00)
RubAlKhali,22.0,54.25,RubAlKhali_lat22p00_lon54p25,2400.0,2553.4,113.8,0.312,0.49,True,high,6.4,18,93@231(p0.26);334@101(p0.20);375@99(p0.38);447@99(p0.46);532@99(p0.51);671@104(p0.75);897@106(p0.89);1272@109(p1.00);1802@124(p0.58);2145@114(p0.94);2553@114(p0.31);3040@96(p0.34);3414@121(p0.82);4064@99(p0.94);4565@101(p1.00);5434@101(p1.00);6855@256(p1.00);8648@251(p1.00)
RubAlKhali,22.0,54.5,RubAlKhali_lat22p00_lon54p50,1500.0,1428.4,151.2,0.452,0.785,True,high,4.8,18,39@219(p0.38);265@129(p0.27);298@104(p0.16);474@159(p0.51);671@161(p0.36);847@169(p0.77);1008@149(p0.46);1428@151(p0.45);1802@159(p1.00);2273@109(p0.74);2553@114(p0.59);3040@141(p0.88);3414@201(p0.29);4064@91(p1.00);4838@136(p0.70);5434@259(p1.00);6103@241(p1.00);7700@234(p1.00)
RubAlKhali,22.0,54.75,RubAlKhali_lat22p00_lon54p75,1900.0,1513.8,153.8,0.676,0.661,True,high,20.3,18,93@226(p1.00);298@121(p0.19);334@169(p0.34);447@176(p0.27);532@131(p0.40);598@186(p0.27);711@181(p0.60);847@121(p0.24);1008@154(p0.61);1272@159(p0.23);1514@154(p0.68);2553@159(p0.79);3618@261(p0.87);4064@206(p0.78);5434@181(p1.00);6103@119(p1.00);7700@149(p1.00);8648@181(p1.00)
RubAlKhali,22.0,55.5,RubAlKhali_lat22p00_lon55p50,2100.0,2024.0,248.8,0.518,0.147,True,high,3.6,15,78@231(p0.91);354@91(p0.25);564@166(p0.45);711@176(p0.26);951@171(p0.71);1348@99(p0.48);1700@201(p0.36);2024@249(p0.52);2706@144(p0.79);3221@181(p0.83);3835@136(p1.00);4838@136(p1.00);5434@259(p1.00);6103@119(p1.00);7700@126(p1.00)
RubAlKhali,22.25,54.25,RubAlKhali_lat22p25_lon54p25,1900.0,2145.0,193.8,0.419,0.799,True,high,12.9,12,1008@194(p0.26);1132@194(p1.00);1428@194(p0.21);2145@194(p0.42);2553@196(p0.36);2868@196(p0.81);3221@194(p0.34);3618@194(p0.54);4307@196(p1.00);4838@201(p1.00);6468@194(p1.00);8160@196(p1.00)
RubAlKhali,22.25,54.5,RubAlKhali_lat22p25_lon54p50,1700.0,1604.3,118.8,0.633,0.231,True,high,5.6,20,93@241(p0.61);166@236(p0.18);281@119(p0.23);354@116(p0.48);474@121(p0.45);564@124(p0.37);633@246(p0.47);799@264(p0.16);951@114(p0.47);1272@104(p0.99);1604@119(p0.63);2145@91(p0.54);2553@91(p1.00);2868@96(p0.34);3221@146(p0.47);3618@91(p0.22);4064@91(p1.00);4565@101(p1.00);5434@231(p1.00);7265@91(p1.00)
RubAlKhali,22.25,54.75,RubAlKhali_lat22p25_lon54p75,2100.0,2024.0,91.2,0.884,0.674,True,high,3.6,17,132@239(p0.38);198@91(p0.24);298@116(p0.27);474@96(p0.25);711@94(p0.50);847@96(p0.35);951@124(p0.17);1068@91(p0.57);1200@94(p1.00);1514@114(p0.64);2024@91(p0.88);2409@254(p0.70);2868@264(p0.80);4064@154(p1.00);4838@136(p1.00);5434@181(p1.00);7265@91(p1.00)
RubAlKhali,22.5,54.25,RubAlKhali_lat22p50_lon54p25,2000.0,2145.0,193.8,0.522,0.933,True,high,7.3,13,88@194(p0.16);633@194(p0.15);1132@194(p0.26);1802@194(p1.00);2145@194(p0.52);2553@196(p0.67);2868@191(p0.96);3221@194(p0.51);3618@194(p0.74);4064@196(p1.00);4838@201(p1.00);6468@194(p1.00);8160@196(p1.00)
RubAlKhali,22.5,54.5,RubAlKhali_lat22p50_lon54p50,2000.0,2145.0,91.2,1.0,1.0,True,high,7.3,22,105@91(p0.33);236@91(p0.25);265@91(p0.29);398@91(p0.40);447@91(p0.18);532@91(p0.25);633@91(p0.57);799@91(p0.31);1068@91(p0.60);1200@91(p0.81);1348@91(p0.27);1514@91(p0.50);1802@91(p0.38);2145@91(p1.00);2409@91(p0.43);2868@264(p0.66);3221@91(p0.99);3618@91(p0.88);4064@91(p1.00);4838@91(p1.00);5759@91(p1.00);7265@91(p1.00)
RubAlKhali,22.75,53.5,RubAlKhali_lat22p75_lon53p50,1800.0,1513.8,263.8,0.5,0.394,True,high,15.9,17,83@239(p1.00);354@96(p0.29);422@164(p0.33);532@149(p0.44);671@91(p0.31);754@189(p0.16);1008@181(p0.83);1132@99(p0.38);1348@116(p0.64);1514@264(p0.50);2145@266(p0.85);2706@259(p0.77);3414@239(p1.00);4064@204(p1.00);5434@146(p1.00);6855@106(p1.00);8648@181(p1.00)
RubAlKhali,22.75,53.75,RubAlKhali_lat22p75_lon53p75,2100.0,2145.0,98.8,1.0,1.0,True,high,2.1,18,93@236(p0.79);298@134(p0.29);447@99(p0.46);564@101(p0.39);671@96(p0.59);897@136(p0.29);1132@114(p0.60);1604@94(p0.81);2145@99(p1.00);2409@96(p0.48);2868@141(p0.87);3221@174(p0.63);3618@166(p0.80);4064@164(p1.00);4565@209(p1.00);5434@214(p1.00);6855@106(p1.00);9166@91(p1.00)
RubAlKhali,22.75,54.5,RubAlKhali_lat22p75_lon54p50,1700.0,1428.4,141.2,0.466,0.369,True,high,16.0,18,83@251(p0.53);281@121(p0.40);334@129(p0.27);398@131(p0.37);502@186(p0.39);598@94(p0.49);847@136(p0.16);1068@146(p0.62);1428@141(p0.47);2145@91(p1.00);2409@91(p0.43);2868@91(p0.47);3618@166(p1.00);4064@261(p1.00);4565@101(p1.00);5759@91(p1.00);6855@91(p1.00);9166@91(p1.00)
RubAlKhali,22.75,54.75,RubAlKhali_lat22p75_lon54p75,1800.0,1802.0,118.8,0.276,0.299,True,high,0.1,16,88@99(p0.66);265@91(p0.33);398@136(p0.18);447@104(p0.35);633@111(p0.60);951@254(p0.24);1132@109(p1.00);1428@96(p0.52);1802@119(p0.28);2553@114(p0.17);2868@116(p0.71);3835@106(p1.00);4307@181(p0.18);5759@91(p1.00);6855@91(p1.00);9166@91(p1.00)
RubAlKhali,22.75,55.0,RubAlKhali_lat22p75_lon55p00,2300.0,2024.0,108.8,0.166,0.615,True,high,12.0,18,236@111(p0.27);265@111(p0.16);298@111(p0.18);334@99(p0.22);502@261(p0.22);633@111(p0.53);799@111(p0.43);1068@104(p0.76);1428@104(p0.20);1700@114(p1.00);2024@109(p0.17);2706@109(p0.64);3414@106(p0.56);3835@106(p0.67);4565@101(p0.62);5127@114(p1.00);6855@91(p1.00);8648@109(p1.00)
RubAlKhali,23.0,53.75,RubAlKhali_lat23p00_lon53p75,1100.0,1199.9,181.2,0.373,0.176,True,high,9.1,16,88@256(p1.00);250@246(p0.15);474@196(p0.22);532@96(p0.16);671@176(p0.34);799@144(p0.62);1200@181(p0.37);1604@241(p0.67);2409@156(p0.42);2706@146(p0.85);3040@204(p0.40);4064@156(p0.95);5127@191(p1.00);6103@156(p1.00);6855@106(p1.00);8648@109(p1.00)
Taklamakan,37.25,80.25,Taklamakan_lat37p25_lon80p25,50.0,166.5,101.2,0.238,0.474,False,low,233.0,19,166@101(p0.24);236@104(p0.25);375@254(p0.57);474@106(p0.34);633@234(p0.42);754@221(p0.40);951@256(p1.00);1348@189(p0.68);1514@136(p0.26);1802@104(p0.57);2024@249(p0.59);2553@249(p0.32);3040@254(p0.30);3414@254(p0.58);3835@251(p0.63);4307@246(p0.77);5127@244(p1.00);6855@254(p1.00);8648@246(p1.00)
Taklamakan,37.25,80.75,Taklamakan_lat37p25_lon80p75,1200.0,1132.2,246.2,0.674,0.014,True,high,5.7,19,41@91(p1.00);236@249(p0.20);265@94(p0.44);315@266(p0.32);422@269(p0.24);532@264(p0.50);754@244(p0.16);1008@244(p0.75);1132@246(p0.67);1604@171(p0.84);2273@216(p0.98);2553@226(p1.00);3040@229(p1.00);3414@261(p1.00);4064@206(p1.00);4565@126(p1.00);5434@181(p1.00);6855@91(p1.00);9166@91(p1.00)
Taklamakan,37.25,81.5,Taklamakan_lat37p25_lon81p50,1300.0,1347.7,151.2,0.962,1.0,True,high,3.7,19,35@236(p0.23);176@199(p0.20);210@169(p0.34);265@164(p0.28);375@201(p0.39);422@159(p0.16);502@154(p0.54);847@146(p0.37);1348@151(p0.96);1700@141(p0.58);2553@141(p0.65);3040@146(p0.49);3414@141(p0.88);3835@134(p1.00);4307@141(p1.00);5127@134(p1.00);5759@141(p1.00);6468@151(p1.00);8648@141(p1.00)
Taklamakan,37.25,81.75,Taklamakan_lat37p25_lon81p75,1200.0,1199.9,146.2,0.316,0.302,True,high,0.0,18,35@234(p0.44);187@124(p0.22);315@141(p0.24);633@126(p0.61);897@154(p0.40);1008@149(p0.52);1200@146(p0.32);1348@131(p0.69);1910@126(p0.96);2273@134(p0.27);3040@229(p0.74);3618@171(p0.89);4064@226(p1.00);4565@234(p0.71);5127@244(p1.00);5759@141(p1.00);7265@166(p1.00);8648@246(p1.00)
Taklamakan,37.25,82.0,Taklamakan_lat37p25_lon82p00,1100.0,1008.0,151.2,0.305,0.435,True,high,8.4,16,37@236(p0.78);236@134(p0.18);354@136(p0.17);447@154(p0.40);598@149(p0.49);754@139(p0.34);1008@151(p0.31);1200@146(p0.78);1604@149(p0.98);2145@124(p0.26);2553@141(p0.76);3835@181(p1.00);4838@149(p1.00);5759@141(p1.00);6468@209(p1.00);8648@219(p1.00)
Taklamakan,37.5,79.0,Taklamakan_lat37p50_lon79p00,2000.0,1909.8,251.2,0.614,0.217,True,high,4.5,22,49@101(p1.00);250@96(p0.26);298@256(p0.28);334@99(p0.56);474@91(p0.49);532@219(p0.36);671@239(p0.35);897@266(p0.25);1008@251(p0.28);1200@91(p0.74);1348@241(p0.56);1700@206(p0.24);1910@251(p0.61);2145@194(p0.71);2409@91(p0.32);2868@219(p1.00);3618@219(p0.60);4064@259(p1.00);4565@101(p1.00);5759@219(p1.00);6855@254(p1.00);9166@91(p1.00)
Taklamakan,37.5,79.25,Taklamakan_lat37p50_lon79p25,1000.0,1008.0,256.2,0.899,0.912,True,high,0.8,17,66@104(p0.72);298@261(p0.28);532@256(p0.45);633@261(p0.54);799@259(p0.16);1008@256(p0.90);1348@256(p0.29);1514@249(p1.00);1802@256(p0.55);2273@264(p0.34);3040@239(p0.69);3414@261(p1.00);3835@189(p1.00);4565@171(p0.68);5434@191(p1.00);6855@106(p1.00);8648@219(p1.00)
Taklamakan,37.5,79.5,Taklamakan_lat37p50_lon79p50,1200.0,1132.2,236.2,0.312,0.456,True,high,5.7,19,117@121(p0.43);223@121(p0.49);281@131(p0.17);422@186(p0.24);502@116(p0.98);671@236(p0.23);897@226(p0.56);1132@236(p0.31);1348@249(p0.38);1514@234(p0.63);2273@204(p0.87);2706@214(p0.56);3618@194(p1.00);4064@226(p1.00);4565@234(p0.20);5127@244(p1.00);6103@239(p1.00);7265@231(p1.00);8648@219(p1.00)
Taklamakan,37.5,80.75,Taklamakan_lat37p50_lon80p75,700.0,711.4,158.8,0.503,0.017,True,high,1.6,18,44@224(p0.65);315@164(p0.17);447@171(p0.17);532@169(p0.24);711@159(p0.50);951@181(p0.31);1200@156(p0.64);1348@176(p0.18);1700@186(p0.63);2273@176(p0.84);2706@169(p0.79);3040@161(p0.97);3835@146(p0.54);4307@171(p1.00);5127@201(p1.00);5759@141(p1.00);7265@166(p1.00);8648@141(p1.00)
Taklamakan,37.5,81.5,Taklamakan_lat37p50_lon81p50,1400.0,1428.4,128.8,0.915,0.648,True,high,2.0,19,39@246(p0.95);315@184(p0.19);354@161(p0.30);447@141(p0.34);532@181(p0.21);711@154(p0.23);799@151(p0.26);1008@149(p0.54);1200@146(p0.35);1428@129(p0.91);1802@99(p0.36);2145@119(p0.63);2553@116(p0.99);3618@181(p0.61);4307@171(p1.00);5127@134(p1.00);5759@141(p1.00);7265@129(p1.00);8648@219(p1.00)
Taklamakan,37.5,81.75,Taklamakan_lat37p50_lon81p75,2000.0,1700.3,128.8,0.428,0.242,True,high,15.0,16,35@234(p0.47);422@186(p0.15);532@189(p0.40);633@169(p0.27);711@136(p0.23);799@151(p0.20);897@139(p0.41);1200@131(p0.67);1428@154(p0.22);1700@129(p0.43);2409@139(p0.99);4565@234(p1.00);5127@159(p1.00);5759@141(p1.00);7265@231(p1.00);8648@219(p1.00)
Taklamakan,37.5,82.0,Taklamakan_lat37p50_lon82p00,1200.0,1271.7,148.8,0.665,0.853,True,high,6.0,16,39@251(p0.88);334@131(p0.30);447@151(p0.40);564@139(p0.31);847@131(p0.28);1068@104(p0.96);1272@149(p0.66);2024@116(p0.25);2553@174(p0.33);3040@121(p1.00);3618@231(p1.00);4307@161(p1.00);5127@159(p1.00);6103@239(p1.00);7265@166(p1.00);8648@219(p1.00)
Taklamakan,37.5,82.5,Taklamakan_lat37p50_lon82p50,900.0,753.9,113.8,0.641,0.406,True,high,16.2,14,41@94(p0.83);315@104(p0.33);671@111(p0.38);754@114(p0.64);1132@106(p0.76);1348@106(p1.00);1700@139(p0.51);2409@136(p0.55);3414@254(p0.62);4064@101(p1.00);4565@259(p0.95);5127@116(p1.00);6855@106(p1.00);8648@219(p1.00)
Taklamakan,37.5,82.75,Taklamakan_lat37p50_lon82p75,1300.0,1199.9,176.2,1.0,1.0,True,high,7.7,17,117@166(p0.19);157@176(p0.34);298@181(p0.42);422@176(p0.39);564@179(p0.67);671@164(p0.23);799@176(p0.42);1200@176(p1.00);1700@191(p0.40);1910@184(p0.89);2273@151(p0.99);2868@174(p0.72);3221@174(p1.00);3835@171(p1.00);4565@181(p1.00);5759@181(p1.00);7700@181(p1.00)
Taklamakan,37.5,83.0,Taklamakan_lat37p50_lon83p00,1200.0,1068.3,161.2,1.0,1.0,True,high,11.0,19,41@196(p0.82);166@164(p0.21);236@149(p0.18);354@161(p0.20);474@181(p0.20);564@171(p0.69);711@174(p0.72);897@181(p0.17);1068@161(p1.00);1514@159(p0.76);1802@169(p0.76);2145@139(p0.66);2409@161(p0.86);2706@159(p0.17);3221@181(p0.86);3835@171(p0.96);4565@171(p1.00);5127@134(p1.00);7265@196(p1.00)
Taklamakan,37.75,81.5,Taklamakan_lat37p75_lon81p50,1700.0,1513.8,198.8,1.0,1.0,True,high,11.0,16,55@226(p0.71);166@216(p0.18);315@194(p0.18);354@201(p0.40);532@209(p0.37);633@211(p0.34);799@211(p0.30);1132@199(p0.28);1348@201(p0.19);1514@199(p1.00);3040@199(p0.25);3414@201(p0.45);4064@206(p0.63);5127@201(p1.00);6468@209(p1.00);7265@194(p1.00)
Taklamakan,37.75,81.75,Taklamakan_lat37p75_lon81p75,1800.0,2145.0,118.8,0.994,1.0,True,high,19.2,14,66@96(p0.96);315@226(p0.19);354@256(p0.22);447@124(p0.27);1008@119(p0.20);1132@124(p0.57);2145@119(p0.99);2409@129(p0.52);3835@214(p1.00);4565@126(p1.00);5127@134(p1.00);5759@141(p1.00);7265@231(p1.00);8648@141(p1.00)
Taklamakan,37.75,82.0,Taklamakan_lat37p75_lon82p00,2200.0,2145.0,131.2,0.812,0.593,True,high,2.5,18,70@246(p0.96);223@251(p0.22);422@194(p0.42);474@191(p0.37);564@241(p0.49);754@184(p0.48);951@229(p0.79);1200@234(p0.70);1604@94(p1.00);2145@131(p0.81);2553@141(p1.00);3040@146(p0.80);3414@159(p1.00);3835@146(p1.00);4565@126(p1.00);5759@219(p1.00);6855@254(p1.00);9166@91(p1.00)
Taklamakan,38.0,78.25,Taklamakan_lat38p00_lon78p25,700.0,671.2,91.2,0.418,0.017,True,high,4.1,19,35@221(p0.44);281@261(p0.16);474@91(p0.33);598@91(p0.31);671@91(p0.42);897@91(p0.84);1132@256(p0.24);1272@256(p0.34);1428@231(p0.46);1910@241(p0.24);2273@219(p0.68);2868@224(p0.91);3221@181(p0.20);4064@134(p0.63);4565@141(p1.00);5127@134(p1.00);6103@219(p1.00);7265@129(p1.00);9166@141(p1.00)
Taklamakan,38.0,78.5,Taklamakan_lat38p00_lon78p50,700.0,799.0,181.2,0.458,0.603,True,high,14.1,18,41@181(p0.43);315@181(p0.25);375@181(p0.18);502@181(p0.28);564@181(p0.25);799@181(p0.46);897@181(p0.48);1068@181(p1.00);1514@181(p0.20);1802@181(p1.00);2273@181(p1.00);2553@181(p1.00);2868@181(p1.00);3221@181(p1.00);3835@181(p1.00);4565@181(p1.00);5759@181(p1.00);7700@181(p1.00)
Taklamakan,38.0,79.75,Taklamakan_lat38p00_lon79p75,600.0,597.6,106.2,0.546,0.07,True,high,0.4,15,37@119(p0.49);375@251(p0.35);447@254(p0.25);598@106(p0.55);897@119(p0.16);1132@221(p0.65);1700@226(p0.86);2024@129(p0.30);2553@181(p0.65);3040@91(p0.83);4064@154(p1.00);5127@201(p1.00);5759@219(p1.00);7265@181(p1.00);8648@219(p1.00)
Taklamakan,38.0,81.25,Taklamakan_lat38p00_lon81p25,600.0,563.9,201.2,0.221,0.172,True,high,6.0,20,44@261(p0.86);236@209(p0.17);265@209(p0.16);422@204(p0.34);474@204(p0.79);564@201(p0.22);671@201(p0.41);799@196(p0.18);897@201(p0.40);1068@189(p0.35);1272@146(p0.44);1604@176(p0.57);2145@209(p0.63);2868@114(p0.45);3414@201(p0.77);4064@91(p1.00);4838@211(p1.00);5759@219(p1.00);6468@209(p1.00);8648@219(p1.00)
Taklamakan,38.0,82.25,Taklamakan_lat38p00_lon82p25,2000.0,2024.0,188.8,1.0,1.0,True,high,1.2,17,41@269(p0.85);176@241(p0.22);250@211(p0.23);422@186(p0.27);633@189(p0.18);711@176(p0.76);799@189(p0.16);1272@174(p0.89);1604@151(p0.51);1802@189(p0.41);2024@189(p1.00);2409@174(p0.26);3221@136(p1.00);3618@166(p1.00);4307@171(p1.00);5434@169(p1.00);7265@194(p1.00)
Taklamakan,38.0,82.5,Taklamakan_lat38p00_lon82p50,2600.0,2706.2,168.8,0.812,0.655,True,high,4.1,16,41@264(p0.83);198@249(p0.17);375@211(p0.48);564@209(p0.30);951@161(p0.48);1200@139(p0.33);1428@166(p0.94);1802@169(p0.64);2024@206(p0.38);2409@169(p0.27);2706@169(p0.81);3040@161(p1.00);3414@159(p0.80);4307@161(p1.00);5434@169(p1.00);7265@181(p1.00)
Taklamakan,38.0,82.75,Taklamakan_lat38p00_lon82p75,2400.0,2273.3,188.8,0.826,0.585,True,high,5.3,17,41@264(p0.80);265@181(p0.25);315@204(p0.18);532@216(p0.27);598@216(p0.35);671@181(p0.32);897@194(p0.54);1272@196(p0.69);1700@194(p1.00);1910@184(p0.79);2273@189(p0.83);2868@186(p0.25);3221@186(p1.00);3618@189(p0.92);4565@189(p1.00);5434@169(p1.00);7265@166(p1.00)
Taklamakan,38.0,83.0,Taklamakan_lat38p00_lon83p00,2400.0,2409.3,191.2,0.789,0.909,True,high,0.4,16,62@229(p0.36);281@184(p0.86);354@186(p0.17);671@184(p0.35);754@184(p0.56);951@189(p0.40);1200@194(p0.89);1802@194(p0.46);2024@184(p0.55);2409@191(p0.79);2868@186(p1.00);3221@186(p1.00);3835@171(p1.00);4565@189(p1.00);5434@191(p1.00);7265@231(p1.00)
Taklamakan,38.0,83.25,Taklamakan_lat38p00_lon83p25,2400.0,2273.3,183.8,0.279,0.157,True,high,5.3,18,78@219(p0.42);198@181(p0.15);223@184(p0.20);564@186(p0.45);633@191(p0.52);711@191(p0.23);951@191(p0.35);1200@181(p0.49);1428@189(p1.00);2024@209(p0.44);2273@184(p0.28);2553@186(p0.89);2868@186(p0.15);3221@174(p0.42);3835@189(p0.88);4565@189(p1.00);5759@181(p1.00);7700@181(p1.00)
Taklamakan,38.0,84.0,Taklamakan_lat38p00_lon84p00,1400.0,1428.4,108.8,0.199,0.188,True,high,2.0,21,59@241(p0.94);265@229(p0.38);334@104(p0.27);398@96(p0.22);447@229(p0.41);532@121(p0.18);671@246(p0.59);897@109(p0.62);1068@144(p0.63);1428@109(p0.20);1700@106(p0.50);2024@176(p0.65);2409@121(p0.48);2868@129(p0.21);3618@119(p1.00);4064@121(p0.67);4565@234(p1.00);5127@226(p1.00);6103@239(p1.00);7265@129(p1.00);8648@114(p1.00)
Taklamakan,38.0,84.25,Taklamakan_lat38p00_lon84p25,1300.0,1428.4,101.2,0.251,0.393,True,high,9.9,19,66@261(p0.74);281@231(p0.27);354@199(p0.29);422@216(p0.17);502@224(p0.43);633@181(p0.24);711@189(p0.38);897@211(p0.15);1008@184(p0.69);1132@189(p0.16);1428@101(p0.25);1700@256(p1.00);2409@251(p0.42);2706@201(p0.25);3414@254(p1.00);4064@206(p1.00);5434@201(p1.00);6855@209(p1.00);8648@219(p1.00)
Taklamakan,38.0,84.5,Taklamakan_lat38p00_lon84p50,2500.0,2706.2,146.2,0.929,0.405,True,high,8.2,16,41@174(p0.47);198@161(p0.15);334@169(p0.24);633@169(p0.85);799@176(p0.55);951@171(p0.61);1200@144(p0.18);1514@221(p0.74);2024@164(p1.00);2273@166(p0.37);2706@146(p0.93);3221@166(p0.37);3618@119(p1.00);4565@171(p1.00);5434@256(p1.00);7265@129(p1.00)
Taklamakan,38.25,77.75,Taklamakan_lat38p25_lon77p75,100.0,82.9,231.2,0.895,1.0,True,high,17.1,16,83@231(p0.89);125@221(p0.17);354@224(p0.16);422@216(p0.28);671@234(p0.39);847@209(p0.60);1132@221(p0.68);1272@204(p0.51);2145@254(p0.25);2409@211(p0.73);3221@244(p0.79);4064@226(p1.00);4565@219(p1.00);6103@219(p1.00);7265@231(p1.00);9166@219(p1.00)
Taklamakan,38.25,78.25,Taklamakan_lat38p25_lon78p25,600.0,633.3,266.2,0.38,0.018,True,high,5.6,18,41@229(p0.68);166@226(p0.17);198@269(p0.16);422@261(p0.67);633@266(p0.38);711@91(p0.19);847@266(p0.49);1068@256(p0.61);1272@156(p0.48);1700@194(p0.67);3040@161(p0.95);3618@141(p0.25);4064@154(p1.00);4565@171(p1.00);5127@134(p1.00);6103@239(p1.00);7265@166(p1.00);9166@219(p1.00)
Taklamakan,38.25,78.5,Taklamakan_lat38p25_lon78p50,500.0,532.0,181.2,0.25,0.428,True,high,6.4,16,41@261(p0.53);447@181(p0.25);532@181(p0.25);799@181(p0.58);897@181(p0.44);1068@181(p1.00);1604@181(p0.28);1802@181(p1.00);2273@181(p0.64);2553@181(p1.00);2868@181(p1.00);3221@181(p1.00);3835@181(p1.00);4565@181(p1.00);5759@181(p1.00);7700@181(p1.00)
Taklamakan,38.25,78.75,Taklamakan_lat38p25_lon78p75,800.0,846.8,181.2,0.312,0.728,True,high,5.8,16,41@91(p0.55);354@181(p0.16);422@181(p0.43);711@181(p0.35);847@181(p0.31);1008@181(p1.00);1348@181(p0.54);1910@181(p1.00);2273@181(p1.00);2553@181(p1.00);2868@181(p1.00);3221@181(p1.00);3835@181(p1.00);4565@181(p1.00);5759@181(p1.00);7700@181(p1.00)
Taklamakan,38.25,79.25,Taklamakan_lat38p25_lon79p25,1800.0,1604.3,166.2,0.917,0.172,True,high,10.9,19,41@96(p1.00);210@246(p0.28);354@186(p0.23);422@194(p0.28);564@266(p0.59);711@91(p0.58);951@126(p0.34);1132@239(p0.87);1604@166(p0.92);2024@171(p0.95);2553@201(p0.72);2868@114(p1.00);3221@181(p0.59);3618@194(p0.52);4064@224(p1.00);4565@181(p1.00);5759@91(p1.00);6855@106(p1.00);9166@91(p1.00)
Taklamakan,38.25,80.25,Taklamakan_lat38p25_lon80p25,800.0,897.4,143.8,0.306,0.236,True,high,12.2,21,44@199(p1.00);176@199(p0.43);265@201(p0.24);375@199(p0.37);474@124(p0.19);532@201(p0.49);598@131(p0.26);671@146(p0.24);897@144(p0.31);1068@226(p0.57);1272@119(p0.32);1428@169(p0.22);1700@99(p0.63);2024@239(p0.41);2273@204(p0.71);2706@231(p0.96);3221@209(p0.55);4064@206(p1.00);5434@191(p1.00);6468@209(p1.00);7265@194(p1.00)
Taklamakan,38.25,81.25,Taklamakan_lat38p25_lon81p25,600.0,633.3,208.8,0.192,0.112,True,high,5.6,18,62@264(p0.72);265@211(p0.15);375@206(p0.17);447@209(p0.36);564@209(p0.77);633@209(p0.19);799@201(p0.27);951@211(p0.16);1132@221(p0.87);1700@204(p0.68);2273@214(p0.54);3618@194(p0.91);4307@199(p1.00);4838@211(p1.00);5759@219(p1.00);6468@209(p1.00);7265@194(p1.00);8648@246(p1.00)
Taklamakan,38.25,81.75,Taklamakan_lat38p25_lon81p75,1300.0,1271.7,211.2,1.0,1.0,True,high,2.2,19,78@201(p0.22);125@211(p0.16);157@231(p0.15);236@221(p0.37);281@241(p0.19);354@204(p0.24);598@204(p0.33);847@191(p0.54);1132@204(p0.23);1272@211(p1.00);1604@196(p0.57);2145@194(p0.53);2409@171(p0.40);3040@166(p0.76);3618@166(p0.84);4307@161(p0.97);5127@226(p1.00);6468@209(p1.00);7265@229(p1.00)
Taklamakan,38.25,82.0,Taklamakan_lat38p25_lon82p00,1600.0,1700.3,191.2,1.0,1.0,True,high,6.3,20,41@209(p0.54);176@201(p0.19);223@184(p0.28);375@209(p0.25);474@199(p0.20);564@211(p0.17);711@194(p0.25);799@209(p0.25);897@189(p0.66);1008@206(p0.17);1272@171(p0.65);1700@191(p1.00);2024@144(p0.41);2273@181(p0.35);2706@136(p1.00);3221@126(p1.00);3618@119(p1.00);4565@181(p1.00);5434@191(p1.00);7265@194(p1.00)
Taklamakan,38.25,84.0,Taklamakan_lat38p25_lon84p00,1400.0,1347.7,196.2,0.284,0.446,True,high,3.7,20,62@236(p0.72);250@226(p0.27);298@224(p0.27);398@214(p0.36);447@224(p0.29);532@216(p0.31);633@214(p0.30);897@206(p0.53);1068@211(p0.23);1200@189(p0.20);1348@196(p0.28);1604@201(p0.19);2024@209(p0.97);3040@199(p0.41);3414@209(p0.72);3835@171(p0.38);4838@149(p1.00);6103@121(p1.00);6855@151(p1.00);8648@141(p1.00)
Taklamakan,38.25,84.25,Taklamakan_lat38p25_lon84p25,2200.0,2409.3,198.8,1.0,1.0,True,high,9.5,17,74@91(p0.80);157@229(p0.18);223@229(p0.20);265@221(p0.33);398@214(p0.38);633@204(p0.30);711@194(p0.41);951@216(p0.66);1200@206(p0.32);1514@219(p0.46);1802@201(p0.37);2409@199(p1.00);2706@201(p0.58);3221@174(p0.85);4064@239(p0.90);5127@226(p1.00);6855@209(p1.00)
Taklamakan,38.25,84.5,Taklamakan_lat38p25_lon84p50,1800.0,1700.3,221.2,0.459,0.478,True,high,5.5,18,41@181(p0.88);140@244(p0.18);236@231(p0.21);265@226(p0.18);398@174(p0.37);474@204(p0.30);633@214(p0.59);951@106(p0.73);1272@186(p1.00);1700@221(p0.46);2024@196(p0.89);2273@189(p0.87);2868@186(p0.68);3221@186(p1.00);3835@181(p1.00);4565@181(p1.00);5434@191(p1.00);7265@194(p1.00)
Taklamakan,38.25,84.75,Taklamakan_lat38p25_lon84p75,1500.0,1428.4,181.2,0.192,0.626,True,high,4.8,20,74@246(p0.77);236@181(p0.19);422@181(p0.43);502@181(p0.47);564@181(p0.35);711@181(p0.55);799@181(p0.44);1008@181(p1.00);1132@181(p0.39);1428@181(p0.19);1700@181(p0.47);2024@181(p0.99);2273@181(p0.99);2553@181(p0.93);2868@181(p1.00);3221@181(p1.00);3835@181(p1.00);4565@181(p1.00);5759@181(p1.00);7700@181(p1.00)
Taklamakan,38.5,77.75,Taklamakan_lat38p50_lon77p75,100.0,93.1,93.8,0.154,0.318,True,high,6.9,18,74@216(p0.19);93@94(p0.15);125@181(p0.50);166@181(p0.16);315@186(p0.29);375@176(p0.69);564@189(p0.53);1008@189(p1.00);1604@181(p0.74);2024@239(p0.88);2273@181(p1.00);2553@186(p1.00);2868@191(p1.00);3221@244(p1.00);3835@181(p1.00);4565@181(p1.00);5759@181(p1.00);7700@181(p1.00)
Taklamakan,38.5,78.25,Taklamakan_lat38p50_lon78p25,800.0,753.9,168.8,0.22,0.084,True,high,5.8,15,55@251(p1.00);474@261(p0.86);633@99(p0.58);754@169(p0.22);1068@166(p0.36);1200@179(p0.44);1514@181(p0.67);1802@154(p0.60);2868@151(p0.92);3221@146(p0.91);3618@219(p0.84);4565@101(p0.79);5434@256(p1.00);6855@106(p1.00);8648@114(p1.00)
Taklamakan,38.5,78.5,Taklamakan_lat38p50_lon78p50,800.0,753.9,181.2,0.387,0.643,True,high,5.8,17,41@266(p0.72);250@181(p0.23);474@181(p0.18);633@181(p0.24);754@181(p0.39);897@181(p0.50);1068@181(p1.00);1604@181(p0.37);1802@181(p0.99);2273@181(p1.00);2553@181(p1.00);2868@181(p1.00);3221@181(p1.00);3835@181(p1.00);4565@181(p1.00);5759@181(p1.00);7700@181(p1.00)
Taklamakan,38.5,78.75,Taklamakan_lat38p50_lon78p75,1000.0,951.1,181.2,1.0,1.0,True,high,4.9,18,41@266(p0.68);354@181(p0.23);398@181(p0.32);502@181(p0.19);564@181(p0.18);754@181(p0.42);847@181(p0.46);951@181(p1.00);1514@181(p0.40);2024@181(p1.00);2273@181(p1.00);2553@181(p1.00);2868@181(p1.00);3221@181(p1.00);3835@181(p1.00);4565@181(p1.00);5759@181(p1.00);7700@181(p1.00)
Taklamakan,38.5,80.25,Taklamakan_lat38p50_lon80p25,900.0,951.1,103.8,0.19,0.11,True,high,5.7,17,46@99(p0.64);298@91(p0.22);375@181(p0.23);474@221(p0.19);564@181(p0.40);754@226(p0.45);951@104(p0.19);1272@189(p0.76);1514@91(p0.44);1802@216(p0.90);2409@211(p0.84);3221@209(p1.00);4064@206(p1.00);4838@211(p1.00);5759@219(p1.00);6468@151(p1.00);8648@141(p1.00)
Taklamakan,38.5,80.75,Taklamakan_lat38p50_lon80p75,600.0,532.0,126.2,0.371,0.332,True,high,11.3,17,35@146(p0.42);83@209(p0.16);315@131(p0.23);447@139(p0.21);532@126(p0.37);754@139(p0.56);1132@146(p0.96);1428@121(p0.56);1700@139(p0.19);2553@134(p0.91);3221@136(p0.72);3618@131(p0.19);4307@114(p1.00);5127@201(p1.00);5759@219(p1.00);7265@229(p1.00);8648@219(p1.00)
Taklamakan,38.5,82.0,Taklamakan_lat38p50_lon82p00,800.0,799.0,138.8,0.521,0.661,True,high,0.1,17,88@186(p0.21);281@171(p0.20);334@186(p0.39);398@221(p0.24);532@184(p0.43);633@166(p0.23);799@139(p0.52);1132@184(p0.68);1348@191(p1.00);2145@124(p0.93);2409@186(p0.95);2706@181(p1.00);3221@224(p1.00);3618@189(p1.00);4307@171(p1.00);5434@169(p1.00);7265@194(p1.00)
Taklamakan,38.5,82.5,Taklamakan_lat38p50_lon82p50,1000.0,951.1,216.2,0.767,0.686,True,high,4.9,21,49@101(p0.60);334@224(p0.24);398@219(p0.38);532@214(p0.30);633@226(p0.37);711@211(p0.36);847@211(p0.46);951@216(p0.77);1068@191(p0.28);1200@214(p0.44);1348@189(p0.27);1514@224(p0.87);2024@224(p0.55);2273@234(p0.17);2553@219(p0.44);3618@229(p0.73);4064@224(p1.00);5127@159(p1.00);5759@141(p1.00);7265@229(p1.00);8648@141(p1.00)
Taklamakan,38.5,82.75,Taklamakan_lat38p50_lon82p75,1100.0,1008.0,208.8,0.754,0.833,True,high,8.4,18,52@104(p0.80);315@219(p0.25);532@206(p0.39);598@201(p0.30);711@216(p0.24);1008@209(p0.75);1200@196(p0.57);1428@204(p0.24);1604@209(p0.98);1802@209(p0.26);2145@209(p0.22);2706@209(p0.85);3414@201(p0.26);3835@211(p1.00);4838@211(p1.00);5759@219(p1.00);6468@151(p1.00);8648@219(p1.00)
Taklamakan,38.5,83.0,Taklamakan_lat38p50_lon83p00,2000.0,2145.0,228.8,0.487,0.228,True,high,7.3,16,55@256(p0.90);422@211(p0.21);502@209(p0.45);598@216(p0.23);671@204(p0.68);754@209(p0.34);951@209(p0.40);1514@206(p0.51);1700@204(p0.90);2145@229(p0.49);3040@199(p1.00);3414@201(p0.25);4064@206(p0.47);4838@211(p1.00);6468@209(p1.00);7265@194(p1.00)
Taklamakan,38.5,83.25,Taklamakan_lat38p50_lon83p25,2000.0,1909.8,203.8,0.344,0.964,True,high,4.5,17,55@229(p0.29);265@199(p0.63);447@199(p0.17);799@199(p0.30);951@199(p0.18);1132@199(p0.62);1514@199(p0.59);1910@204(p0.34);2145@201(p1.00);2553@201(p0.35);2868@204(p0.90);3221@194(p0.89);3618@194(p0.94);4565@189(p1.00);5434@191(p1.00);6468@151(p1.00);7265@194(p1.00)
Taklamakan,38.5,83.75,Taklamakan_lat38p50_lon83p75,1500.0,1347.7,208.8,0.998,1.0,True,high,10.2,20,66@239(p0.79);236@214(p0.23);281@216(p0.20);315@209(p0.15);598@209(p0.32);671@216(p0.54);799@209(p0.28);951@214(p0.40);1068@221(p0.18);1348@209(p1.00);1802@206(p0.74);2273@194(p0.17);3040@199(p0.95);3414@106(p0.28);4064@239(p0.41);4565@181(p0.79);5434@201(p1.00);6103@219(p1.00);6855@106(p1.00);9166@219(p1.00)
Taklamakan,38.5,84.0,Taklamakan_lat38p50_lon84p00,1600.0,1604.3,201.2,0.595,0.498,True,high,0.3,18,70@241(p0.75);210@224(p0.23);298@221(p0.40);334@219(p0.25);532@221(p0.20);754@214(p0.67);951@209(p0.51);1272@216(p0.97);1604@201(p0.60);2024@206(p0.86);2273@204(p0.43);2706@214(p0.69);3414@209(p0.70);3835@214(p0.79);4565@219(p1.00);5759@219(p1.00);6855@209(p1.00);8648@141(p1.00)
Taklamakan,38.5,84.25,Taklamakan_lat38p50_lon84p25,1200.0,1132.2,193.8,0.194,0.189,True,high,5.7,16,70@241(p0.82);176@219(p0.32);265@219(p0.21);354@186(p0.42);447@226(p0.17);671@184(p0.49);847@214(p0.33);1132@194(p0.19);1272@199(p0.31);1514@196(p0.18);1700@196(p1.00);2024@191(p0.58);2706@196(p0.97);4565@171(p1.00);5127@244(p1.00);7265@231(p1.00)
Taklamakan,38.5,84.5,Taklamakan_lat38p50_lon84p50,1200.0,1271.7,211.2,0.425,0.27,True,high,6.0,20,74@251(p0.75);198@231(p0.17);250@226(p0.90);315@231(p0.15);422@224(p0.22);502@224(p0.21);633@224(p0.48);1008@196(p0.63);1272@211(p0.43);1514@196(p0.73);1700@184(p0.30);2145@194(p0.53);2706@224(p0.38);3040@229(p0.89);3618@219(p1.00);4064@259(p1.00);4565@259(p1.00);5127@244(p1.00);6103@239(p1.00);7265@231(p1.00)
Taklamakan,38.5,84.75,Taklamakan_lat38p50_lon84p75,1800.0,1700.3,196.2,0.477,0.599,True,high,5.5,22,78@249(p0.73);210@229(p0.40);334@231(p0.29);398@181(p0.19);447@181(p0.23);502@181(p0.22);671@181(p0.29);754@181(p0.62);847@181(p0.38);951@181(p0.48);1200@206(p0.42);1514@181(p1.00);1700@196(p0.48);1910@181(p0.96);2273@181(p0.99);2553@181(p1.00);2868@181(p0.98);3221@181(p1.00);3835@181(p1.00);4565@181(p1.00);5759@181(p1.00);7700@181(p1.00)
Taklamakan,38.5,85.0,Taklamakan_lat38p50_lon85p00,900.0,951.1,176.2,0.763,0.099,True,high,5.7,17,70@244(p1.00);354@149(p0.35);447@136(p0.18);633@146(p0.23);847@164(p0.19);951@176(p0.76);1200@146(p0.35);1604@146(p0.77);2145@96(p0.16);2553@174(p0.48);3040@194(p0.23);3414@254(p1.00);4064@239(p0.93);5434@191(p1.00);6103@239(p1.00);6855@106(p1.00);8648@246(p1.00)
Taklamakan,38.5,85.25,Taklamakan_lat38p50_lon85p25,700.0,753.9,131.2,0.313,0.029,True,high,7.7,18,74@254(p1.00);265@249(p0.22);315@134(p0.26);398@154(p0.21);474@144(p0.15);532@144(p0.38);633@99(p0.26);754@131(p0.31);1068@204(p0.73);1514@189(p0.53);1802@236(p0.83);2145@229(p0.42);2553@219(p0.75);2868@246(p0.57);4064@259(p1.00);5127@244(p1.00);6855@254(p1.00);8648@219(p1.00)
Taklamakan,38.5,85.75,Taklamakan_lat38p50_lon85p75,2000.0,1909.8,251.2,0.418,0.409,True,high,4.5,18,210@256(p0.33);334@234(p0.16);398@239(p0.46);474@224(p0.22);633@239(p0.54);799@259(p0.49);897@249(p0.20);1132@246(p1.00);1428@244(p0.21);1910@251(p0.42);2273@264(p0.23);2553@249(p0.89);2868@246(p0.89);3221@244(p0.38);5127@244(p1.00);6103@239(p1.00);6855@251(p1.00);8648@246(p1.00)
Taklamakan,38.75,78.5,Taklamakan_lat38p75_lon78p50,600.0,633.3,91.2,0.479,0.39,True,high,5.6,16,78@239(p1.00);281@91(p0.28);422@91(p0.24);474@91(p0.24);633@91(p0.48);754@91(p0.37);1008@91(p0.27);1272@91(p0.89);2409@91(p0.99);2868@91(p1.00);3221@91(p1.00);3618@91(p1.00);4064@91(p1.00);4838@91(p1.00);5759@91(p1.00);7265@91(p1.00)
Taklamakan,38.75,79.5,Taklamakan_lat38p75_lon79p50,1000.0,951.1,91.2,0.194,0.73,True,high,4.9,22,46@91(p1.00);187@91(p0.23);223@91(p0.21);315@91(p0.16);375@91(p0.19);422@91(p0.26);474@91(p0.17);564@91(p0.47);671@91(p0.20);951@91(p0.19);1200@91(p0.65);1514@94(p0.86);1802@91(p0.33);2024@91(p0.15);2409@91(p0.54);2868@91(p1.00);3618@91(p1.00);4064@91(p1.00);4565@91(p1.00);5759@91(p1.00);6855@91(p1.00);9166@91(p1.00)
Taklamakan,38.75,79.75,Taklamakan_lat38p75_lon79p75,1100.0,1068.3,91.2,0.377,0.155,True,high,2.9,16,41@261(p1.00);598@91(p0.28);711@91(p0.24);951@91(p0.46);1068@91(p0.38);1200@91(p0.50);1604@91(p0.81);1910@91(p0.91);2553@91(p1.00);3040@91(p0.96);3414@91(p1.00);4064@91(p1.00);4565@91(p1.00);5759@91(p1.00);6855@91(p1.00);9166@91(p1.00)
Taklamakan,38.75,82.5,Taklamakan_lat38p75_lon82p50,900.0,799.0,221.2,0.32,0.186,True,high,11.2,15,55@91(p0.81);210@226(p0.28);334@199(p0.18);375@224(p0.17);532@206(p0.38);799@221(p0.32);1132@204(p1.00);2145@194(p0.65);2706@209(p0.69);3040@214(p0.73);3618@186(p0.69);4307@199(p0.61);4838@211(p1.00);6468@151(p1.00);7265@194(p1.00)
Taklamakan,38.75,82.75,Taklamakan_lat38p75_lon82p75,1200.0,1271.7,206.2,0.254,0.199,True,high,6.0,22,74@91(p1.00);236@226(p0.21);315@91(p0.31);375@219(p0.21);598@209(p0.43);671@209(p0.33);754@206(p0.36);847@201(p0.66);1068@204(p0.41);1272@206(p0.25);1514@196(p0.76);1802@199(p0.79);2024@201(p0.86);2553@201(p0.81);2868@219(p1.00);3221@186(p0.82);3618@91(p0.55);4064@91(p1.00);4565@91(p1.00);5759@91(p1.00);6855@91(p1.00);9166@91(p1.00)
Taklamakan,38.75,83.0,Taklamakan_lat38p75_lon83p00,2000.0,2024.0,206.2,0.565,0.25,True,high,1.2,20,41@94(p1.00);59@91(p0.16);281@189(p0.25);447@91(p0.22);564@91(p0.27);633@196(p0.50);847@216(p0.49);951@209(p0.43);1200@91(p0.85);1700@194(p0.42);2024@206(p0.57);2553@206(p0.94);2868@204(p0.72);3221@209(p0.34);3618@194(p1.00);4064@206(p1.00);4838@91(p1.00);5759@91(p1.00);7265@91(p1.00);9166@91(p1.00)
Taklamakan,38.75,84.5,Taklamakan_lat38p75_lon84p50,2000.0,1909.8,91.2,1.0,1.0,True,high,4.5,21,41@91(p0.17);74@91(p0.69);236@91(p0.16);354@91(p0.15);502@91(p0.29);711@91(p0.23);951@91(p0.46);1068@91(p0.28);1200@91(p0.48);1514@91(p0.52);1700@91(p0.27);1910@91(p1.00);2145@194(p0.39);2409@194(p0.98);2868@186(p0.75);3221@91(p1.00);3618@91(p0.69);4064@91(p1.00);4838@91(p1.00);5759@91(p1.00);7265@91(p1.00)
Taklamakan,39.0,78.0,Taklamakan_lat39p00_lon78p00,60.0,78.2,176.2,0.172,0.508,False,low,30.4,20,41@176(p0.38);78@176(p0.17);140@176(p0.21);187@266(p0.26);250@266(p0.26);298@181(p0.29);474@181(p0.55);671@264(p0.35);847@199(p0.50);1068@214(p0.29);1272@191(p1.00);1514@181(p0.22);2024@196(p0.80);2273@146(p0.66);2868@174(p1.00);3221@186(p1.00);3835@181(p1.00);4565@171(p1.00);5434@169(p1.00);7700@181(p1.00)
Taklamakan,39.0,79.0,Taklamakan_lat39p00_lon79p00,800.0,897.4,91.2,0.958,0.182,True,high,12.2,16,105@256(p1.00);198@94(p0.17);315@99(p0.26);671@234(p0.46);897@91(p0.96);1068@96(p0.28);1514@261(p0.19);1700@139(p0.15);2145@199(p0.46);2868@141(p1.00);3618@131(p0.83);4064@136(p1.00);4565@101(p1.00);5759@91(p1.00);7265@166(p1.00);9166@91(p1.00)
Taklamakan,39.0,79.25,Taklamakan_lat39p00_lon79p25,1000.0,1068.3,103.8,0.383,0.118,True,high,6.8,19,88@249(p1.00);187@91(p0.25);375@99(p0.21);474@91(p0.20);598@91(p0.62);671@96(p0.45);847@91(p0.59);1068@104(p0.38);1200@91(p0.93);1604@144(p0.72);1802@136(p0.64);2145@171(p0.70);2868@156(p1.00);3618@174(p0.69);4064@206(p1.00);4565@234(p1.00);5759@219(p1.00);6855@251(p1.00);9166@91(p1.00)
Taklamakan,39.0,80.0,Taklamakan_lat39p00_lon80p00,900.0,951.1,96.2,0.366,0.013,True,high,5.7,14,41@94(p1.00);334@126(p0.37);532@121(p0.39);799@119(p0.84);951@96(p0.37);1132@134(p0.37);1348@101(p0.30);2024@259(p0.16);3414@219(p1.00);3835@224(p1.00);4307@196(p1.00);5434@191(p1.00);6855@91(p1.00);8648@219(p1.00)
Taklamakan,39.0,80.25,Taklamakan_lat39p00_lon80p25,700.0,671.2,116.2,0.304,0.08,True,high,4.1,15,41@94(p1.00);598@111(p0.93);671@116(p0.30);799@121(p0.40);897@101(p0.28);1132@114(p0.30);1428@94(p0.86);2024@96(p0.28);2273@101(p0.64);3414@219(p0.86);3835@224(p1.00);4565@91(p1.00);5434@191(p1.00);6468@209(p1.00);8648@246(p1.00)
Taklamakan,39.0,81.25,Taklamakan_lat39p00_lon81p25,600.0,633.3,118.8,0.175,0.013,True,high,5.6,16,55@211(p0.81);236@219(p0.18);398@214(p0.40);474@106(p0.27);532@126(p0.21);633@119(p0.17);847@126(p0.39);1802@134(p0.61);2024@131(p0.25);2409@219(p0.72);2706@221(p0.18);3835@206(p0.94);4307@219(p1.00);5759@219(p1.00);6468@109(p1.00);8648@246(p1.00)
Taklamakan,39.0,83.75,Taklamakan_lat39p00_lon83p75,1500.0,1428.4,213.8,0.458,0.428,True,high,4.8,16,70@234(p0.62);187@201(p0.17);281@201(p0.21);474@201(p0.54);598@201(p0.23);897@201(p0.57);1008@204(p0.19);1272@206(p0.87);1428@214(p0.46);1910@204(p1.00);2553@206(p0.91);2868@204(p0.23);4064@206(p0.52);4838@211(p1.00);6468@209(p1.00);7265@229(p1.00)
Taklamakan,39.0,84.0,Taklamakan_lat39p00_lon84p00,1300.0,1428.4,208.8,0.746,0.51,True,high,9.9,19,62@236(p0.88);236@219(p0.21);265@219(p0.30);375@219(p0.23);474@211(p0.29);598@211(p0.29);754@214(p0.66);897@206(p0.43);1068@214(p0.58);1428@209(p0.75);1700@209(p1.00);2553@206(p0.32);2868@209(p0.31);3221@214(p0.66);4307@199(p0.99);5127@201(p1.00);5759@91(p1.00);6855@209(p1.00);8648@114(p1.00)
Taklamakan,39.0,84.5,Taklamakan_lat39p00_lon84p50,2300.0,2409.3,188.8,1.0,1.0,True,high,4.8,15,70@254(p0.89);281@156(p0.33);315@184(p0.21);474@189(p0.47);633@189(p0.41);847@201(p0.56);1008@109(p0.22);1132@201(p0.80);1700@204(p0.38);2409@189(p1.00);2706@191(p0.75);3618@229(p0.71);4307@246(p1.00);5127@226(p1.00);7265@166(p1.00)
Taklamakan,39.0,85.0,Taklamakan_lat39p00_lon85p00,1600.0,1802.0,166.2,0.78,0.131,True,high,12.6,18,74@246(p1.00);298@171(p0.26);334@181(p0.28);447@186(p0.44);598@204(p0.41);799@221(p0.35);951@209(p0.55);1200@96(p0.55);1348@249(p0.94);1802@166(p0.78);2145@171(p0.44);2706@191(p0.17);3040@261(p0.96);4307@246(p0.97);5127@244(p1.00);6103@239(p1.00);6855@109(p1.00);8648@219(p1.00)
Taklamakan,39.0,85.25,Taklamakan_lat39p00_lon85p25,2000.0,2145.0,131.2,0.787,0.027,True,high,7.3,15,78@249(p1.00);375@184(p0.25);564@179(p0.37);671@174(p0.17);799@256(p0.39);1008@259(p0.94);1514@109(p0.59);2145@131(p0.79);2553@141(p0.97);2868@141(p0.18);3414@261(p1.00);4064@259(p1.00);5434@256(p1.00);6855@91(p1.00);8648@114(p1.00)
Taklamakan,39.0,85.5,Taklamakan_lat39p00_lon85p50,2700.0,2553.4,248.8,0.788,0.078,True,high,5.4,15,83@256(p1.00);474@174(p0.24);598@111(p0.22);754@119(p0.37);1068@254(p0.87);1514@261(p0.22);1802@91(p0.27);2145@176(p0.90);2553@249(p0.79);3040@161(p0.91);3414@159(p1.00);3835@109(p1.00);4565@101(p1.00);5434@104(p1.00);6855@251(p1.00)
Taklamakan,39.0,86.25,Taklamakan_lat39p00_lon86p25,2400.0,2553.4,196.2,0.674,0.044,True,high,6.4,18,93@254(p1.00);250@204(p0.19);354@186(p0.35);447@216(p0.25);532@171(p0.36);598@241(p0.54);754@219(p0.29);1008@214(p0.60);1272@176(p0.54);1514@209(p0.46);2024@211(p0.82);2553@196(p0.67);3221@224(p0.79);3835@224(p1.00);4307@246(p1.00);5434@256(p1.00);6468@109(p1.00);8648@246(p1.00)
Taklamakan,39.0,86.5,Taklamakan_lat39p00_lon86p50,2200.0,2024.0,213.8,0.668,0.011,True,high,8.0,17,70@256(p1.00);281@184(p0.27);315@226(p0.34);447@201(p0.16);598@219(p0.28);799@194(p0.48);1008@166(p0.71);1200@181(p0.52);1700@176(p0.52);2024@214(p0.67);2706@169(p0.35);3414@141(p0.76);3835@101(p1.00);4565@91(p1.00);5434@256(p1.00);6468@109(p1.00);8648@114(p1.00)
Taklamakan,39.0,86.75,Taklamakan_lat39p00_lon86p75,1600.0,1604.3,116.2,0.215,0.01,True,high,0.3,20,78@256(p1.00);265@209(p0.27);298@184(p0.23);375@176(p0.26);502@194(p0.37);598@181(p0.24);754@169(p0.36);897@144(p0.56);1200@181(p0.71);1348@191(p0.27);1604@116(p0.21);1910@171(p0.51);2409@149(p0.51);2706@151(p0.75);3221@244(p0.78);3835@259(p1.00);4307@219(p1.00);5434@104(p1.00);6468@151(p1.00);8648@246(p1.00)
Taklamakan,39.0,87.0,Taklamakan_lat39p00_lon87p00,600.0,597.6,188.8,0.357,0.255,True,high,0.4,19,88@239(p1.00);198@201(p0.16);315@174(p0.45);375@209(p0.15);447@169(p0.34);598@189(p0.36);711@176(p0.41);951@169(p0.70);1200@236(p0.65);1604@244(p0.61);2145@246(p0.49);2868@219(p0.16);3221@224(p0.62);3835@249(p1.00);4307@246(p1.00);4838@244(p1.00);5759@236(p1.00);6468@251(p1.00);8648@219(p1.00)
Taklamakan,39.25,78.25,Taklamakan_lat39p25_lon78p25,100.0,62.0,191.2,0.71,0.939,False,low,38.0,18,62@191(p0.71);198@186(p0.18);315@181(p0.23);564@181(p0.20);633@246(p0.54);711@216(p0.17);847@186(p0.31);1068@191(p1.00);1272@171(p0.20);1428@181(p0.77);2024@171(p0.99);2553@174(p1.00);2868@181(p0.99);3221@186(p1.00);3835@181(p1.00);4565@234(p1.00);5434@104(p1.00);7700@181(p1.00)
Taklamakan,39.25,78.5,Taklamakan_lat39p25_lon78p50,100.0,69.7,221.2,0.857,0.845,False,low,30.3,19,70@221(p0.86);315@181(p0.18);502@181(p0.40);598@181(p0.17);671@181(p0.36);799@181(p0.61);1008@181(p0.62);1132@181(p0.60);1348@181(p1.00);1604@181(p0.48);1910@181(p0.93);2273@181(p1.00);2553@181(p1.00);2868@181(p0.99);3221@181(p1.00);3835@181(p1.00);4565@181(p1.00);5759@181(p1.00);7700@181(p1.00)
Taklamakan,39.25,78.75,Taklamakan_lat39p25_lon78p75,1000.0,951.1,181.2,0.997,0.946,True,high,4.9,17,99@249(p0.47);236@181(p0.16);375@181(p0.15);447@181(p0.24);532@181(p0.23);754@181(p0.51);847@181(p0.51);951@181(p1.00);1604@181(p0.49);2024@181(p0.68);2273@181(p1.00);2706@181(p1.00);3221@181(p1.00);3618@181(p1.00);4565@181(p1.00);5434@181(p1.00);7265@181(p1.00)
Taklamakan,39.25,79.25,Taklamakan_lat39p25_lon79p25,1000.0,1068.3,96.2,0.914,0.107,True,high,6.8,14,99@254(p1.00);532@94(p0.30);711@96(p0.84);1068@96(p0.91);1428@91(p0.94);2145@131(p0.90);2553@244(p0.88);2868@204(p1.00);3414@219(p0.50);4064@206(p1.00);4565@101(p1.00);5759@219(p1.00);6855@109(p1.00);9166@91(p1.00)
Taklamakan,39.25,79.5,Taklamakan_lat39p25_lon79p50,1200.0,1428.4,258.8,0.667,0.018,True,high,19.0,15,78@259(p1.00);315@266(p0.30);375@94(p0.43);447@126(p0.24);633@99(p0.47);754@201(p0.15);951@91(p0.74);1428@259(p0.67);2273@204(p0.29);3040@199(p0.88);3414@201(p1.00);4307@164(p1.00);5434@256(p1.00);6855@251(p1.00);8648@246(p1.00)
Taklamakan,39.25,81.5,Taklamakan_lat39p25_lon81p50,600.0,633.3,201.2,0.219,0.049,True,high,5.6,19,44@259(p0.70);223@264(p0.24);265@226(p0.30);334@201(p0.18);447@206(p0.28);633@201(p0.22);711@204(p0.67);1068@124(p0.30);1348@204(p0.74);1700@116(p0.17);2024@106(p0.36);2409@219(p0.77);2706@221(p0.75);3221@224(p0.15);3835@111(p0.40);4307@231(p1.00);5759@236(p1.00);6468@206(p1.00);8648@219(p1.00)
Taklamakan,39.25,82.5,Taklamakan_lat39p25_lon82p50,900.0,951.1,211.2,0.434,0.622,True,high,5.7,14,52@269(p0.83);187@214(p0.24);474@209(p0.34);671@206(p0.28);799@209(p0.51);951@211(p0.43);1132@206(p1.00);1700@201(p0.23);1910@209(p0.66);2409@206(p0.45);3221@209(p0.68);3835@211(p1.00);4838@211(p1.00);6468@209(p1.00)
Taklamakan,39.25,83.0,Taklamakan_lat39p25_lon83p00,600.0,799.0,221.2,0.489,0.465,False,low,33.2,15,62@91(p0.75);236@231(p0.17);799@221(p0.49);1132@206(p0.68);1348@211(p0.44);1514@201(p0.38);1700@214(p0.91);2553@219(p0.33);3040@214(p0.91);3414@219(p0.50);4307@219(p1.00);5127@226(p1.00);5759@219(p1.00);7265@229(p1.00);8648@219(p1.00)
Taklamakan,39.25,83.75,Taklamakan_lat39p25_lon83p75,1400.0,1428.4,221.2,0.4,0.923,True,high,2.0,17,70@234(p0.65);223@209(p0.30);398@214(p0.24);474@214(p0.20);564@214(p0.18);754@211(p0.49);1008@221(p0.55);1132@216(p0.17);1428@221(p0.40);1802@206(p0.90);2409@211(p0.74);3221@209(p0.80);3618@186(p1.00);4838@211(p1.00);5759@181(p1.00);6468@209(p1.00);8648@141(p1.00)
Taklamakan,39.25,84.0,Taklamakan_lat39p25_lon84p00,1600.0,1513.8,221.2,0.302,0.346,True,high,5.4,17,59@234(p0.90);198@261(p0.22);315@214(p0.27);671@209(p0.24);847@209(p0.69);1068@209(p0.43);1272@201(p0.47);1514@221(p0.30);1700@204(p0.99);2409@199(p0.29);2868@204(p0.94);3414@201(p0.48);4307@199(p0.76);4838@211(p1.00);5759@219(p1.00);6468@209(p1.00);8648@219(p1.00)
Taklamakan,39.25,84.25,Taklamakan_lat39p25_lon84p25,1500.0,1700.3,193.8,1.0,1.0,True,high,13.4,16,70@236(p0.56);375@194(p0.20);422@194(p0.36);502@194(p0.29);633@194(p0.58);799@194(p0.49);1272@194(p0.77);1700@194(p1.00);2145@194(p0.58);2409@194(p0.87);2706@191(p0.88);3221@194(p0.65);3618@194(p0.92);4307@199(p1.00);5434@191(p1.00);7265@194(p1.00)
Taklamakan,39.25,84.5,Taklamakan_lat39p25_lon84p50,2000.0,2273.3,213.8,0.926,0.221,True,high,13.7,15,70@246(p1.00);223@181(p0.16);398@186(p0.23);447@221(p0.32);671@216(p0.15);897@239(p0.53);1008@224(p0.20);1132@214(p0.85);1604@211(p0.94);2273@214(p0.93);3835@181(p0.30);4307@199(p0.47);5127@244(p1.00);6855@109(p1.00);8648@141(p1.00)
Taklamakan,39.25,85.0,Taklamakan_lat39p25_lon85p00,2000.0,2145.0,236.2,0.863,0.116,True,high,7.3,16,70@239(p1.00);315@171(p0.33);447@186(p0.36);633@124(p0.16);1132@249(p0.95);1272@256(p0.30);1700@261(p0.72);2145@236(p0.86);2553@201(p0.32);3040@261(p0.89);3618@186(p0.79);4064@101(p0.62);5434@256(p1.00);6103@121(p1.00);6855@251(p1.00);8648@114(p1.00)
Taklamakan,39.25,85.25,Taklamakan_lat39p25_lon85p25,2000.0,2024.0,153.8,0.715,0.107,True,high,1.2,18,66@264(p1.00);315@244(p0.44);532@196(p0.34);598@194(p0.49);711@214(p0.37);951@254(p0.95);1200@229(p0.78);1514@249(p0.68);2024@154(p0.72);2409@194(p0.24);2706@174(p0.55);3040@194(p0.47);3618@241(p0.71);4064@91(p0.70);5434@256(p1.00);6103@239(p1.00);6855@251(p1.00);8648@141(p1.00)
Taklamakan,39.25,85.5,Taklamakan_lat39p25_lon85p50,2000.0,2024.0,223.8,0.333,0.112,True,high,1.2,18,78@246(p1.00);315@144(p0.26);354@141(p0.36);398@181(p0.20);502@124(p0.27);633@119(p0.30);799@241(p0.67);951@236(p0.20);1068@249(p0.30);1200@94(p0.31);1348@91(p0.21);1604@256(p0.91);2024@224(p0.33);2273@251(p0.74);3040@199(p0.56);5434@181(p1.00);6855@109(p1.00);8648@219(p1.00)
Taklamakan,39.25,86.25,Taklamakan_lat39p25_lon86p25,700.0,671.2,163.8,0.34,0.053,True,high,4.1,15,66@244(p1.00);422@151(p0.33);532@161(p0.36);671@164(p0.34);847@184(p0.60);1200@201(p0.50);1910@91(p0.82);2553@249(p0.52);3040@254(p0.86);3835@259(p1.00);4307@114(p1.00);4838@116(p1.00);5759@219(p1.00);6468@109(p1.00);8648@246(p1.00)
Taklamakan,39.25,86.5,Taklamakan_lat39p25_lon86p50,700.0,753.9,196.2,0.431,0.061,True,high,7.7,18,59@249(p0.99);265@211(p0.33);375@219(p0.21);474@206(p0.28);598@224(p0.43);754@196(p0.43);1068@189(p0.64);1428@206(p0.37);1700@246(p0.84);2273@204(p0.88);2706@181(p0.65);3414@194(p1.00);3835@249(p1.00);4307@246(p1.00);4838@116(p1.00);5759@236(p1.00);6468@251(p1.00);8648@219(p1.00)
Taklamakan,39.25,86.75,Taklamakan_lat39p25_lon86p75,1900.0,1802.0,206.2,0.44,0.005,True,high,5.2,20,41@91(p0.19);99@91(p1.00);250@184(p0.32);375@194(p0.33);422@219(p0.64);502@186(p0.24);754@204(p0.26);951@199(p0.60);1132@201(p0.69);1514@181(p0.72);1802@206(p0.44);2145@176(p0.93);2706@181(p1.00);3040@174(p1.00);3414@166(p1.00);4064@91(p1.00);4565@101(p1.00);5434@256(p1.00);6855@91(p1.00);9166@91(p1.00)
Taklamakan,39.25,87.0,Taklamakan_lat39p25_lon87p00,2000.0,2024.0,213.8,0.648,0.042,True,high,1.2,18,74@241(p0.99);265@206(p0.30);334@191(p0.33);447@201(p0.30);502@201(p0.58);671@199(p0.75);951@199(p0.20);1132@189(p0.47);1428@229(p0.79);2024@214(p0.65);2868@204(p0.39);3221@206(p0.87);3618@174(p0.96);4307@171(p1.00);4838@244(p1.00);5759@236(p1.00);6468@109(p1.00);8648@246(p1.00)
Taklamakan,39.25,87.25,Taklamakan_lat39p25_lon87p25,2000.0,2145.0,206.2,0.787,0.036,True,high,7.3,17,74@266(p1.00);265@184(p0.17);298@214(p0.23);447@199(p0.18);532@169(p0.32);598@206(p0.15);671@166(p0.51);951@221(p0.71);1132@219(p0.31);1802@204(p0.47);2145@206(p0.79);3040@166(p0.35);3414@166(p1.00);3835@259(p1.00);4565@259(p1.00);5434@256(p1.00);6468@251(p1.00)
Taklamakan,39.25,87.5,Taklamakan_lat39p25_lon87p50,1700.0,1700.3,213.8,0.709,0.428,True,high,0.0,16,62@246(p0.62);157@239(p0.20);210@231(p0.15);250@234(p0.22);633@231(p0.52);1132@236(p0.94);1700@214(p0.71);2145@226(p0.56);2553@226(p0.90);2868@229(p0.86);3618@211(p1.00);4307@219(p1.00);5127@226(p1.00);5759@219(p1.00);7265@229(p1.00);8648@219(p1.00)
Taklamakan,39.25,91.0,Taklamakan_lat39p25_lon91p00,1800.0,1909.8,138.8,0.67,0.069,True,high,6.1,16,111@259(p1.00);354@234(p0.25);422@164(p0.30);532@244(p0.44);1008@141(p0.69);1348@136(p0.33);1514@146(p0.76);1910@139(p0.67);2706@181(p0.47);3221@174(p0.78);3835@211(p0.28);4307@164(p0.91);5127@159(p1.00);6103@121(p1.00);6855@109(p1.00);8648@219(p1.00)
Taklamakan,39.25,91.25,Taklamakan_lat39p25_lon91p25,3200.0,2868.0,96.2,0.899,0.931,True,high,10.4,17,88@96(p0.83);281@224(p0.33);375@101(p0.45);502@266(p0.22);633@104(p0.75);754@99(p0.15);951@249(p0.34);1132@101(p0.63);1604@94(p0.55);2145@101(p0.82);2553@96(p1.00);2868@96(p0.90);4064@101(p1.00);4565@101(p1.00);5434@104(p1.00);6855@109(p1.00);9166@91(p1.00)
Taklamakan,39.5,78.75,Taklamakan_lat39p50_lon78p75,200.0,124.5,178.8,0.653,0.402,False,low,37.7,17,125@179(p0.65);334@181(p0.24);422@181(p0.38);474@91(p0.27);711@181(p0.47);799@181(p0.67);951@181(p0.47);1200@181(p1.00);1604@181(p0.81);2024@181(p0.81);2273@181(p1.00);2706@181(p1.00);3221@181(p1.00);3618@181(p1.00);4307@189(p1.00);5434@181(p1.00);7265@166(p1.00)
Taklamakan,39.5,79.25,Taklamakan_lat39p50_lon79p25,100.0,117.5,126.2,1.0,1.0,True,high,17.5,16,117@126(p1.00);398@191(p0.16);532@174(p0.41);754@166(p0.61);897@166(p0.38);1200@241(p0.40);1514@236(p0.50);1700@204(p0.31);2024@221(p0.41);2706@221(p0.18);3040@199(p0.36);3414@219(p0.97);4565@259(p0.80);5434@104(p1.00);6855@251(p1.00);8648@246(p1.00)
Taklamakan,39.5,79.5,Taklamakan_lat39p50_lon79p50,1000.0,951.1,91.2,0.162,0.009,True,high,4.9,17,117@254(p1.00);334@266(p0.18);474@226(p0.28);532@264(p0.35);754@261(p0.27);847@146(p0.47);951@91(p0.16);1200@266(p0.81);1514@111(p0.20);1700@169(p0.22);2145@219(p0.65);2553@234(p1.00);2868@204(p0.34);3414@201(p1.00);4064@206(p1.00);4565@101(p1.00);5434@181(p1.00)
Taklamakan,39.5,80.0,Taklamakan_lat39p50_lon80p00,700.0,711.4,106.2,0.269,0.065,True,high,1.6,19,70@269(p1.00);315@239(p0.36);447@91(p0.45);532@91(p0.37);633@91(p0.92);711@106(p0.27);897@91(p0.78);1200@94(p0.16);1514@261(p0.38);1802@149(p0.64);2273@109(p0.94);2553@96(p1.00);3040@186(p0.64);3414@109(p1.00);3835@224(p1.00);4565@231(p1.00);5759@219(p1.00);6855@166(p1.00);9166@91(p1.00)
Taklamakan,39.5,80.25,Taklamakan_lat39p50_lon80p25,100.0,78.2,101.2,1.0,1.0,True,high,21.8,20,78@101(p1.00);236@101(p0.16);315@249(p0.26);354@246(p0.27);398@91(p0.29);447@219(p0.16);532@221(p0.35);754@191(p0.38);951@191(p0.58);1132@191(p0.71);1348@186(p0.20);1910@196(p0.50);2553@201(p1.00);2868@219(p0.47);3414@219(p1.00);3835@224(p1.00);4565@101(p1.00);5434@191(p1.00);6855@194(p1.00);9166@91(p1.00)
Taklamakan,39.5,80.5,Taklamakan_lat39p50_lon80p50,100.0,69.7,98.8,1.0,1.0,False,low,30.3,19,70@99(p1.00);223@99(p0.18);375@106(p0.24);422@261(p0.24);502@249(p0.35);564@96(p0.38);633@241(p0.38);799@191(p0.53);1008@196(p0.75);1428@191(p0.39);2273@214(p0.55);2553@201(p0.49);3040@214(p1.00);3414@194(p1.00);4064@196(p1.00);4565@259(p1.00);5434@191(p1.00);6855@194(p1.00);9166@91(p1.00)
Taklamakan,39.5,80.75,Taklamakan_lat39p50_lon80p75,100.0,73.8,251.2,1.0,1.0,False,low,26.2,17,74@251(p1.00);250@211(p0.22);502@91(p0.53);633@191(p0.39);754@201(p0.71);897@204(p0.37);1132@209(p0.31);1428@186(p0.80);2273@211(p0.71);2553@214(p1.00);3040@214(p1.00);3414@201(p1.00);3835@156(p1.00);4565@149(p1.00);5434@169(p1.00);6855@194(p1.00);9166@91(p1.00)
Taklamakan,39.5,81.25,Taklamakan_lat39p50_lon81p25,500.0,375.5,243.8,0.202,0.008,True,high,24.9,17,41@94(p1.00);375@244(p0.20);633@199(p0.38);711@199(p0.50);951@191(p0.19);1068@256(p0.66);1200@186(p0.18);1348@116(p0.66);1700@201(p0.32);2706@209(p0.95);3040@99(p1.00);3414@219(p0.75);4064@91(p1.00);4565@211(p1.00);5434@104(p1.00);6468@206(p1.00);9166@91(p1.00)
Taklamakan,39.5,81.5,Taklamakan_lat39p50_lon81p50,500.0,563.9,211.2,0.418,0.006,True,high,12.8,19,41@99(p1.00);334@114(p0.23);564@211(p0.42);633@94(p0.71);847@204(p0.48);1008@196(p0.27);1132@119(p0.20);1272@194(p0.27);1428@199(p0.17);1700@174(p0.32);2409@109(p0.79);2706@104(p0.54);3040@186(p0.19);3414@219(p1.00);3835@101(p1.00);4565@101(p1.00);5434@104(p1.00);6468@251(p1.00);8648@219(p1.00)
Taklamakan,39.5,81.75,Taklamakan_lat39p50_lon81p75,500.0,502.0,186.2,0.401,0.032,True,high,0.4,15,35@231(p0.36);334@189(p0.29);422@186(p0.18);502@186(p0.40);633@184(p0.19);754@189(p0.40);1348@176(p0.76);2409@189(p0.67);2868@219(p0.17);3414@201(p1.00);4307@189(p1.00);5127@201(p1.00);5759@219(p1.00);7265@181(p1.00);8648@114(p1.00)
Taklamakan,39.5,83.75,Taklamakan_lat39p50_lon83p75,1600.0,1347.7,213.8,0.734,0.656,True,high,15.8,15,62@241(p0.92);236@216(p0.17);398@226(p0.18);447@221(p0.23);633@219(p0.28);897@216(p0.56);1348@214(p0.73);1910@209(p0.99);2868@219(p0.63);3414@201(p0.38);4307@219(p0.74);4838@211(p1.00);5759@91(p1.00);6468@209(p1.00);8648@114(p1.00)
Taklamakan,39.5,84.0,Taklamakan_lat39p50_lon84p00,2100.0,2553.4,206.2,0.993,0.711,True,high,21.6,19,66@241(p0.71);223@209(p0.23);334@209(p0.37);422@209(p0.17);474@209(p0.23);532@209(p0.18);633@209(p0.33);799@209(p0.41);951@219(p0.43);1272@216(p0.99);1514@216(p0.38);2553@206(p0.99);2868@209(p0.77);3618@219(p0.87);4307@171(p0.30);4838@211(p1.00);5759@141(p1.00);6468@209(p1.00);8648@141(p1.00)
Taklamakan,39.5,84.25,Taklamakan_lat39p50_lon84p25,1700.0,1513.8,216.2,0.959,1.0,True,high,11.0,18,59@244(p0.73);236@231(p0.21);375@209(p0.19);447@219(p0.35);532@214(p0.41);598@214(p0.27);799@216(p0.46);897@219(p0.25);1272@221(p0.39);1514@216(p0.96);1910@221(p0.62);3221@194(p0.33);3835@181(p1.00);4307@219(p0.46);4838@211(p1.00);5759@181(p1.00);7265@194(p1.00);8648@114(p1.00)
Taklamakan,39.5,85.0,Taklamakan_lat39p50_lon85p00,1500.0,1347.7,101.2,1.0,1.0,True,high,10.2,21,41@244(p0.96);281@226(p0.18);315@224(p0.19);354@179(p0.29);502@219(p0.16);671@129(p0.37);799@91(p0.33);951@91(p0.42);1132@104(p0.58);1348@101(p1.00);1700@104(p0.48);2145@211(p0.21);2553@206(p0.76);2868@204(p0.85);3221@91(p1.00);3618@91(p0.77);4064@236(p1.00);4838@211(p1.00);5759@219(p1.00);7265@229(p1.00);9166@91(p1.00)
Taklamakan,39.5,85.5,Taklamakan_lat39p50_lon85p50,1600.0,1700.3,226.2,0.647,0.482,True,high,6.3,16,59@244(p0.96);236@236(p0.20);281@214(p0.27);564@181(p0.48);711@234(p0.21);1068@94(p0.20);1272@256(p1.00);1700@226(p0.65);2024@254(p0.47);2273@251(p0.53);3040@229(p0.62);4064@236(p0.48);5127@201(p1.00);5759@124(p0.38);6855@109(p1.00);8648@219(p1.00)
Taklamakan,39.5,85.75,Taklamakan_lat39p50_lon85p75,2200.0,2145.0,228.8,0.769,0.308,True,high,2.5,19,78@239(p0.95);281@209(p0.41);375@226(p0.28);447@216(p0.30);532@194(p0.36);633@254(p0.32);799@101(p0.64);1008@114(p0.27);1200@96(p1.00);1514@266(p0.71);2145@229(p0.77);2553@104(p1.00);3040@199(p0.98);3414@109(p1.00);4064@154(p1.00);4565@259(p1.00);5759@91(p1.00);6855@251(p1.00);9166@91(p1.00)
Taklamakan,39.5,86.25,Taklamakan_lat39p50_lon86p25,2600.0,2553.4,213.8,0.911,0.034,True,high,1.8,17,70@251(p1.00);265@171(p0.23);354@181(p0.17);447@176(p0.24);564@236(p0.54);711@234(p0.58);799@226(p0.26);1068@234(p0.75);1802@214(p0.36);2553@214(p0.91);3221@206(p0.70);3835@236(p1.00);4307@246(p1.00);4838@244(p1.00);5759@219(p1.00);6468@251(p1.00);8648@246(p1.00)
Taklamakan,39.5,86.5,Taklamakan_lat39p50_lon86p50,2600.0,2273.3,198.8,0.646,0.023,True,high,12.6,17,88@261(p1.00);334@194(p0.23);447@211(p0.32);532@169(p0.37);1008@204(p0.79);1200@201(p0.45);1348@209(p0.20);1604@216(p0.49);1802@186(p0.34);2273@199(p0.65);3221@206(p0.85);3835@204(p1.00);4307@246(p0.75);4838@244(p1.00);5434@256(p1.00);6468@251(p1.00);8648@246(p1.00)
Taklamakan,39.5,86.75,Taklamakan_lat39p50_lon86p75,2600.0,2868.0,226.2,0.752,0.018,True,high,10.3,17,70@241(p0.99);250@231(p0.32);315@231(p0.42);474@199(p0.22);598@194(p0.43);754@184(p0.41);897@219(p0.58);1604@216(p0.50);2145@206(p0.50);2868@226(p0.75);3221@206(p1.00);3835@204(p1.00);4307@189(p1.00);4838@116(p1.00);5759@236(p1.00);6468@251(p1.00);8648@246(p1.00)
Taklamakan,39.5,87.0,Taklamakan_lat39p50_lon87p00,2300.0,1909.8,163.8,0.616,0.599,True,high,17.0,18,41@256(p0.81);250@164(p0.23);281@164(p0.18);334@166(p0.29);375@164(p0.18);422@166(p0.24);474@164(p0.43);564@166(p1.00);633@164(p0.39);847@186(p0.59);1068@159(p0.38);1604@206(p0.84);1910@164(p0.62);3040@166(p0.91);3414@159(p0.82);4307@181(p0.57);5127@134(p1.00);6855@166(p1.00)
Taklamakan,39.5,87.25,Taklamakan_lat39p50_lon87p25,1900.0,1909.8,183.8,0.814,0.907,True,high,0.5,17,70@249(p0.73);447@189(p0.43);502@191(p0.22);564@181(p0.52);633@191(p0.67);754@176(p0.33);951@189(p1.00);1514@214(p0.59);1910@184(p0.81);2145@184(p1.00);2409@184(p1.00);2706@186(p1.00);3040@186(p1.00);3618@186(p1.00);4307@171(p1.00);5434@181(p1.00);7265@181(p1.00)
Taklamakan,39.5,87.5,Taklamakan_lat39p50_lon87p50,2100.0,2273.3,193.8,0.304,0.358,True,high,8.3,18,66@249(p0.78);250@184(p0.26);281@186(p0.17);398@194(p0.26);564@191(p0.23);671@199(p0.37);799@194(p0.69);951@189(p0.31);1068@196(p0.28);1428@201(p1.00);1910@196(p0.29);2273@194(p0.30);2706@191(p0.77);3040@194(p0.93);3414@201(p0.50);4064@196(p0.61);5127@201(p1.00);6855@91(p1.00)
Taklamakan,39.5,87.75,Taklamakan_lat39p50_lon87p75,2300.0,2145.0,188.8,0.44,0.929,True,high,6.7,13,265@196(p0.31);447@186(p0.50);711@176(p0.62);951@169(p0.36);1200@144(p0.36);1910@191(p1.00);2145@189(p0.44);2706@151(p0.50);3040@214(p0.83);3414@159(p1.00);4064@164(p1.00);5434@169(p1.00);7265@131(p1.00)
Taklamakan,39.5,88.0,Taklamakan_lat39p50_lon88p00,2600.0,2553.4,213.8,0.662,0.204,True,high,1.8,20,125@91(p0.19);166@249(p0.18);236@221(p0.37);281@229(p0.28);334@181(p0.25);398@209(p0.51);564@244(p0.40);671@181(p0.39);847@244(p0.28);1272@249(p0.33);1428@246(p1.00);2273@214(p0.22);2553@214(p0.66);3414@241(p0.93);3835@236(p1.00);4307@246(p1.00);5127@201(p1.00);5759@236(p1.00);6855@194(p1.00);8648@246(p1.00)
Taklamakan,39.5,92.25,Taklamakan_lat39p50_lon92p25,400.0,354.3,213.8,0.534,0.303,True,high,11.4,19,88@259(p1.00);198@104(p0.28);236@256(p0.22);298@256(p0.31);354@214(p0.53);564@256(p0.46);711@264(p0.77);847@116(p0.34);1132@94(p0.55);1348@101(p0.27);1514@241(p0.33);1910@111(p0.16);2273@101(p0.53);2706@241(p0.81);3040@214(p1.00);3414@219(p1.00);3835@259(p1.00);4565@259(p1.00);5434@256(p1.00)
Taklamakan,39.75,86.25,Taklamakan_lat39p75_lon86p25,3100.0,3039.6,91.2,0.823,0.457,True,high,1.9,19,99@91(p0.19);111@91(p0.31);157@91(p0.18);223@91(p0.25);447@91(p0.20);633@91(p0.24);754@91(p0.61);1008@91(p0.43);1132@91(p0.49);1514@91(p1.00);2273@91(p1.00);2553@91(p1.00);3040@91(p0.82);3414@91(p1.00);4064@91(p1.00);4565@91(p1.00);5434@91(p1.00);6855@91(p1.00);9166@91(p1.00)
Taklamakan,39.75,86.5,Taklamakan_lat39p75_lon86p50,3300.0,3414.0,91.2,1.0,0.315,True,high,3.5,19,41@91(p0.19);105@91(p0.26);298@91(p0.24);502@91(p0.43);633@91(p0.23);754@91(p0.52);847@91(p0.16);1008@91(p0.44);1132@91(p0.48);1428@91(p1.00);2145@91(p0.83);2553@91(p1.00);3040@91(p0.77);3414@91(p1.00);4064@91(p1.00);4565@91(p1.00);5434@91(p1.00);6855@91(p1.00);9166@91(p1.00)
Taklamakan,39.75,86.75,Taklamakan_lat39p75_lon86p75,2800.0,3039.6,91.2,1.0,0.377,True,high,8.6,20,78@91(p0.21);265@91(p0.18);375@91(p0.29);447@91(p0.25);532@91(p0.25);633@91(p0.29);711@91(p0.46);847@91(p0.27);1008@91(p0.36);1132@91(p0.42);1428@91(p1.00);2273@91(p1.00);2553@91(p1.00);3040@91(p1.00);3414@91(p1.00);4064@91(p1.00);4565@91(p1.00);5434@91(p1.00);6855@91(p1.00);9166@91(p1.00)
Taklamakan,39.75,87.25,Taklamakan_lat39p75_lon87p25,2200.0,2024.0,211.2,0.454,0.703,True,high,8.0,16,70@246(p0.88);315@204(p0.56);398@204(p0.24);447@209(p0.40);502@204(p0.25);598@209(p0.71);847@211(p0.76);1348@206(p0.25);1604@204(p1.00);2024@211(p0.45);2868@204(p0.82);3221@206(p0.79);3835@101(p0.43);4565@91(p1.00);5127@201(p1.00);6468@109(p1.00)
Taklamakan,39.75,87.5,Taklamakan_lat39p75_lon87p50,1700.0,1428.4,201.2,0.754,0.253,True,high,16.0,15,70@244(p1.00);354@194(p0.19);671@206(p0.44);847@181(p0.65);1132@91(p0.78);1428@201(p0.75);2024@91(p0.83);2553@214(p0.98);3040@91(p1.00);3414@91(p1.00);4064@91(p1.00);4565@259(p1.00);5434@91(p1.00);6855@91(p1.00);9166@91(p1.00)
Taklamakan,39.75,87.75,Taklamakan_lat39p75_lon87p75,1700.0,1700.3,193.8,0.303,0.203,True,high,0.0,19,83@254(p0.23);117@91(p1.00);198@129(p0.18);265@91(p0.27);398@181(p0.35);754@191(p0.61);951@219(p0.54);1132@186(p0.21);1514@204(p0.78);1700@194(p0.30);2024@91(p0.96);2273@91(p0.98);3040@91(p1.00);3414@91(p1.00);4064@91(p1.00);4565@91(p1.00);5434@91(p1.00);6855@91(p1.00);9166@91(p1.00)
Taklamakan,39.75,88.0,Taklamakan_lat39p75_lon88p00,2200.0,2145.0,206.2,0.986,0.708,True,high,2.5,17,111@261(p0.21);223@171(p0.31);315@171(p0.35);398@179(p0.29);502@186(p0.22);711@181(p1.00);1008@174(p0.41);1428@169(p0.61);1802@169(p0.56);2145@206(p0.99);2409@211(p1.00);2706@181(p1.00);3040@181(p1.00);3618@181(p1.00);4307@181(p1.00);5434@181(p1.00);7265@181(p1.00)
Taklamakan,39.75,88.75,Taklamakan_lat39p75_lon88p75,100.0,49.2,248.8,0.982,1.0,False,low,50.8,15,49@249(p0.98);474@239(p0.48);897@204(p0.43);1068@91(p0.40);1348@209(p0.49);1514@206(p0.51);2024@206(p0.54);2273@204(p0.83);3221@91(p0.94);3618@194(p0.25);4307@196(p0.24);5127@201(p1.00);6103@236(p1.00);6855@91(p1.00);8648@114(p1.00)
Taklamakan,39.75,89.0,Taklamakan_lat39p75_lon89p00,100.0,46.4,241.2,0.974,1.0,False,low,53.6,17,46@241(p0.97);250@241(p0.24);532@246(p0.23);633@196(p0.15);711@251(p0.39);799@236(p0.54);897@91(p0.23);1068@189(p0.36);1348@236(p0.35);1802@139(p0.30);2868@264(p0.33);3221@244(p0.96);4565@231(p0.95);5127@226(p1.00);6103@236(p1.00);6855@251(p1.00);8648@246(p1.00)
Taklamakan,39.75,89.25,Taklamakan_lat39p75_lon89p25,100.0,69.7,251.2,0.889,1.0,False,low,30.3,21,70@251(p0.89);187@236(p0.24);281@236(p0.31);398@259(p0.38);502@234(p0.15);711@234(p0.29);897@236(p0.38);1132@226(p0.57);1272@231(p0.67);1514@241(p0.57);1700@246(p0.49);2024@236(p0.23);2553@244(p0.50);3221@234(p0.97);3618@241(p1.00);4064@236(p1.00);4565@259(p0.57);5127@244(p1.00);6103@236(p1.00);7265@91(p1.00);8648@246(p1.00)
Taklamakan,39.75,93.75,Taklamakan_lat39p75_lon93p75,100.0,82.9,228.8,0.301,0.293,True,high,17.1,22,83@229(p0.30);187@144(p0.38);236@136(p0.20);281@144(p0.27);354@99(p0.65);422@99(p0.40);532@91(p0.65);754@171(p0.34);1008@141(p1.00);1132@141(p0.41);1348@116(p0.60);1700@91(p0.68);1910@156(p0.60);2145@91(p0.99);2553@91(p0.71);3040@91(p1.00);3414@91(p1.00);3835@124(p1.00);4565@91(p1.00);5434@91(p1.00);6855@194(p1.00);9166@91(p1.00)
Taklamakan,39.75,94.0,Taklamakan_lat39p75_lon94p00,200.0,222.6,96.2,0.281,0.753,True,high,11.3,24,99@99(p0.77);176@259(p0.19);223@96(p0.28);265@101(p0.28);315@236(p0.27);398@91(p0.38);447@91(p0.21);532@91(p0.20);671@91(p0.54);897@91(p0.24);1008@91(p1.00);1200@91(p0.60);1348@241(p0.31);1514@91(p0.46);1700@91(p0.37);2145@91(p0.96);2553@91(p0.78);2868@91(p1.00);3414@91(p1.00);4064@91(p1.00);4565@259(p1.00);5759@91(p1.00);6855@91(p1.00);9166@91(p1.00)
Taklamakan,40.0,80.25,Taklamakan_lat40p00_lon80p25,60.0,62.0,111.2,1.0,1.0,True,high,3.4,16,62@111(p1.00);298@236(p0.29);398@229(p0.30);532@189(p0.20);598@109(p0.58);1008@96(p0.76);1348@171(p0.25);1604@204(p0.16);2273@199(p0.94);3040@254(p0.47);3414@261(p1.00);4064@196(p1.00);4565@259(p1.00);5434@169(p1.00);6468@109(p1.00);9166@91(p1.00)
Taklamakan,40.0,80.5,Taklamakan_lat40p00_lon80p50,100.0,82.9,96.2,1.0,1.0,True,high,17.1,17,83@96(p1.00);375@156(p0.20);447@191(p0.41);598@181(p0.34);799@174(p0.63);1008@94(p0.87);1428@236(p0.51);1700@224(p0.42);2024@214(p0.70);2553@264(p0.71);3040@261(p0.80);3414@261(p1.00);4064@91(p1.00);4565@101(p1.00);5434@104(p1.00);6855@91(p1.00);9166@91(p1.00)
Taklamakan,40.0,80.75,Taklamakan_lat40p00_lon80p75,100.0,124.5,93.8,1.0,1.0,True,high,24.5,20,125@94(p1.00);236@164(p0.16);281@171(p0.19);354@184(p0.47);398@186(p0.20);564@124(p0.63);711@161(p0.30);897@154(p0.25);1200@176(p0.31);1428@169(p0.91);1700@199(p0.74);2273@146(p0.57);2706@169(p1.00);3040@174(p1.00);3414@141(p1.00);3835@136(p1.00);4565@211(p1.00);5434@181(p1.00);6855@131(p1.00);9166@91(p1.00)
Taklamakan,40.0,81.25,Taklamakan_lat40p00_lon81p25,100.0,65.7,98.8,1.0,1.0,False,low,34.3,18,66@99(p1.00);236@209(p0.33);354@254(p0.35);447@196(p0.21);633@191(p0.29);711@194(p0.18);847@194(p0.22);1200@199(p0.63);1802@139(p0.55);2273@139(p0.94);2553@111(p1.00);3040@186(p1.00);3414@119(p1.00);4064@164(p1.00);4565@211(p1.00);5434@181(p1.00);6855@166(p1.00);9166@91(p1.00)
Taklamakan,40.0,81.5,Taklamakan_lat40p00_lon81p50,100.0,41.3,91.2,1.0,1.0,False,low,58.7,20,41@91(p1.00);265@201(p0.16);298@211(p0.16);502@196(p0.19);598@204(p0.27);711@199(p0.54);847@196(p0.33);951@189(p0.78);1132@181(p0.31);1348@161(p0.82);1604@116(p0.42);2273@214(p0.85);2553@196(p1.00);3040@191(p0.94);3414@194(p1.00);4064@196(p1.00);4565@211(p1.00);5434@191(p1.00);6855@194(p1.00);9166@91(p1.00)
Taklamakan,40.0,81.75,Taklamakan_lat40p00_lon81p75,100.0,43.8,91.2,1.0,1.0,False,low,56.2,18,44@91(p1.00);315@234(p0.26);375@259(p0.40);532@216(p0.47);754@196(p0.39);897@194(p0.35);1008@94(p0.83);1272@204(p0.22);1604@204(p0.81);1910@204(p0.57);2145@204(p0.24);2706@96(p0.89);3414@201(p1.00);4064@196(p1.00);4565@211(p1.00);5434@191(p1.00);6855@91(p1.00);9166@91(p1.00)
Taklamakan,40.0,84.25,Taklamakan_lat40p00_lon84p25,2000.0,1909.8,198.8,0.397,0.109,True,high,4.5,14,62@256(p0.59);354@206(p0.52);474@216(p0.35);847@201(p0.57);1068@216(p0.36);1200@211(p0.48);1428@214(p1.00);1910@199(p0.40);2145@211(p0.80);2706@221(p0.37);3414@201(p0.90);4064@206(p1.00);5127@201(p1.00);6468@209(p1.00)
Taklamakan,40.0,84.5,Taklamakan_lat40p00_lon84p50,2300.0,2409.3,221.2,0.424,0.206,True,high,4.8,18,62@239(p0.85);422@196(p0.48);474@194(p0.34);564@214(p0.56);671@201(p0.41);847@194(p0.38);951@216(p0.19);1068@201(p0.29);1272@216(p0.45);1604@194(p1.00);1910@196(p0.43);2145@201(p0.75);2409@221(p0.42);2706@214(p0.44);3414@201(p0.95);4307@219(p1.00);5434@191(p1.00);7265@194(p1.00)
Taklamakan,40.0,85.0,Taklamakan_lat40p00_lon85p00,2200.0,2024.0,221.2,0.764,0.806,True,high,8.0,17,59@251(p0.71);375@214(p0.16);474@211(p0.27);564@214(p0.34);633@214(p0.55);754@219(p0.31);1272@211(p0.95);1700@211(p0.16);2024@221(p0.76);2409@221(p0.19);3040@199(p0.77);3835@211(p0.70);4307@171(p1.00);4838@211(p1.00);5759@91(p1.00);7265@91(p1.00);8648@114(p1.00)
Taklamakan,40.0,85.25,Taklamakan_lat40p00_lon85p25,2200.0,2024.0,221.2,0.229,0.584,True,high,8.0,17,66@94(p0.72);375@214(p0.19);447@214(p0.34);564@216(p0.52);633@209(p0.22);711@219(p0.30);847@209(p0.41);951@201(p0.17);1272@214(p0.96);2024@221(p0.23);2409@221(p0.67);3618@194(p0.47);4307@196(p0.84);4838@211(p1.00);5759@141(p1.00);7265@166(p1.00);8648@114(p1.00)
Taklamakan,40.0,85.5,Taklamakan_lat40p00_lon85p50,1900.0,1700.3,211.2,0.929,0.65,True,high,10.5,19,62@91(p0.74);223@186(p0.15);398@194(p0.22);474@184(p0.16);564@221(p0.33);711@184(p0.45);897@206(p0.41);1200@194(p0.58);1428@211(p0.43);1700@211(p0.93);2145@229(p0.77);2706@209(p0.65);3040@214(p0.42);3414@201(p0.20);4307@246(p1.00);5127@244(p1.00);5759@91(p1.00);7265@229(p1.00);8648@114(p1.00)
Taklamakan,40.0,86.0,Taklamakan_lat40p00_lon86p00,1700.0,1513.8,196.2,1.0,1.0,True,high,11.0,13,66@241(p0.82);447@201(p0.45);532@191(p0.65);598@201(p0.38);799@196(p0.74);1008@209(p0.36);1514@196(p1.00);2024@211(p0.19);2273@194(p0.76);2868@204(p0.49);3414@201(p0.87);5434@256(p1.00);6468@206(p1.00)
Taklamakan,40.0,86.25,Taklamakan_lat40p00_lon86p25,1700.0,1700.3,223.8,0.88,1.0,True,high,0.0,21,62@229(p0.83);223@254(p0.26);334@174(p0.20);398@186(p0.21);532@211(p0.20);598@221(p0.17);671@221(p0.25);754@216(p0.59);951@211(p0.31);1272@226(p0.71);1428@216(p0.48);1700@224(p0.88);2273@214(p0.73);2553@214(p0.36);3221@206(p0.40);3835@204(p0.93);4307@189(p1.00);5127@201(p1.00);5759@124(p1.00);6855@229(p1.00);8648@246(p1.00)
Taklamakan,40.0,86.5,Taklamakan_lat40p00_lon86p50,1900.0,1909.8,203.8,0.832,0.439,True,high,0.5,13,66@234(p0.93);474@174(p0.19);754@211(p0.53);1068@206(p0.39);1514@206(p0.87);1910@204(p0.83);2145@206(p0.28);2868@219(p0.79);3835@156(p0.97);4307@141(p1.00);5759@236(p1.00);6468@251(p1.00);8648@219(p1.00)
Taklamakan,40.0,86.75,Taklamakan_lat40p00_lon86p75,2400.0,2409.3,181.2,0.749,0.128,True,high,0.4,17,78@261(p0.87);375@194(p0.35);447@196(p0.17);598@191(p0.22);671@196(p0.40);847@199(p0.53);1068@194(p0.46);1604@191(p1.00);1802@191(p0.71);2145@181(p0.48);2409@181(p0.75);2706@191(p0.88);3040@191(p0.51);3414@201(p1.00);4307@114(p1.00);5434@181(p1.00);6855@194(p1.00)
Taklamakan,40.0,87.0,Taklamakan_lat40p00_lon87p00,2400.0,2868.0,198.8,0.991,0.26,True,high,19.5,15,83@249(p0.86);334@196(p0.16);447@196(p0.22);502@196(p0.59);598@194(p0.24);799@181(p0.40);951@181(p0.20);1348@194(p0.64);1604@206(p0.30);1802@191(p1.00);2868@199(p0.99);3414@166(p0.22);4064@196(p0.66);5127@191(p1.00);6468@206(p1.00)
Taklamakan,40.0,88.0,Taklamakan_lat40p00_lon88p00,2000.0,2409.3,103.8,0.344,0.269,True,high,20.5,16,41@244(p0.15);83@236(p1.00);474@104(p0.24);633@104(p0.32);951@104(p0.17);1068@104(p0.31);1200@106(p0.75);2409@104(p0.34);2706@104(p0.75);3040@106(p0.91);3414@99(p1.00);3835@101(p1.00);4565@101(p1.00);5434@104(p1.00);6855@109(p1.00);8648@114(p1.00)
Taklamakan,40.0,88.75,Taklamakan_lat40p00_lon88p75,600.0,563.9,171.2,0.209,0.131,True,high,6.0,19,52@246(p0.90);187@99(p0.17);223@99(p0.17);250@186(p0.15);422@196(p0.42);564@171(p0.21);754@104(p0.57);1200@164(p0.78);1514@146(p0.70);1910@149(p0.44);2273@134(p0.38);3040@146(p0.23);3618@181(p1.00);4064@154(p1.00);4565@91(p0.93);5127@201(p1.00);5759@91(p1.00);7265@181(p1.00);8648@246(p1.00)
Taklamakan,40.0,89.0,Taklamakan_lat40p00_lon89p00,800.0,799.0,181.2,0.246,0.147,True,high,0.1,20,55@236(p0.89);281@106(p0.17);334@136(p0.31);375@246(p0.17);447@246(p0.37);598@201(p0.34);711@149(p0.53);799@181(p0.25);1008@251(p0.62);1428@184(p0.23);1700@174(p0.77);2145@196(p0.43);2553@134(p0.60);3040@166(p0.84);3618@181(p1.00);4565@101(p1.00);5127@134(p1.00);6103@124(p1.00);7265@131(p1.00);8648@246(p1.00)
Taklamakan,40.25,81.25,Taklamakan_lat40p25_lon81p25,100.0,69.7,258.8,1.0,1.0,False,low,30.3,12,70@259(p1.00);398@256(p0.30);799@189(p0.27);1008@189(p0.72);1700@161(p0.64);2024@164(p0.86);2553@169(p0.65);3221@234(p1.00);3835@236(p1.00);4565@209(p1.00);5434@181(p1.00);6468@109(p1.00)
Taklamakan,40.25,81.5,Taklamakan_lat40p25_lon81p50,100.0,69.7,91.2,1.0,1.0,False,low,30.3,20,70@91(p1.00);398@91(p0.33);447@91(p0.42);532@189(p0.19);633@191(p0.33);754@191(p0.53);847@191(p0.34);1008@196(p0.86);1132@179(p0.55);1272@234(p0.45);1802@149(p0.90);2273@146(p0.78);2553@201(p1.00);3040@214(p0.67);3414@219(p1.00);3835@204(p1.00);4565@259(p1.00);5434@256(p1.00);6855@166(p1.00);9166@91(p1.00)
Taklamakan,40.25,81.75,Taklamakan_lat40p25_lon81p75,100.0,58.5,93.8,1.0,1.0,False,low,41.5,18,59@94(p1.00);354@201(p0.36);532@94(p0.32);598@251(p0.50);754@196(p0.72);897@114(p0.73);1132@231(p0.76);1348@219(p0.31);1604@266(p0.88);2145@259(p0.28);2553@234(p1.00);3040@191(p0.63);3414@219(p1.00);4064@196(p1.00);4565@209(p1.00);5434@191(p1.00);6855@194(p1.00);9166@91(p1.00)
Taklamakan,40.25,82.0,Taklamakan_lat40p25_lon82p00,100.0,55.2,98.8,1.0,1.0,False,low,44.8,16,55@99(p1.00);598@266(p0.58);711@194(p0.46);897@194(p0.43);1200@184(p0.73);1514@261(p0.61);2024@106(p0.41);2409@124(p0.30);2706@119(p0.97);3040@146(p0.92);3414@119(p1.00);4064@91(p1.00);4565@211(p1.00);5759@124(p1.00);6855@109(p1.00);9166@91(p1.00)
Taklamakan,40.25,82.25,Taklamakan_lat40p25_lon82p25,100.0,41.3,266.2,0.865,0.975,False,low,58.7,17,41@266(p0.86);281@181(p0.16);398@181(p0.37);502@181(p0.25);754@181(p0.39);847@181(p0.39);1008@181(p1.00);1514@181(p0.37);1802@181(p1.00);2145@181(p0.61);2409@181(p1.00);2706@181(p1.00);3040@181(p1.00);3618@181(p1.00);4307@181(p1.00);5434@181(p1.00);7265@181(p1.00)
Taklamakan,40.25,82.5,Taklamakan_lat40p25_lon82p50,100.0,55.2,93.8,0.731,1.0,False,low,44.8,14,55@94(p0.73);354@216(p0.36);502@211(p0.51);633@214(p0.19);897@216(p0.27);1132@211(p0.65);1604@216(p0.98);2273@214(p0.31);3040@214(p0.86);4307@189(p1.00);5127@201(p1.00);5759@236(p1.00);7265@229(p1.00);8648@246(p1.00)
Taklamakan,40.25,84.5,Taklamakan_lat40p25_lon84p50,1700.0,1700.3,213.8,0.974,1.0,True,high,0.0,19,41@99(p0.79);354@214(p0.16);422@204(p0.28);564@221(p0.48);633@206(p0.18);754@211(p0.30);847@211(p0.81);1008@219(p0.23);1132@209(p0.45);1700@214(p0.97);2145@209(p0.50);2553@219(p0.39);2868@219(p0.20);3221@209(p0.56);3835@211(p1.00);4838@149(p1.00);5759@219(p1.00);6468@209(p1.00);8648@114(p1.00)
Taklamakan,40.25,85.0,Taklamakan_lat40p25_lon85p00,2300.0,2409.3,206.2,0.369,0.204,True,high,4.8,17,55@94(p0.88);375@214(p0.19);447@214(p0.38);502@214(p0.30);633@211(p0.43);799@211(p0.48);951@214(p0.72);1132@211(p0.51);1272@219(p0.33);1428@211(p0.97);2409@206(p0.37);2706@209(p0.87);3835@211(p1.00);4838@149(p1.00);5759@141(p1.00);6468@206(p1.00);8648@246(p1.00)
Taklamakan,40.25,85.25,Taklamakan_lat40p25_lon85p25,3100.0,3039.6,213.8,1.0,0.138,True,high,1.9,14,59@106(p0.93);422@189(p0.25);564@191(p1.00);671@191(p0.42);799@191(p0.52);1008@219(p0.43);1348@221(p0.75);1802@191(p0.90);2553@226(p0.16);3040@214(p1.00);3618@194(p1.00);4064@196(p1.00);5127@201(p1.00);6855@194(p1.00)
Taklamakan,40.25,85.5,Taklamakan_lat40p25_lon85p50,3000.0,2868.0,218.8,0.9,0.38,True,high,4.4,15,59@269(p0.92);564@209(p0.37);711@209(p0.59);799@214(p0.22);951@211(p0.78);1132@209(p0.30);1428@211(p0.97);1604@211(p0.17);2868@219(p0.90);3414@219(p0.97);4307@171(p1.00);4838@211(p1.00);5759@219(p1.00);6468@206(p1.00);8648@219(p1.00)
Taklamakan,40.25,86.0,Taklamakan_lat40p25_lon86p00,2300.0,2273.3,213.8,0.529,0.187,True,high,1.2,16,66@224(p0.85);422@214(p0.27);502@216(p0.55);598@189(p0.28);754@201(p0.48);1008@209(p0.69);1514@204(p0.97);2024@211(p0.70);2273@214(p0.53);2706@221(p0.77);3221@206(p0.27);3618@211(p0.49);4307@189(p1.00);5759@91(p1.00);6468@206(p1.00);8648@114(p1.00)
Taklamakan,40.25,86.25,Taklamakan_lat40p25_lon86p25,1600.0,1513.8,231.2,0.376,0.169,True,high,5.4,14,70@241(p0.91);166@254(p0.17);375@206(p0.22);532@214(p0.20);598@224(p0.39);799@204(p0.62);1272@201(p0.80);1514@231(p0.38);2273@214(p0.96);3835@204(p0.83);4307@141(p1.00);5759@219(p1.00);6468@109(p1.00);8648@246(p1.00)
Taklamakan,40.25,86.5,Taklamakan_lat40p25_lon86p50,2400.0,2273.3,221.2,0.769,0.361,True,high,5.3,17,78@236(p0.87);298@204(p0.16);398@199(p0.31);447@199(p0.29);671@214(p0.53);847@219(p0.28);1132@226(p0.40);1348@206(p0.96);1802@234(p0.30);2273@221(p0.77);3414@194(p0.64);3835@224(p0.39);4307@219(p1.00);5127@226(p1.00);5759@219(p1.00);6855@166(p1.00);8648@141(p1.00)
Taklamakan,40.25,86.75,Taklamakan_lat40p25_lon86p75,2400.0,2145.0,206.2,0.307,0.105,True,high,10.6,16,78@266(p0.92);474@194(p0.32);532@224(p0.36);671@184(p0.23);754@184(p0.22);951@226(p0.73);1132@171(p0.15);1272@216(p0.68);1604@206(p0.87);2145@206(p0.31);3221@206(p0.59);3618@181(p0.60);4565@259(p1.00);5759@236(p1.00);6468@251(p1.00);8648@246(p1.00)
Taklamakan,40.25,87.0,Taklamakan_lat40p25_lon87p00,2300.0,2273.3,198.8,0.704,0.117,True,high,1.2,15,78@261(p0.89);354@199(p0.19);474@206(p0.17);598@199(p0.29);671@196(p0.56);847@199(p0.50);1200@219(p0.73);1604@221(p0.91);2273@199(p0.70);2706@186(p0.86);3414@166(p0.86);4565@209(p1.00);5759@141(p1.00);6855@131(p1.00);8648@114(p1.00)
Taklamakan,40.25,87.5,Taklamakan_lat40p25_lon87p50,2100.0,1909.8,188.8,0.503,0.013,True,high,9.1,17,78@244(p1.00);315@204(p0.29);447@181(p0.60);532@189(p0.23);711@159(p0.39);847@181(p0.21);1008@264(p0.88);1604@181(p0.74);1910@189(p0.50);2409@251(p0.80);3221@206(p0.85);3835@124(p1.00);4307@189(p1.00);4838@116(p0.35);5434@181(p1.00);6468@206(p1.00);8648@141(p1.00)
Taklamakan,40.25,88.5,Taklamakan_lat40p25_lon88p50,100.0,62.0,246.2,1.0,1.0,False,low,38.0,16,62@246(p1.00);281@244(p0.41);334@226(p0.18);398@239(p0.40);564@236(p0.38);754@221(p0.16);847@244(p0.79);1348@194(p0.39);1700@246(p0.82);2553@214(p0.69);3040@186(p0.87);4307@181(p1.00);5127@226(p1.00);5759@141(p1.00);6855@194(p1.00);8648@141(p1.00)
Taklamakan,40.25,88.75,Taklamakan_lat40p25_lon88p75,50.0,58.5,238.8,0.983,1.0,True,high,17.0,19,59@239(p0.98);315@106(p0.16);398@119(p0.30);447@191(p0.24);598@231(p0.30);711@234(p0.60);897@181(p0.42);1132@149(p0.30);1514@226(p0.87);1802@241(p0.49);2273@214(p0.71);2706@231(p0.64);3040@236(p0.44);3618@194(p0.79);4565@231(p0.98);5127@244(p1.00);5759@219(p1.00);6855@251(p1.00);8648@246(p1.00)
Taklamakan,40.25,89.0,Taklamakan_lat40p25_lon89p00,800.0,799.0,196.2,0.164,0.615,True,high,0.1,17,59@236(p1.00);250@194(p0.21);375@104(p0.46);598@186(p0.76);799@196(p0.16);897@196(p0.42);1200@159(p0.60);1604@111(p0.16);2024@181(p0.26);2273@161(p0.38);2706@174(p0.39);3040@146(p0.93);3618@131(p0.55);4064@124(p1.00);5127@116(p1.00);6468@206(p1.00);7265@91(p1.00)
Taklamakan,40.25,89.25,Taklamakan_lat40p25_lon89p25,900.0,799.0,176.2,0.212,0.167,True,high,11.2,15,62@244(p0.78);447@196(p0.15);532@231(p0.68);711@206(p0.20);799@176(p0.21);1008@191(p0.34);1200@201(p0.40);1348@149(p0.74);2024@201(p0.56);3040@146(p1.00);3835@149(p1.00);4565@231(p1.00);5127@116(p1.00);6103@124(p1.00);7265@91(p1.00)
Taklamakan,40.5,82.0,Taklamakan_lat40p50_lon82p00,100.0,73.8,261.2,1.0,1.0,False,low,26.2,20,74@261(p1.00);148@96(p0.20);198@221(p0.22);281@224(p0.29);398@244(p0.61);671@219(p0.62);799@226(p0.22);897@239(p0.60);1132@96(p0.95);1428@251(p0.30);1910@224(p0.55);2145@154(p0.68);2706@209(p0.44);3040@191(p1.00);3414@201(p1.00);4064@196(p1.00);4565@259(p1.00);5759@91(p1.00);6855@194(p1.00);9166@91(p1.00)
Taklamakan,40.5,82.25,Taklamakan_lat40p50_lon82p25,100.0,41.3,223.8,0.718,0.429,False,low,58.7,16,41@224(p0.72);447@181(p0.28);502@181(p0.26);754@181(p0.47);847@181(p0.49);1008@181(p1.00);1514@181(p0.46);1910@181(p0.99);2145@181(p1.00);2409@181(p1.00);2706@181(p1.00);3040@181(p1.00);3618@181(p1.00);4307@181(p1.00);5434@181(p1.00);7265@181(p1.00)
Taklamakan,40.5,82.5,Taklamakan_lat40p50_lon82p50,100.0,58.5,268.8,1.0,1.0,False,low,41.5,14,59@269(p1.00);157@231(p0.18);671@101(p0.35);897@211(p0.34);1132@191(p0.57);1514@189(p0.73);1700@201(p0.27);2024@201(p0.49);2273@199(p0.75);2553@164(p1.00);3414@119(p1.00);4064@259(p1.00);4565@129(p1.00);5434@104(p1.00)
Taklamakan,40.5,82.75,Taklamakan_lat40p50_lon82p75,100.0,41.3,261.2,1.0,1.0,False,low,58.7,16,41@261(p1.00);223@186(p0.22);265@181(p0.16);711@184(p0.24);847@186(p0.49);1008@181(p0.81);1348@186(p0.61);1802@211(p0.71);2145@194(p0.49);2409@124(p1.00);2706@119(p0.42);3040@124(p1.00);3618@174(p1.00);4307@114(p1.00);5434@104(p1.00);7265@181(p1.00)
Taklamakan,40.5,83.0,Taklamakan_lat40p50_lon83p00,1000.0,951.1,111.2,0.42,0.046,True,high,4.9,18,37@244(p0.53);281@226(p0.30);398@94(p0.32);598@146(p0.51);754@126(p0.38);951@111(p0.42);1514@99(p0.61);2024@101(p0.19);2273@214(p0.52);2706@119(p0.82);3040@106(p0.63);3414@99(p0.46);3835@111(p0.25);4307@114(p1.00);4838@149(p1.00);5759@91(p1.00);7265@131(p1.00);8648@114(p1.00)
Taklamakan,40.5,83.5,Taklamakan_lat40p50_lon83p50,600.0,597.6,121.2,0.685,0.924,True,high,0.4,17,39@211(p0.56);176@131(p0.31);315@109(p0.19);598@121(p0.69);897@131(p0.27);1132@136(p0.54);1514@119(p0.85);1910@126(p0.27);2273@129(p0.90);3221@116(p0.72);3618@131(p1.00);4064@124(p1.00);4565@129(p0.75);5127@116(p1.00);6103@124(p1.00);7265@131(p1.00);8648@114(p1.00)
Taklamakan,40.5,83.75,Taklamakan_lat40p50_lon83p75,700.0,711.4,138.8,0.607,0.858,True,high,1.6,18,35@214(p0.45);250@129(p0.17);315@129(p0.33);354@104(p0.27);474@119(p0.73);711@139(p0.61);799@256(p0.21);1132@134(p0.73);1514@136(p0.37);2145@126(p0.89);2409@131(p0.35);3618@131(p0.99);4064@124(p0.32);4565@129(p1.00);5127@116(p1.00);5759@141(p1.00);7265@91(p1.00);8648@114(p1.00)
Taklamakan,40.5,84.0,Taklamakan_lat40p50_lon84p00,400.0,354.3,118.8,0.26,0.528,True,high,11.4,18,39@211(p0.39);148@206(p0.19);187@201(p0.17);354@119(p0.26);447@91(p0.27);532@114(p0.23);598@166(p0.67);754@116(p0.42);897@116(p0.99);2273@146(p0.17);2706@119(p0.77);3040@124(p0.39);3835@111(p0.68);4307@141(p0.89);5127@116(p1.00);6103@124(p1.00);6855@109(p1.00);8648@114(p1.00)
Taklamakan,40.5,84.25,Taklamakan_lat40p50_lon84p25,600.0,597.6,168.8,0.152,0.589,True,high,0.4,20,41@216(p0.48);281@171(p0.15);354@171(p0.39);422@171(p0.30);598@169(p0.15);671@181(p0.51);799@171(p1.00);897@171(p0.18);1008@166(p0.27);1200@109(p0.61);1514@114(p0.19);1802@124(p0.78);2024@124(p0.83);2409@131(p0.68);2706@129(p1.00);3221@116(p1.00);3618@119(p1.00);4307@114(p1.00);5434@104(p1.00);7265@91(p1.00)
Taklamakan,40.5,84.5,Taklamakan_lat40p50_lon84p50,300.0,315.4,91.2,0.213,0.252,True,high,5.1,24,41@216(p0.52);132@221(p0.24);157@211(p0.15);187@221(p0.32);315@91(p0.21);354@129(p0.15);422@131(p0.39);564@134(p0.78);633@129(p0.26);754@116(p0.50);897@119(p0.66);1068@141(p0.63);1200@186(p0.65);1428@116(p0.33);1604@134(p0.20);1910@99(p1.00);2553@264(p0.80);2868@114(p1.00);3221@116(p1.00);3618@91(p1.00);4064@154(p1.00);4838@91(p1.00);5759@91(p1.00);7265@229(p1.00)
Taklamakan,40.5,86.0,Taklamakan_lat40p50_lon86p00,1700.0,1428.4,211.2,0.857,0.487,True,high,16.0,16,55@264(p0.87);265@191(p0.16);447@191(p0.21);532@224(p0.62);799@206(p0.29);1008@229(p0.46);1272@199(p0.52);1428@211(p0.86);2553@214(p0.97);3221@206(p1.00);3618@186(p0.81);4307@189(p1.00);5127@134(p1.00);5759@91(p1.00);6855@194(p1.00);8648@114(p1.00)
Taklamakan,40.5,86.25,Taklamakan_lat40p50_lon86p25,1800.0,2145.0,223.8,0.866,0.529,True,high,19.2,16,55@246(p0.79);298@219(p0.20);711@226(p0.69);897@229(p0.43);1272@229(p0.81);1428@226(p0.77);2145@224(p0.87);2409@229(p0.97);2706@221(p0.70);3221@224(p1.00);3835@224(p0.36);4307@171(p1.00);5127@191(p1.00);5759@236(p1.00);6855@166(p1.00);8648@219(p1.00)
Taklamakan,40.5,86.5,Taklamakan_lat40p50_lon86p50,1300.0,1271.7,213.8,0.349,0.507,True,high,2.2,19,70@221(p0.85);281@211(p0.16);354@224(p0.16);422@206(p0.23);474@189(p0.23);633@221(p0.52);754@206(p0.16);1008@221(p0.57);1272@214(p0.35);1604@224(p0.94);1802@204(p0.15);2553@234(p0.69);3040@214(p0.65);3835@156(p1.00);4307@189(p1.00);5127@134(p1.00);5759@236(p1.00);6855@91(p1.00);8648@114(p1.00)
Taklamakan,40.5,86.75,Taklamakan_lat40p50_lon86p75,1300.0,1132.2,201.2,0.172,0.167,True,high,12.9,15,74@236(p0.89);236@216(p0.15);671@221(p0.63);799@196(p0.20);1008@214(p0.57);1132@201(p0.17);1514@219(p0.89);2273@221(p0.75);3221@136(p0.79);3835@136(p1.00);4307@114(p1.00);4838@119(p1.00);5759@216(p1.00);6855@166(p1.00);8648@246(p1.00)
Taklamakan,40.5,87.0,Taklamakan_lat40p50_lon87p00,1600.0,1700.3,208.8,0.84,0.222,True,high,6.3,15,88@234(p0.94);236@256(p0.18);398@214(p0.17);474@226(p0.15);564@226(p0.38);671@216(p0.21);951@226(p0.60);1272@194(p0.77);1700@209(p0.84);1910@209(p0.20);3835@204(p1.00);4307@171(p1.00);4838@241(p1.00);5759@144(p1.00);6855@194(p1.00)
Taklamakan,40.5,88.5,Taklamakan_lat40p50_lon88p50,50.0,55.2,228.8,0.414,0.609,True,high,10.4,19,55@229(p0.41);140@236(p0.17);250@226(p0.16);315@211(p0.19);398@131(p0.15);502@211(p0.35);564@211(p0.19);754@221(p0.50);897@209(p0.87);1348@141(p0.40);1802@99(p0.56);2409@176(p0.63);2706@169(p0.31);3221@206(p0.61);3618@174(p0.77);4565@129(p1.00);5759@141(p1.00);6468@154(p1.00);8648@141(p1.00)
Taklamakan,40.5,88.75,Taklamakan_lat40p50_lon88p75,60.0,73.8,233.8,0.859,1.0,True,high,23.0,15,74@234(p0.86);236@119(p0.28);474@204(p0.44);671@156(p0.25);951@114(p0.70);1132@156(p0.16);1514@176(p0.82);2145@154(p0.35);2553@126(p0.76);3040@146(p1.00);3618@149(p1.00);4565@129(p1.00);5127@134(p1.00);5759@124(p1.00);7265@181(p1.00)
Taklamakan,40.5,89.0,Taklamakan_lat40p50_lon89p00,800.0,671.2,176.2,0.706,0.683,True,high,16.1,17,41@181(p1.00);210@94(p0.28);265@126(p0.19);315@211(p0.16);474@211(p0.23);671@176(p0.71);1008@186(p0.38);1200@181(p0.73);1700@176(p0.80);2145@101(p0.29);2409@184(p1.00);2706@181(p1.00);3040@161(p1.00);3618@119(p1.00);4307@114(p1.00);5434@169(p1.00);7265@91(p1.00)
Taklamakan,40.75,87.75,Taklamakan_lat40p75_lon87p75,100.0,148.2,96.2,0.161,0.527,False,low,48.2,20,41@254(p1.00);148@96(p0.16);210@264(p0.19);298@91(p0.21);502@246(p0.43);598@181(p0.36);711@236(p0.41);1008@239(p0.59);1348@96(p0.77);1514@164(p0.44);1910@164(p1.00);2273@151(p0.44);2553@96(p1.00);3040@186(p0.71);3414@91(p1.00);4064@91(p1.00);4565@151(p1.00);5434@256(p1.00);6855@131(p1.00);9166@91(p1.00)
Taklamakan,40.75,88.0,Taklamakan_lat40p75_lon88p00,60.0,55.2,238.8,1.0,1.0,True,high,8.0,17,55@239(p1.00);315@101(p0.20);375@144(p0.25);532@124(p0.40);671@249(p0.79);754@184(p0.42);1068@114(p0.41);1428@251(p0.78);1910@156(p0.44);2409@154(p0.84);3040@146(p0.99);3835@136(p1.00);4307@171(p1.00);4838@119(p1.00);5759@124(p1.00);6468@251(p1.00);8648@144(p1.00)
Tengger,38.25,105.0,Tengger_lat38p25_lon105p00,3000.0,3221.4,251.2,0.364,0.008,True,high,7.4,18,62@216(p0.89);210@126(p0.23);447@259(p0.37);671@259(p0.51);799@256(p0.65);951@94(p0.68);1200@249(p0.44);1348@259(p0.18);1514@254(p0.59);1700@246(p0.21);2409@116(p0.59);3221@251(p0.36);3618@181(p0.77);4307@219(p1.00);4838@211(p1.00);5759@121(p1.00);7265@181(p1.00);8648@246(p1.00)
Tengger,38.5,104.75,Tengger_lat38p50_lon104p75,3000.0,3221.4,243.8,1.0,0.031,True,high,7.4,18,52@219(p0.76);298@154(p0.32);422@191(p0.30);532@266(p0.27);799@104(p0.18);951@239(p0.38);1068@141(p0.19);1200@149(p0.81);1348@96(p0.52);1604@261(p0.21);2706@169(p0.76);3221@244(p1.00);3618@194(p0.37);4307@246(p1.00);5127@201(p1.00);5759@219(p1.00);7265@229(p1.00);8648@246(p1.00)
Tengger,38.5,105.0,Tengger_lat38p50_lon105p00,3000.0,2706.2,208.8,0.881,0.235,True,high,9.8,16,70@229(p0.88);354@196(p0.39);422@224(p0.24);502@224(p0.37);633@229(p0.48);1008@219(p0.82);1428@229(p0.92);2145@251(p0.63);2409@256(p0.29);2706@209(p0.88);3835@239(p1.00);4307@234(p1.00);5127@226(p1.00);5759@141(p1.00);7265@181(p1.00);8648@246(p1.00)
Tengger,38.5,105.25,Tengger_lat38p50_lon105p25,3000.0,3221.4,108.8,1.0,0.011,True,high,7.4,16,62@236(p0.90);223@181(p0.20);502@156(p0.30);633@171(p0.32);799@224(p0.67);897@144(p0.50);1272@146(p0.88);1514@134(p0.37);2024@131(p0.81);2273@199(p0.36);2706@174(p0.62);3221@109(p1.00);4307@171(p1.00);5127@159(p1.00);5759@219(p1.00);7265@181(p1.00)
Tengger,38.5,105.5,Tengger_lat38p50_lon105p50,3000.0,2868.0,238.8,0.804,0.102,True,high,4.4,19,70@239(p0.98);236@236(p0.41);375@181(p0.52);474@154(p0.15);564@186(p0.58);754@146(p0.34);847@161(p0.50);1008@234(p0.64);1348@266(p0.32);1604@261(p0.36);2024@181(p0.88);2553@226(p0.74);2868@239(p0.80);3221@244(p1.00);3618@229(p0.45);4565@91(p1.00);5759@219(p1.00);7265@181(p1.00);8648@219(p1.00)
Tengger,38.75,104.5,Tengger_lat38p75_lon104p50,2100.0,2145.0,91.2,0.804,0.47,True,high,2.1,24,41@214(p0.83);148@91(p0.24);166@91(p0.16);198@91(p0.24);236@91(p0.15);298@91(p0.20);447@91(p0.45);633@191(p0.38);754@91(p0.19);847@91(p0.48);1008@91(p0.82);1132@91(p0.81);1272@91(p1.00);1428@91(p0.83);1700@174(p0.29);2145@91(p0.80);2553@196(p0.87);3040@214(p1.00);3414@219(p1.00);4064@91(p1.00);4565@91(p1.00);5434@91(p1.00);6855@91(p1.00);9166@91(p1.00)
Tengger,38.75,104.75,Tengger_lat38p75_lon104p75,3300.0,3221.4,233.8,1.0,0.938,True,high,2.4,18,66@224(p0.73);187@226(p0.27);281@219(p0.17);398@204(p0.30);447@219(p0.18);754@211(p0.27);897@201(p0.24);1008@206(p0.80);1700@231(p0.90);2409@131(p0.45);2868@229(p0.94);3221@234(p1.00);3618@229(p0.86);4307@234(p1.00);5127@226(p1.00);5759@219(p1.00);7265@181(p1.00);8648@246(p1.00)
Tengger,38.75,105.0,Tengger_lat38p75_lon105p00,2900.0,2409.3,228.8,0.687,0.296,True,high,16.9,19,59@239(p0.86);166@224(p0.18);198@209(p0.21);354@204(p0.36);422@199(p0.15);474@216(p0.41);711@214(p0.36);897@216(p0.58);1068@214(p0.22);1348@209(p0.45);1604@216(p0.91);2024@211(p0.55);2409@229(p0.69);3414@219(p0.73);4565@211(p1.00);5127@201(p1.00);5759@219(p1.00);6468@209(p1.00);8648@246(p1.00)
Tengger,39.0,105.25,Tengger_lat39p00_lon105p25,800.0,846.8,231.2,0.984,1.0,True,high,5.8,17,187@154(p0.24);223@151(p0.22);265@116(p0.22);375@239(p0.28);502@229(p0.71);711@231(p0.64);847@231(p0.98);951@224(p0.34);1068@209(p0.17);1272@234(p0.68);2706@104(p0.76);3221@126(p1.00);3835@206(p0.58);4307@129(p1.00);5127@134(p1.00);5759@141(p1.00);6855@131(p1.00)
Tengger,40.0,100.5,Tengger_lat40p00_lon100p50,2300.0,2145.0,101.2,0.274,0.026,True,high,6.7,17,99@231(p0.65);265@234(p0.22);354@231(p0.44);502@234(p0.94);671@226(p0.60);799@114(p0.38);1132@239(p0.75);1514@261(p0.47);1910@134(p0.24);2145@101(p0.27);2706@129(p0.29);3040@106(p1.00);3618@119(p1.00);4565@101(p1.00);5127@134(p1.00);5759@124(p1.00);7265@131(p1.00)
Tengger,40.0,100.75,Tengger_lat40p00_lon100p75,1900.0,1909.8,136.2,0.323,0.118,True,high,0.5,18,99@211(p0.90);315@236(p0.16);447@231(p0.46);711@106(p0.31);847@126(p0.32);1348@136(p0.54);1514@124(p0.28);1700@176(p0.48);1910@136(p0.32);2409@206(p0.76);3221@234(p0.78);3618@241(p0.51);4064@236(p0.96);4565@129(p0.92);5127@116(p1.00);5759@124(p1.00);7265@131(p1.00);8648@114(p1.00)
Tengger,40.0,101.0,Tengger_lat40p00_lon101p00,2800.0,2409.3,138.8,0.856,0.066,True,high,14.0,17,105@221(p0.91);375@209(p0.45);633@141(p0.18);754@134(p0.18);847@229(p0.37);1132@149(p0.30);1348@131(p0.21);1604@154(p0.31);2024@129(p0.48);2409@139(p0.86);3221@234(p0.46);3618@229(p0.85);4307@141(p1.00);5127@134(p1.00);5759@141(p1.00);7265@131(p1.00);8648@114(p1.00)
Tengger,40.0,101.25,Tengger_lat40p00_lon101p25,3200.0,3039.6,253.8,0.348,0.046,True,high,5.0,22,157@234(p0.94);210@229(p0.26);315@214(p0.29);354@249(p0.16);398@251(p0.15);447@216(p0.46);564@234(p0.25);633@119(p0.31);711@219(p0.25);897@231(p0.18);1008@136(p0.18);1132@219(p0.74);1514@216(p0.40);1910@226(p0.23);2553@234(p0.79);3040@254(p0.35);3414@251(p0.70);3835@149(p0.75);5127@244(p1.00);5759@141(p1.00);7265@131(p1.00);8648@141(p1.00)
Tengger,40.0,101.75,Tengger_lat40p00_lon101p75,2800.0,2706.2,196.2,0.473,0.114,True,high,3.4,21,93@226(p0.95);140@226(p0.15);176@234(p0.17);198@231(p0.16);236@234(p0.15);375@226(p0.21);447@214(p0.37);633@151(p0.20);897@164(p0.44);1008@201(p0.66);1348@104(p0.92);1910@134(p0.43);2145@221(p0.80);2409@236(p0.35);2706@196(p0.47);3040@229(p0.78);4064@224(p1.00);5127@134(p1.00);6103@124(p1.00);7265@91(p1.00);8648@246(p1.00)
Tengger,40.0,102.0,Tengger_lat40p00_lon102p00,2800.0,2553.4,218.8,0.557,0.036,True,high,8.8,20,99@224(p0.96);157@244(p0.17);187@226(p0.23);265@94(p0.19);334@236(p0.24);375@244(p0.27);502@226(p0.27);671@214(p0.58);1068@176(p0.20);1428@259(p0.65);1604@126(p0.21);2145@246(p0.62);2553@219(p0.56);3221@209(p1.00);3618@194(p1.00);4064@206(p1.00);4565@126(p1.00);5127@134(p1.00);6103@124(p1.00);7265@166(p1.00)
Tengger,40.0,103.0,Tengger_lat40p00_lon103p00,2000.0,1802.0,246.2,0.737,0.028,True,high,9.9,18,88@231(p0.95);236@236(p0.21);447@224(p0.36);564@241(p0.44);754@259(p0.32);897@264(p0.46);1132@239(p0.69);1348@259(p0.31);1514@251(p0.49);1802@246(p0.74);2273@264(p0.17);2706@249(p0.80);3040@261(p1.00);3618@229(p1.00);4565@231(p1.00);5127@226(p1.00);6103@236(p1.00);7265@229(p1.00)
Tengger,40.25,100.0,Tengger_lat40p25_lon100p00,1300.0,1199.9,106.2,0.413,0.653,True,high,7.7,21,99@91(p0.17);140@104(p1.00);176@99(p0.18);250@244(p0.15);354@91(p0.21);532@109(p0.22);711@109(p0.29);847@109(p0.47);1008@109(p0.17);1200@106(p0.41);1428@109(p0.76);1700@109(p0.26);2024@126(p0.35);2273@109(p0.88);3040@106(p0.62);3414@109(p0.77);3835@236(p1.00);4565@101(p1.00);5434@104(p1.00);6855@109(p1.00);8648@114(p1.00)
Tengger,40.25,100.25,Tengger_lat40p25_lon100p25,2000.0,1802.0,181.2,1.0,1.0,True,high,9.9,15,105@236(p0.44);198@181(p0.19);334@181(p0.25);502@181(p0.30);754@126(p0.23);1008@181(p0.93);1132@116(p0.43);1802@181(p1.00);2409@181(p1.00);2706@181(p1.00);3040@181(p1.00);3618@181(p1.00);4307@181(p1.00);5434@181(p1.00);7265@181(p1.00)
Tengger,40.25,100.5,Tengger_lat40p25_lon100p50,1900.0,2145.0,136.2,0.392,0.044,True,high,12.9,19,88@236(p0.91);176@234(p0.17);236@221(p0.19);265@229(p0.17);354@236(p0.30);422@259(p0.17);474@234(p0.53);754@226(p0.42);951@111(p0.35);1200@124(p0.61);2145@136(p0.39);2409@141(p0.92);3221@136(p0.73);3618@131(p0.96);4565@91(p1.00);5127@134(p1.00);5759@141(p1.00);7265@131(p1.00);8648@219(p1.00)
Tengger,40.25,100.75,Tengger_lat40p25_lon100p75,1700.0,1700.3,133.8,0.467,0.169,True,high,0.0,16,99@221(p0.33);265@231(p0.32);354@221(p0.96);474@231(p0.18);671@266(p0.19);847@221(p0.35);1514@129(p0.32);1700@134(p0.47);2409@154(p0.81);3040@161(p0.91);3835@224(p0.53);4307@246(p1.00);5127@226(p1.00);5759@236(p1.00);6468@206(p1.00);8648@141(p1.00)
Tengger,40.25,101.0,Tengger_lat40p25_lon101p00,2000.0,1604.3,131.2,0.532,0.202,True,high,19.8,18,111@236(p0.94);250@231(p0.23);375@214(p0.40);447@234(p0.22);598@266(p0.50);799@221(p0.45);897@139(p0.16);1068@146(p0.25);1604@131(p0.53);2409@206(p0.89);2706@209(p0.35);3040@199(p0.90);3835@249(p0.97);4307@246(p1.00);5127@116(p1.00);5759@91(p1.00);7265@91(p1.00);8648@219(p1.00)
Tengger,40.25,101.25,Tengger_lat40p25_lon101p25,1500.0,1604.3,228.8,0.485,0.305,True,high,7.0,15,99@224(p0.94);265@214(p0.34);375@214(p0.29);474@236(p0.39);598@134(p0.26);671@91(p0.30);897@109(p0.21);1348@166(p0.72);1604@229(p0.49);3040@161(p0.72);4307@189(p1.00);4838@149(p1.00);5759@141(p1.00);7265@194(p1.00);8648@246(p1.00)
Tengger,40.25,101.75,Tengger_lat40p25_lon101p75,1100.0,1068.3,201.2,0.659,0.517,True,high,2.9,14,111@209(p0.90);502@174(p0.33);598@209(p0.42);711@91(p0.25);897@216(p0.58);1068@201(p0.66);1200@214(p0.79);1700@204(p1.00);2706@231(p0.33);3618@194(p0.72);4307@171(p0.92);4838@91(p1.00);6468@154(p1.00);7265@166(p1.00)
Tengger,40.25,102.0,Tengger_lat40p25_lon102p00,1300.0,1132.2,191.2,0.552,0.337,True,high,12.9,19,125@221(p0.95);223@229(p0.15);298@214(p0.21);334@221(p0.17);474@199(p0.40);598@179(p0.46);711@211(p0.24);897@219(p0.74);1132@191(p0.55);1910@196(p0.48);2409@189(p0.41);3040@214(p0.95);3414@201(p0.30);3835@211(p0.72);4307@189(p0.20);5127@116(p0.73);5759@91(p1.00);7265@91(p1.00);8648@219(p1.00)
Tengger,40.75,101.75,Tengger_lat40p75_lon101p75,1700.0,1802.0,221.2,0.259,0.494,True,high,6.0,19,111@261(p0.74);265@91(p0.21);375@124(p0.36);502@126(p0.39);598@249(p0.38);711@231(p0.31);799@221(p0.64);1068@229(p0.81);1514@226(p0.64);1802@221(p0.26);2024@224(p0.98);3040@124(p0.21);3414@99(p0.18);4064@136(p0.57);4565@129(p0.56);5127@134(p0.87);5759@141(p1.00);7265@91(p1.00);8648@246(p1.00)
Tengger,40.75,102.0,Tengger_lat40p75_lon102p00,1600.0,1700.3,166.2,0.753,0.194,True,high,6.3,19,93@96(p0.17);125@94(p1.00);166@96(p0.27);210@91(p0.22);354@96(p0.28);474@91(p0.63);532@181(p0.20);711@91(p0.43);951@129(p0.82);1272@106(p0.69);1700@166(p0.75);2553@134(p0.60);2868@114(p1.00);3221@91(p1.00);3618@131(p1.00);4064@136(p1.00);4838@211(p1.00);5759@141(p1.00);7265@131(p1.00)
Tengger,40.75,102.25,Tengger_lat40p75_lon102p25,1800.0,1909.8,93.8,0.741,0.233,True,high,6.1,19,157@91(p0.24);187@236(p1.00);223@91(p0.16);281@254(p0.16);375@224(p0.27);474@96(p0.62);633@266(p0.36);711@96(p0.82);847@211(p0.37);1348@94(p0.81);1910@94(p0.74);2409@251(p0.75);2868@114(p1.00);3221@261(p1.00);3618@261(p1.00);4064@124(p1.00);4565@129(p1.00);5759@219(p1.00);7265@229(p1.00)
Tengger,41.0,101.75,Tengger_lat41p00_lon101p75,900.0,846.8,198.8,1.0,1.0,True,high,5.9,19,132@249(p0.45);198@204(p0.18);265@171(p0.16);298@139(p0.18);354@164(p0.18);447@201(p0.33);532@129(p0.49);847@199(p1.00);1008@209(p0.42);1272@221(p0.64);1700@139(p0.70);2145@131(p0.69);2706@129(p0.88);3040@124(p0.24);3414@261(p0.78);4064@156(p1.00);5127@159(p1.00);6468@154(p1.00);7265@181(p1.00)
Tengger,41.0,102.0,Tengger_lat41p00_lon102p00,1000.0,1008.0,201.2,0.302,0.522,True,high,0.8,15,148@216(p0.44);315@204(p0.18);502@164(p0.31);598@196(p0.54);711@194(p0.21);1008@201(p0.30);1132@199(p0.58);1514@199(p1.00);2145@206(p0.76);2706@119(p0.84);3221@136(p0.52);4064@136(p1.00);5434@191(p1.00);6468@206(p1.00);7265@91(p1.00)
Tengger,41.0,102.25,Tengger_lat41p00_lon102p25,900.0,897.4,181.2,0.324,0.306,True,high,0.3,16,132@94(p0.97);265@221(p0.29);398@196(p0.42);532@221(p0.21);754@221(p0.65);897@181(p0.32);1272@199(p0.41);1514@214(p0.86);1700@219(p0.30);1910@191(p0.58);3040@214(p0.79);4064@236(p1.00);4838@149(p1.00);5759@141(p1.00);6468@154(p1.00);8648@141(p1.00)
Tengger,41.0,102.5,Tengger_lat41p00_lon102p50,700.0,711.4,193.8,0.271,0.632,True,high,1.6,16,132@199(p1.00);210@204(p0.16);447@194(p0.33);711@194(p0.27);1068@194(p0.46);1272@194(p0.26);1514@191(p0.42);1802@194(p0.69);2145@194(p0.26);2409@194(p0.91);2706@191(p0.98);3040@191(p1.00);3618@194(p0.80);4307@189(p1.00);5434@191(p1.00);7265@194(p1.00)
Tengger,41.25,101.75,Tengger_lat41p25_lon101p75,700.0,711.4,151.2,0.163,0.605,True,high,1.6,21,111@209(p0.54);132@229(p0.19);223@214(p0.17);334@164(p0.18);398@164(p0.28);474@194(p0.21);564@194(p0.41);711@151(p0.16);799@194(p0.72);951@146(p0.37);1200@169(p0.50);1514@159(p1.00);1910@151(p0.33);2145@189(p0.60);2409@166(p0.95);2706@151(p0.71);3040@161(p1.00);3618@241(p1.00);4307@189(p1.00);5434@191(p1.00);6855@194(p1.00)
Tengger,41.25,102.0,Tengger_lat41p25_lon102p00,900.0,1008.0,218.8,0.981,1.0,True,high,12.0,16,176@214(p0.45);250@194(p0.17);502@216(p0.22);564@214(p0.41);671@209(p0.61);1008@219(p0.98);1428@219(p0.28);1700@221(p0.60);1910@134(p0.24);2553@214(p0.59);3414@141(p0.60);4307@189(p0.96);4838@209(p1.00);5759@91(p1.00);7265@229(p1.00);8648@219(p1.00)
Tengger,41.25,102.25,Tengger_lat41p25_lon102p25,900.0,799.0,228.8,0.577,0.451,True,high,11.2,19,148@239(p0.27);198@254(p0.32);298@224(p0.48);354@231(p0.41);564@239(p0.20);671@211(p0.33);799@229(p0.58);1132@224(p0.99);1272@236(p0.37);1604@239(p0.37);2273@224(p0.57);2706@139(p0.59);3040@254(p0.93);3414@109(p0.47);4064@136(p1.00);5127@159(p1.00);5759@219(p1.00);7265@229(p1.00);8648@114(p1.00)
Tengger,41.25,102.5,Tengger_lat41p25_lon102p50,500.0,473.7,181.2,0.258,0.32,True,high,5.3,16,354@181(p0.15);474@181(p0.26);532@181(p0.25);711@181(p0.45);847@181(p0.43);1008@181(p1.00);1514@181(p0.39);1802@181(p1.00);2145@181(p1.00);2409@181(p1.00);2706@181(p1.00);3040@181(p1.00);3618@181(p1.00);4307@181(p1.00);5434@181(p1.00);7265@181(p1.00)
Thar,26.5,68.75,Thar_lat26p50_lon68p75,500.0,532.0,181.2,0.348,0.689,True,high,6.4,19,41@186(p0.26);99@196(p0.16);166@181(p0.22);281@181(p1.00);398@191(p0.31);532@181(p0.35);711@169(p0.23);1008@181(p0.28);1200@214(p0.34);1428@221(p0.22);2024@176(p0.55);2273@171(p1.00);2706@191(p0.52);3040@161(p1.00);3618@174(p1.00);4064@181(p1.00);5127@246(p1.00);6103@119(p1.00);8160@164(p1.00)
Thar,26.5,69.25,Thar_lat26p50_lon69p25,400.0,397.9,191.2,0.364,0.455,True,high,0.5,17,41@196(p0.74);281@191(p0.30);398@191(p0.36);564@194(p0.18);754@191(p0.47);1008@181(p0.28);1272@184(p1.00);1604@184(p0.34);2024@181(p0.77);2273@181(p0.92);2553@181(p1.00);3040@199(p1.00);3618@186(p1.00);4064@196(p1.00);4838@199(p1.00);6103@166(p1.00);8160@181(p1.00)
Thar,26.5,69.5,Thar_lat26p50_lon69p50,500.0,532.0,193.8,0.223,0.566,True,high,6.4,15,93@206(p0.29);398@201(p0.57);532@194(p0.22);754@196(p0.40);1132@201(p1.00);1700@199(p0.39);2409@199(p0.85);2706@186(p0.53);3040@186(p0.76);3414@201(p0.94);4307@209(p0.84);4838@191(p1.00);5759@204(p1.00);7265@211(p1.00);8160@196(p1.00)
Thar,26.75,68.5,Thar_lat26p75_lon68p50,1000.0,951.1,101.2,0.393,0.707,True,high,4.9,16,398@96(p0.32);564@96(p0.50);711@104(p0.66);799@99(p0.32);951@101(p0.39);1132@254(p0.48);1348@109(p1.00);1802@99(p0.54);2553@264(p0.37);3040@161(p1.00);3414@254(p1.00);3835@251(p1.00);4565@259(p1.00);5434@256(p1.00);6855@91(p1.00);9166@139(p1.00)
Thar,26.75,68.75,Thar_lat26p75_lon68p75,1100.0,1008.0,213.8,0.639,0.417,True,high,8.4,15,105@191(p1.00);398@186(p0.19);711@99(p0.31);799@184(p0.46);1008@214(p0.64);1272@186(p0.66);1700@241(p0.71);2409@191(p0.19);2706@91(p0.89);3040@264(p1.00);3618@174(p1.00);4064@119(p1.00);4838@191(p1.00);6103@166(p1.00);8160@164(p1.00)
Thar,26.75,69.25,Thar_lat26p75_lon69p25,200.0,187.0,191.2,0.152,0.762,True,high,6.5,20,105@194(p0.38);157@194(p0.15);187@191(p0.15);250@189(p0.31);354@191(p0.33);422@196(p0.21);474@194(p1.00);564@189(p0.27);633@194(p0.33);897@189(p0.20);1008@186(p0.67);1428@186(p0.72);1802@199(p0.75);2409@196(p0.44);3040@181(p0.93);3618@186(p0.63);4064@196(p1.00);4838@191(p1.00);5759@204(p1.00);8160@196(p1.00)
Thar,26.75,69.5,Thar_lat26p75_lon69p50,200.0,210.0,198.8,0.156,0.393,True,high,5.0,20,105@194(p0.32);176@196(p0.23);210@199(p0.16);236@199(p0.17);334@196(p0.47);398@199(p0.18);532@196(p0.41);711@204(p0.57);897@196(p0.27);1068@206(p1.00);1348@189(p0.31);1910@201(p0.59);2145@201(p0.78);2409@199(p0.68);2706@209(p0.53);3221@206(p0.58);3835@204(p0.50);4838@199(p1.00);5759@204(p1.00);8160@164(p1.00)
Thar,27.0,68.5,Thar_lat27p00_lon68p50,1100.0,1132.2,253.8,0.718,0.598,True,high,2.9,17,250@251(p0.32);375@214(p0.39);532@91(p0.37);754@254(p0.45);897@211(p0.21);1008@209(p0.16);1132@254(p0.72);1348@116(p0.31);1514@256(p1.00);2273@116(p0.83);2706@209(p0.78);3221@246(p0.84);3835@99(p0.50);4565@91(p1.00);5127@214(p1.00);6855@106(p1.00);8648@249(p1.00)
Thar,27.0,68.75,Thar_lat27p00_lon68p75,1000.0,1008.0,181.2,1.0,1.0,True,high,0.8,15,187@171(p0.26);398@184(p0.52);474@181(p0.18);671@184(p0.39);847@174(p0.25);1008@181(p1.00);1200@121(p0.24);1802@176(p0.93);2273@229(p1.00);3040@264(p1.00);3618@174(p1.00);4064@196(p1.00);4838@191(p1.00);6103@166(p1.00);8160@196(p1.00)
Thar,27.25,69.25,Thar_lat27p25_lon69p25,1800.0,1802.0,121.2,0.974,0.576,True,high,0.1,19,41@179(p0.47);140@191(p0.19);166@186(p0.15);236@181(p0.19);315@174(p0.40);422@186(p0.20);633@194(p0.57);847@91(p0.43);1132@226(p0.81);1604@246(p0.25);1802@121(p0.97);2024@91(p1.00);3040@146(p1.00);3414@236(p1.00);4064@91(p1.00);4565@221(p1.00);5434@129(p1.00);6855@254(p1.00);9166@221(p1.00)
Thar,27.25,69.5,Thar_lat27p25_lon69p50,1500.0,1513.8,263.8,0.275,0.382,True,high,0.9,16,99@199(p1.00);223@189(p0.26);422@194(p0.26);502@189(p0.44);671@174(p0.41);799@196(p0.58);1132@254(p0.74);1514@264(p0.27);1910@131(p0.50);2409@126(p0.34);2706@209(p0.89);3414@159(p0.70);3835@251(p1.00);4838@169(p1.00);5759@156(p1.00);8160@196(p1.00)
Thar,27.25,69.75,Thar_lat27p25_lon69p75,1300.0,1271.7,198.8,0.16,0.426,True,high,2.2,20,99@199(p0.29);198@194(p0.15);265@194(p0.27);334@196(p0.20);375@191(p0.68);532@199(p0.38);633@204(p0.33);847@186(p0.21);1008@194(p1.00);1272@199(p0.16);1428@191(p0.46);1802@186(p0.66);2409@191(p0.44);2706@191(p0.90);3040@186(p0.83);3618@186(p1.00);4064@189(p0.74);4838@191(p1.00);6103@166(p1.00);8160@164(p1.00)
Thar,27.5,69.25,Thar_lat27p50_lon69p25,1800.0,1802.0,111.2,1.0,1.0,True,high,0.1,15,236@141(p0.31);532@121(p0.37);711@114(p0.53);847@181(p0.77);1272@111(p0.57);1514@254(p0.30);1802@111(p1.00);2273@111(p0.43);2706@109(p0.30);3618@181(p0.97);4307@151(p0.27);5127@246(p1.00);6103@241(p1.00);6855@254(p1.00);8648@111(p1.00)
Thar,27.5,69.5,Thar_lat27p50_lon69p50,1600.0,1428.4,93.8,0.725,0.989,True,high,10.7,18,41@191(p0.25);132@189(p0.23);250@186(p0.50);398@224(p0.64);502@101(p0.36);633@241(p0.56);847@246(p0.55);1008@91(p0.68);1428@94(p0.73);1802@94(p1.00);2553@91(p0.91);3040@264(p1.00);3414@134(p1.00);3835@99(p1.00);4565@101(p1.00);5434@229(p1.00);6855@254(p1.00);9166@221(p1.00)
Thar,27.5,69.75,Thar_lat27p50_lon69p75,1200.0,1132.2,201.2,0.385,0.486,True,high,5.7,16,99@179(p0.16);148@179(p1.00);375@189(p0.57);598@196(p0.37);897@121(p0.32);1132@201(p0.39);1428@189(p0.41);2024@256(p0.42);2409@119(p0.90);2706@196(p0.97);3040@214(p0.40);3414@216(p0.96);4064@189(p0.61);4565@221(p1.00);6103@181(p1.00);8160@181(p1.00)
Thar,27.5,70.25,Thar_lat27p50_lon70p25,1500.0,1347.7,218.8,0.651,0.181,True,high,10.2,20,39@206(p0.22);49@206(p0.16);59@206(p0.20);78@206(p0.16);117@206(p1.00);236@206(p0.54);334@196(p0.31);532@209(p0.25);633@201(p0.41);847@214(p0.30);1068@196(p0.79);1348@219(p0.65);1802@216(p0.36);2145@201(p0.89);3414@166(p0.54);4064@216(p0.94);5127@214(p1.00);5759@204(p1.00);7265@234(p1.00);8160@181(p1.00)
Thar,27.75,70.25,Thar_lat27p75_lon70p25,1300.0,1428.4,191.2,0.349,0.443,True,high,9.9,20,93@204(p1.00);187@201(p0.23);375@191(p0.26);422@191(p0.25);502@191(p0.18);754@191(p0.17);847@191(p0.37);951@191(p0.18);1132@191(p0.62);1428@191(p0.35);1604@194(p0.73);2145@194(p0.59);2409@191(p0.65);2706@191(p0.72);3040@194(p1.00);3414@194(p1.00);4064@189(p1.00);4838@191(p1.00);6103@194(p1.00);8160@181(p1.00)
Thar,27.75,70.5,Thar_lat27p75_lon70p50,1600.0,1700.3,118.8,0.695,0.065,True,high,6.3,18,93@214(p0.99);210@219(p0.16);398@256(p0.20);447@141(p0.16);598@154(p0.57);847@206(p0.74);1200@106(p0.22);1428@114(p0.66);1700@119(p0.70);2145@131(p0.68);2553@174(p0.48);2868@126(p0.35);3414@194(p0.80);3835@204(p1.00);4307@209(p0.71);4838@199(p1.00);5759@156(p1.00);7265@211(p1.00)
Thar,28.0,71.25,Thar_lat28p00_lon71p25,1100.0,1068.3,181.2,0.899,0.99,True,high,2.9,16,281@181(p0.17);375@181(p0.16);422@181(p0.15);532@181(p0.26);598@181(p0.25);847@181(p0.42);951@181(p0.41);1068@181(p0.90);1910@181(p0.41);2273@181(p1.00);2553@181(p0.94);3618@181(p1.00);4064@189(p1.00);5127@181(p1.00);6103@181(p1.00);8160@181(p1.00)
Thar,28.0,71.5,Thar_lat28p00_lon71p50,200.0,176.4,223.8,0.161,0.876,True,high,11.8,16,125@219(p0.97);176@224(p0.16);298@211(p0.30);375@234(p0.35);598@239(p0.46);897@209(p0.19);1008@234(p0.68);1428@204(p0.36);1604@211(p0.50);2145@234(p0.55);3414@261(p0.87);4565@124(p0.54);5127@246(p1.00);6103@221(p1.00);7265@211(p1.00);9166@91(p1.00)
Thar,28.0,71.75,Thar_lat28p00_lon71p75,400.0,354.3,91.2,0.263,0.486,True,high,11.4,21,83@221(p1.00);236@204(p0.16);281@91(p0.17);354@91(p0.26);598@91(p0.32);671@91(p0.20);951@91(p0.56);1068@91(p0.28);1200@91(p0.59);1348@91(p0.42);1604@91(p0.69);2024@91(p0.32);2553@91(p0.97);2868@91(p1.00);3221@91(p0.42);3618@91(p0.96);4064@91(p1.00);4838@91(p1.00);5759@91(p1.00);7265@91(p1.00);9166@91(p1.00)
Thar,28.0,72.0,Thar_lat28p00_lon72p00,300.0,265.0,91.2,0.308,0.583,True,high,11.7,21,93@226(p1.00);166@241(p0.20);198@91(p0.26);265@91(p0.31);354@91(p0.56);447@91(p0.38);532@269(p0.42);671@99(p0.41);754@96(p0.60);951@91(p0.44);1200@94(p0.82);1514@91(p0.56);1700@91(p0.58);1910@91(p0.44);2553@91(p0.98);3221@91(p1.00);3618@91(p0.87);4064@91(p1.00);4838@91(p1.00);5759@91(p1.00);7265@91(p1.00)
Thar,28.25,70.5,Thar_lat28p25_lon70p50,700.0,753.9,238.8,0.507,0.252,True,high,7.7,12,375@236(p0.21);474@229(p0.50);754@239(p0.51);951@246(p0.51);1428@239(p1.00);2024@234(p0.31);2409@249(p0.85);4064@181(p0.88);5127@214(p1.00);6103@194(p1.00);7265@234(p1.00);8648@249(p1.00)
Thar,28.25,71.25,Thar_lat28p25_lon71p25,700.0,711.4,206.2,0.2,0.245,True,high,1.6,19,105@216(p0.93);474@221(p0.22);532@214(p0.28);633@191(p0.28);711@206(p0.20);951@159(p0.55);1068@156(p0.34);1272@104(p0.30);1428@126(p0.32);1700@209(p0.80);2145@201(p0.68);2868@91(p0.33);3414@194(p0.85);3835@204(p0.60);4307@229(p0.70);5127@214(p1.00);6103@181(p1.00);7265@211(p1.00);9166@221(p1.00)
Thar,28.25,71.5,Thar_lat28p25_lon71p50,1400.0,1347.7,233.8,0.298,0.087,True,high,3.7,19,99@214(p0.96);187@216(p0.29);375@214(p0.30);447@221(p0.20);633@264(p0.15);754@199(p0.42);897@251(p0.28);1068@239(p0.35);1348@234(p0.30);1514@96(p0.48);2024@216(p0.90);2706@221(p0.77);3221@206(p0.55);3618@211(p0.19);4565@124(p1.00);5127@114(p1.00);5759@204(p1.00);7265@211(p1.00);9166@221(p1.00)
Thar,28.25,71.75,Thar_lat28p25_lon71p75,900.0,897.4,118.8,0.466,0.123,True,high,0.3,16,105@219(p0.93);564@211(p0.52);897@119(p0.47);1068@146(p0.46);1514@196(p0.51);1700@216(p0.27);1910@261(p0.41);2145@94(p0.32);2868@156(p0.36);3414@226(p0.90);3835@234(p0.47);4565@236(p1.00);5127@246(p0.57);6103@241(p1.00);7265@91(p1.00);9166@91(p1.00)
Thar,28.25,72.0,Thar_lat28p25_lon72p00,500.0,502.0,256.2,0.156,0.367,True,high,0.4,21,105@221(p0.85);250@229(p0.16);334@229(p0.18);422@229(p0.28);502@256(p0.16);598@266(p0.40);671@264(p0.29);847@224(p0.63);1132@111(p0.54);1428@181(p0.61);1604@91(p0.39);1910@94(p0.21);2706@139(p0.76);3414@226(p1.00);3835@221(p1.00);4307@229(p1.00);4838@221(p1.00);5434@229(p1.00);6468@221(p1.00);7700@234(p1.00);9166@221(p1.00)
Thar,28.5,71.5,Thar_lat28p50_lon71p50,600.0,597.6,228.8,0.342,0.499,True,high,0.4,17,187@219(p0.18);250@211(p0.89);334@216(p0.24);598@229(p0.34);799@189(p0.49);1132@166(p0.46);1428@164(p0.43);2145@181(p0.19);2409@264(p0.23);2706@191(p0.23);3414@216(p1.00);3835@221(p0.20);4565@124(p0.87);5434@256(p1.00);6103@181(p1.00);7265@211(p1.00);9166@221(p1.00)
Thar,28.5,71.75,Thar_lat28p50_lon71p75,300.0,397.9,211.2,0.306,0.177,False,low,32.6,15,88@216(p0.90);398@211(p0.31);532@221(p0.39);754@181(p0.39);1200@261(p0.51);1604@226(p0.75);2024@206(p0.54);2706@139(p0.79);3221@129(p0.69);4064@119(p0.53);4565@151(p1.00);5127@246(p1.00);6103@181(p1.00);7265@91(p1.00);9166@139(p1.00)
Thar,28.5,72.0,Thar_lat28p50_lon72p00,600.0,671.2,208.8,0.313,0.416,True,high,11.9,18,125@224(p0.88);447@221(p0.25);502@226(p0.26);671@209(p0.31);754@149(p0.27);897@256(p0.53);1068@181(p0.28);1272@219(p0.75);1604@266(p0.24);1802@91(p0.31);2145@239(p0.41);2706@104(p0.33);4307@229(p0.91);4838@221(p0.87);5434@229(p0.90);6103@166(p1.00);7265@149(p1.00);9166@221(p1.00)
Thar,28.5,72.5,Thar_lat28p50_lon72p50,1100.0,1068.3,268.8,0.296,0.548,True,high,2.9,22,117@231(p0.15);148@236(p0.21);250@94(p0.49);315@269(p0.22);375@261(p0.38);474@91(p0.71);564@266(p0.33);754@134(p0.33);847@91(p0.20);951@211(p0.64);1068@269(p0.30);1200@91(p1.00);1514@96(p0.54);2024@246(p0.73);2553@101(p0.80);3040@256(p1.00);3618@116(p0.46);4064@261(p1.00);4565@236(p1.00);5759@156(p1.00);7265@91(p1.00);9166@91(p1.00)
Thar,29.25,72.5,Thar_lat29p25_lon72p50,1700.0,1271.7,93.8,0.972,0.866,False,low,25.2,20,62@91(p0.39);132@91(p0.21);157@91(p0.25);198@91(p0.24);315@91(p0.50);354@216(p0.15);532@181(p0.40);598@264(p0.17);754@264(p0.55);951@266(p0.23);1272@94(p0.97);2145@249(p0.47);2553@264(p1.00);2868@91(p1.00);3221@91(p0.89);4064@99(p1.00);4838@91(p1.00);5759@91(p1.00);7265@91(p1.00);9166@91(p1.00)
WesternSahara,16.75,-5.25,WesternSahara_lat16p75_lon-05p25,1100.0,1068.3,133.8,0.414,0.391,True,high,2.9,19,132@229(p0.16);166@239(p0.92);250@236(p0.26);298@234(p0.22);398@219(p0.19);564@224(p0.31);754@234(p0.26);1068@134(p0.41);1348@151(p0.21);1514@151(p0.52);1910@204(p0.69);2409@249(p0.85);3040@229(p0.99);3835@171(p0.86);4307@109(p0.54);4838@224(p1.00);5434@216(p1.00);6468@224(p1.00);7700@214(p1.00)
WesternSahara,16.75,-5.0,WesternSahara_lat16p75_lon-05p00,1000.0,897.4,158.8,0.511,0.503,True,high,10.3,23,41@91(p0.30);111@99(p0.82);210@239(p0.19);265@231(p0.16);398@259(p0.38);447@136(p0.19);564@164(p0.42);671@156(p0.42);799@234(p0.31);897@159(p0.51);1132@154(p0.56);1272@139(p0.18);1428@169(p0.16);1700@201(p0.61);2145@94(p1.00);2706@181(p0.72);3040@96(p1.00);3414@91(p1.00);4064@91(p1.00);4565@91(p1.00);5434@216(p1.00);6855@104(p1.00);9166@181(p1.00)
WesternSahara,16.75,-4.5,WesternSahara_lat16p75_lon-04p50,2000.0,1802.0,158.8,0.67,0.21,True,high,9.9,17,334@181(p0.16);398@181(p0.39);502@159(p0.46);754@159(p0.23);951@156(p1.00);1132@161(p0.24);1428@159(p0.52);1802@159(p0.67);2273@156(p0.63);2553@246(p0.41);3221@111(p0.40);3835@99(p0.23);4307@109(p0.49);5127@201(p1.00);6103@206(p1.00);7700@124(p1.00);8648@251(p1.00)
WesternSahara,16.75,-4.25,WesternSahara_lat16p75_lon-04p25,1700.0,1909.8,248.8,1.0,1.0,True,high,12.3,14,223@104(p0.55);398@101(p0.20);598@261(p0.22);754@256(p0.50);897@241(p0.63);1910@249(p1.00);2409@249(p0.44);2868@246(p0.52);3618@246(p0.80);4064@244(p0.29);5127@246(p1.00);6103@244(p1.00);6855@256(p1.00);8648@251(p1.00)
WesternSahara,17.0,-9.5,WesternSahara_lat17p00_lon-09p50,1000.0,1008.0,91.2,0.457,0.705,True,high,0.8,20,250@91(p0.17);422@91(p0.20);474@91(p0.15);564@91(p0.28);633@91(p0.22);711@91(p0.45);847@91(p0.20);1008@91(p0.46);1132@91(p0.46);1348@91(p1.00);1802@91(p0.17);2145@91(p1.00);2553@91(p1.00);3040@91(p1.00);3414@91(p1.00);4064@91(p1.00);4565@91(p1.00);5434@91(p1.00);6855@91(p1.00);9166@91(p1.00)
WesternSahara,17.0,-9.25,WesternSahara_lat17p00_lon-09p25,1200.0,1132.2,91.2,0.451,0.771,True,high,5.7,18,223@91(p0.21);474@91(p0.36);633@91(p0.23);711@91(p0.37);847@91(p0.19);1008@91(p0.45);1132@91(p0.45);1348@91(p1.00);1802@91(p0.16);2145@91(p1.00);2553@91(p1.00);3040@91(p1.00);3414@91(p1.00);4064@91(p1.00);4565@91(p1.00);5434@91(p1.00);6855@91(p1.00);9166@91(p1.00)
WesternSahara,17.0,-8.5,WesternSahara_lat17p00_lon-08p50,1200.0,1199.9,243.8,1.0,1.0,True,high,0.0,16,148@249(p0.72);398@266(p0.19);502@254(p0.19);897@251(p0.56);1200@244(p1.00);1604@236(p0.17);1910@244(p0.55);2409@101(p0.74);2868@186(p0.71);3221@166(p0.95);3835@254(p0.88);4307@251(p0.28);5127@114(p1.00);6103@154(p1.00);7700@236(p1.00);8648@109(p1.00)
WesternSahara,17.0,-8.25,WesternSahara_lat17p00_lon-08p25,1300.0,1199.9,176.2,0.303,0.431,True,high,7.7,17,39@251(p0.20);422@111(p0.34);598@154(p0.44);754@154(p1.00);1008@156(p0.45);1200@176(p0.30);1428@116(p0.31);1802@164(p0.78);2024@154(p0.27);2273@156(p0.56);3221@126(p0.59);3618@164(p0.98);4064@154(p0.26);5127@114(p1.00);6103@116(p1.00);7700@214(p1.00);8648@161(p1.00)
WesternSahara,17.0,-7.75,WesternSahara_lat17p00_lon-07p75,700.0,597.6,261.2,0.559,0.628,True,high,14.6,16,176@249(p0.71);354@259(p0.25);447@99(p0.36);598@261(p0.56);847@264(p1.00);1200@264(p0.37);1428@251(p0.31);2024@239(p0.82);2553@146(p0.36);3040@244(p0.16);3414@104(p1.00);3835@146(p1.00);4307@109(p1.00);5434@231(p1.00);6855@256(p1.00);8648@199(p1.00)
WesternSahara,17.0,-5.75,WesternSahara_lat17p00_lon-05p75,200.0,166.5,246.2,0.651,0.912,True,high,16.8,19,166@246(p0.65);334@246(p0.19);375@246(p0.21);474@214(p0.21);598@244(p0.36);799@251(p0.53);951@249(p0.24);1068@246(p1.00);1200@246(p0.60);1604@246(p0.62);2706@254(p0.51);3040@256(p0.95);3414@239(p0.70);4064@91(p0.47);4838@239(p1.00);6103@244(p1.00);6855@104(p1.00);7700@236(p1.00);8648@251(p1.00)
WesternSahara,17.0,-4.5,WesternSahara_lat17p00_lon-04p50,1600.0,1513.8,243.8,0.883,0.606,True,high,5.4,17,132@91(p0.17);148@101(p0.20);250@234(p0.97);447@136(p0.26);598@231(p0.50);754@256(p0.56);897@139(p0.35);1068@149(p0.65);1348@236(p0.36);1514@244(p0.88);1910@171(p0.23);2145@161(p0.66);3221@194(p0.36);4064@244(p0.72);4838@121(p1.00);6103@116(p1.00);7700@146(p1.00)
WesternSahara,17.0,-4.25,WesternSahara_lat17p00_lon-04p25,2200.0,2273.3,176.2,0.906,0.214,True,high,3.3,20,148@96(p0.24);166@96(p0.65);298@149(p0.24);422@119(p0.27);502@91(p0.73);598@171(p0.25);711@266(p0.22);847@94(p0.72);1008@234(p0.38);1132@91(p1.00);1428@201(p0.71);2273@176(p0.91);2553@164(p1.00);3040@141(p0.27);3414@174(p1.00);3835@171(p1.00);4565@211(p1.00);5434@216(p1.00);6855@256(p1.00);9166@91(p1.00)
WesternSahara,17.5,-13.75,WesternSahara_lat17p50_lon-13p75,1400.0,1428.4,248.8,0.469,0.462,True,high,2.0,18,166@241(p0.71);210@239(p0.16);564@241(p0.51);754@181(p0.39);847@171(p0.44);1068@249(p0.50);1272@239(p0.28);1428@249(p0.47);2024@241(p1.00);2409@239(p0.27);2868@246(p0.62);3221@249(p0.17);4307@231(p0.83);4838@239(p1.00);5434@231(p0.21);6103@241(p1.00);7700@236(p1.00);8648@161(p1.00)
WesternSahara,17.5,-13.5,WesternSahara_lat17p50_lon-13p50,1400.0,1199.9,138.8,0.628,0.649,True,high,14.3,18,148@246(p1.00);166@241(p0.24);250@244(p0.28);298@244(p0.20);334@234(p0.22);474@234(p0.44);532@234(p0.15);671@224(p0.21);754@236(p0.58);1200@139(p0.63);1700@174(p0.69);2145@104(p0.59);2868@91(p0.68);4064@244(p0.81);4838@121(p1.00);6103@244(p1.00);7700@236(p1.00);8648@251(p1.00)
WesternSahara,17.5,-11.25,WesternSahara_lat17p50_lon-11p25,2000.0,1700.3,231.2,0.639,0.714,True,high,15.0,14,93@244(p1.00);265@236(p0.23);375@224(p0.19);564@144(p0.40);799@166(p0.62);1348@131(p0.59);1700@231(p0.64);2868@236(p0.70);3221@234(p0.76);4064@244(p0.77);4838@239(p1.00);6103@154(p1.00);7700@236(p1.00);8648@251(p1.00)
WesternSahara,17.5,-11.0,WesternSahara_lat17p50_lon-11p00,2000.0,1909.8,156.2,1.0,1.0,True,high,4.5,17,39@251(p0.22);176@241(p0.18);375@219(p0.32);447@214(p0.55);633@154(p0.59);754@146(p0.20);1008@156(p0.46);1200@119(p0.26);1700@176(p0.20);1910@156(p1.00);2706@156(p0.71);3618@164(p0.50);4307@189(p0.97);5127@159(p1.00);6103@206(p1.00);7700@214(p1.00);8648@161(p1.00)
WesternSahara,17.5,-9.75,WesternSahara_lat17p50_lon-09p75,1400.0,1132.2,181.2,1.0,1.0,True,high,19.1,17,375@181(p0.31);447@181(p0.17);564@181(p0.26);633@181(p0.27);897@181(p0.44);1008@181(p0.44);1132@181(p1.00);2024@181(p0.30);2273@181(p1.00);2706@181(p1.00);3040@181(p0.53);3414@181(p0.53);3835@181(p1.00);4565@181(p1.00);5434@181(p1.00);6855@181(p1.00);8648@181(p1.00)
WesternSahara,17.5,-9.5,WesternSahara_lat17p50_lon-09p50,1200.0,1068.3,261.2,0.527,0.459,True,high,11.0,18,148@241(p0.17);187@219(p1.00);398@99(p0.41);532@251(p0.45);711@249(p0.36);897@261(p0.52);1068@261(p0.53);1348@264(p0.79);1604@239(p0.20);2024@256(p0.67);2273@256(p0.17);2706@101(p0.21);3040@104(p0.64);3618@246(p0.94);5127@246(p1.00);6103@119(p1.00);6855@104(p1.00);8648@161(p1.00)
WesternSahara,17.5,-9.25,WesternSahara_lat17p50_lon-09p25,1000.0,897.4,246.2,0.203,0.476,True,high,10.3,16,187@226(p0.63);265@244(p0.15);447@256(p0.44);564@244(p0.24);711@246(p0.42);897@246(p0.20);1132@236(p0.16);1272@259(p0.98);1700@266(p0.54);2024@94(p0.39);2409@239(p0.70);3221@214(p0.89);4565@121(p0.52);5127@246(p1.00);6103@241(p1.00);7700@236(p1.00)
WesternSahara,17.5,-8.5,WesternSahara_lat17p50_lon-08p50,1300.0,1428.4,91.2,0.568,0.814,True,high,9.9,20,176@231(p0.99);250@234(p0.17);334@241(p0.24);422@241(p0.22);502@91(p0.28);633@254(p0.38);711@246(p0.59);799@241(p0.23);951@214(p0.43);1068@254(p0.25);1428@91(p0.57);1910@244(p0.67);2409@239(p0.38);2868@246(p0.72);3835@106(p0.76);4307@216(p0.91);5127@191(p1.00);6103@206(p1.00);7700@124(p1.00);8648@161(p1.00)
WesternSahara,17.5,-8.25,WesternSahara_lat17p50_lon-08p25,1500.0,1604.3,118.8,0.69,0.766,True,high,7.0,18,187@249(p0.51);334@261(p0.25);398@256(p0.29);474@251(p0.23);564@256(p0.74);754@104(p0.50);1008@254(p1.00);1132@266(p0.27);1604@119(p0.69);2024@94(p0.27);2553@164(p0.33);2868@174(p0.70);3414@239(p0.99);3835@261(p0.47);4565@91(p1.00);5434@259(p1.00);6855@91(p1.00);8648@109(p1.00)
WesternSahara,17.5,-7.5,WesternSahara_lat17p50_lon-07p50,400.0,354.3,256.2,0.224,0.436,True,high,11.4,21,83@261(p0.43);166@244(p0.25);265@244(p0.29);354@256(p0.22);474@251(p0.18);532@246(p0.51);711@246(p0.59);897@261(p0.81);1200@241(p0.35);1514@246(p0.76);1910@91(p0.16);2145@246(p1.00);2409@249(p0.49);3414@256(p0.37);3835@254(p0.94);4307@251(p0.64);5127@246(p1.00);6103@244(p1.00);6855@256(p1.00);7700@236(p1.00);8648@251(p1.00)
WesternSahara,17.5,-5.0,WesternSahara_lat17p50_lon-05p00,400.0,354.3,261.2,0.414,0.4,True,high,11.4,17,99@254(p1.00);250@256(p0.17);354@261(p0.41);502@244(p0.36);633@256(p0.37);711@249(p0.49);951@244(p0.69);1272@221(p0.32);2024@251(p0.65);2553@196(p0.81);3040@256(p0.19);3414@219(p0.25);4064@206(p0.59);5434@169(p1.00);6103@206(p1.00);6855@181(p1.00);8648@199(p1.00)
WesternSahara,17.5,-4.5,WesternSahara_lat17p50_lon-04p50,500.0,532.0,258.8,0.417,0.6,True,high,6.4,19,117@259(p1.00);298@254(p0.23);354@249(p0.35);422@256(p0.19);532@259(p0.42);598@249(p0.22);711@254(p0.66);951@254(p0.38);1200@114(p0.37);1604@256(p0.27);1910@244(p0.27);2145@236(p0.70);2553@264(p0.22);3414@219(p0.34);3835@214(p0.90);4307@219(p1.00);5127@169(p1.00);6855@91(p1.00);8648@251(p1.00)
WesternSahara,17.5,-4.25,WesternSahara_lat17p50_lon-04p25,500.0,532.0,256.2,0.331,0.444,True,high,6.4,16,125@261(p1.00);354@254(p0.15);532@256(p0.33);598@259(p0.42);799@244(p0.36);951@259(p0.30);1132@264(p0.65);1514@241(p0.30);2145@261(p0.76);2706@224(p0.86);3414@91(p1.00);3835@254(p1.00);4307@129(p1.00);5434@181(p1.00);6855@181(p1.00);8648@109(p1.00)
WesternSahara,17.75,-13.75,WesternSahara_lat17p75_lon-13p75,1200.0,1132.2,241.2,1.0,1.0,True,high,5.7,17,41@181(p0.69);236@106(p0.44);375@191(p0.34);474@266(p0.49);633@94(p0.57);754@129(p0.25);1132@241(p1.00);1428@201(p0.31);1910@184(p0.83);2409@171(p0.61);2706@174(p0.90);3221@224(p0.25);3835@214(p1.00);4307@231(p1.00);5434@231(p1.00);6855@256(p1.00);8648@251(p1.00)
WesternSahara,17.75,-13.5,WesternSahara_lat17p75_lon-13p50,1400.0,1132.2,173.8,0.671,0.802,True,high,19.1,17,41@186(p0.38);210@206(p0.24);315@101(p0.28);375@176(p0.21);474@176(p0.51);671@181(p0.19);847@174(p0.73);1008@189(p0.40);1132@174(p0.67);1700@174(p1.00);2409@171(p0.87);3221@166(p0.39);3618@164(p0.90);4307@161(p1.00);5127@201(p1.00);6855@91(p1.00);9166@91(p1.00)
WesternSahara,17.75,-12.75,WesternSahara_lat17p75_lon-12p75,2000.0,1909.8,241.2,0.613,0.325,True,high,4.5,19,105@216(p0.30);125@214(p0.22);157@211(p0.18);198@211(p0.33);315@211(p0.44);398@101(p0.35);532@211(p0.49);633@229(p0.20);799@219(p0.97);1132@209(p0.50);1604@229(p0.45);1910@241(p0.61);2273@176(p0.24);2706@259(p0.37);3414@209(p0.92);4064@261(p1.00);5434@101(p1.00);6103@206(p1.00);7700@214(p1.00)
WesternSahara,17.75,-11.25,WesternSahara_lat17p75_lon-11p25,1900.0,1700.3,183.8,0.576,0.106,True,high,10.5,18,41@249(p0.41);198@251(p0.22);281@164(p0.30);354@156(p0.31);422@159(p0.24);532@156(p0.53);633@169(p0.30);711@159(p0.55);1068@169(p1.00);1514@151(p0.28);1700@184(p0.58);2553@159(p0.59);3618@159(p0.88);4064@241(p0.77);4565@151(p1.00);5127@159(p1.00);6103@154(p1.00);8648@161(p1.00)
WesternSahara,17.75,-11.0,WesternSahara_lat17p75_lon-11p00,1700.0,1802.0,161.2,1.0,1.0,True,high,6.0,15,41@246(p0.19);210@239(p0.17);447@164(p0.30);633@151(p0.63);754@156(p0.24);951@156(p0.41);1068@161(p0.65);1272@171(p0.36);1802@161(p1.00);3040@141(p0.36);3618@159(p0.56);4307@189(p0.67);5127@114(p1.00);6468@194(p1.00);8648@251(p1.00)
WesternSahara,17.75,-10.5,WesternSahara_lat17p75_lon-10p50,1200.0,1199.9,111.2,0.215,0.335,True,high,0.0,16,157@249(p1.00);236@249(p0.19);447@266(p0.17);598@109(p0.25);847@174(p0.47);1200@111(p0.22);1514@121(p0.80);1910@151(p0.34);2145@151(p0.47);2868@161(p0.78);3835@189(p0.93);4838@224(p1.00);6103@154(p1.00);6855@181(p1.00);7700@214(p1.00);8648@161(p1.00)
WesternSahara,17.75,-9.75,WesternSahara_lat17p75_lon-09p75,700.0,633.3,181.2,0.238,0.519,True,high,9.5,19,41@181(p0.16);298@181(p0.23);375@181(p0.32);447@181(p0.17);564@181(p0.25);633@181(p0.24);897@181(p0.45);1008@181(p0.45);1132@181(p1.00);2024@181(p0.27);2273@181(p1.00);2706@181(p1.00);3040@181(p0.48);3414@181(p0.48);3835@181(p1.00);4565@181(p1.00);5434@181(p1.00);6855@181(p1.00);8648@181(p1.00)
WesternSahara,17.75,-9.5,WesternSahara_lat17p75_lon-09p50,1700.0,1428.4,108.8,0.614,0.338,True,high,16.0,16,117@246(p1.00);474@134(p0.41);564@246(p0.19);671@244(p0.57);951@251(p0.32);1428@109(p0.61);2024@94(p0.50);2409@254(p0.88);2706@231(p0.88);3414@209(p0.85);3835@214(p0.91);4307@129(p0.40);5127@169(p1.00);6103@154(p1.00);6855@256(p1.00);8648@161(p1.00)
WesternSahara,17.75,-9.25,WesternSahara_lat17p75_lon-09p25,1200.0,1132.2,133.8,0.282,0.424,True,high,5.7,19,157@246(p1.00);315@246(p0.17);375@241(p0.39);474@249(p0.26);671@249(p0.44);799@246(p0.29);951@199(p0.24);1132@134(p0.28);1272@136(p0.66);1604@146(p0.63);2409@201(p0.59);3414@256(p0.87);3835@224(p0.60);4565@121(p0.84);5127@114(p1.00);6103@119(p1.00);6855@104(p1.00);7700@236(p1.00);8648@109(p1.00)
WesternSahara,17.75,-9.0,WesternSahara_lat17p75_lon-09p00,1300.0,1347.7,123.8,0.341,0.491,True,high,3.7,18,99@254(p1.00);250@229(p0.18);398@244(p0.26);502@251(p0.44);633@261(p0.36);754@256(p0.29);1008@251(p0.73);1132@251(p0.25);1348@124(p0.34);1802@164(p0.19);2409@254(p0.35);2868@251(p0.82);3835@261(p0.90);4565@261(p0.98);5434@181(p1.00);6103@241(p1.00);6855@91(p1.00);8648@181(p1.00)
WesternSahara,17.75,-8.75,WesternSahara_lat17p75_lon-08p75,400.0,334.3,253.8,0.221,0.785,True,high,16.4,19,93@249(p0.71);250@246(p0.30);334@254(p0.22);532@91(p0.32);598@251(p0.21);754@246(p0.19);897@264(p0.47);1008@196(p0.39);1132@254(p0.40);1604@249(p1.00);2024@256(p0.58);2273@261(p0.93);2706@264(p0.83);3414@256(p0.72);3835@99(p0.43);4565@91(p1.00);5127@246(p1.00);6855@91(p1.00);8648@251(p1.00)
WesternSahara,17.75,-8.5,WesternSahara_lat17p75_lon-08p50,1800.0,1909.8,256.2,0.292,0.531,True,high,6.1,19,148@249(p0.74);281@186(p0.24);334@236(p0.17);447@166(p0.30);502@246(p0.19);754@171(p0.32);951@236(p0.43);1200@256(p0.67);1604@254(p1.00);1910@256(p0.29);2409@154(p0.38);2706@224(p0.98);3414@264(p0.76);4307@231(p0.16);4838@224(p0.85);5434@91(p1.00);6103@154(p1.00);6855@256(p1.00);8648@109(p1.00)
WesternSahara,17.75,-8.25,WesternSahara_lat17p75_lon-08p25,1600.0,1428.4,118.8,0.247,0.621,True,high,10.7,18,99@249(p0.61);315@246(p0.19);474@91(p0.25);671@259(p0.38);897@251(p0.45);1132@246(p1.00);1272@246(p0.29);1428@119(p0.25);1910@244(p0.18);2409@144(p0.62);3040@241(p0.85);3618@246(p0.35);4307@199(p0.28);5127@246(p1.00);6103@241(p1.00);6855@256(p1.00);7700@146(p1.00);8648@251(p1.00)
WesternSahara,17.75,-5.5,WesternSahara_lat17p75_lon-05p50,30.0,39.0,243.8,0.844,0.976,False,low,29.9,17,39@244(p0.84);157@231(p0.26);210@234(p0.16);334@249(p0.19);447@241(p0.39);564@241(p0.42);799@251(p0.68);1272@241(p0.99);1514@254(p0.57);2145@246(p0.52);3040@109(p0.62);3618@114(p0.55);4064@241(p0.87);4565@171(p0.83);6103@154(p1.00);7700@236(p1.00);8648@251(p1.00)
WesternSahara,17.75,-4.5,WesternSahara_lat17p75_lon-04p50,600.0,633.3,258.8,0.188,0.258,True,high,5.6,15,125@259(p1.00);375@251(p0.48);447@246(p0.34);532@246(p0.16);633@259(p0.19);951@244(p0.32);1348@244(p0.54);1910@244(p0.57);2553@96(p0.87);2868@246(p0.37);3414@131(p0.89);4307@144(p1.00);5127@191(p1.00);6855@256(p1.00);8648@161(p1.00)
WesternSahara,17.75,-4.25,WesternSahara_lat17p75_lon-04p25,400.0,375.5,248.8,0.177,0.309,True,high,6.1,20,105@259(p1.00);250@249(p0.17);281@241(p0.26);315@254(p0.31);375@249(p0.18);598@259(p0.48);754@239(p0.21);847@244(p0.39);1132@251(p0.76);1272@256(p0.22);1428@249(p0.27);1700@134(p0.16);1910@256(p0.30);2273@91(p0.58);3040@256(p0.52);3414@256(p0.33);4565@181(p1.00);5434@181(p1.00);6855@104(p1.00);8648@251(p1.00)
WesternSahara,18.0,-13.0,WesternSahara_lat18p00_lon-13p00,300.0,280.8,91.2,0.256,0.227,True,high,6.4,14,281@91(p0.26);633@91(p0.25);1008@91(p0.42);1200@91(p0.43);1514@91(p1.00);2273@91(p0.98);2553@91(p1.00);3040@91(p0.77);3414@91(p1.00);4064@91(p1.00);4565@91(p1.00);5759@91(p1.00);6855@91(p1.00);9166@91(p1.00)
WesternSahara,18.0,-10.5,WesternSahara_lat18p00_lon-10p50,1600.0,1428.4,91.2,1.0,1.0,True,high,10.7,18,41@249(p0.18);99@254(p0.26);281@91(p0.20);502@91(p0.51);633@91(p0.28);754@91(p0.31);1008@91(p0.78);1132@91(p0.34);1428@91(p1.00);2024@91(p0.91);2553@91(p1.00);3040@91(p0.61);3414@91(p1.00);4064@91(p1.00);4565@91(p1.00);5434@91(p1.00);6855@91(p1.00);9166@91(p1.00)
WesternSahara,18.0,-8.75,WesternSahara_lat18p00_lon-08p75,1800.0,1802.0,91.2,0.28,0.972,True,high,0.1,21,125@91(p0.19);148@91(p0.16);166@91(p0.15);223@91(p0.18);354@91(p0.25);564@91(p0.33);711@91(p0.50);897@91(p0.31);1008@91(p0.44);1132@91(p0.48);1348@91(p1.00);1802@91(p0.28);2024@91(p0.99);2706@91(p1.00);3040@91(p1.00);3414@91(p1.00);4064@91(p1.00);4565@91(p1.00);5434@91(p1.00);6855@91(p1.00);9166@91(p1.00)
WesternSahara,18.0,-8.5,WesternSahara_lat18p00_lon-08p50,1500.0,1428.4,91.2,0.492,0.927,True,high,4.8,16,250@91(p0.27);375@91(p0.30);532@91(p0.57);847@91(p0.58);1132@91(p1.00);1428@91(p0.49);1700@91(p0.25);2145@91(p0.98);2706@91(p0.99);3040@91(p1.00);3414@91(p1.00);4064@91(p1.00);4565@91(p1.00);5434@91(p1.00);6855@91(p1.00);9166@91(p1.00)
WesternSahara,18.0,-8.25,WesternSahara_lat18p00_lon-08p25,1400.0,1428.4,91.2,1.0,1.0,True,high,2.0,17,474@91(p0.18);564@91(p0.30);633@91(p0.32);711@91(p0.23);799@91(p0.53);1008@91(p0.45);1132@91(p0.51);1428@91(p1.00);2024@91(p1.00);2553@91(p1.00);3040@91(p1.00);3414@91(p1.00);4064@91(p1.00);4565@91(p1.00);5434@91(p1.00);6855@91(p1.00);9166@91(p1.00)
WesternSahara,18.25,-14.5,WesternSahara_lat18p25_lon-14p50,1600.0,1271.7,228.8,0.905,1.0,True,high,20.5,18,59@201(p0.61);315@219(p0.23);375@209(p0.30);474@226(p0.34);564@219(p0.28);633@204(p0.32);711@239(p0.46);847@156(p0.35);1008@229(p0.53);1272@229(p0.91);2024@234(p0.71);2706@239(p0.36);3414@239(p0.61);3835@236(p1.00);4838@239(p1.00);5434@231(p1.00);6103@241(p1.00);7700@236(p1.00)
WesternSahara,18.25,-14.25,WesternSahara_lat18p25_lon-14p25,1300.0,1347.7,213.8,0.667,0.884,True,high,3.7,16,66@214(p0.61);250@231(p0.31);447@234(p0.18);671@226(p0.28);799@176(p0.56);897@109(p0.54);1132@231(p0.96);1348@214(p0.67);1700@256(p0.64);2409@239(p0.39);3040@241(p0.57);3835@254(p1.00);4838@201(p1.00);5434@181(p1.00);6103@206(p1.00);7700@236(p1.00)
WesternSahara,18.25,-13.75,WesternSahara_lat18p25_lon-13p75,1800.0,1513.8,128.8,0.696,0.325,True,high,15.9,15,49@216(p0.85);148@196(p0.28);198@181(p0.17);474@236(p0.49);754@204(p0.44);951@216(p0.72);1272@194(p0.45);1514@129(p0.70);2553@101(p0.84);3414@256(p0.26);3835@236(p1.00);4838@224(p1.00);5434@231(p1.00);6468@194(p1.00);7700@236(p1.00)
WesternSahara,18.25,-13.5,WesternSahara_lat18p25_lon-13p50,1400.0,1428.4,206.2,0.666,0.477,True,high,2.0,15,132@209(p0.16);187@199(p1.00);447@94(p0.29);754@241(p0.62);951@206(p0.50);1428@206(p0.67);1802@206(p0.47);2024@239(p0.57);2553@164(p0.68);2868@246(p0.35);3221@214(p0.47);5434@231(p1.00);6103@206(p1.00);7700@211(p1.00);8648@199(p1.00)
WesternSahara,18.25,-13.25,WesternSahara_lat18p25_lon-13p25,1600.0,1513.8,183.8,0.279,0.656,True,high,5.4,17,250@234(p0.58);354@204(p0.26);633@199(p0.48);754@159(p0.34);1132@216(p1.00);1514@184(p0.28);1700@151(p0.55);2024@211(p0.46);2409@106(p0.71);2868@251(p0.82);3835@254(p0.87);4307@231(p0.96);4838@121(p1.00);5434@101(p0.49);6103@241(p1.00);7700@214(p1.00);8648@251(p1.00)
WesternSahara,18.25,-12.5,WesternSahara_lat18p25_lon-12p50,400.0,375.5,196.2,0.488,0.226,True,high,6.1,17,117@219(p0.16);198@179(p0.23);281@164(p0.31);375@196(p0.49);671@181(p0.58);1132@171(p0.94);1348@124(p0.40);1910@181(p1.00);2273@139(p1.00);2706@209(p0.97);3040@96(p1.00);3414@181(p1.00);3835@146(p1.00);4307@144(p1.00);5434@144(p1.00);6855@256(p1.00);9166@181(p1.00)
WesternSahara,18.25,-10.5,WesternSahara_lat18p25_lon-10p50,1500.0,1428.4,266.2,1.0,1.0,True,high,4.8,20,223@221(p0.29);265@254(p0.23);398@254(p0.35);447@251(p0.18);532@239(p0.34);633@209(p0.20);711@94(p0.29);799@151(p0.41);1008@91(p0.37);1132@181(p0.62);1428@266(p1.00);1604@91(p0.30);1910@91(p0.92);2553@124(p1.00);3414@229(p1.00);4064@241(p1.00);4565@261(p1.00);5434@259(p1.00);6855@256(p1.00);9166@91(p1.00)
WesternSahara,18.25,-9.75,WesternSahara_lat18p25_lon-09p75,500.0,447.0,181.2,0.165,0.274,True,high,10.6,18,166@181(p0.20);187@181(p0.15);354@181(p0.31);447@181(p0.17);564@181(p0.25);633@181(p0.26);897@181(p0.44);1008@181(p0.43);1132@181(p1.00);1910@181(p0.32);2409@181(p0.65);2706@181(p1.00);3414@181(p1.00);3835@181(p1.00);4307@181(p1.00);5434@181(p1.00);6468@181(p1.00);8648@181(p1.00)
WesternSahara,18.25,-9.5,WesternSahara_lat18p25_lon-09p50,700.0,711.4,156.2,0.443,0.206,True,high,1.6,16,111@249(p1.00);223@251(p0.22);354@249(p0.16);474@134(p0.17);711@156(p0.44);951@241(p0.22);1068@259(p0.68);1604@94(p0.22);1910@256(p0.78);2409@136(p0.57);2706@254(p0.95);3414@256(p0.94);5127@169(p1.00);6103@241(p1.00);6855@256(p1.00);8648@251(p1.00)
WesternSahara,18.25,-9.25,WesternSahara_lat18p25_lon-09p25,700.0,671.2,148.8,0.224,0.302,True,high,4.1,18,117@251(p1.00);354@244(p0.21);447@129(p0.62);564@256(p0.43);671@149(p0.22);1068@241(p0.35);1272@244(p0.70);2145@246(p0.69);2409@249(p0.69);2868@251(p0.26);3221@249(p0.26);3835@254(p0.65);4307@251(p0.69);5127@246(p1.00);6103@119(p1.00);6855@104(p1.00);7700@124(p1.00);8648@251(p1.00)
WesternSahara,18.25,-9.0,WesternSahara_lat18p25_lon-09p00,500.0,502.0,181.2,0.434,0.92,True,high,0.4,19,176@249(p0.44);422@249(p0.40);502@181(p0.43);633@181(p1.00);754@181(p0.31);897@181(p0.18);1068@181(p0.49);1272@181(p0.40);1514@181(p0.67);1802@181(p0.97);2024@181(p0.27);2409@181(p1.00);2868@181(p0.99);3221@181(p1.00);3835@181(p1.00);4307@181(p1.00);5434@181(p1.00);6468@181(p1.00);8648@181(p1.00)
WesternSahara,18.25,-8.75,WesternSahara_lat18p25_lon-08p75,1300.0,1347.7,186.2,0.659,0.809,True,high,3.7,15,198@201(p0.21);315@181(p0.50);398@234(p0.40);502@179(p0.26);633@186(p0.20);711@209(p0.19);897@236(p0.18);1348@186(p0.66);1700@199(p0.44);2145@246(p1.00);2868@219(p0.51);3414@209(p1.00);4064@206(p0.92);6103@206(p1.00);8648@251(p1.00)
WesternSahara,18.25,-8.5,WesternSahara_lat18p25_lon-08p50,1600.0,1604.3,143.8,0.218,0.232,True,high,0.3,20,117@244(p1.00);265@234(p0.25);334@259(p0.31);398@236(p0.22);474@96(p0.15);532@246(p0.50);847@249(p0.75);1068@161(p0.22);1200@234(p0.29);1604@144(p0.22);2024@146(p0.79);2409@241(p0.54);2868@141(p0.54);3414@104(p0.37);3835@254(p0.81);5127@246(p1.00);6103@241(p1.00);6855@256(p1.00);7700@124(p1.00);8648@181(p1.00)
WesternSahara,18.25,-8.25,WesternSahara_lat18p25_lon-08p25,1700.0,1909.8,248.8,0.673,0.419,True,high,12.3,22,83@251(p1.00);210@246(p0.30);281@234(p0.16);334@244(p0.41);474@251(p0.22);564@246(p0.32);711@249(p0.53);799@251(p0.36);897@239(p0.44);1068@261(p0.59);1200@249(p0.24);1428@91(p0.84);1910@249(p0.67);2409@254(p0.82);2706@264(p0.22);3040@264(p0.63);3414@256(p0.71);4307@251(p0.47);4838@239(p1.00);6103@119(p1.00);6855@256(p1.00);8648@251(p1.00)
WesternSahara,18.25,-6.5,WesternSahara_lat18p25_lon-06p50,600.0,633.3,243.8,0.404,0.389,True,high,5.6,18,93@224(p0.95);223@234(p0.19);298@241(p0.23);447@254(p0.45);502@264(p0.16);633@244(p0.40);1132@251(p0.29);1514@219(p0.38);1700@256(p0.21);2024@241(p0.63);2273@171(p0.31);2706@144(p0.33);3040@154(p0.63);3835@146(p0.55);4838@224(p1.00);5434@181(p1.00);6103@154(p1.00);7700@146(p1.00)
WesternSahara,18.25,-6.25,WesternSahara_lat18p25_lon-06p25,500.0,421.7,251.2,0.52,0.46,True,high,15.7,19,88@244(p1.00);375@239(p0.27);422@251(p0.52);633@234(p0.50);799@251(p0.23);1068@91(p0.47);1200@91(p0.34);1514@241(p0.76);1910@254(p0.61);2409@249(p0.45);2868@114(p0.56);3221@194(p0.50);3618@246(p0.67);4064@261(p0.60);4838@121(p1.00);5434@169(p0.74);6103@119(p1.00);7700@214(p1.00);8648@109(p1.00)
WesternSahara,18.25,-5.75,WesternSahara_lat18p25_lon-05p75,800.0,711.4,238.8,0.475,0.41,True,high,11.1,17,105@244(p1.00);265@249(p0.21);447@239(p0.27);711@239(p0.48);897@241(p0.27);1008@251(p0.29);1272@241(p0.54);1700@251(p0.77);2024@169(p0.50);2706@129(p0.16);3040@264(p0.56);3618@91(p0.58);4064@154(p0.76);5434@169(p0.98);6103@154(p1.00);7700@146(p1.00);8648@161(p1.00)
WesternSahara,18.25,-5.5,WesternSahara_lat18p25_lon-05p50,700.0,799.0,248.8,0.774,0.281,True,high,14.1,18,78@231(p1.00);236@246(p0.17);281@231(p0.27);354@246(p0.32);422@229(p0.21);598@234(p0.39);799@249(p0.77);951@229(p0.53);1132@261(p0.35);1428@231(p0.72);2409@231(p0.68);3040@154(p0.20);3835@214(p0.79);4307@216(p0.89);5127@246(p0.60);6103@154(p1.00);7700@146(p1.00);8648@161(p1.00)
WesternSahara,18.25,-5.0,WesternSahara_lat18p25_lon-05p00,800.0,711.4,248.8,0.525,0.301,True,high,11.1,20,93@249(p1.00);375@251(p0.21);447@254(p0.36);564@249(p0.28);711@249(p0.52);897@239(p0.47);1272@241(p0.67);1428@191(p0.25);1700@101(p0.51);2024@251(p0.79);2409@194(p0.22);2868@114(p0.55);3221@194(p0.85);3835@189(p0.91);4307@189(p0.95);4838@239(p1.00);5434@181(p0.36);6103@206(p1.00);7700@214(p1.00);8648@199(p1.00)
WesternSahara,18.25,-4.5,WesternSahara_lat18p25_lon-04p50,800.0,846.8,243.8,0.428,0.375,True,high,5.8,17,99@249(p1.00);447@251(p0.36);564@249(p0.28);633@249(p0.60);711@246(p0.42);847@244(p0.43);1068@256(p0.55);1428@91(p0.70);1802@251(p0.75);2409@111(p0.28);2706@254(p0.92);3040@104(p0.30);4307@189(p0.42);4838@239(p1.00);6103@241(p1.00);6855@181(p1.00);8648@161(p1.00)
WesternSahara,18.5,-14.5,WesternSahara_lat18p50_lon-14p50,900.0,897.4,226.2,0.617,0.971,True,high,0.3,17,55@206(p0.54);148@239(p0.19);265@226(p0.30);354@221(p0.27);398@244(p0.18);633@239(p0.19);897@226(p0.62);1008@266(p0.16);1272@231(p0.26);1604@236(p0.87);2409@239(p0.59);3414@239(p0.84);3835@236(p1.00);4838@136(p1.00);5434@259(p1.00);6103@241(p1.00);7700@236(p1.00)
WesternSahara,18.5,-14.25,WesternSahara_lat18p50_lon-14p25,1000.0,1068.3,226.2,0.446,0.96,True,high,6.8,22,55@221(p0.67);198@234(p0.17);236@231(p0.19);281@229(p0.33);375@231(p0.16);447@231(p0.30);502@216(p0.17);598@226(p0.59);897@229(p0.92);1068@226(p0.45);1348@171(p0.47);1700@151(p0.46);2145@199(p0.85);2409@206(p0.74);2706@231(p0.22);3221@224(p0.98);3835@236(p1.00);4307@251(p1.00);4838@239(p1.00);5434@259(p1.00);6468@136(p1.00);7700@236(p1.00)
WesternSahara,18.5,-13.75,WesternSahara_lat18p50_lon-13p75,1400.0,1347.7,218.8,0.522,0.541,True,high,3.7,16,176@244(p0.30);398@241(p0.35);474@246(p0.56);633@186(p0.21);847@244(p1.00);1068@199(p0.21);1348@219(p0.52);2553@196(p0.28);2868@219(p0.53);3414@151(p0.41);4307@189(p0.48);5127@246(p1.00);6103@119(p1.00);6855@91(p1.00);7700@149(p1.00);8648@181(p1.00)
WesternSahara,18.5,-13.5,WesternSahara_lat18p50_lon-13p50,1600.0,1513.8,231.2,0.897,1.0,True,high,5.4,19,52@231(p0.18);140@221(p0.80);210@231(p0.17);250@219(p0.30);315@221(p0.19);447@229(p0.49);633@261(p0.35);754@119(p0.21);897@139(p0.22);1068@116(p0.36);1514@231(p0.90);2024@176(p0.82);2409@176(p0.62);2706@156(p0.71);4064@241(p1.00);4838@201(p1.00);5434@129(p1.00);6468@224(p1.00);7700@236(p1.00)
WesternSahara,18.5,-13.25,WesternSahara_lat18p50_lon-13p25,2200.0,1909.8,118.8,0.546,0.474,True,high,13.2,16,157@244(p1.00);250@239(p0.26);315@241(p0.35);375@246(p0.22);502@249(p0.38);633@224(p0.25);754@249(p0.59);1348@254(p0.73);1700@264(p0.27);1910@119(p0.55);2868@161(p0.66);4064@206(p0.87);5434@101(p1.00);6103@241(p1.00);6855@91(p1.00);8648@251(p1.00)
WesternSahara,18.5,-13.0,WesternSahara_lat18p50_lon-13p00,1100.0,1068.3,241.2,0.185,0.571,True,high,2.9,17,93@249(p0.45);210@249(p0.20);315@239(p0.26);447@244(p0.49);532@249(p0.36);671@241(p0.76);951@256(p0.45);1068@241(p0.18);1348@236(p1.00);1700@146(p0.20);2145@246(p0.49);2868@251(p0.71);4838@239(p1.00);6103@119(p1.00);6855@256(p1.00);7700@236(p1.00);8648@251(p1.00)
WesternSahara,18.5,-12.75,WesternSahara_lat18p50_lon-12p75,1500.0,1347.7,236.2,0.603,0.898,True,high,10.2,19,210@241(p0.37);398@241(p0.23);532@244(p0.66);711@241(p0.47);847@239(p0.79);1008@91(p0.15);1200@241(p0.38);1348@236(p0.60);1700@231(p0.21);2024@154(p0.33);2273@241(p0.25);2553@241(p1.00);2868@246(p0.25);4307@216(p0.81);4838@239(p1.00);5434@231(p0.15);6103@241(p1.00);7700@236(p1.00);8648@251(p1.00)
WesternSahara,18.5,-12.5,WesternSahara_lat18p50_lon-12p50,1700.0,1604.3,191.2,0.596,0.948,True,high,5.6,18,223@191(p0.48);334@244(p0.25);398@191(p0.23);447@239(p0.17);502@191(p0.43);564@244(p0.24);711@191(p0.37);799@191(p0.32);1068@191(p0.17);1200@199(p1.00);1604@191(p0.60);2024@189(p0.74);2868@191(p0.93);3414@186(p0.72);4307@189(p1.00);5127@191(p1.00);6468@194(p1.00);8648@199(p1.00)
WesternSahara,18.5,-10.25,WesternSahara_lat18p50_lon-10p25,2000.0,2273.3,208.8,0.45,0.533,True,high,13.7,16,93@216(p0.19);187@211(p0.27);250@209(p0.35);447@211(p0.33);564@164(p0.22);633@221(p0.27);847@209(p0.87);1132@209(p0.72);1604@216(p1.00);2273@209(p0.45);2868@211(p0.57);4307@231(p0.70);5434@91(p1.00);6103@154(p1.00);7700@124(p1.00);8648@109(p1.00)
WesternSahara,18.5,-9.75,WesternSahara_lat18p50_lon-09p75,500.0,447.0,181.2,0.155,0.35,True,high,10.6,17,398@181(p0.17);447@181(p0.15);564@181(p0.27);633@181(p0.26);897@181(p0.44);1008@181(p0.44);1132@181(p1.00);1514@181(p0.43);1910@181(p0.39);2409@181(p0.65);2706@181(p1.00);3221@181(p1.00);3835@181(p1.00);4307@181(p1.00);5434@181(p1.00);6468@181(p1.00);8648@181(p1.00)
WesternSahara,18.5,-8.75,WesternSahara_lat18p50_lon-08p75,500.0,563.9,251.2,0.32,0.59,True,high,12.8,20,166@239(p0.16);198@249(p1.00);375@246(p0.47);422@229(p0.29);564@251(p0.32);711@246(p0.40);799@241(p0.38);951@239(p0.41);1132@246(p0.34);1348@241(p0.51);2024@249(p0.73);2409@231(p0.55);3414@239(p0.61);3835@236(p0.20);4565@91(p0.95);5127@191(p1.00);6103@241(p1.00);6855@91(p1.00);7700@124(p1.00);8648@251(p1.00)
WesternSahara,18.5,-8.5,WesternSahara_lat18p50_lon-08p50,500.0,502.0,243.8,0.389,0.712,True,high,0.4,17,111@249(p0.32);198@246(p0.53);250@244(p0.25);334@241(p0.46);398@241(p0.27);502@244(p0.39);633@236(p0.48);951@241(p0.73);1428@236(p1.00);1700@206(p0.23);2024@189(p0.37);2706@239(p0.79);4307@251(p0.95);5127@246(p1.00);6103@241(p1.00);7700@236(p1.00);8648@251(p1.00)
WesternSahara,18.5,-7.5,WesternSahara_lat18p50_lon-07p50,300.0,265.0,241.2,0.274,0.225,True,high,11.7,19,88@239(p1.00);265@241(p0.27);422@231(p0.32);502@244(p0.27);598@244(p0.26);847@241(p0.55);1132@241(p0.58);1348@219(p0.33);1514@231(p0.76);1700@231(p0.38);2145@194(p0.59);2409@249(p0.51);2868@219(p0.89);3221@234(p0.47);3835@236(p0.71);5127@114(p1.00);6103@206(p1.00);7700@236(p1.00);8648@251(p1.00)
WesternSahara,18.5,-7.0,WesternSahara_lat18p50_lon-07p00,600.0,532.0,248.8,0.243,0.378,True,high,11.3,18,88@241(p1.00);422@259(p0.50);532@249(p0.24);754@251(p0.30);847@264(p0.35);1008@251(p0.61);1272@264(p0.41);1700@259(p0.52);2409@154(p0.29);2706@181(p0.52);3040@181(p0.42);3414@104(p0.87);4064@154(p0.34);4565@91(p0.97);5127@191(p1.00);6103@154(p1.00);6855@181(p1.00);8648@109(p1.00)
WesternSahara,18.5,-6.75,WesternSahara_lat18p50_lon-06p75,700.0,671.2,231.2,0.358,0.411,True,high,4.1,17,105@229(p0.97);250@246(p0.27);281@254(p0.21);375@236(p0.36);502@231(p0.50);671@231(p0.36);1008@246(p0.50);1200@231(p0.67);1348@261(p0.24);1700@206(p0.64);2273@94(p0.58);2868@91(p0.57);3618@131(p0.78);4064@119(p0.72);4838@239(p1.00);6103@206(p1.00);7700@214(p1.00)
WesternSahara,18.5,-6.5,WesternSahara_lat18p50_lon-06p50,700.0,633.3,248.8,0.426,0.54,True,high,9.5,17,105@231(p0.97);334@251(p0.41);398@236(p0.49);474@259(p0.23);564@241(p0.57);633@249(p0.43);847@236(p0.65);1008@241(p0.33);1200@246(p0.44);1514@254(p0.74);2024@149(p0.21);2553@149(p0.16);3618@131(p0.72);4307@109(p0.98);5127@114(p1.00);6103@241(p1.00);7700@211(p1.00)
WesternSahara,18.5,-6.25,WesternSahara_lat18p50_lon-06p25,700.0,799.0,251.2,0.471,0.443,True,high,14.1,15,78@229(p0.92);375@234(p0.43);474@246(p0.15);598@249(p0.41);799@251(p0.47);1200@231(p0.67);1514@241(p0.66);1802@254(p0.42);2706@231(p0.74);3040@229(p0.40);3618@229(p0.25);4838@224(p1.00);5434@144(p1.00);6468@224(p1.00);7700@211(p1.00)
WesternSahara,18.5,-5.75,WesternSahara_lat18p50_lon-05p75,800.0,711.4,238.8,0.301,0.614,True,high,11.1,18,62@234(p0.40);298@234(p0.17);398@241(p0.20);474@246(p1.00);711@239(p0.30);1008@236(p0.59);1348@246(p0.46);1514@249(p0.34);1802@251(p0.49);2553@241(p0.70);2868@246(p0.32);3618@246(p0.72);4064@241(p0.85);4838@239(p0.82);5434@231(p0.38);6103@241(p1.00);7700@124(p1.00);8648@109(p1.00)
WesternSahara,18.5,-5.5,WesternSahara_lat18p50_lon-05p50,800.0,846.8,248.8,0.675,0.755,True,high,5.8,18,111@241(p0.42);236@244(p0.30);281@239(p1.00);375@246(p0.31);474@249(p0.25);564@241(p0.18);847@249(p0.68);1604@241(p0.72);2273@256(p0.88);2706@254(p0.25);3040@236(p0.85);4064@241(p0.94);4565@251(p0.49);5127@246(p1.00);6103@241(p1.00);6855@256(p1.00);7700@236(p1.00);8648@251(p1.00)
WesternSahara,18.5,-5.25,WesternSahara_lat18p50_lon-05p25,900.0,951.1,253.8,0.416,0.359,True,high,5.7,16,105@244(p1.00);265@244(p0.35);671@249(p0.37);951@254(p0.42);1132@91(p0.24);1272@229(p0.35);1514@244(p0.48);1802@246(p0.72);2553@246(p0.44);3040@236(p0.51);3835@124(p0.82);4838@239(p1.00);6103@119(p1.00);6855@256(p1.00);7700@124(p1.00);8648@109(p1.00)
WesternSahara,18.75,-13.5,WesternSahara_lat18p75_lon-13p50,1300.0,1132.2,231.2,0.816,0.977,True,high,12.9,19,59@226(p0.49);210@256(p0.18);265@101(p0.24);298@109(p0.18);375@96(p0.36);532@246(p0.68);671@119(p0.51);847@236(p0.39);1132@231(p0.82);1514@244(p1.00);1700@114(p0.30);2409@239(p0.74);3221@161(p0.83);3618@196(p0.58);4307@251(p0.94);5127@246(p1.00);6103@206(p1.00);7700@211(p1.00);8648@199(p1.00)
WesternSahara,18.75,-13.25,WesternSahara_lat18p75_lon-13p25,1600.0,1700.3,246.2,0.322,0.752,True,high,6.3,18,59@254(p0.31);198@249(p0.17);236@244(p0.19);315@259(p0.31);502@251(p0.27);671@249(p0.49);847@239(p0.31);1068@251(p0.29);1428@246(p1.00);1700@246(p0.32);2145@256(p0.29);2409@241(p0.39);2706@254(p0.31);4307@251(p0.91);5434@129(p1.00);6103@206(p1.00);6855@181(p1.00);8648@199(p1.00)
WesternSahara,18.75,-13.0,WesternSahara_lat18p75_lon-13p00,1800.0,1909.8,116.2,0.441,0.544,True,high,6.1,16,88@251(p0.53);265@251(p0.17);474@261(p0.31);633@251(p0.48);711@239(p0.16);1008@261(p1.00);1200@241(p0.53);1604@249(p0.41);1910@116(p0.44);2409@154(p0.40);2706@144(p0.69);3414@181(p0.75);4307@231(p0.49);5127@246(p1.00);6855@181(p1.00);8648@251(p1.00)
WesternSahara,18.75,-12.75,WesternSahara_lat18p75_lon-12p75,1500.0,1513.8,221.2,0.258,0.805,True,high,0.9,17,88@249(p0.47);334@251(p0.29);447@246(p0.59);711@231(p0.17);897@241(p0.54);1008@96(p0.24);1200@221(p1.00);1514@221(p0.26);1910@224(p0.43);2553@196(p0.65);3414@174(p0.58);4064@206(p0.20);4838@224(p1.00);6103@206(p1.00);6855@181(p1.00);7700@211(p1.00);8648@199(p1.00)
WesternSahara,18.75,-12.25,WesternSahara_lat18p75_lon-12p25,1500.0,1428.4,263.8,0.153,0.796,True,high,4.8,21,88@246(p0.40);187@249(p0.18);250@136(p0.21);298@256(p0.20);398@256(p0.61);564@249(p0.44);633@91(p0.16);711@249(p0.18);847@264(p0.31);1008@214(p0.19);1200@94(p0.23);1428@264(p0.15);1604@259(p1.00);1910@111(p0.28);2553@246(p0.44);2868@246(p0.57);3414@104(p0.72);4565@209(p0.47);5127@246(p1.00);6855@256(p1.00);8648@251(p1.00)
WesternSahara,18.75,-10.5,WesternSahara_lat18p75_lon-10p50,300.0,334.3,93.8,0.219,0.752,True,high,11.4,19,132@241(p0.66);334@94(p0.22);502@251(p0.16);671@111(p0.32);799@239(p1.00);1068@249(p0.46);1272@251(p0.48);1910@249(p0.66);2145@236(p0.16);2409@111(p0.46);2868@91(p0.39);3221@234(p0.40);3618@246(p0.87);4307@251(p0.20);5127@246(p1.00);6103@241(p1.00);6855@256(p1.00);7700@236(p1.00);8648@199(p1.00)
WesternSahara,18.75,-10.25,WesternSahara_lat18p75_lon-10p25,500.0,532.0,143.8,0.253,0.906,True,high,6.4,18,140@224(p1.00);250@244(p0.18);298@241(p0.34);398@196(p0.22);532@144(p0.25);633@246(p0.59);951@256(p0.23);1132@246(p0.44);1428@221(p0.27);1910@181(p0.58);2409@239(p0.74);3618@164(p0.59);4064@206(p0.95);5127@246(p1.00);6103@241(p1.00);6855@256(p1.00);7700@236(p1.00);8648@251(p1.00)
WesternSahara,18.75,-9.75,WesternSahara_lat18p75_lon-09p75,500.0,447.0,181.2,0.155,0.329,True,high,10.6,18,250@181(p0.19);398@181(p0.17);447@181(p0.15);564@181(p0.25);633@181(p0.25);897@181(p0.45);1008@181(p0.45);1132@181(p1.00);1428@181(p0.37);1910@181(p0.36);2409@181(p0.67);2706@181(p1.00);3221@181(p1.00);3835@181(p1.00);4307@181(p1.00);5434@181(p1.00);6468@181(p1.00);8648@181(p1.00)
WesternSahara,18.75,-9.5,WesternSahara_lat18p75_lon-09p50,700.0,711.4,248.8,0.447,0.205,True,high,1.6,16,93@239(p0.18);148@241(p1.00);315@241(p0.24);375@241(p0.29);532@241(p0.56);711@249(p0.45);799@234(p0.25);951@241(p0.47);1604@249(p0.87);2273@234(p0.67);2868@246(p0.86);4565@209(p0.41);5434@91(p1.00);6103@154(p1.00);7700@124(p1.00);8648@161(p1.00)
WesternSahara,18.75,-9.25,WesternSahara_lat18p75_lon-09p25,800.0,846.8,243.8,0.559,0.493,True,high,5.8,17,166@246(p1.00);375@251(p0.38);502@239(p0.31);847@244(p0.56);1132@249(p0.72);1514@256(p0.43);2024@251(p0.40);2409@241(p0.77);2706@239(p0.46);3040@256(p0.26);4064@241(p0.58);4565@91(p0.44);5127@246(p1.00);6103@241(p1.00);6855@91(p1.00);7700@124(p1.00);8648@251(p1.00)
WesternSahara,18.75,-8.5,WesternSahara_lat18p75_lon-08p50,100.0,110.9,248.8,0.165,0.482,True,high,10.9,17,111@249(p0.17);157@244(p0.39);298@236(p0.52);422@254(p0.42);532@241(p0.16);633@239(p0.48);754@241(p1.00);1068@239(p0.57);1428@91(p0.80);2409@239(p0.90);3221@224(p0.81);3835@236(p0.32);4565@121(p0.85);5434@231(p1.00);6103@119(p1.00);7700@124(p1.00);8648@109(p1.00)
WesternSahara,18.75,-8.25,WesternSahara_lat18p75_lon-08p25,100.0,93.1,256.2,1.0,1.0,True,high,6.9,18,93@256(p1.00);117@254(p0.15);298@249(p0.23);334@249(p0.23);598@259(p0.30);711@246(p0.27);847@264(p0.49);1068@244(p0.41);1348@254(p0.41);1700@251(p0.62);2553@259(p0.52);2868@246(p0.39);3414@256(p0.86);3835@124(p0.59);4565@209(p1.00);5434@91(p1.00);6855@91(p1.00);8648@251(p1.00)
WesternSahara,18.75,-7.75,WesternSahara_lat18p75_lon-07p75,700.0,711.4,238.8,0.39,0.225,True,high,1.6,20,93@251(p1.00);210@249(p0.26);315@241(p0.15);375@239(p0.27);447@244(p0.23);711@239(p0.39);847@249(p0.41);1008@241(p0.70);1200@234(p0.33);1428@121(p0.25);1802@259(p0.61);2409@111(p0.50);2868@251(p0.19);3414@121(p0.21);3835@254(p0.77);4307@144(p0.42);5127@191(p1.00);6103@241(p1.00);7700@124(p1.00);8648@161(p1.00)
WesternSahara,18.75,-7.5,WesternSahara_lat18p75_lon-07p50,700.0,799.0,243.8,0.38,0.223,True,high,14.1,20,62@239(p0.99);315@241(p0.20);375@246(p0.45);447@241(p0.17);532@236(p0.28);598@246(p0.39);799@244(p0.38);951@241(p0.64);1132@266(p0.18);1272@259(p0.35);1604@234(p0.71);2145@256(p0.55);2868@174(p0.16);3414@239(p0.87);3835@189(p0.88);4307@216(p0.85);4838@224(p0.18);5434@216(p1.00);6103@119(p1.00);7700@149(p1.00)
WesternSahara,18.75,-7.25,WesternSahara_lat18p75_lon-07p25,600.0,633.3,193.8,0.236,0.568,True,high,5.6,19,117@251(p0.51);422@194(p0.21);502@194(p0.20);564@194(p0.18);633@194(p0.24);754@194(p0.24);951@191(p0.47);1068@194(p0.36);1428@191(p0.34);1700@191(p1.00);2024@191(p0.38);2553@191(p0.91);2868@191(p0.94);3221@194(p1.00);3618@196(p1.00);4307@199(p1.00);5127@191(p1.00);6468@194(p1.00);8648@199(p1.00)
WesternSahara,18.75,-7.0,WesternSahara_lat18p75_lon-07p00,700.0,563.9,241.2,0.56,0.482,True,high,19.4,14,83@259(p1.00);334@259(p0.40);474@256(p0.41);564@241(p0.56);847@264(p0.18);1008@264(p0.54);1200@244(p0.17);1514@224(p0.75);2553@259(p0.51);3414@141(p0.74);4064@154(p0.98);5127@191(p1.00);6855@181(p1.00);8648@181(p1.00)
WesternSahara,18.75,-6.75,WesternSahara_lat18p75_lon-06p75,600.0,597.6,248.8,0.485,0.532,True,high,0.4,16,88@231(p0.98);334@239(p0.27);447@241(p0.24);598@249(p0.48);711@239(p0.63);951@229(p0.62);1132@249(p0.47);1514@94(p0.58);1700@246(p0.33);1910@249(p0.35);2273@134(p0.50);3618@229(p0.85);4307@231(p0.21);5434@101(p1.00);6103@119(p1.00);7700@124(p1.00)
WesternSahara,18.75,-6.5,WesternSahara_lat18p75_lon-06p50,100.0,69.7,236.2,0.654,0.913,False,low,30.3,16,70@236(p0.65);375@246(p1.00);532@229(p0.25);951@254(p0.65);1200@236(p0.41);1514@251(p0.42);1910@266(p0.73);2868@124(p0.73);3414@239(p0.34);3835@189(p0.89);4307@251(p0.51);5127@246(p1.00);6103@206(p1.00);6855@104(p1.00);7700@124(p1.00);8648@251(p1.00)
WesternSahara,18.75,-6.25,WesternSahara_lat18p75_lon-06p25,100.0,87.9,231.2,0.927,1.0,True,high,12.1,15,88@231(p0.93);298@234(p0.30);375@241(p0.33);474@239(p0.49);598@241(p0.61);1200@241(p0.76);1514@236(p0.69);1802@246(p0.72);2409@194(p0.24);3221@234(p0.91);3618@229(p0.37);4838@224(p1.00);5434@216(p1.00);6103@241(p1.00);7700@124(p1.00)
WesternSahara,19.0,-12.75,WesternSahara_lat19p00_lon-12p75,2000.0,2145.0,246.2,0.635,0.762,True,high,7.3,22,62@244(p0.80);265@244(p0.15);398@246(p0.26);474@244(p0.34);532@244(p0.29);598@236(p0.21);754@241(p0.30);897@244(p0.64);1132@249(p0.57);1348@259(p0.36);1802@246(p1.00);2145@246(p0.63);2553@236(p0.34);3040@256(p0.19);3414@96(p0.97);3835@211(p0.47);4307@216(p0.99);5127@246(p1.00);6103@206(p1.00);6855@256(p1.00);7700@211(p1.00);8648@181(p1.00)
WesternSahara,19.0,-12.25,WesternSahara_lat19p00_lon-12p25,1300.0,1271.7,246.2,0.679,0.758,True,high,2.2,18,78@236(p0.43);166@244(p0.22);223@246(p0.16);265@236(p0.36);375@241(p0.32);502@234(p0.23);598@226(p0.29);711@236(p0.51);897@254(p0.54);1132@249(p0.71);1272@246(p0.68);2024@241(p1.00);2553@236(p0.33);4064@241(p0.57);4838@239(p1.00);6103@241(p1.00);7700@236(p1.00);8648@251(p1.00)
WesternSahara,19.0,-10.5,WesternSahara_lat19p00_lon-10p50,300.0,315.4,233.8,0.332,0.301,True,high,5.1,17,125@236(p0.99);315@234(p0.33);422@229(p0.16);633@264(p0.17);754@241(p0.32);847@246(p0.46);1132@111(p0.33);1348@229(p0.68);1514@199(p0.21);1910@91(p0.63);2409@224(p0.68);2706@96(p0.57);3414@239(p0.61);3835@234(p0.16);4838@224(p1.00);6103@154(p1.00);7700@234(p1.00)
WesternSahara,19.0,-10.25,WesternSahara_lat19p00_lon-10p25,300.0,297.6,248.8,0.347,0.31,True,high,0.8,17,132@241(p1.00);298@249(p0.35);398@246(p0.15);474@254(p0.36);633@234(p0.30);754@244(p0.48);951@241(p0.72);1428@251(p0.59);1700@246(p0.74);2409@231(p0.50);2868@244(p0.21);3835@171(p0.70);4838@136(p0.31);5434@259(p1.00);6103@206(p1.00);7700@234(p1.00);8648@109(p1.00)
WesternSahara,19.0,-10.0,WesternSahara_lat19p00_lon-10p00,800.0,753.9,171.2,0.181,0.427,True,high,5.8,16,132@234(p0.98);298@244(p0.17);398@156(p0.26);474@236(p0.30);564@156(p0.34);754@171(p0.18);951@156(p0.31);1132@241(p0.47);1604@254(p0.46);2145@261(p0.29);2409@254(p0.18);3414@209(p0.18);4064@91(p0.49);5127@246(p1.00);6103@119(p1.00);7700@236(p1.00)
WesternSahara,19.0,-8.75,WesternSahara_lat19p00_lon-08p75,100.0,82.9,91.2,0.255,0.14,True,high,17.1,21,83@91(p0.25);223@91(p0.25);422@91(p0.21);474@91(p0.22);564@91(p0.18);633@91(p0.24);711@91(p0.32);847@91(p0.18);1008@91(p0.45);1132@91(p0.50);1348@91(p1.00);1802@91(p0.29);2024@91(p1.00);2553@91(p1.00);3040@91(p1.00);3414@91(p1.00);4064@91(p1.00);4565@91(p1.00);5434@91(p1.00);6855@91(p1.00);9166@91(p1.00)
WesternSahara,19.0,-8.5,WesternSahara_lat19p00_lon-08p50,100.0,421.7,91.2,0.196,0.268,False,low,321.7,18,422@91(p0.20);474@91(p0.19);564@91(p0.22);633@91(p0.24);711@91(p0.50);847@91(p0.18);1008@91(p0.44);1132@91(p0.48);1428@91(p1.00);2024@91(p1.00);2553@91(p1.00);3040@91(p1.00);3414@91(p1.00);4064@91(p1.00);4565@91(p1.00);5434@91(p1.00);6855@91(p1.00);9166@91(p1.00)
WesternSahara,19.0,-8.25,WesternSahara_lat19p00_lon-08p25,100.0,265.0,91.2,0.264,0.165,False,low,165.0,19,265@91(p0.26);375@91(p0.30);564@91(p0.35);633@91(p0.26);711@91(p0.44);847@91(p0.19);1008@91(p0.40);1132@91(p0.44);1428@91(p1.00);1802@91(p0.22);2024@91(p1.00);2553@91(p1.00);3040@91(p1.00);3414@91(p1.00);4064@91(p1.00);4565@91(p1.00);5434@91(p1.00);6855@91(p1.00);9166@91(p1.00)
WesternSahara,19.0,-5.75,WesternSahara_lat19p00_lon-05p75,100.0,117.5,186.2,1.0,1.0,True,high,17.5,19,117@186(p1.00);398@99(p0.20);532@246(p0.40);598@254(p0.19);671@244(p0.34);897@251(p0.49);1132@181(p0.55);1428@261(p0.27);1700@244(p0.34);1910@181(p0.50);2273@181(p0.99);2706@181(p0.91);3040@181(p1.00);3414@181(p1.00);3835@181(p1.00);4565@181(p1.00);5434@181(p1.00);6855@181(p1.00);9166@181(p1.00)
WesternSahara,19.25,-12.75,WesternSahara_lat19p25_lon-12p75,50.0,73.8,238.8,0.432,0.202,False,low,47.6,17,74@239(p0.43);187@224(p0.28);315@251(p0.23);354@259(p0.33);711@91(p0.21);847@209(p0.16);1068@259(p1.00);1428@264(p0.50);1604@254(p0.22);2145@266(p0.77);2706@259(p0.43);3040@256(p0.18);3835@234(p0.85);4307@229(p1.00);5434@101(p1.00);6855@91(p1.00);8648@161(p1.00)
WesternSahara,19.25,-12.25,WesternSahara_lat19p25_lon-12p25,1400.0,1347.7,241.2,0.376,0.554,True,high,3.7,18,66@241(p0.99);236@251(p0.22);298@249(p0.23);334@246(p0.32);847@249(p0.57);1008@256(p0.30);1348@241(p0.38);1514@254(p0.85);1700@244(p0.20);2024@239(p0.29);2273@241(p0.41);2868@149(p0.64);3221@234(p0.85);3835@234(p0.48);5434@216(p1.00);6103@154(p1.00);7700@234(p1.00);8648@161(p1.00)
WesternSahara,19.25,-10.75,WesternSahara_lat19p25_lon-10p75,200.0,354.3,181.2,0.18,0.257,False,low,77.1,16,354@181(p0.18);564@181(p0.26);633@181(p0.26);897@181(p0.46);1008@181(p0.43);1132@181(p1.00);2024@181(p0.25);2409@181(p0.65);2706@181(p1.00);3040@181(p0.50);3414@181(p0.51);3835@181(p1.00);4307@181(p1.00);5434@181(p1.00);6468@181(p1.00);8648@181(p1.00)
WesternSahara,19.25,-10.5,WesternSahara_lat19p25_lon-10p50,200.0,176.4,246.2,0.162,0.334,True,high,11.8,15,74@254(p1.00);176@246(p0.16);474@249(p0.45);711@249(p0.45);897@239(p0.54);1068@249(p0.68);1348@251(p0.79);2024@249(p0.66);2409@136(p0.33);3221@174(p0.73);4064@154(p0.99);4838@239(p1.00);6103@206(p1.00);7700@234(p1.00);8648@251(p1.00)
WesternSahara,19.25,-10.25,WesternSahara_lat19p25_lon-10p25,400.0,473.7,231.2,0.447,0.376,True,high,18.4,18,78@236(p0.96);176@234(p0.17);315@239(p0.22);474@231(p0.45);564@251(p0.17);633@254(p0.19);951@256(p0.85);1068@229(p0.42);1200@249(p0.45);1604@241(p0.57);2409@181(p0.35);2868@91(p0.54);3221@234(p0.33);4064@241(p1.00);4838@239(p1.00);5434@181(p1.00);6468@224(p1.00);7700@126(p1.00)
WesternSahara,19.25,-10.0,WesternSahara_lat19p25_lon-10p00,800.0,799.0,258.8,0.216,0.513,True,high,0.1,17,88@261(p0.70);223@246(p0.20);334@256(p0.40);502@91(p0.19);598@246(p0.50);799@259(p0.22);951@256(p0.25);1132@249(p0.41);1428@251(p1.00);1802@261(p0.61);2024@261(p0.23);2273@261(p0.48);3835@99(p0.44);5127@114(p1.00);6103@119(p1.00);6855@104(p1.00);8648@109(p1.00)
WesternSahara,19.25,-9.25,WesternSahara_lat19p25_lon-09p25,100.0,104.6,126.2,0.991,1.0,True,high,4.6,20,105@126(p0.99);250@251(p0.24);315@261(p0.16);375@244(p0.41);502@251(p0.23);564@244(p0.41);671@251(p0.19);799@259(p0.36);1008@259(p0.57);1348@264(p0.49);1604@256(p0.69);1910@256(p0.21);2553@234(p0.37);2868@251(p0.30);3414@264(p1.00);3835@254(p1.00);4565@239(p1.00);5434@91(p1.00);6468@224(p1.00);7700@234(p1.00)
WesternSahara,19.25,-9.0,WesternSahara_lat19p25_lon-09p00,100.0,110.9,136.2,0.992,1.0,True,high,10.9,17,111@136(p0.99);375@239(p0.42);474@244(p0.23);711@181(p0.18);951@181(p0.37);1068@181(p0.24);1272@181(p0.66);1700@256(p0.92);2553@91(p0.57);3040@256(p0.54);3414@256(p0.61);3835@181(p1.00);4307@181(p1.00);4838@201(p1.00);5434@91(p1.00);6468@181(p1.00);7700@126(p1.00)
WesternSahara,19.25,-8.75,WesternSahara_lat19p25_lon-08p75,100.0,110.9,131.2,0.992,1.0,True,high,10.9,15,111@131(p0.99);334@214(p0.38);633@241(p0.23);754@254(p0.25);847@264(p0.21);1068@251(p0.42);1348@261(p0.48);2024@256(p0.39);2409@249(p0.54);3414@91(p1.00);3835@261(p1.00);4307@251(p1.00);5434@259(p1.00);6468@194(p1.00);7700@126(p1.00)
WesternSahara,19.25,-8.5,WesternSahara_lat19p25_lon-08p50,150.0,117.5,138.8,0.994,1.0,True,high,21.7,16,117@139(p0.99);354@219(p0.24);633@249(p0.60);799@254(p0.36);951@259(p0.64);1132@249(p0.46);1428@231(p0.55);1700@264(p0.37);2409@249(p0.83);2868@244(p0.32);3221@249(p0.34);3835@234(p1.00);4307@189(p0.83);5434@231(p1.00);6103@241(p1.00);7700@234(p1.00)
WesternSahara,19.25,-8.25,WesternSahara_lat19p25_lon-08p25,100.0,117.5,141.2,0.998,1.0,True,high,17.5,14,117@141(p1.00);474@96(p0.19);598@246(p0.25);711@94(p0.15);951@259(p0.15);1068@254(p0.23);1348@251(p0.22);1514@249(p0.38);2024@251(p0.75);2868@211(p0.75);3414@91(p0.81);5127@191(p1.00);6103@241(p1.00);7700@234(p1.00)
WesternSahara,19.25,-7.75,WesternSahara_lat19p25_lon-07p75,100.0,124.5,126.2,0.999,1.0,True,high,24.5,14,125@126(p1.00);447@229(p0.49);564@226(p0.60);847@254(p0.22);1348@264(p0.19);1514@249(p0.52);1700@259(p0.21);2409@241(p0.21);3221@249(p0.45);3618@246(p0.32);4064@119(p0.97);5434@101(p1.00);6103@241(p1.00);7700@234(p1.00)
WesternSahara,19.25,-7.25,WesternSahara_lat19p25_lon-07p25,100.0,139.9,136.2,0.996,1.0,False,low,39.9,15,140@136(p1.00);447@244(p0.20);754@241(p0.36);897@251(p0.53);1132@249(p0.75);1514@264(p0.22);1802@261(p0.68);2553@259(p0.52);3414@239(p0.84);3835@224(p1.00);4307@216(p1.00);4838@121(p1.00);5434@91(p1.00);6468@136(p1.00);7700@234(p1.00)
WesternSahara,19.25,-6.75,WesternSahara_lat19p25_lon-06p75,100.0,73.8,141.2,0.205,0.091,False,low,26.2,17,74@141(p0.20);140@151(p1.00);298@126(p0.25);671@241(p0.27);754@244(p0.18);897@251(p0.37);1008@246(p0.24);1272@194(p0.41);1514@244(p0.64);1802@236(p0.57);3414@256(p0.83);3835@254(p1.00);4307@131(p1.00);4838@239(p1.00);5434@231(p1.00);6468@224(p1.00);7700@149(p1.00)
WesternSahara,19.25,-6.5,WesternSahara_lat19p25_lon-06p50,100.0,139.9,146.2,0.999,1.0,False,low,39.9,16,140@146(p1.00);532@239(p0.28);633@241(p0.18);897@234(p0.16);1068@239(p0.73);1200@251(p0.24);1348@236(p0.31);1700@251(p0.28);2553@241(p0.44);3040@91(p0.84);3414@174(p0.35);3835@189(p1.00);4307@251(p0.80);5434@216(p1.00);6468@224(p1.00);7700@211(p1.00)
WesternSahara,19.25,-6.25,WesternSahara_lat19p25_lon-06p25,100.0,124.5,146.2,0.999,1.0,True,high,24.5,17,125@146(p1.00);502@244(p0.34);754@246(p0.24);951@241(p0.33);1200@254(p0.35);1348@241(p0.58);1514@139(p0.81);1910@91(p0.52);2273@146(p0.86);3040@241(p0.67);3414@186(p0.30);3835@234(p1.00);4307@144(p0.69);4838@224(p0.86);5434@181(p1.00);6468@136(p1.00);7700@126(p1.00)
WesternSahara,19.25,-5.75,WesternSahara_lat19p25_lon-05p75,150.0,139.9,158.8,0.998,1.0,True,high,6.8,14,140@159(p1.00);281@146(p0.23);633@251(p0.19);799@244(p0.56);1008@251(p0.22);1132@241(p0.35);1428@181(p0.34);2024@181(p0.20);2273@234(p0.71);3414@181(p0.89);4565@181(p0.97);5127@246(p1.00);6103@241(p1.00);7700@126(p1.00)
WesternSahara,19.25,-5.5,WesternSahara_lat19p25_lon-05p50,200.0,235.9,253.8,0.155,0.189,True,high,18.0,15,74@236(p0.18);236@254(p0.16);474@251(p1.00);951@244(p0.61);1348@246(p0.34);1514@246(p0.38);1700@236(p0.41);2553@196(p0.55);2868@236(p0.82);3414@219(p0.56);4064@241(p1.00);4838@239(p1.00);6103@241(p1.00);6855@91(p1.00);8648@109(p1.00)
WesternSahara,19.25,-4.0,WesternSahara_lat19p25_lon-04p00,70.0,73.8,241.2,1.0,1.0,True,high,5.5,21,74@241(p1.00);166@236(p0.30);236@236(p0.22);298@244(p0.20);354@241(p0.50);422@246(p0.52);532@249(p0.18);671@244(p0.50);847@246(p0.27);1008@246(p0.55);1132@246(p0.18);1604@256(p0.40);2145@241(p0.33);2409@239(p0.72);2868@244(p0.68);3414@264(p0.36);4064@241(p0.87);4838@224(p1.00);6103@241(p1.00);6855@256(p1.00);8648@251(p1.00)
WesternSahara,19.5,-10.75,WesternSahara_lat19p50_lon-10p75,60.0,315.4,181.2,0.151,0.195,False,low,425.7,16,315@181(p0.15);447@181(p0.20);564@181(p0.28);633@181(p0.27);897@181(p0.45);1008@181(p0.41);1132@181(p1.00);2024@181(p0.17);2409@181(p0.66);2706@181(p1.00);3414@181(p1.00);3835@181(p1.00);4307@181(p1.00);5434@181(p1.00);6468@181(p1.00);8648@181(p1.00)
WesternSahara,19.5,-10.5,WesternSahara_lat19p50_lon-10p50,50.0,69.7,246.2,1.0,1.0,False,low,39.3,18,70@246(p1.00);281@249(p0.35);422@249(p0.53);564@249(p0.37);711@234(p0.29);1008@246(p0.41);1132@249(p0.75);1428@251(p0.79);1910@256(p0.43);2145@256(p0.34);2409@189(p0.52);2706@224(p0.71);3414@141(p0.76);4307@216(p0.45);5127@246(p1.00);6103@154(p1.00);6855@256(p1.00);8648@251(p1.00)
WesternSahara,19.5,-10.25,WesternSahara_lat19p50_lon-10p25,700.0,711.4,173.8,0.394,0.462,True,high,1.6,17,70@231(p0.95);298@246(p0.34);334@236(p0.23);375@226(p0.20);422@234(p0.49);474@234(p0.31);598@241(p0.42);711@174(p0.39);1132@181(p0.33);1348@119(p0.35);2273@244(p0.82);2706@251(p0.81);3835@181(p1.00);4838@201(p1.00);5434@129(p1.00);6468@136(p1.00);7700@126(p1.00)
WesternSahara,19.5,-9.25,WesternSahara_lat19p50_lon-09p25,150.0,132.0,133.8,0.996,1.0,True,high,12.0,18,132@134(p1.00);422@224(p0.34);564@249(p0.27);633@244(p0.27);799@254(p0.73);951@264(p0.63);1068@179(p0.37);1428@244(p0.48);1802@259(p0.49);2145@261(p0.20);2868@251(p0.73);3414@261(p1.00);3835@234(p1.00);4307@216(p1.00);4838@224(p1.00);5434@259(p1.00);6468@166(p1.00);7700@234(p1.00)
WesternSahara,19.5,-9.0,WesternSahara_lat19p50_lon-09p00,100.0,139.9,138.8,0.998,1.0,False,low,39.9,18,140@139(p1.00);422@239(p0.36);633@254(p0.23);754@181(p0.51);847@181(p0.20);1008@256(p0.32);1200@181(p0.42);1348@181(p0.55);1700@261(p0.80);1910@181(p0.52);2868@251(p0.98);3221@181(p1.00);3835@254(p1.00);4307@181(p0.22);4838@136(p1.00);5434@91(p1.00);6468@181(p1.00);7700@234(p1.00)
WesternSahara,19.5,-8.75,WesternSahara_lat19p50_lon-08p75,130.0,132.0,131.2,0.993,1.0,True,high,1.5,16,132@131(p0.99);281@189(p0.25);354@141(p0.23);447@249(p0.21);799@241(p0.65);951@259(p0.19);1200@254(p0.36);1428@261(p0.61);1802@261(p0.22);2868@236(p0.55);3221@234(p1.00);3835@261(p1.00);4565@261(p1.00);5434@259(p1.00);6468@194(p1.00);7700@234(p1.00)
WesternSahara,19.5,-8.5,WesternSahara_lat19p50_lon-08p50,80.0,124.5,128.8,0.994,1.0,False,low,55.6,16,125@129(p0.99);354@124(p0.32);474@224(p0.26);671@251(p0.32);1132@254(p0.79);1428@261(p0.61);1604@256(p0.39);2024@239(p0.45);2409@259(p0.78);2868@236(p0.44);3221@249(p0.51);3835@261(p0.64);4565@261(p1.00);5434@259(p1.00);6103@241(p1.00);7700@234(p1.00)
WesternSahara,19.5,-8.25,WesternSahara_lat19p50_lon-08p25,100.0,132.0,121.2,0.998,1.0,False,low,32.0,16,132@121(p1.00);265@246(p0.17);422@151(p0.37);564@176(p0.30);847@249(p0.52);1068@251(p0.50);1272@259(p0.41);1700@256(p0.26);1910@249(p0.62);2409@254(p0.78);2868@251(p0.39);3221@249(p0.79);3835@234(p0.43);5127@246(p1.00);6103@241(p1.00);7700@234(p1.00)
WesternSahara,19.5,-7.75,WesternSahara_lat19p50_lon-07p75,100.0,124.5,123.8,1.0,1.0,True,high,24.5,14,125@124(p1.00);334@111(p0.18);633@94(p0.15);799@251(p0.18);1068@256(p0.76);1700@259(p0.24);2024@266(p0.39);2409@239(p0.77);3221@249(p0.48);4307@251(p0.26);5127@114(p1.00);6103@119(p1.00);7700@234(p1.00);8648@199(p1.00)
WesternSahara,19.5,-7.5,WesternSahara_lat19p50_lon-07p50,100.0,104.6,113.8,1.0,1.0,True,high,4.6,17,105@114(p1.00);447@104(p0.23);598@104(p0.22);847@106(p0.15);1008@106(p0.33);1200@106(p0.18);1428@109(p0.58);1802@106(p0.26);2145@109(p0.16);2409@106(p0.25);2706@109(p0.70);3414@104(p0.43);3835@106(p0.45);4307@109(p1.00);5127@114(p1.00);6855@104(p1.00);8648@109(p1.00)
WesternSahara,19.5,-7.25,WesternSahara_lat19p50_lon-07p25,170.0,124.5,128.8,1.0,1.0,False,low,26.8,15,125@129(p1.00);564@191(p0.38);633@191(p0.30);847@191(p0.27);1068@191(p0.21);1272@191(p0.73);2024@191(p0.69);2553@191(p0.47);2868@191(p0.88);3221@194(p0.90);3618@196(p0.89);4307@189(p1.00);5127@191(p1.00);6468@194(p1.00);8648@199(p1.00)
WesternSahara,19.5,-6.75,WesternSahara_lat19p50_lon-06p75,100.0,132.0,146.2,0.999,1.0,False,low,32.0,16,132@146(p1.00);250@129(p0.26);671@241(p0.34);1008@219(p0.53);1200@109(p0.16);1348@236(p0.43);1514@249(p0.57);1802@211(p0.31);2145@246(p0.74);2706@216(p0.43);3414@99(p0.65);3835@181(p0.65);4307@144(p1.00);5434@181(p1.00);6103@206(p1.00);7700@211(p1.00)
WesternSahara,19.5,-6.5,WesternSahara_lat19p50_lon-06p50,100.0,124.5,141.2,0.993,1.0,True,high,24.5,16,125@141(p0.99);447@249(p0.21);532@241(p0.34);754@246(p0.35);897@246(p0.33);1068@256(p0.68);1272@249(p0.32);1514@99(p0.41);2024@266(p0.76);2553@234(p0.74);3040@141(p0.78);3835@171(p0.56);4565@181(p1.00);5434@144(p1.00);6468@136(p1.00);7700@126(p1.00)
WesternSahara,19.5,-6.25,WesternSahara_lat19p50_lon-06p25,150.0,132.0,133.8,0.997,1.0,True,high,12.0,16,132@134(p1.00);671@249(p0.24);897@244(p0.20);1132@246(p0.64);1272@226(p0.21);1514@166(p0.33);1700@256(p0.67);2024@241(p0.35);2553@211(p0.42);3221@126(p0.47);3618@114(p0.55);4307@251(p1.00);4838@239(p1.00);5434@259(p1.00);6468@136(p1.00);7700@126(p1.00)
WesternSahara,19.5,-5.75,WesternSahara_lat19p50_lon-05p75,180.0,166.5,163.8,0.159,0.623,True,high,7.5,17,125@149(p0.68);166@164(p0.16);265@136(p0.20);474@251(p1.00);671@251(p0.17);1272@256(p0.55);1700@181(p0.64);1910@181(p0.32);2273@181(p0.46);3040@181(p0.86);3414@181(p0.91);4064@154(p0.98);4565@209(p0.48);5127@191(p1.00);6103@241(p1.00);6855@181(p1.00);8648@199(p1.00)
WesternSahara,19.5,-5.5,WesternSahara_lat19p50_lon-05p50,140.0,139.9,141.2,0.157,0.206,True,high,0.1,16,125@164(p0.19);140@141(p0.16);265@249(p0.25);447@249(p1.00);598@246(p0.33);1008@259(p0.18);1428@244(p0.43);1700@104(p0.20);2145@194(p0.56);2553@96(p0.92);2868@91(p0.95);3618@246(p0.20);5127@191(p1.00);6103@241(p1.00);6855@256(p1.00);8648@251(p1.00)
WesternSahara,19.5,-5.25,WesternSahara_lat19p50_lon-05p25,100.0,187.0,253.8,0.169,0.218,False,low,87.0,14,187@254(p0.17);265@251(p0.28);447@254(p1.00);564@251(p0.16);1132@261(p0.32);1348@261(p0.34);2145@261(p0.40);2553@234(p0.74);2868@91(p0.58);3414@261(p0.93);4064@119(p0.80);5127@114(p1.00);6855@91(p1.00);8648@199(p1.00)
WesternSahara,19.5,-5.0,WesternSahara_lat19p50_lon-05p00,100.0,148.2,248.8,0.176,0.17,False,low,48.2,15,148@249(p0.18);166@246(p0.26);187@249(p0.15);375@251(p0.27);447@251(p1.00);564@251(p0.54);951@251(p0.27);2024@261(p0.76);3040@96(p0.29);3414@99(p0.65);4064@261(p0.92);5127@169(p1.00);6103@241(p1.00);6855@104(p1.00);8648@251(p1.00)
WesternSahara,19.75,-10.75,WesternSahara_lat19p75_lon-10p75,50.0,354.3,181.2,0.165,0.269,False,low,608.6,17,354@181(p0.16);447@181(p0.15);564@181(p0.25);633@181(p0.25);897@181(p0.45);1008@181(p0.45);1132@181(p1.00);1514@181(p0.43);1802@181(p0.35);2409@181(p0.66);2706@181(p1.00);3221@181(p1.00);3835@181(p1.00);4307@181(p1.00);5434@181(p1.00);6468@181(p1.00);8648@181(p1.00)
WesternSahara,19.75,-10.5,WesternSahara_lat19p75_lon-10p50,80.0,87.9,243.8,0.99,1.0,True,high,9.8,15,88@244(p0.99);375@249(p0.17);532@241(p0.22);633@244(p0.46);847@249(p0.60);1428@251(p0.91);2409@239(p0.49);2868@236(p0.54);3221@249(p0.84);3618@246(p0.71);4307@251(p0.54);5127@191(p1.00);6103@206(p1.00);7700@126(p1.00);8648@181(p1.00)
WesternSahara,19.75,-10.25,WesternSahara_lat19p75_lon-10p25,600.0,447.0,228.8,0.421,0.354,False,low,25.5,17,88@239(p0.98);265@239(p0.21);298@246(p0.15);354@261(p0.17);447@229(p0.42);799@244(p0.58);1008@246(p0.37);1272@219(p0.58);1802@261(p0.57);2409@254(p0.49);2706@259(p0.59);3221@249(p0.86);3618@246(p0.26);4307@109(p0.15);5127@246(p1.00);6103@154(p1.00);7700@126(p1.00)
WesternSahara,19.75,-10.0,WesternSahara_lat19p75_lon-10p00,150.0,78.2,236.2,0.984,1.0,False,low,47.8,15,78@236(p0.98);298@234(p0.31);422@234(p0.39);502@191(p0.29);633@241(p0.19);754@256(p0.37);1348@244(p0.94);1910@244(p0.43);2409@254(p0.77);3221@249(p0.99);3618@246(p0.21);4064@241(p0.86);5127@246(p1.00);6103@241(p1.00);7700@234(p1.00)
WesternSahara,19.75,-9.5,WesternSahara_lat19p75_lon-09p50,200.0,124.5,133.8,0.775,0.897,False,low,37.7,15,125@134(p0.77);532@194(p0.15);711@194(p0.24);897@194(p0.35);1008@194(p1.00);1700@194(p0.38);2145@194(p0.64);2553@196(p0.66);2868@191(p0.99);3221@194(p0.77);3618@196(p0.89);4064@199(p1.00);5127@191(p1.00);6468@194(p1.00);8160@199(p1.00)
WesternSahara,19.75,-6.75,WesternSahara_lat19p75_lon-06p75,100.0,148.2,151.2,1.0,1.0,False,low,48.2,17,148@151(p1.00);334@126(p0.26);398@151(p0.39);502@254(p0.20);951@241(p0.26);1200@141(p0.68);1428@264(p0.46);1700@194(p0.53);2273@209(p0.60);2868@91(p0.72);3414@91(p0.87);4307@131(p0.96);4838@136(p0.58);5434@231(p1.00);6103@241(p1.00);7700@234(p1.00);8648@109(p1.00)
WesternSahara,19.75,-6.5,WesternSahara_lat19p75_lon-06p50,170.0,139.9,161.2,1.0,1.0,True,high,17.7,18,140@161(p1.00);375@144(p0.22);447@244(p0.23);532@244(p0.33);847@241(p0.18);1068@239(p0.20);1200@209(p0.47);1428@191(p0.36);1802@241(p0.20);2024@191(p0.63);2553@191(p0.45);2868@191(p0.60);3221@199(p0.94);4064@241(p0.65);5127@114(p1.00);6103@154(p1.00);7700@211(p1.00);8648@161(p1.00)
WesternSahara,19.75,-6.25,WesternSahara_lat19p75_lon-06p25,100.0,132.0,148.8,0.994,1.0,False,low,32.0,16,132@149(p0.99);398@251(p0.18);598@246(p0.33);754@246(p0.38);1008@254(p0.51);1272@201(p0.70);1700@191(p0.39);2024@111(p0.37);2706@109(p0.51);3040@229(p0.83);3835@149(p1.00);4307@199(p1.00);4838@121(p1.00);5434@101(p1.00);6468@194(p1.00);7700@149(p1.00)
WesternSahara,19.75,-5.75,WesternSahara_lat19p75_lon-05p75,120.0,117.5,246.2,0.629,0.705,True,high,2.1,19,117@246(p0.63);176@249(p0.20);354@244(p0.35);398@251(p0.20);447@251(p0.21);502@251(p1.00);847@251(p0.16);1008@251(p0.55);1428@256(p0.39);1910@244(p0.81);2553@226(p0.15);3221@111(p0.56);3618@246(p0.99);4064@261(p0.99);4565@261(p0.89);5127@169(p1.00);6103@154(p1.00);6855@181(p1.00);8648@181(p1.00)
WesternSahara,19.75,-5.5,WesternSahara_lat19p75_lon-05p50,140.0,132.0,253.8,0.225,0.34,True,high,5.7,19,132@254(p0.23);210@251(p0.20);265@251(p0.35);398@254(p0.29);502@251(p1.00);598@254(p0.42);1008@246(p0.35);1272@261(p0.30);1514@256(p0.44);1700@261(p0.34);2273@214(p0.48);2553@114(p0.91);3040@154(p0.49);3414@261(p0.62);4064@261(p0.86);5127@246(p1.00);6103@206(p1.00);6855@104(p1.00);8648@199(p1.00)
WesternSahara,19.75,-5.25,WesternSahara_lat19p75_lon-05p25,110.0,104.6,241.2,0.53,0.53,True,high,4.9,14,105@241(p0.53);265@254(p0.22);398@251(p0.33);502@251(p1.00);633@249(p0.24);799@246(p0.34);1428@256(p0.63);1910@249(p0.28);2553@91(p0.22);3835@106(p0.84);5127@114(p1.00);6103@206(p1.00);6855@91(p1.00);8648@109(p1.00)
WesternSahara,19.75,-5.0,WesternSahara_lat19p75_lon-05p00,110.0,210.0,251.2,0.247,0.276,False,low,90.9,15,210@251(p0.25);502@254(p1.00);847@249(p0.47);1272@256(p0.69);1428@251(p0.29);1700@239(p0.55);1910@241(p0.37);2409@241(p0.74);2706@96(p0.25);3414@104(p0.65);4064@91(p0.91);5127@246(p1.00);6103@119(p1.00);6855@104(p1.00);8648@109(p1.00)
WesternSahara,20.0,-9.0,WesternSahara_lat20p00_lon-09p00,130.0,117.5,91.2,0.172,0.116,True,high,9.6,18,117@91(p0.17);422@91(p0.15);474@91(p0.16);598@91(p0.26);711@91(p0.23);897@91(p0.45);1008@91(p0.45);1132@91(p0.45);1348@91(p1.00);2024@91(p1.00);2553@91(p1.00);3040@91(p1.00);3414@91(p1.00);4064@91(p1.00);4565@91(p1.00);5434@91(p1.00);6855@91(p1.00);9166@91(p1.00)
WesternSahara,20.0,-8.75,WesternSahara_lat20p00_lon-08p75,160.0,157.1,138.8,0.999,1.0,True,high,1.8,16,157@139(p1.00);315@131(p0.16);711@161(p0.50);1200@249(p0.44);1428@244(p0.69);1604@249(p0.42);1802@249(p0.25);2145@251(p0.28);2409@254(p0.68);2706@251(p0.65);3221@249(p0.79);4064@91(p0.61);4838@136(p1.00);5434@91(p1.00);6468@194(p1.00);7265@149(p1.00)
WesternSahara,20.0,-8.5,WesternSahara_lat20p00_lon-08p50,140.0,157.1,131.2,0.999,1.0,True,high,12.2,15,157@131(p1.00);250@139(p0.23);315@141(p0.20);711@266(p0.27);897@261(p0.66);1272@186(p0.37);1428@244(p0.20);2273@256(p0.70);2553@264(p0.35);3414@261(p1.00);3835@261(p1.00);4307@189(p1.00);5434@259(p1.00);6468@194(p1.00);7700@234(p1.00)
WesternSahara,20.0,-8.25,WesternSahara_lat20p00_lon-08p25,140.0,148.2,123.8,0.998,1.0,True,high,5.9,16,148@124(p1.00);502@249(p0.20);671@239(p0.59);847@264(p0.33);1132@91(p0.50);1348@251(p0.63);1700@256(p0.81);2553@246(p0.67);2868@161(p0.15);3221@249(p1.00);3835@261(p1.00);4307@251(p1.00);4838@201(p1.00);5434@259(p1.00);6468@224(p1.00);7700@234(p1.00)
WesternSahara,20.0,-7.75,WesternSahara_lat20p00_lon-07p75,150.0,157.1,121.2,0.997,1.0,True,high,4.7,15,157@121(p1.00);315@139(p0.21);354@141(p0.23);633@204(p0.44);1008@191(p0.32);1348@261(p0.32);1700@256(p0.73);2553@259(p0.70);3414@261(p1.00);3835@261(p1.00);4307@161(p1.00);4838@201(p1.00);5434@91(p1.00);6468@224(p1.00);7700@234(p1.00)
WesternSahara,20.0,-7.5,WesternSahara_lat20p00_lon-07p50,190.0,139.9,121.2,0.999,1.0,False,low,26.4,14,140@121(p1.00);711@139(p0.47);847@234(p0.53);1200@111(p0.57);1910@181(p0.52);2409@254(p0.79);2706@251(p0.32);3040@256(p0.71);3414@91(p0.38);3835@99(p0.52);4307@251(p0.56);5434@259(p1.00);6103@119(p1.00);7700@126(p1.00)
WesternSahara,20.0,-7.25,WesternSahara_lat20p00_lon-07p25,180.0,139.9,121.2,0.999,1.0,True,high,22.3,14,140@121(p1.00);334@129(p0.15);398@126(p0.22);633@139(p0.34);897@174(p0.36);1068@161(p0.32);1604@119(p0.77);2409@249(p0.69);3221@146(p0.54);4307@229(p0.78);4838@239(p1.00);5434@181(p0.95);6103@154(p1.00);7700@234(p1.00)
WesternSahara,20.0,-4.25,WesternSahara_lat20p00_lon-04p25,80.0,87.9,253.8,1.0,1.0,True,high,9.8,19,88@254(p1.00);354@254(p0.20);422@254(p0.17);598@224(p0.18);711@256(p0.54);799@251(p0.41);1200@254(p0.37);1802@261(p0.79);2024@261(p0.39);2273@256(p0.64);2553@259(p0.36);3040@119(p0.52);3414@91(p0.80);3835@261(p0.97);4565@261(p0.89);5127@114(p1.00);6103@119(p1.00);6855@91(p1.00);8648@251(p1.00)
WesternSahara,20.25,-7.75,WesternSahara_lat20p25_lon-07p75,130.0,148.2,116.2,0.998,1.0,True,high,14.0,13,148@116(p1.00);633@241(p0.26);711@169(p0.25);847@256(p0.59);1068@244(p0.50);1348@256(p0.33);1910@116(p0.70);2706@264(p0.48);3618@246(p0.76);4307@251(p0.85);4838@239(p1.00);6103@119(p1.00);7700@234(p1.00)
WesternSahara,20.25,-7.5,WesternSahara_lat20p25_lon-07p50,120.0,132.0,123.8,1.0,1.0,True,high,10.0,13,132@124(p1.00);847@191(p0.45);1068@186(p0.44);1428@176(p0.49);1700@259(p0.17);2024@239(p0.57);2409@241(p0.82);2868@251(p0.90);3221@249(p0.27);5434@259(p1.00);6103@241(p1.00);7700@234(p1.00);8648@251(p1.00)
WesternSahara,20.25,-7.25,WesternSahara_lat20p25_lon-07p25,130.0,148.2,123.8,0.999,1.0,True,high,14.0,16,148@124(p1.00);447@104(p0.29);502@144(p0.25);799@126(p0.44);897@194(p0.41);1068@239(p0.50);1514@196(p0.53);1802@196(p0.38);2409@249(p0.65);2706@251(p0.36);3040@241(p0.31);3414@99(p0.58);4307@171(p0.90);5434@259(p1.00);6103@241(p1.00);7700@234(p1.00)
WesternSahara,20.25,-6.5,WesternSahara_lat20p25_lon-06p50,100.0,78.2,251.2,0.629,0.892,True,high,21.8,16,78@251(p0.63);334@239(p0.20);502@236(p0.99);671@229(p0.28);897@234(p0.28);1348@219(p0.49);1514@224(p0.24);2024@191(p0.17);2273@194(p0.27);2868@251(p0.91);3221@249(p0.28);3618@246(p0.48);4838@159(p1.00);6103@206(p1.00);7700@211(p1.00);8648@199(p1.00)
WesternSahara,20.5,-7.25,WesternSahara_lat20p50_lon-07p25,150.0,87.9,228.8,0.962,1.0,False,low,41.4,19,88@229(p0.96);281@229(p0.21);334@226(p0.18);447@229(p0.39);564@231(p0.50);671@236(p0.28);799@239(p0.15);1272@219(p0.44);1514@241(p0.19);1700@244(p0.55);2024@239(p0.75);2706@239(p0.81);3414@239(p0.91);3835@234(p1.00);4307@251(p1.00);4838@239(p1.00);5434@231(p1.00);6468@194(p1.00);7700@234(p1.00)
WesternSahara,20.5,-6.5,WesternSahara_lat20p50_lon-06p50,140.0,117.5,131.2,0.18,0.888,True,high,16.1,16,78@251(p0.47);117@131(p0.18);210@244(p0.21);265@239(p0.16);334@244(p0.31);474@241(p0.97);711@229(p0.30);897@249(p0.74);1132@214(p0.48);1348@206(p0.16);2409@129(p0.31);3414@151(p0.71);4307@251(p0.81);5127@246(p1.00);6103@154(p1.00);7700@126(p1.00)
WhiteSands,33.0,-106.25,WhiteSands_lat33p00_lon-106p25,90.0,69.7,101.2,0.58,0.379,True,high,22.6,20,70@101(p0.58);198@236(p0.22);298@239(p0.50);354@249(p0.28);422@236(p0.41);502@204(p0.21);633@99(p0.48);799@189(p0.67);897@91(p0.17);1008@114(p0.71);1272@126(p0.57);1514@251(p0.62);2024@99(p1.00);3040@96(p1.00);3414@99(p1.00);3835@99(p1.00);4565@101(p1.00);5759@91(p1.00);6855@106(p1.00);9166@91(p1.00)
