lat,lon,region,excluded,mig_deg,u_star_cr,U_cr,n_timesteps,n_above,intermit_raw_pct,intermit_net_algo_pct,intermit_gross_mig_pct,intermit_net_mig_pct,center_algo_deg,center_mig_deg,sector_offset_deg,u_star_mean,q_m2s
-16.0,12.0,Namib,False,45.0,0.2593577467829456,5.97193281494935,26304,2397,9.112682481751825,7.432329683698297,8.074817518248175,7.036952554744525,266.0,225.0,41.0,0.29437850996603926,1.011903933841894e-06
-16.25,12.0,Namib,False,45.0,0.2593577467829456,5.97193281494935,26304,3316,12.606447688564478,10.629562043795621,11.503953771289538,10.401459854014599,185.0,225.0,40.0,0.3024344160016696,1.2627823678802554e-06
-16.5,12.0,Namib,False,45.0,0.2593577467829456,5.97193281494935,26304,3632,13.80778588807786,11.891727493917275,12.595042579075425,11.382299270072993,183.0,225.0,42.0,0.30290475046047133,1.2776388604555699e-06
-2.5,-43.0,LencoisMaranhensesBrazil,False,270.0,0.2841780544904583,6.543441520257789,26304,5954,22.635340632603405,22.635340632603405,22.635340632603405,22.635340632603405,36.0,90.0,54.0,0.32439967134989134,1.4730317769651627e-06
-23.0,14.5,Namib,False,45.0,0.2593577467829456,5.97193281494935,26304,5859,22.27417883211679,20.586222627737225,20.107208029197082,17.94023722627737,139.0,225.0,86.0,0.32620092188118677,2.042387779738241e-06
-23.25,14.5,Namib,False,45.0,0.2593577467829456,5.97193281494935,26304,6808,25.881995133819952,24.62743309002433,23.33485401459854,20.78771289537713,133.0,225.0,92.0,0.3318646805607537,2.23687212484973e-06
-23.75,15.75,Namib,False,225.0,0.2593577467829456,5.97193281494935,26304,2961,11.256843065693431,4.611465936739659,5.139902676399027,-0.9770377128953771,167.0,45.0,122.0,0.31000446283974137,1.5047025144668333e-06
-24.25,14.75,Namib,False,45.0,0.2593577467829456,5.97193281494935,26304,4672,17.761557177615572,15.799878345498783,15.134580291970803,12.507603406326034,130.0,225.0,95.0,0.3257637266502693,2.027514382368119e-06
-24.5,14.75,Namib,False,45.0,0.2593577467829456,5.97193281494935,26304,5393,20.50258515815085,18.936283454987834,18.289993917274938,16.07740267639903,127.0,225.0,98.0,0.3300275786993294,2.173422178838567e-06
13.0,15.25,Chad,False,225.0,0.23817266717185476,5.484128329885451,26304,2847,10.823448905109489,8.078619221411191,8.572840632603405,6.322232360097324,335.0,45.0,70.0,0.26850447339084804,6.339869375690196e-07
13.0,15.5,Chad,False,225.0,0.23817266717185476,5.484128329885451,26304,1456,5.535279805352798,4.288321167883212,4.603862530413625,3.6724452554744524,334.0,45.0,71.0,0.2632817626693126,5.194135404105833e-07
13.25,14.5,Chad,True,225.0,0.23817266717185476,5.484128329885451,26304,5132,19.510340632603405,9.922445255474452,13.461830900243308,7.413321167883212,332.0,45.0,73.0,0.27073004051954197,6.834942221111464e-07
13.25,14.75,Chad,True,225.0,0.23817266717185476,5.484128329885451,26304,6601,25.095042579075425,14.67837591240876,18.069495133819952,11.043947688564478,329.0,45.0,76.0,0.2763687682248403,8.107558922193298e-07
13.25,15.25,Chad,False,225.0,0.23817266717185476,5.484128329885451,26304,4737,18.00866788321168,12.56462895377129,14.222171532846716,10.435675182481752,333.0,45.0,72.0,0.27789122071109357,8.455662111881194e-07
13.25,15.5,Chad,False,225.0,0.23817266717185476,5.484128329885451,26304,3264,12.408759124087592,9.451034063260341,10.161952554744525,7.91514598540146,334.0,45.0,71.0,0.2722545911750076,7.176433897888949e-07
13.25,15.75,Chad,False,225.0,0.23817266717185476,5.484128329885451,26304,3030,11.519160583941606,8.781934306569344,9.652524330900244,7.785888077858881,335.0,45.0,70.0,0.2719572887746199,7.109689140319118e-07
13.25,16.0,Chad,False,225.0,0.23817266717185476,5.484128329885451,26304,2982,11.336678832116789,8.591849148418492,9.62971411192214,7.922749391727494,331.0,45.0,74.0,0.27096903293874997,6.888348576872277e-07
13.25,16.25,Chad,False,225.0,0.23817266717185476,5.484128329885451,26304,2621,9.96426399026764,7.401916058394161,8.473996350364963,6.983728710462287,331.0,45.0,74.0,0.2680991920878925,6.250155229172253e-07
13.25,16.5,Chad,False,225.0,0.23817266717185476,5.484128329885451,26304,1564,5.945863746958637,4.250304136253042,5.014446472019465,4.083029197080292,338.0,45.0,67.0,0.26196636618349084,4.909117647450475e-07
13.25,16.75,Chad,False,225.0,0.23817266717185476,5.484128329885451,26304,1309,4.976429440389294,3.3416970802919708,4.143856447688565,3.3112834549878345,336.0,45.0,69.0,0.2609092101600755,4.681089651101381e-07
13.25,17.25,Chad,False,225.0,0.23817266717185476,5.484128329885451,26304,848,3.223844282238443,2.045316301703163,2.619373479318735,2.0149026763990268,69.0,45.0,24.0,0.26007997729915094,4.5028698558538787e-07
13.5,15.25,Chad,False,225.0,0.23817266717185476,5.484128329885451,26304,4918,18.69677615571776,12.728102189781023,15.031934306569344,11.367092457420924,332.0,45.0,73.0,0.28005126197541536,8.952829009365727e-07
13.5,15.5,Chad,False,225.0,0.23817266717185476,5.484128329885451,26304,4512,17.153284671532848,12.112226277372264,13.861009732360097,10.568734793187348,332.0,45.0,73.0,0.27954073992441186,8.83497707093872e-07
13.5,15.75,Chad,False,225.0,0.23817266717185476,5.484128329885451,26304,4195,15.948144768856448,11.55337591240876,13.096867396593675,10.2455900243309,330.0,45.0,75.0,0.2785926689998705,8.61668921583583e-07
13.5,16.25,Chad,False,225.0,0.23817266717185476,5.484128329885451,26304,5457,20.74589416058394,14.556721411192214,17.168491484184916,13.591088807785889,330.0,45.0,75.0,0.28114653850745436,9.206394687726884e-07
13.75,14.25,Chad,False,225.0,0.23817266717185476,5.484128329885451,26304,4089,15.545164233576642,9.23433698296837,12.146441605839415,8.74771897810219,99.0,45.0,54.0,0.2782557588069746,8.539296181480293e-07
13.75,14.5,Chad,False,225.0,0.23817266717185476,5.484128329885451,26304,3626,13.784975669099756,8.911192214111923,11.211222627737227,8.637469586374696,92.0,45.0,47.0,0.27574817344614755,7.966210841010759e-07
13.75,14.75,Chad,False,225.0,0.23817266717185476,5.484128329885451,26304,4031,15.324665450121655,10.268400243309003,12.671076642335766,10.017487834549879,95.0,45.0,50.0,0.27790231737863336,8.458206344369661e-07
13.75,15.0,Chad,False,225.0,0.23817266717185476,5.484128329885451,26304,4838,18.3926399026764,12.363138686131387,15.260036496350365,12.127433090024331,338.0,45.0,67.0,0.2808843664745275,9.145609566782057e-07
13.75,15.25,Chad,False,225.0,0.23817266717185476,5.484128329885451,26304,4921,18.70818126520681,12.823144768856448,15.450121654501217,12.192062043795621,338.0,45.0,67.0,0.28151869306003335,9.292776864192837e-07
13.75,15.5,Chad,False,225.0,0.23817266717185476,5.484128329885451,26304,4877,18.54090632603406,12.800334549878345,15.20301094890511,11.865115571776157,333.0,45.0,72.0,0.2815685278645027,9.304352881199551e-07
13.75,15.75,Chad,False,225.0,0.23817266717185476,5.484128329885451,26304,4587,17.438412408759124,12.252889294403893,14.370437956204379,11.302463503649635,333.0,45.0,72.0,0.28125499013925853,9.231556001270682e-07
13.75,16.0,Chad,False,225.0,0.23817266717185476,5.484128329885451,26304,5216,19.829683698296837,14.043491484184916,16.503193430656935,13.17670316301703,331.0,45.0,74.0,0.2830129986878261,9.640776256649273e-07
13.75,16.25,Chad,False,225.0,0.23817266717185476,5.484128329885451,26304,7060,26.840024330900242,18.37743309002433,22.06508515815085,17.29014598540146,332.0,45.0,73.0,0.28759088271617017,1.0718358023323083e-06
13.75,16.75,Chad,False,225.0,0.23817266717185476,5.484128329885451,26304,5068,19.267031630170315,12.576034063260341,15.666818734793187,12.066605839416058,334.0,45.0,71.0,0.27945966998873306,8.816282190971863e-07
14.0,13.5,Chad,True,225.0,0.23817266717185476,5.484128329885451,26304,7634,29.02220194647202,16.925182481751825,22.228558394160583,15.434914841849148,343.0,45.0,62.0,0.29037405075985934,1.1381935512707767e-06
14.0,13.75,Chad,True,225.0,0.23817266717185476,5.484128329885451,26304,7462,28.36830900243309,16.248479318734795,21.894008515815084,15.41970802919708,345.0,45.0,60.0,0.29094515942327787,1.151889248588718e-06
14.0,14.25,Chad,True,225.0,0.23817266717185476,5.484128329885451,26304,4552,17.305352798053526,11.138990267639903,14.028284671532846,10.751216545012165,96.0,45.0,51.0,0.2811326410656247,9.20317111410287e-07
14.0,14.5,Chad,True,225.0,0.23817266717185476,5.484128329885451,26304,4649,17.67411800486618,12.07801094890511,14.704987834549879,11.735857664233576,96.0,45.0,51.0,0.28191103084703756,9.383967578781703e-07
14.0,14.75,Chad,True,225.0,0.23817266717185476,5.484128329885451,26304,5073,19.286040145985403,13.515054744525548,16.282694647201946,13.279349148418492,91.0,45.0,46.0,0.284007852881583,9.873483119362004e-07
14.0,15.0,Chad,True,225.0,0.23817266717185476,5.484128329885451,26304,5260,19.996958637469586,13.754562043795621,16.76551094890511,13.534063260340632,88.0,45.0,43.0,0.2845105010259224,9.991368323459989e-07
14.0,15.25,Chad,False,225.0,0.23817266717185476,5.484128329885451,26304,5187,19.719434306569344,13.57588199513382,16.45757299270073,13.195711678832117,337.0,45.0,68.0,0.2834655224415875,9.746525082704285e-07
14.0,15.5,Chad,False,225.0,0.23817266717185476,5.484128329885451,26304,5034,19.13777372262774,13.321167883211679,15.932937956204379,12.728102189781023,336.0,45.0,69.0,0.28317257070969515,9.678046846859395e-07
14.0,15.75,Chad,False,225.0,0.23817266717185476,5.484128329885451,26304,4886,18.575121654501217,12.994221411192214,15.465328467153284,12.355535279805352,336.0,45.0,69.0,0.2831574156282659,9.674506233057795e-07
14.0,16.0,Chad,False,225.0,0.23817266717185476,5.484128329885451,26304,5360,20.37712895377129,14.286800486618004,17.069647201946474,13.762165450121655,337.0,45.0,68.0,0.2848710821082836,1.0076063188417e-06
14.0,16.25,Chad,False,225.0,0.23817266717185476,5.484128329885451,26304,6937,26.37241484184915,17.8794099756691,21.753345498783457,17.13427615571776,336.0,45.0,69.0,0.29002587514777417,1.1298571920145657e-06
14.25,13.5,Chad,True,225.0,0.23817266717185476,5.484128329885451,26304,7623,28.98038321167883,17.69692822384428,22.559306569343065,16.1382299270073,346.0,45.0,59.0,0.29383810074717504,1.2216779767164338e-06
14.25,13.75,Chad,True,225.0,0.23817266717185476,5.484128329885451,26304,7596,28.87773722627737,17.14568126520681,22.585918491484186,16.294099756690997,345.0,45.0,60.0,0.29303223838671516,1.2021681344446471e-06
14.25,14.25,Chad,True,225.0,0.23817266717185476,5.484128329885451,26304,5073,19.286040145985403,13.294555961070559,16.107816301703163,12.929592457420924,95.0,45.0,50.0,0.2852583394443648,1.0167143358567018e-06
14.25,14.5,Chad,False,225.0,0.23817266717185476,5.484128329885451,26304,5254,19.974148418491485,14.324817518248175,17.012621654501217,14.05109489051095,96.0,45.0,51.0,0.28594338260352015,1.0328563665268054e-06
14.25,14.75,Chad,False,225.0,0.23817266717185476,5.484128329885451,26304,5600,21.289537712895378,15.069951338199514,18.06189172749392,14.834245742092458,89.0,45.0,44.0,0.28748618702480455,1.0693520654492863e-06
14.25,15.0,Chad,True,225.0,0.23817266717185476,5.484128329885451,26304,5672,21.563260340632603,15.00912408759124,18.18734793187348,14.811435523114355,89.0,45.0,44.0,0.28690754312702665,1.0556409813565704e-06
14.25,15.25,Chad,False,225.0,0.23817266717185476,5.484128329885451,26304,5484,20.848540145985403,14.33242092457421,17.472627737226276,14.096715328467154,344.0,45.0,61.0,0.2856948768319077,1.0269962197437153e-06
14.25,15.5,Chad,False,225.0,0.23817266717185476,5.484128329885451,26304,5326,20.24787104622871,13.975060827250608,16.947992700729927,13.648114355231144,338.0,45.0,67.0,0.2853974897786125,1.0199900744548344e-06
14.25,15.75,Chad,False,225.0,0.23817266717185476,5.484128329885451,26304,5380,20.45316301703163,14.355231143552311,17.22551703163017,13.99787104622871,337.0,45.0,68.0,0.28569918325902627,1.0270977285099546e-06
14.25,16.0,Chad,False,225.0,0.23817266717185476,5.484128329885451,26304,5517,20.973996350364963,14.609945255474452,17.647506082725062,14.321015815085158,337.0,45.0,68.0,0.2870273275958748,1.0584770311381048e-06
14.25,16.25,Chad,False,225.0,0.23817266717185476,5.484128329885451,26304,6291,23.916514598540147,16.48038321167883,20.04257907542579,16.168643552311437,334.0,45.0,71.0,0.2888441254486742,1.1016371750898448e-06
14.25,16.5,Chad,False,225.0,0.23817266717185476,5.484128329885451,26304,8499,32.31067518248175,21.574665450121653,26.62712895377129,20.94358272506083,332.0,45.0,73.0,0.2949477423493571,1.2486299654339097e-06
14.5,13.75,Chad,True,225.0,0.23817266717185476,5.484128329885451,26304,7413,28.182025547445257,17.803375912408757,22.623935523114355,17.065845498783457,349.0,45.0,56.0,0.2941473116600688,1.2291781637015435e-06
14.5,14.0,Chad,True,225.0,0.23817266717185476,5.484128329885451,26304,6147,23.369069343065693,15.834093673965937,19.445711678832115,15.522354014598541,90.0,45.0,45.0,0.2893394367304778,1.113451113076092e-06
14.5,15.25,Chad,False,225.0,0.23817266717185476,5.484128329885451,26304,6323,24.03816909975669,16.411952554744527,20.118613138686133,16.199057177615572,85.0,45.0,40.0,0.29108426498742046,1.1552292001550318e-06
14.5,15.5,Chad,False,225.0,0.23817266717185476,5.484128329885451,26304,6130,23.304440389294403,16.119221411192214,19.6205900243309,15.936739659367397,94.0,45.0,49.0,0.2903298865368246,1.1371355745997842e-06
14.5,15.75,Chad,False,225.0,0.23817266717185476,5.484128329885451,26304,6206,23.5933698296837,16.362530413625304,19.882907542579076,16.172445255474454,13.0,45.0,32.0,0.29021857925530936,1.13446986531934e-06
14.75,13.75,Chad,False,225.0,0.23817266717185476,5.484128329885451,26304,8670,32.96076642335766,20.149026763990268,26.29638077858881,19.631995133819952,350.0,45.0,55.0,0.3006861449730078,1.3896306238643406e-06
14.75,14.0,Chad,False,225.0,0.23817266717185476,5.484128329885451,26304,7971,30.303375912408757,19.460918491484186,24.70346715328467,19.103558394160583,87.0,45.0,42.0,0.3004116122069156,1.3828230867202974e-06
14.75,14.75,Chad,False,225.0,0.23817266717185476,5.484128329885451,26304,7360,27.980535279805352,18.75,23.243613138686133,18.50669099756691,87.0,45.0,42.0,0.2984392103363119,1.334096635520009e-06
14.75,15.0,Chad,False,225.0,0.23817266717185476,5.484128329885451,26304,8870,33.72110705596107,21.722931873479318,27.577554744525546,21.434002433090026,1.0,45.0,44.0,0.3033948622216688,1.4571315265840466e-06
14.75,15.25,Chad,True,225.0,0.23817266717185476,5.484128329885451,26304,9242,35.13534063260341,22.39963503649635,28.592609489051096,22.049878345498783,1.0,45.0,44.0,0.30347899132057204,1.4592377061276092e-06
14.75,15.5,Chad,False,225.0,0.23817266717185476,5.484128329885451,26304,9227,35.07831508515815,22.50228102189781,28.592609489051096,22.10690389294404,1.0,45.0,44.0,0.3030510387180356,1.44852994421045e-06
14.75,15.75,Chad,False,225.0,0.23817266717185476,5.484128329885451,26304,9194,34.95285888077859,22.764598540145986,28.683850364963504,22.41484184914842,359.0,45.0,46.0,0.3021877895448849,1.426976648915127e-06
14.75,16.0,Chad,False,225.0,0.23817266717185476,5.484128329885451,26304,9383,35.671380778588805,23.916514598540147,29.57344890510949,23.47551703163017,0.0,45.0,45.0,0.30155884187360366,1.4113120254406647e-06
14.75,16.25,Chad,False,225.0,0.23817266717185476,5.484128329885451,26304,9455,35.945103406326034,24.441149635036496,30.029653284671532,24.11420316301703,3.0,45.0,42.0,0.30108688413001355,1.3995788403087249e-06
14.75,16.5,Chad,False,225.0,0.23817266717185476,5.484128329885451,26304,9973,37.914385644768856,25.558850364963504,31.542731143552313,25.171076642335766,0.0,45.0,45.0,0.30263502930538144,1.4381354953355374e-06
15.0,11.5,Chad,False,225.0,0.23817266717185476,5.484128329885451,26304,6519,24.783302919708028,12.131234793187348,17.39659367396594,10.009884428223843,347.0,45.0,58.0,0.29075484596527407,1.147322371802525e-06
15.0,12.5,Chad,False,225.0,0.23817266717185476,5.484128329885451,26304,7289,27.710614355231144,13.013229927007298,20.06919099756691,12.427767639902676,87.0,45.0,42.0,0.2941020611670073,1.2280800798247661e-06
15.0,12.75,Chad,False,225.0,0.23817266717185476,5.484128329885451,26304,7485,28.45574817518248,14.0625,20.94358272506083,13.431417274939173,91.0,45.0,46.0,0.2958765264016827,1.2712672224712473e-06
15.0,13.0,Chad,False,225.0,0.23817266717185476,5.484128329885451,26304,7753,29.474604622871045,15.157390510948906,21.95103406326034,14.427463503649635,351.0,45.0,54.0,0.29633241749599976,1.2824046988719428e-06
15.0,13.5,Chad,False,225.0,0.23817266717185476,5.484128329885451,26304,8045,30.58470194647202,17.56006690997567,23.813868613138688,17.043035279805352,359.0,45.0,46.0,0.30019891241329694,1.3775530852919675e-06
15.0,13.75,Chad,False,225.0,0.23817266717185476,5.484128329885451,26304,8590,32.656630170316305,19.221411192214113,25.72992700729927,18.80322384428224,83.0,45.0,38.0,0.30344354912965155,1.4583503365119843e-06
15.0,14.0,Chad,False,225.0,0.23817266717185476,5.484128329885451,26304,8847,33.63366788321168,20.175638686131386,26.699361313868614,19.765054744525546,86.0,45.0,41.0,0.3058452194617039,1.5187156266096946e-06
15.0,14.5,Chad,False,225.0,0.23817266717185476,5.484128329885451,26304,8422,32.01794403892944,19.715632603406327,25.745133819951338,19.472323600973237,86.0,45.0,41.0,0.3041765970129897,1.476724824034175e-06
15.0,14.75,Chad,False,225.0,0.23817266717185476,5.484128329885451,26304,8797,33.44358272506083,20.464568126520682,26.851429440389296,20.25927615571776,11.0,45.0,34.0,0.3055167290565847,1.510431021363111e-06
15.0,15.0,Chad,False,225.0,0.23817266717185476,5.484128329885451,26304,9606,36.519160583941606,21.8521897810219,29.064020681265205,21.60888077858881,3.0,45.0,42.0,0.30795973285002176,1.5722572523053502e-06
15.0,15.25,Chad,True,225.0,0.23817266717185476,5.484128329885451,26304,9491,36.08196472019465,21.802767639902676,28.744677615571778,21.407390510948904,3.0,45.0,42.0,0.30746578456551704,1.5597169586298761e-06
15.0,15.5,Chad,True,225.0,0.23817266717185476,5.484128329885451,26304,9630,36.61040145985402,22.650547445255473,29.413777372262775,22.217153284671532,2.0,45.0,43.0,0.30717791965577224,1.5524179665551711e-06
15.0,15.75,Chad,True,225.0,0.23817266717185476,5.484128329885451,26304,10045,38.188108272506085,24.045772506082724,30.869829683698295,23.55155109489051,118.0,45.0,73.0,0.30736900802868244,1.5572623670584572e-06
15.0,16.0,Chad,True,225.0,0.23817266717185476,5.484128329885451,26304,10444,39.704987834549875,25.501824817518248,32.295468369829685,24.88594890510949,115.0,45.0,70.0,0.30753364889158946,1.5614386963042678e-06
15.0,16.25,Chad,True,225.0,0.23817266717185476,5.484128329885451,26304,10505,39.936891727493915,26.15191605839416,32.75547445255474,25.574057177615572,114.0,45.0,69.0,0.30721368854658043,1.553324536828471e-06
15.0,16.5,Chad,False,225.0,0.23817266717185476,5.484128329885451,26304,10403,39.54911800486618,26.387621654501217,32.63762165450122,25.726125304136254,112.0,45.0,67.0,0.30729233424936997,1.5553182003737365e-06
15.25,12.5,Chad,False,225.0,0.23817266717185476,5.484128329885451,26304,7026,26.710766423357665,12.484793187347933,19.354470802919707,11.998175182481752,86.0,45.0,41.0,0.2950931806308036,1.2521700333502378e-06
15.25,12.75,Chad,False,225.0,0.23817266717185476,5.484128329885451,26304,7205,27.391271289537713,13.40860705596107,20.084397810218977,12.777524330900244,92.0,45.0,47.0,0.29728029951185553,1.305616466062611e-06
15.25,13.0,Chad,False,225.0,0.23817266717185476,5.484128329885451,26304,7335,27.885492700729927,14.146137469586375,20.749695863746958,13.61389902676399,90.0,45.0,45.0,0.2986494432206931,1.3392749711260156e-06
15.25,13.5,Chad,False,225.0,0.23817266717185476,5.484128329885451,26304,8043,30.577098540145986,16.427159367396595,23.24741484184915,15.917731143552311,89.0,45.0,44.0,0.30262020092611674,1.4377652556548597e-06
15.25,13.75,Chad,False,225.0,0.23817266717185476,5.484128329885451,26304,8348,31.73661800486618,17.541058394160583,24.43734793187348,17.138077858880777,83.0,45.0,38.0,0.3049793608875245,1.4968976639846494e-06
15.25,14.0,Chad,False,225.0,0.23817266717185476,5.484128329885451,26304,8484,32.253649635036496,18.126520681265205,24.996198296836983,17.73874695863747,86.0,45.0,41.0,0.3063341715538119,1.5310636015653314e-06
15.25,14.5,Chad,False,225.0,0.23817266717185476,5.484128329885451,26304,8985,34.15830291970803,19.232816301703163,26.55109489051095,18.943886861313867,122.0,45.0,77.0,0.30928751242680214,1.6060665283153435e-06
15.25,15.0,Chad,False,225.0,0.23817266717185476,5.484128329885451,26304,9361,35.587743309002434,20.494981751824817,27.81706204379562,20.04638077858881,124.0,45.0,79.0,0.30964913998411103,1.6152998601905548e-06
15.5,12.5,Chad,False,270.0,0.23817266717185476,5.484128329885451,26304,6619,25.163473236009732,12.146441605839415,18.654957420924575,12.146441605839415,90.0,90.0,0.0,0.2943821619292209,1.234879937786036e-06
15.5,12.75,Chad,False,270.0,0.23817266717185476,5.484128329885451,26304,6817,25.916210462287104,12.906782238442823,19.407694647201946,12.899178832116789,89.0,90.0,1.0,0.29592372183210636,1.2724194170313973e-06
15.5,13.0,Chad,False,270.0,0.23817266717185476,5.484128329885451,26304,7080,26.916058394160583,13.655717761557177,20.282086374695865,13.648114355231144,89.0,90.0,1.0,0.2988904801565674,1.3452165415783338e-06
15.5,13.25,Chad,False,225.0,0.23817266717185476,5.484128329885451,26304,7295,27.733424574209245,14.351429440389294,20.878953771289538,14.02448296836983,88.0,45.0,43.0,0.30124622809702994,1.4035381829737175e-06
15.5,13.5,Chad,False,270.0,0.23817266717185476,5.484128329885451,26304,7470,28.398722627737225,15.123175182481752,21.749543795620436,15.10036496350365,82.0,90.0,8.0,0.3033746430074172,1.4566254237764213e-06
15.5,13.75,Chad,False,270.0,0.23817266717185476,5.484128329885451,26304,7819,29.72551703163017,16.04698905109489,22.85964111922141,15.993765206812652,88.0,90.0,2.0,0.3053166150866019,1.5053884637327163e-06
15.5,15.25,Chad,False,225.0,0.23817266717185476,5.484128329885451,26304,9416,35.79683698296837,21.259124087591243,27.950121654501217,20.10340632603406,127.0,45.0,82.0,0.31200465227892077,1.6757065014914024e-06
15.5,15.5,Chad,False,225.0,0.23817266717185476,5.484128329885451,26304,9580,36.42031630170316,22.28558394160584,28.683850364963504,20.947384428223845,126.0,45.0,81.0,0.31225208050173003,1.6820783170648596e-06
15.75,12.5,Chad,False,270.0,0.23817266717185476,5.484128329885451,26304,6383,24.266271289537713,12.207268856447689,18.22536496350365,12.184458637469586,87.0,90.0,3.0,0.2928263137938031,1.197191316934214e-06
15.75,12.75,Chad,False,270.0,0.23817266717185476,5.484128329885451,26304,6483,24.646441605839417,12.686283454987835,18.63594890510949,12.625456204379562,87.0,90.0,3.0,0.2951474464709827,1.253491348325007e-06
15.75,13.0,Chad,False,270.0,0.23817266717185476,5.484128329885451,26304,6736,25.608272506082724,13.549270072992702,19.548357664233578,13.488442822384428,88.0,90.0,2.0,0.29703529392268857,1.299609656779083e-06
15.75,13.25,Chad,True,315.0,0.23817266717185476,5.484128329885451,26304,7003,26.623327250608273,14.22977493917275,18.871654501216543,11.119981751824817,89.0,135.0,46.0,0.3004461708785468,1.3836796894579076e-06
15.75,13.5,Chad,False,315.0,0.23817266717185476,5.484128329885451,26304,7197,27.360857664233578,14.860857664233576,19.894312652068127,12.427767639902676,88.0,135.0,47.0,0.3025863801715296,1.4369208761929824e-06
15.75,13.75,Chad,False,315.0,0.23817266717185476,5.484128329885451,26304,7430,28.246654501216543,15.625,21.050030413625304,13.853406326034063,88.0,135.0,47.0,0.3044374433595596,1.4832738611486543e-06
15.75,14.0,Chad,False,270.0,0.23817266717185476,5.484128329885451,26304,7714,29.326338199513383,16.210462287104622,22.73038321167883,16.13442822384428,80.0,90.0,10.0,0.30638359802829196,1.532312913347538e-06
15.75,14.5,Chad,False,270.0,0.23817266717185476,5.484128329885451,26304,8197,31.16256082725061,17.636100973236008,24.10279805352798,17.043035279805352,131.0,90.0,41.0,0.3090093326235011,1.5989711860075968e-06
15.75,15.0,Chad,False,315.0,0.23817266717185476,5.484128329885451,26304,8723,33.162256690997566,20.04638077858881,26.425638686131386,19.689020681265205,132.0,135.0,3.0,0.3116834286383509,1.6674418285747695e-06
16.0,12.75,Chad,False,270.0,0.23817266717185476,5.484128329885451,26304,6231,23.688412408759124,13.188108272506083,18.388838199513383,13.08926399026764,88.0,90.0,2.0,0.29347117094574265,1.2127880011138487e-06
16.0,13.0,Chad,False,270.0,0.23817266717185476,5.484128329885451,26304,6453,24.532390510948904,13.880018248175183,19.16058394160584,13.788777372262773,87.0,90.0,3.0,0.2958894773017523,1.271583377934097e-06
16.0,13.25,Chad,False,270.0,0.23817266717185476,5.484128329885451,26304,6778,25.76794403892944,14.514902676399027,20.084397810218977,14.400851581508515,87.0,90.0,3.0,0.2984915268042743,1.3353849238840443e-06
16.0,13.5,Chad,False,315.0,0.23817266717185476,5.484128329885451,26304,7021,26.69175790754258,15.043339416058394,19.229014598540147,11.766271289537713,85.0,135.0,50.0,0.3009487442315825,1.3961480667672517e-06
16.5,18.0,Chad,False,270.0,0.23817266717185476,5.484128329885451,26304,12538,47.665754257907544,40.168795620437955,42.43841240875913,37.211070559610704,120.0,90.0,30.0,0.33411651326829833,2.2650791665258124e-06
16.5,18.5,Chad,False,225.0,0.23817266717185476,5.484128329885451,26304,12473,47.41864355231144,39.63275547445255,42.03543187347932,36.6522201946472,116.0,45.0,71.0,0.32844231186626277,2.1099905520770624e-06
16.5,18.75,Chad,False,225.0,0.23817266717185476,5.484128329885451,26304,12560,47.749391727493915,39.37804136253041,42.29774939172749,36.84610705596107,114.0,45.0,69.0,0.32540893215752,2.0281711205159085e-06
16.75,-4.25,WesternSahara,False,45.0,0.27043061166066024,6.22689495099098,26304,1701,6.466697080291971,2.6041666666666665,2.1327554744525545,-2.2011861313868613,92.0,225.0,133.0,0.30616674728005705,1.1530280541682764e-06
16.75,-4.5,WesternSahara,False,45.0,0.27043061166066024,6.22689495099098,26304,1373,5.2197384428223845,2.033911192214112,1.786800486618005,-1.6461374695863746,91.0,225.0,134.0,0.3047024844533557,1.1029754214403239e-06
16.75,-5.0,WesternSahara,False,,0.27043061166066024,6.22689495099098,26304,1340,5.094282238442823,1.8400243309002433,,,96.0,,,0.3033284567500903,1.0562255084550203e-06
16.75,-5.25,WesternSahara,False,45.0,0.27043061166066024,6.22689495099098,26304,1404,5.337591240875913,1.8324209245742094,1.938868613138686,-1.4598540145985401,92.0,225.0,133.0,0.30358670689244477,1.0649960860605696e-06
16.75,-5.75,WesternSahara,True,,0.27043061166066024,6.22689495099098,26304,1588,6.0371046228710465,1.6043187347931873,,,99.0,,,0.3045806721146064,1.098822343403066e-06
16.75,-6.0,WesternSahara,True,,0.27043061166066024,6.22689495099098,26304,1623,6.170164233576642,1.440845498783455,,,330.0,,,0.3073888202271295,1.194985657164846e-06
16.75,18.75,Chad,False,225.0,0.23817266717185476,5.484128329885451,26304,12748,48.46411192214112,41.37013381995134,43.51049270072993,38.55687347931873,114.0,45.0,69.0,0.33075670033241905,2.1729271887397985e-06
16.75,19.25,Chad,False,225.0,0.23817266717185476,5.484128329885451,26304,12723,48.369069343065696,40.53756082725061,43.49908759124087,38.629105839416056,111.0,45.0,66.0,0.323790572600461,1.984829621986568e-06
17.0,-4.25,WesternSahara,False,45.0,0.27043061166066024,6.22689495099098,26304,2849,10.831052311435522,4.543035279805353,3.3416970802919708,-4.147658150851582,94.0,225.0,131.0,0.3108613943865621,1.3151222864795164e-06
17.0,-4.5,WesternSahara,False,45.0,0.27043061166066024,6.22689495099098,26304,2953,11.226429440389294,4.793947688564477,3.4101277372262775,-4.406173965936739,82.0,225.0,143.0,0.3115368603238866,1.3386473853339904e-06
17.0,-5.75,WesternSahara,False,,0.27043061166066024,6.22689495099098,26304,2765,10.511709245742093,3.5469890510948905,,,92.0,,,0.30911331959848143,1.2544774787014011e-06
17.0,-6.0,WesternSahara,True,,0.27043061166066024,6.22689495099098,26304,2811,10.686587591240876,3.372110705596107,,,6.0,,,0.3104735817286904,1.301638638080733e-06
17.0,-6.5,WesternSahara,True,,0.27043061166066024,6.22689495099098,26304,3265,12.412560827250608,3.50897201946472,,,1.0,,,0.312946773995005,1.3879163255736945e-06
17.0,-6.75,WesternSahara,True,,0.27043061166066024,6.22689495099098,26304,3983,15.142183698296837,4.23889902676399,,,89.0,,,0.31493748530579874,1.4578598508069248e-06
17.0,-7.75,WesternSahara,False,,0.27043061166066024,6.22689495099098,26304,3765,14.313412408759124,6.246198296836983,,,105.0,,,0.3140530084800416,1.4267290582158562e-06
17.0,-8.25,WesternSahara,False,45.0,0.27043061166066024,6.22689495099098,26304,4059,15.43111313868613,5.896441605839416,4.9992396593673964,-5.432633819951338,354.0,225.0,129.0,0.31390742214330786,1.421613270264417e-06
17.0,-8.5,WesternSahara,False,45.0,0.27043061166066024,6.22689495099098,26304,4209,16.001368613138688,6.443886861313868,5.090480535279806,-5.820407542579075,354.0,225.0,129.0,0.3138176689319316,1.4184605958463963e-06
17.0,-9.25,WesternSahara,False,45.0,0.27043061166066024,6.22689495099098,26304,3855,14.655565693430656,6.656782238442823,4.9726277372262775,-4.710310218978102,355.0,225.0,130.0,0.3153817018636746,1.4735278993252209e-06
17.0,-9.5,WesternSahara,False,45.0,0.27043061166066024,6.22689495099098,26304,4020,15.282846715328468,6.607360097323601,5.656934306569343,-3.968978102189781,353.0,225.0,128.0,0.31692915581956027,1.5282809110286633e-06
17.0,-9.75,WesternSahara,True,45.0,0.27043061166066024,6.22689495099098,26304,4322,16.43096107055961,6.873479318734793,6.59595498783455,-3.239051094890511,348.0,225.0,123.0,0.3193948105538688,1.6160759913969202e-06
17.0,18.25,Chad,False,225.0,0.23817266717185476,5.484128329885451,26304,13194,50.159671532846716,45.156630170316305,46.55565693430657,42.95164233576642,119.0,45.0,74.0,0.34330925989456285,2.5219753971582623e-06
17.0,19.5,Chad,False,225.0,0.23817266717185476,5.484128329885451,26304,13106,49.82512165450122,42.769160583941606,45.44175790754258,41.058394160583944,108.0,45.0,63.0,0.3274022351094305,2.081851009772536e-06
17.25,-5.0,WesternSahara,True,,0.27043061166066024,6.22689495099098,26304,3472,13.199513381995134,5.383211678832117,,,78.0,,,0.31276497215028903,1.38155082984281e-06
17.25,-7.25,WesternSahara,True,225.0,0.27043061166066024,6.22689495099098,26304,4408,16.757907542579076,8.576642335766424,12.317518248175183,7.877128953771289,106.0,45.0,61.0,0.3172657058988234,1.5402244231309355e-06
17.5,-11.0,WesternSahara,False,225.0,0.27043061166066024,6.22689495099098,26304,3352,12.74330900243309,7.95316301703163,9.375,6.00669099756691,2.0,45.0,43.0,0.31796540911156534,1.56509611154843e-06
17.5,-11.25,WesternSahara,False,225.0,0.27043061166066024,6.22689495099098,26304,3040,11.557177615571776,8.090024330900244,7.690845498783455,3.824513381995134,358.0,45.0,47.0,0.31744036889774896,1.546427871977001e-06
17.5,-13.5,WesternSahara,False,45.0,0.27043061166066024,6.22689495099098,26304,4473,17.005018248175183,9.226733576642335,6.371654501216545,-4.261709245742092,348.0,225.0,123.0,0.3150776421004987,1.4628009636489297e-06
17.5,-13.75,WesternSahara,False,45.0,0.27043061166066024,6.22689495099098,26304,4580,17.411800486618006,10.325425790754258,6.379257907542579,-4.653284671532846,350.0,225.0,125.0,0.3139807563476952,1.4241898793204318e-06
17.5,-14.25,WesternSahara,True,,0.27043061166066024,6.22689495099098,26304,4963,18.867852798053526,12.762317518248175,,,350.0,,,0.312791477170195,1.3824786296509937e-06
17.5,-4.25,WesternSahara,False,270.0,0.27043061166066024,6.22689495099098,26304,3500,13.305961070559611,5.170316301703163,9.200121654501217,5.094282238442823,77.0,90.0,13.0,0.31345740515752213,1.4058150301295705e-06
17.5,-4.5,WesternSahara,False,270.0,0.27043061166066024,6.22689495099098,26304,3584,13.62530413625304,5.634124087591241,9.565085158150852,5.504866180048662,81.0,90.0,9.0,0.3139799115454393,1.4241601936306071e-06
17.5,-5.0,WesternSahara,False,270.0,0.27043061166066024,6.22689495099098,26304,3679,13.986465936739659,5.980079075425791,9.926246958637469,5.8660279805352795,81.0,90.0,9.0,0.31347137448795925,1.406305094845718e-06
17.5,-5.5,WesternSahara,True,,0.27043061166066024,6.22689495099098,26304,3568,13.564476885644769,5.694951338199513,,,81.0,,,0.3124311879301646,1.3698735485781989e-06
17.5,-5.75,WesternSahara,True,,0.27043061166066024,6.22689495099098,26304,3573,13.583485401459853,5.4934610705596105,,,86.0,,,0.3127068971159302,1.3795182065636357e-06
17.5,-6.0,WesternSahara,True,,0.27043061166066024,6.22689495099098,26304,3608,13.71654501216545,5.428832116788321,,,83.0,,,0.3123535334662612,1.3671586321574953e-06
17.5,-6.5,WesternSahara,True,,0.27043061166066024,6.22689495099098,26304,4072,15.480535279805352,5.59610705596107,,,79.0,,,0.3148323734799753,1.4541556622233193e-06
17.5,-6.75,WesternSahara,True,,0.27043061166066024,6.22689495099098,26304,4465,16.974604622871045,6.269008515815085,,,78.0,,,0.3169809733179307,1.5301189883282657e-06
17.5,-7.25,WesternSahara,True,,0.27043061166066024,6.22689495099098,26304,5095,19.369677615571778,10.967913625304137,,,102.0,,,0.31826023958120475,1.5755925792846637e-06
17.5,-7.5,WesternSahara,False,270.0,0.27043061166066024,6.22689495099098,26304,4368,16.605839416058394,9.16970802919708,12.739507299270073,8.873175182481752,105.0,90.0,15.0,0.31718780321831797,1.5374586799974997e-06
17.5,-8.25,WesternSahara,False,225.0,0.27043061166066024,6.22689495099098,26304,4096,15.571776155717762,6.25,10.785431873479318,5.999087591240876,9.0,45.0,36.0,0.31565667246885754,1.4832375068916637e-06
17.5,-8.5,WesternSahara,False,225.0,0.27043061166066024,6.22689495099098,26304,4252,16.16484184914842,6.9419099756691,11.287256690997568,6.4096715328467155,4.0,45.0,41.0,0.31612996583618197,1.4999699937607456e-06
17.5,-8.75,WesternSahara,True,,0.27043061166066024,6.22689495099098,26304,4344,16.514598540145986,7.603406326034063,,,1.0,,,0.31673306584625927,1.5213279012396778e-06
17.5,-9.0,WesternSahara,True,,0.27043061166066024,6.22689495099098,26304,4466,16.97840632603406,8.264902676399027,,,1.0,,,0.3173624665979371,1.54366061956466e-06
17.5,-9.25,WesternSahara,False,225.0,0.27043061166066024,6.22689495099098,26304,4436,16.864355231143552,8.538625304136254,11.87271897810219,6.8810827250608275,1.0,45.0,44.0,0.31780572769284354,1.5594152418515074e-06
17.5,-9.5,WesternSahara,False,225.0,0.27043061166066024,6.22689495099098,26304,4245,16.1382299270073,8.397962287104622,11.150395377128953,6.1625608272506085,356.0,45.0,49.0,0.31813273261433056,1.5710519198693383e-06
17.5,-9.75,WesternSahara,False,225.0,0.27043061166066024,6.22689495099098,26304,4321,16.427159367396595,8.025395377128953,10.922293187347933,5.4174270072992705,352.0,45.0,53.0,0.3186529203821189,1.5895877927902504e-06
17.5,19.25,Chad,True,270.0,0.23817266717185476,5.484128329885451,26304,14744,56.052311435523116,51.54349148418491,53.429136253041364,50.80596107055961,109.0,90.0,19.0,0.34491435532254555,2.567545620233796e-06
17.5,19.5,Chad,False,225.0,0.23817266717185476,5.484128329885451,26304,14914,56.69860097323601,51.361009732360095,53.429136253041364,50.159671532846716,105.0,45.0,60.0,0.3423259863579403,2.494164294235266e-06
17.5,19.75,Chad,False,225.0,0.23817266717185476,5.484128329885451,26304,14455,54.953619221411195,49.00775547445255,51.42183698296837,47.89005474452555,102.0,45.0,57.0,0.33633551113127363,2.3264518787975203e-06
17.75,-10.5,WesternSahara,False,270.0,0.27043061166066024,6.22689495099098,26304,4399,16.72369221411192,8.968217761557177,12.46198296836983,8.200273722627736,6.0,90.0,84.0,0.3195246044187148,1.6207164391532401e-06
17.75,-11.0,WesternSahara,False,270.0,0.27043061166066024,6.22689495099098,26304,3247,12.344130170316301,8.770529197080291,8.443582725060827,4.543035279805353,1.0,90.0,89.0,0.3186961687250058,1.591130226395859e-06
17.75,-11.25,WesternSahara,False,270.0,0.27043061166066024,6.22689495099098,26304,3167,12.03999391727494,8.33713503649635,6.964720194647202,1.8894464720194648,358.0,90.0,92.0,0.3223938978293178,1.723782218694816e-06
17.75,-12.75,WesternSahara,False,270.0,0.27043061166066024,6.22689495099098,26304,3433,13.051246958637469,5.470650851581508,8.732512165450121,4.413777372262774,24.0,90.0,66.0,0.3170738633514363,1.5334147483173264e-06
17.75,-13.0,WesternSahara,True,270.0,0.27043061166066024,6.22689495099098,26304,3962,15.062347931873479,7.7250608272506085,9.43962895377129,3.8169099756690996,357.0,90.0,93.0,0.3156972932028926,1.4846726007885848e-06
17.75,-13.25,WesternSahara,True,,0.27043061166066024,6.22689495099098,26304,4236,16.104014598540147,9.481447688564478,,,352.0,,,0.31475392525959817,1.4513919170197462e-06
17.75,-13.5,WesternSahara,False,270.0,0.27043061166066024,6.22689495099098,26304,4451,16.92138077858881,10.344434306569344,9.903436739659368,2.885492700729927,351.0,90.0,99.0,0.3145348995263389,1.4436792461247922e-06
17.75,-13.75,WesternSahara,False,270.0,0.27043061166066024,6.22689495099098,26304,4469,16.989811435523116,10.671380778588809,9.447232360097324,1.904653284671533,351.0,90.0,99.0,0.31446054029329173,1.4410620152413995e-06
17.75,-14.25,WesternSahara,True,,0.27043061166066024,6.22689495099098,26304,4894,18.605535279805352,12.697688564476886,,,352.0,,,0.313193978577834,1.3965777261869696e-06
17.75,-14.5,WesternSahara,True,,0.27043061166066024,6.22689495099098,26304,5157,19.60538321167883,13.636709245742093,,,354.0,,,0.313307585677332,1.4005605149160919e-06
17.75,-4.25,WesternSahara,False,225.0,0.27043061166066024,6.22689495099098,26304,3647,13.864811435523114,5.295772506082725,9.466240875912408,5.067670316301703,70.0,45.0,25.0,0.3138480928924181,1.4195291679331016e-06
17.75,-4.5,WesternSahara,False,225.0,0.27043061166066024,6.22689495099098,26304,3746,14.2411800486618,5.732968369829684,9.895833333333334,5.550486618004866,77.0,45.0,32.0,0.31412822229798315,1.429372941191733e-06
17.75,-5.5,WesternSahara,False,225.0,0.27043061166066024,6.22689495099098,26304,3622,13.769768856447689,6.105535279805353,9.819799270072993,5.869829683698297,78.0,45.0,33.0,0.31256280980867424,1.3744767880553146e-06
17.75,-5.75,WesternSahara,True,,0.27043061166066024,6.22689495099098,26304,3598,13.67852798053528,6.059914841849149,,,69.0,,,0.3119803200947303,1.354119949433044e-06
17.75,-6.0,WesternSahara,True,,0.27043061166066024,6.22689495099098,26304,3678,13.982664233576642,6.135948905109489,,,83.0,,,0.3121672607370139,1.3606490094351068e-06
17.75,-6.5,WesternSahara,True,,0.27043061166066024,6.22689495099098,26304,3956,15.039537712895378,6.00669099756691,,,79.0,,,0.314222169775687,1.4326762308130627e-06
17.75,-6.75,WesternSahara,True,,0.27043061166066024,6.22689495099098,26304,4154,15.79227493917275,6.143552311435523,,,80.0,,,0.3157800787680178,1.4875979118168747e-06
17.75,-7.25,WesternSahara,True,,0.27043061166066024,6.22689495099098,26304,5055,19.217609489051096,10.671380778588809,,,84.0,,,0.31853134577401404,1.5852530078151584e-06
17.75,-7.5,WesternSahara,True,,0.27043061166066024,6.22689495099098,26304,4630,17.601885644768856,11.19221411192214,,,98.0,,,0.3185303184219238,1.5852163842669045e-06
17.75,-8.25,WesternSahara,False,225.0,0.27043061166066024,6.22689495099098,26304,4027,15.309458637469586,7.196624087591241,11.19221411192214,7.074969586374696,31.0,45.0,14.0,0.3162136542394979,1.5029312641295966e-06
17.75,-8.5,WesternSahara,False,225.0,0.27043061166066024,6.22689495099098,26304,4187,15.917731143552311,7.409519464720194,11.519160583941606,7.1205900243309,359.0,45.0,46.0,0.31769217084926493,1.555377048876683e-06
17.75,-8.75,WesternSahara,False,225.0,0.27043061166066024,6.22689495099098,26304,4246,16.142031630170315,8.013990267639903,11.720650851581508,7.299270072992701,358.0,45.0,47.0,0.31761744039370937,1.5527203477921156e-06
17.75,-9.0,WesternSahara,False,225.0,0.27043061166066024,6.22689495099098,26304,4345,16.518400243309003,8.291514598540147,11.914537712895378,7.310675182481752,358.0,45.0,47.0,0.3175653350361687,1.5508683488653532e-06
17.75,-9.25,WesternSahara,False,225.0,0.27043061166066024,6.22689495099098,26304,4404,16.74270072992701,8.614659367396595,12.161648418491485,7.580596107055961,358.0,45.0,47.0,0.31815491065971224,1.5718415730606478e-06
17.75,-9.5,WesternSahara,False,270.0,0.27043061166066024,6.22689495099098,26304,4324,16.438564476885645,8.599452554744525,11.637013381995134,6.8354622871046224,356.0,90.0,94.0,0.3183806256848946,1.5798813270868158e-06
17.75,-9.75,WesternSahara,False,270.0,0.27043061166066024,6.22689495099098,26304,4268,16.22566909975669,8.150851581508515,11.382299270072993,6.538929440389294,352.0,90.0,98.0,0.31877964143456705,1.5941078366982793e-06
18.0,-10.5,WesternSahara,False,225.0,0.27043061166066024,6.22689495099098,26304,3523,13.393400243309003,8.276307785888077,10.420468369829683,7.447536496350365,7.0,45.0,38.0,0.3189696746646969,1.600889546311577e-06
18.0,-13.0,WesternSahara,False,225.0,0.27043061166066024,6.22689495099098,26304,4161,15.81888686131387,8.869373479318735,11.173205596107056,6.527524330900243,350.0,45.0,55.0,0.31677419240697685,1.522785821009624e-06
18.0,-8.25,WesternSahara,False,225.0,0.27043061166066024,6.22689495099098,26304,4072,15.480535279805352,8.941605839416058,12.138838199513382,8.797141119221411,80.0,45.0,35.0,0.31849048741918984,1.5837965603268262e-06
18.0,-8.5,WesternSahara,False,225.0,0.27043061166066024,6.22689495099098,26304,4191,15.932937956204379,8.648874695863746,12.233880778588809,8.534823600973237,74.0,45.0,29.0,0.3182500532755238,1.5752297671756018e-06
18.0,-8.75,WesternSahara,False,225.0,0.27043061166066024,6.22689495099098,26304,4277,16.259884428223845,8.945407542579076,12.480991484184916,8.702098540145986,4.0,45.0,41.0,0.31875901655424077,1.593372040399414e-06
18.25,-10.5,WesternSahara,False,270.0,0.27043061166066024,6.22689495099098,26304,2572,9.777980535279806,7.170012165450122,7.8999391727493915,6.021897810218978,11.0,90.0,79.0,0.3165510464630379,1.514877661318113e-06
18.25,-12.5,WesternSahara,False,270.0,0.27043061166066024,6.22689495099098,26304,3406,12.94860097323601,7.002737226277373,9.81219586374696,6.675790754257908,45.0,90.0,45.0,0.319605697390905,1.6236166679770042e-06
18.25,-13.0,WesternSahara,True,270.0,0.27043061166066024,6.22689495099098,26304,4300,16.347323600973237,9.884428223844282,11.051551094890511,5.755778588807786,346.0,90.0,104.0,0.31766678740410653,1.5544745859675587e-06
18.25,-13.25,WesternSahara,False,225.0,0.27043061166066024,6.22689495099098,26304,4769,18.130322384428222,11.804288321167883,13.131082725060827,8.131843065693431,350.0,45.0,55.0,0.31766379912366866,1.5543683477554e-06
18.25,-13.5,WesternSahara,False,225.0,0.27043061166066024,6.22689495099098,26304,4919,18.700577858880777,12.442974452554745,13.610097323600973,8.519616788321168,354.0,45.0,51.0,0.3171020116326359,1.534413646528716e-06
18.25,-13.75,WesternSahara,False,225.0,0.27043061166066024,6.22689495099098,26304,4774,18.14933090024331,12.08941605839416,12.750912408759124,7.3524939172749395,353.0,45.0,52.0,0.31553355706431274,1.4788890787084153e-06
18.25,-14.25,WesternSahara,False,225.0,0.27043061166066024,6.22689495099098,26304,4780,18.17214111922141,11.344282238442823,12.020985401459853,5.869829683698297,353.0,45.0,52.0,0.31441358498253374,1.4394096422672478e-06
18.25,-14.5,WesternSahara,False,225.0,0.27043061166066024,6.22689495099098,26304,4886,18.575121654501217,11.595194647201946,12.33272506082725,6.0903284671532845,355.0,45.0,50.0,0.3139308563907911,1.4224365708805359e-06
18.25,-14.75,WesternSahara,True,225.0,0.27043061166066024,6.22689495099098,26304,4897,18.616940389294403,11.948753041362531,12.541818734793187,6.466697080291971,353.0,45.0,52.0,0.31279362054299686,1.382553661171576e-06
18.25,-4.25,WesternSahara,True,225.0,0.27043061166066024,6.22689495099098,26304,3515,13.362986618004866,5.113290754257908,9.15830291970803,4.953619221411192,70.0,45.0,25.0,0.31342200300266765,1.4045731681259906e-06
18.25,-4.5,WesternSahara,False,225.0,0.27043061166066024,6.22689495099098,26304,3502,13.313564476885645,5.170316301703163,9.15830291970803,5.003041362530413,76.0,45.0,31.0,0.31334970574220217,1.402037509036109e-06
18.25,-5.0,WesternSahara,False,225.0,0.27043061166066024,6.22689495099098,26304,3498,13.298357664233576,5.7177615571776155,9.397810218978103,5.497262773722627,74.0,45.0,29.0,0.31346887829487075,1.4062175231077696e-06
18.25,-5.5,WesternSahara,False,225.0,0.27043061166066024,6.22689495099098,26304,3496,13.290754257907542,5.9914841849148415,9.546076642335766,5.80139902676399,72.0,45.0,27.0,0.3136361782654791,1.412088303094547e-06
18.25,-5.75,WesternSahara,False,225.0,0.27043061166066024,6.22689495099098,26304,3590,13.648114355231144,6.447688564476886,9.949057177615572,6.25,80.0,45.0,35.0,0.31345098206606087,1.4055897059366801e-06
18.25,-6.25,WesternSahara,False,225.0,0.27043061166066024,6.22689495099098,26304,3674,13.967457420924575,6.690997566909975,10.20757299270073,6.447688564476886,82.0,45.0,37.0,0.3134061454827434,1.4040169522326536e-06
18.25,-6.5,WesternSahara,False,225.0,0.27043061166066024,6.22689495099098,26304,3795,14.427463503649635,6.938108272506082,10.572536496350365,6.717609489051095,82.0,45.0,37.0,0.3138818082800916,1.4207134648856339e-06
18.25,-6.75,WesternSahara,True,,0.27043061166066024,6.22689495099098,26304,3795,14.427463503649635,6.8088503649635035,,,77.0,,,0.31382533795187323,1.4187299428813973e-06
18.25,-7.0,WesternSahara,True,,0.27043061166066024,6.22689495099098,26304,3793,14.419860097323602,6.55793795620438,,,84.0,,,0.3142320240444672,1.4330227742435145e-06
18.25,-7.5,WesternSahara,True,,0.27043061166066024,6.22689495099098,26304,4412,16.773114355231144,8.804744525547445,,,57.0,,,0.3177260520194352,1.5565817455323632e-06
18.25,-7.75,WesternSahara,True,,0.27043061166066024,6.22689495099098,26304,4570,17.373783454987834,10.637165450121655,,,83.0,,,0.3192979840586937,1.612615435517132e-06
18.25,-8.25,WesternSahara,False,225.0,0.27043061166066024,6.22689495099098,26304,4466,16.97840632603406,11.237834549878345,14.054896593673966,11.13138686131387,74.0,45.0,29.0,0.3198140589203116,1.6310719353760454e-06
18.25,-8.5,WesternSahara,False,225.0,0.27043061166066024,6.22689495099098,26304,4357,16.564020681265205,10.724604622871047,13.553071776155718,10.542122871046228,74.0,45.0,29.0,0.3194992668277114,1.6198104102732988e-06
18.25,-8.75,WesternSahara,False,225.0,0.27043061166066024,6.22689495099098,26304,4566,17.358576642335766,11.306265206812652,14.263990267639903,11.16940389294404,6.0,45.0,39.0,0.31986778369191365,1.632995019307359e-06
18.25,-9.0,WesternSahara,False,225.0,0.27043061166066024,6.22689495099098,26304,4409,16.761709245742093,10.97551703163017,13.78117396593674,10.800638686131387,8.0,45.0,37.0,0.3195753971124932,1.6225329153135242e-06
18.25,-9.25,WesternSahara,False,225.0,0.27043061166066024,6.22689495099098,26304,3849,14.632755474452555,9.211526763990268,11.88412408759124,9.135492700729927,13.0,45.0,32.0,0.31785747722650565,1.561255984825594e-06
18.25,-9.5,WesternSahara,False,225.0,0.27043061166066024,6.22689495099098,26304,3846,14.621350364963504,8.994829683698297,11.732055961070559,8.842761557177615,13.0,45.0,32.0,0.3185580253041902,1.5862041340802137e-06
18.25,-9.75,WesternSahara,False,270.0,0.27043061166066024,6.22689495099098,26304,3894,14.803832116788321,9.20772506082725,11.469738442822385,8.135644768856448,13.0,90.0,77.0,0.31862715359098065,1.5886689307416952e-06
18.5,-10.25,WesternSahara,False,225.0,0.27043061166066024,6.22689495099098,26304,2860,10.87287104622871,8.15845498783455,8.941605839416058,7.010340632603406,8.0,45.0,37.0,0.3168680744145044,1.526114609065549e-06
18.5,-12.25,WesternSahara,True,,0.27043061166066024,6.22689495099098,26304,4777,18.16073600973236,12.47338807785888,,,105.0,,,0.3221531184240531,1.7150979434969946e-06
18.5,-12.5,WesternSahara,False,225.0,0.27043061166066024,6.22689495099098,26304,3951,15.020529197080291,8.793339416058394,11.861313868613138,8.702098540145986,106.0,45.0,61.0,0.3191523492805976,1.607412459138516e-06
18.5,-12.75,WesternSahara,False,270.0,0.27043061166066024,6.22689495099098,26304,3918,14.89507299270073,9.078467153284672,10.91088807785888,6.926703163017032,353.0,90.0,97.0,0.3191662843746768,1.6079102043209554e-06
18.5,-13.0,WesternSahara,False,225.0,0.27043061166066024,6.22689495099098,26304,4430,16.84154501216545,10.87287104622871,12.393552311435522,7.945559610705596,350.0,45.0,55.0,0.31944768410407776,1.617966122404995e-06
18.5,-13.25,WesternSahara,False,225.0,0.27043061166066024,6.22689495099098,26304,4744,18.035279805352797,11.694038929440389,13.340176399026763,8.64507299270073,350.0,45.0,55.0,0.31842938883519545,1.5816189729763467e-06
18.5,-13.5,WesternSahara,False,225.0,0.27043061166066024,6.22689495099098,26304,5039,19.156782238442823,12.602645985401459,14.210766423357665,9.264750608272506,353.0,45.0,52.0,0.3177844806802732,1.5586595674501783e-06
18.5,-13.75,WesternSahara,False,225.0,0.27043061166066024,6.22689495099098,26304,5026,19.1073600973236,12.401155717761558,13.937043795620438,8.766727493917275,355.0,45.0,50.0,0.31664494503754154,1.5182046919069503e-06
18.5,-14.25,WesternSahara,False,270.0,0.27043061166066024,6.22689495099098,26304,4959,18.85264598540146,11.256843065693431,11.633211678832117,4.413777372262774,358.0,90.0,92.0,0.3147938527162493,1.4527984825815935e-06
18.5,-14.5,WesternSahara,False,270.0,0.27043061166066024,6.22689495099098,26304,4988,18.962895377128955,11.389902676399027,11.458333333333334,3.953771289537713,356.0,90.0,94.0,0.3134743203581133,1.4064084431041758e-06
18.5,-5.25,WesternSahara,False,225.0,0.27043061166066024,6.22689495099098,26304,3400,12.925790754257907,5.953467153284672,9.314172749391728,5.702554744525547,72.0,45.0,27.0,0.3145788880829699,1.445227807964458e-06
18.5,-5.5,WesternSahara,False,225.0,0.27043061166066024,6.22689495099098,26304,3482,13.237530413625304,6.333637469586375,9.61830900243309,5.999087591240876,71.0,45.0,26.0,0.31503160107613126,1.4611775826221966e-06
18.5,-5.75,WesternSahara,False,225.0,0.27043061166066024,6.22689495099098,26304,3631,13.803984184914842,6.649178832116788,10.089720194647201,6.375456204379562,70.0,45.0,25.0,0.3150169749072527,1.460661921658749e-06
18.5,-6.25,WesternSahara,False,225.0,0.27043061166066024,6.22689495099098,26304,3749,14.252585158150852,7.112986618004866,10.583941605839415,6.91529805352798,78.0,45.0,33.0,0.3146444527699146,1.4475363322833069e-06
18.5,-6.5,WesternSahara,False,225.0,0.27043061166066024,6.22689495099098,26304,3721,14.146137469586375,7.1053832116788325,10.51551094890511,6.884884428223844,81.0,45.0,36.0,0.31511541524450737,1.4641330009498294e-06
18.5,-6.75,WesternSahara,False,225.0,0.27043061166066024,6.22689495099098,26304,3676,13.975060827250608,7.0559610705596105,10.397658150851582,6.820255474452555,82.0,45.0,37.0,0.3150225964462861,1.4608601120959328e-06
18.5,-7.0,WesternSahara,False,225.0,0.27043061166066024,6.22689495099098,26304,3711,14.108120437956204,7.189020681265207,10.564933090024331,7.021745742092458,80.0,45.0,35.0,0.31475938818235216,1.4515843544800716e-06
18.5,-7.5,WesternSahara,False,270.0,0.27043061166066024,6.22689495099098,26304,4021,15.286648418491485,8.086222627737227,11.458333333333334,7.630018248175182,48.0,90.0,42.0,0.31684458263365856,1.5252815650290888e-06
18.5,-7.75,WesternSahara,True,,0.27043061166066024,6.22689495099098,26304,4175,15.872110705596107,9.219130170316301,,,47.0,,,0.3182708846254657,1.575971742985288e-06
18.5,-8.25,WesternSahara,True,,0.27043061166066024,6.22689495099098,26304,4466,16.97840632603406,11.77007299270073,,,44.0,,,0.32049043298192353,1.6553063833010504e-06
18.5,-8.5,WesternSahara,False,225.0,0.27043061166066024,6.22689495099098,26304,4482,17.039233576642335,11.777676399026763,14.359032846715328,11.678832116788321,11.0,45.0,34.0,0.320215993576539,1.645467060980134e-06
18.5,-8.75,WesternSahara,False,225.0,0.27043061166066024,6.22689495099098,26304,4843,18.411648418491485,13.051246958637469,15.625,12.838351581508515,11.0,45.0,34.0,0.3211027826996582,1.677291001246614e-06
18.5,-9.0,WesternSahara,True,,0.27043061166066024,6.22689495099098,26304,4792,18.217761557177617,13.17670316301703,,,14.0,,,0.3213629923348057,1.6866457689736327e-06
18.5,-9.25,WesternSahara,True,,0.27043061166066024,6.22689495099098,26304,4184,15.90632603406326,11.557177615571776,,,18.0,,,0.3196402367077233,1.624852164009749e-06
18.5,-9.5,WesternSahara,True,,0.27043061166066024,6.22689495099098,26304,4098,15.579379562043796,11.458333333333334,,,16.0,,,0.319369057721889,1.6151554888925914e-06
18.5,-9.75,WesternSahara,False,225.0,0.27043061166066024,6.22689495099098,26304,4143,15.750456204379562,11.606599756690997,13.477037712895378,11.203619221411191,15.0,45.0,30.0,0.319248986576774,1.610864676999329e-06
18.75,-10.25,WesternSahara,False,225.0,0.27043061166066024,6.22689495099098,26304,4401,16.731295620437955,11.720650851581508,12.861161800486618,8.99102798053528,4.0,45.0,41.0,0.3239180828398154,1.7789060672044108e-06
18.75,-10.5,WesternSahara,False,225.0,0.27043061166066024,6.22689495099098,26304,4678,17.784367396593673,11.52676399026764,13.347779805352799,8.911192214111923,3.0,45.0,42.0,0.3265141675805283,1.8733949184393102e-06
18.75,-12.25,WesternSahara,False,225.0,0.27043061166066024,6.22689495099098,26304,4509,17.141879562043794,11.287256690997568,14.092913625304137,11.043947688564478,108.0,45.0,63.0,0.3214516570258675,1.6898350743754377e-06
18.75,-12.75,WesternSahara,False,225.0,0.27043061166066024,6.22689495099098,26304,4436,16.864355231143552,11.656021897810218,13.305961070559611,9.747566909975669,351.0,45.0,54.0,0.31904582973245454,1.603608424052691e-06
18.75,-13.0,WesternSahara,False,225.0,0.27043061166066024,6.22689495099098,26304,4597,17.476429440389296,11.697840632603405,13.378193430656934,9.279957420924575,356.0,45.0,49.0,0.318824466982084,1.5957071603041875e-06
18.75,-13.25,WesternSahara,False,225.0,0.27043061166066024,6.22689495099098,26304,4836,18.385036496350367,12.043795620437956,13.956052311435522,9.527068126520682,358.0,45.0,47.0,0.31867343441904084,1.59031939102422e-06
18.75,-13.5,WesternSahara,False,225.0,0.27043061166066024,6.22689495099098,26304,5063,19.24802311435523,12.298509732360097,14.560523114355231,9.873023114355231,359.0,45.0,46.0,0.3183475254893896,1.5787019729137677e-06
18.75,-13.75,WesternSahara,True,,0.27043061166066024,6.22689495099098,26304,5240,19.920924574209245,12.728102189781023,,,0.0,,,0.31767168009919544,1.554648531364403e-06
18.75,-4.25,WesternSahara,True,,0.27043061166066024,6.22689495099098,26304,3152,11.982968369829683,5.170316301703163,,,67.0,,,0.31236727966373046,1.3676391706606696e-06
18.75,-4.5,WesternSahara,True,,0.27043061166066024,6.22689495099098,26304,3215,12.222475669099756,5.34139294403893,,,67.0,,,0.3128986438969259,1.3862307685045246e-06
18.75,-5.25,WesternSahara,True,,0.27043061166066024,6.22689495099098,26304,3388,12.880170316301703,6.348844282238443,,,67.0,,,0.3153457846712823,1.4722602364367086e-06
18.75,-5.5,WesternSahara,True,,0.27043061166066024,6.22689495099098,26304,3501,13.309762773722628,6.702402676399027,,,68.0,,,0.31579691829254486,1.4881930471931695e-06
18.75,-5.75,WesternSahara,True,,0.27043061166066024,6.22689495099098,26304,3571,13.57588199513382,6.862074209245742,,,63.0,,,0.3160274190251271,1.4963424971699862e-06
18.75,-6.25,WesternSahara,False,225.0,0.27043061166066024,6.22689495099098,26304,3663,13.925638686131387,7.166210462287105,10.409063260340632,6.892487834549878,69.0,45.0,24.0,0.31655278326038205,1.5149391908661106e-06
18.75,-6.5,WesternSahara,False,225.0,0.27043061166066024,6.22689495099098,26304,3701,14.070103406326034,7.272658150851582,10.55352798053528,7.036952554744525,81.0,45.0,36.0,0.3163549870523814,1.507934031388914e-06
18.75,-6.75,WesternSahara,False,225.0,0.27043061166066024,6.22689495099098,26304,3691,14.032086374695863,7.287864963503649,10.52691605839416,7.021745742092458,76.0,45.0,31.0,0.316363362981254,1.508230584885101e-06
18.75,-7.0,WesternSahara,False,225.0,0.27043061166066024,6.22689495099098,26304,3738,14.210766423357665,7.732664233576642,10.895681265206813,7.580596107055961,55.0,45.0,10.0,0.3167356316458076,1.521418852248675e-06
18.75,-7.25,WesternSahara,False,225.0,0.27043061166066024,6.22689495099098,26304,3753,14.26779197080292,7.880930656934306,11.040145985401459,7.8125,50.0,45.0,5.0,0.31708850218783946,1.5339342257198027e-06
18.75,-7.5,WesternSahara,False,225.0,0.27043061166066024,6.22689495099098,26304,3800,14.44647201946472,8.295316301703163,11.355687347931873,8.264902676399027,49.0,45.0,4.0,0.3175176268351192,1.5491729060742178e-06
18.75,-7.75,WesternSahara,False,225.0,0.27043061166066024,6.22689495099098,26304,3939,14.974908759124087,9.18111313868613,12.070407542579076,9.165906326034063,50.0,45.0,5.0,0.3180994540895811,1.5698671354359879e-06
18.75,-8.25,WesternSahara,False,225.0,0.27043061166066024,6.22689495099098,26304,4229,16.07740267639903,10.724604622871047,13.38199513381995,10.686587591240876,68.0,45.0,23.0,0.3199935189778083,1.637496989935216e-06
18.75,-8.5,WesternSahara,False,225.0,0.27043061166066024,6.22689495099098,26304,4326,16.44616788321168,11.16940389294404,13.743156934306569,11.040145985401459,15.0,45.0,30.0,0.3199137179256928,1.6346394962669351e-06
18.75,-8.75,WesternSahara,True,,0.27043061166066024,6.22689495099098,26304,4706,17.890815085158152,12.264294403892944,,,10.0,,,0.32137694881544626,1.687147730976994e-06
18.75,-9.0,WesternSahara,True,,0.27043061166066024,6.22689495099098,26304,5021,19.088351581508515,13.644312652068127,,,11.0,,,0.32252320049741656,1.7284485010630744e-06
18.75,-9.25,WesternSahara,False,225.0,0.27043061166066024,6.22689495099098,26304,4972,18.902068126520682,14.096715328467154,16.153436739659366,13.404805352798054,11.0,45.0,34.0,0.32216802696646546,1.7156354666891503e-06
18.75,-9.5,WesternSahara,False,225.0,0.27043061166066024,6.22689495099098,26304,4882,18.55991484184915,14.058698296836983,15.921532846715328,13.283150851581508,13.0,45.0,32.0,0.3212073118467959,1.6810480064119832e-06
18.75,-9.75,WesternSahara,False,225.0,0.27043061166066024,6.22689495099098,26304,4739,18.016271289537713,13.644312652068127,15.111770072992702,12.207268856447689,9.0,45.0,36.0,0.3212304104352142,1.681878384942389e-06
18.75,51.25,RubAlKhali,False,315.0,0.2441820338187393,5.62249911047997,26304,2500,9.504257907542579,2.874087591240876,6.029501216545012,2.5547445255474455,150.0,135.0,15.0,0.28478402241457457,9.802041666498388e-07
18.75,51.5,RubAlKhali,False,315.0,0.2441820338187393,5.62249911047997,26304,2564,9.747566909975669,3.147810218978102,6.322232360097324,2.896897810218978,149.0,135.0,14.0,0.2843029635807375,9.677096838512653e-07
18.75,51.75,RubAlKhali,False,315.0,0.2441820338187393,5.62249911047997,26304,2577,9.79698905109489,3.630626520681265,6.516119221411192,3.235249391727494,151.0,135.0,16.0,0.2842683188089651,9.668106748082757e-07
18.75,52.25,RubAlKhali,False,315.0,0.2441820338187393,5.62249911047997,26304,2476,9.41301703163017,3.2010340632603405,5.945863746958637,2.4787104622871046,160.0,135.0,25.0,0.28522407031436936,9.916519765597916e-07
18.75,52.5,RubAlKhali,False,315.0,0.2441820338187393,5.62249911047997,26304,2336,8.880778588807786,2.661192214111922,5.432633819951338,1.9844890510948905,159.0,135.0,24.0,0.283955399915744,9.586955990472245e-07
18.75,52.75,RubAlKhali,True,135.0,0.2441820338187393,5.62249911047997,26304,2122,8.06721411192214,2.045316301703163,3.1782238442822384,-1.7107664233576643,151.0,315.0,164.0,0.28064614726592363,8.734222294929953e-07
18.75,53.0,RubAlKhali,True,135.0,0.2441820338187393,5.62249911047997,26304,2293,8.717305352798054,3.0451642335766422,2.9691301703163018,-2.77904501216545,148.0,315.0,167.0,0.28038659086693857,8.667762135321975e-07
18.75,53.25,RubAlKhali,True,135.0,0.2441820338187393,5.62249911047997,26304,2746,10.439476885644769,5.155109489051095,2.7828467153284673,-4.8737834549878345,158.0,315.0,157.0,0.2848406837049493,9.816772140210077e-07
19.0,-10.0,WesternSahara,False,225.0,0.27043061166066024,6.22689495099098,26304,4595,17.46882603406326,12.374543795620438,13.60249391727494,9.736161800486618,7.0,45.0,38.0,0.32336574772766247,1.7589002153533479e-06
19.0,-10.25,WesternSahara,False,225.0,0.27043061166066024,6.22689495099098,26304,4756,18.080900243309003,11.891727493917275,13.632907542579076,9.184914841849148,2.0,45.0,43.0,0.3247866748712919,1.8104359649057483e-06
19.0,-10.5,WesternSahara,False,225.0,0.27043061166066024,6.22689495099098,26304,4966,18.87925790754258,10.72080291970803,14.039689781021897,9.200121654501217,0.0,45.0,45.0,0.32594237391153824,1.8525187606902197e-06
19.0,-10.75,WesternSahara,True,,0.27043061166066024,6.22689495099098,26304,5275,20.053984184914842,10.161952554744525,,,67.0,,,0.32399073769111236,1.7815402029292857e-06
19.0,-12.25,WesternSahara,False,225.0,0.27043061166066024,6.22689495099098,26304,4497,17.09625912408759,11.515358880778589,14.282998783454987,11.469738442822385,60.0,45.0,15.0,0.32320270145151725,1.7530011252398822e-06
19.0,-12.75,WesternSahara,False,225.0,0.27043061166066024,6.22689495099098,26304,4640,17.63990267639903,12.804136253041362,14.393248175182482,11.146593673965937,357.0,45.0,48.0,0.32030786737462263,1.6487600222376245e-06
19.0,-5.25,WesternSahara,True,,0.27043061166066024,6.22689495099098,26304,3336,12.682481751824817,6.652980535279806,,,68.0,,,0.31493328708283835,1.4577118798120776e-06
19.0,-5.5,WesternSahara,True,,0.27043061166066024,6.22689495099098,26304,3447,13.104470802919709,6.945711678832117,,,62.0,,,0.31556248298055817,1.4799105877552205e-06
19.0,-5.75,WesternSahara,False,135.0,0.27043061166066024,6.22689495099098,26304,3539,13.454227493917275,7.15860705596107,6.360249391727494,-0.7337287104622872,63.0,315.0,108.0,0.3166537817474283,1.5185178465460763e-06
19.0,-8.25,WesternSahara,False,225.0,0.27043061166066024,6.22689495099098,26304,4054,15.412104622871047,9.945255474452555,12.625456204379562,9.838807785888077,55.0,45.0,10.0,0.3205639690514003,1.6579442627081419e-06
19.0,-8.5,WesternSahara,False,225.0,0.27043061166066024,6.22689495099098,26304,4160,15.815085158150852,10.317822384428224,13.028436739659368,10.241788321167883,31.0,45.0,14.0,0.32061654624212127,1.6598306781000681e-06
19.0,-8.75,WesternSahara,False,225.0,0.27043061166066024,6.22689495099098,26304,4251,16.161040145985403,10.73220802919708,13.279349148418492,10.397658150851582,10.0,45.0,35.0,0.3205765514390328,1.6583956776433973e-06
19.0,52.25,RubAlKhali,False,135.0,0.2441820338187393,5.62249911047997,26304,2001,7.60720802919708,1.212743309002433,3.5659975669099757,-0.47521289537712896,162.0,315.0,153.0,0.28153651575973515,8.962670982507631e-07
19.0,52.5,RubAlKhali,False,135.0,0.2441820338187393,5.62249911047997,26304,1979,7.523570559610706,1.212743309002433,3.5469890510948905,-0.42959245742092456,159.0,315.0,156.0,0.2799156978054557,8.547345601247365e-07
19.0,52.75,RubAlKhali,False,135.0,0.2441820338187393,5.62249911047997,26304,1986,7.550182481751825,1.4294403892944039,3.2960766423357666,-0.958029197080292,160.0,315.0,155.0,0.27907292996605587,8.332338718833259e-07
19.25,-10.0,WesternSahara,False,225.0,0.27043061166066024,6.22689495099098,26304,4274,16.248479318734795,10.431873479318735,12.484793187347933,8.72110705596107,8.0,45.0,37.0,0.323033662173649,1.7468883467483924e-06
19.25,-10.25,WesternSahara,False,270.0,0.27043061166066024,6.22689495099098,26304,4241,16.12302311435523,9.10507907542579,11.777676399026763,7.432329683698297,2.0,90.0,88.0,0.3237929248752672,1.7743697918647208e-06
19.25,-10.5,WesternSahara,False,270.0,0.27043061166066024,6.22689495099098,26304,4384,16.666666666666668,8.166058394160585,12.211070559610706,7.755474452554744,67.0,90.0,23.0,0.3221633409387519,1.7154665106323876e-06
19.25,-10.75,WesternSahara,False,225.0,0.27043061166066024,6.22689495099098,26304,4758,18.088503649635037,9.253345498783455,13.480839416058394,8.873175182481752,67.0,45.0,22.0,0.3229572862360107,1.7441274979317878e-06
19.25,-12.25,WesternSahara,False,225.0,0.27043061166066024,6.22689495099098,26304,5006,19.03132603406326,13.62530413625304,16.26748783454988,13.503649635036496,3.0,45.0,42.0,0.32332359507162184,1.7573748274905085e-06
19.25,-12.75,WesternSahara,False,225.0,0.27043061166066024,6.22689495099098,26304,4782,18.179744525547445,13.594890510948906,15.507147201946472,12.834549878345499,6.0,45.0,39.0,0.32223476531047196,1.71804200332516e-06
19.25,-4.0,WesternSahara,False,0.0,0.27043061166066024,6.22689495099098,26304,2908,11.055352798053528,5.565693430656935,3.360705596107056,-4.333941605839416,66.0,180.0,114.0,0.31308368469827186,1.3927124727638881e-06
19.25,-4.25,WesternSahara,True,,0.27043061166066024,6.22689495099098,26304,2987,11.355687347931873,5.767183698296837,,,62.0,,,0.31275335906731605,1.3811443423304505e-06
19.25,-5.25,WesternSahara,True,,0.27043061166066024,6.22689495099098,26304,3243,12.328923357664234,6.694799270072993,,,69.0,,,0.3155287463212558,1.4787191980100053e-06
19.25,-5.5,WesternSahara,False,225.0,0.27043061166066024,6.22689495099098,26304,3323,12.633059610705596,6.938108272506082,9.652524330900244,6.671989051094891,63.0,45.0,18.0,0.3164703118509625,1.512017847474774e-06
19.25,-5.75,WesternSahara,False,90.0,0.27043061166066024,6.22689495099098,26304,3382,12.857360097323602,7.063564476885645,3.1896289537712894,-6.478102189781022,59.0,270.0,149.0,0.316849440902293,1.5254538394402403e-06
19.25,-6.25,WesternSahara,False,45.0,0.27043061166066024,6.22689495099098,26304,3466,13.17670316301703,7.565389294403893,2.9729318734793186,-7.230839416058394,68.0,225.0,157.0,0.3165406624629073,1.51450979421814e-06
19.25,-6.5,WesternSahara,False,,0.27043061166066024,6.22689495099098,26304,3437,13.066453771289538,7.515967153284672,,,67.0,,,0.3167981877820519,1.5236365346905412e-06
19.25,-6.75,WesternSahara,False,,0.27043061166066024,6.22689495099098,26304,3455,13.134884428223843,7.5007603406326036,,,62.0,,,0.31711561477133793,1.5348964129686258e-06
19.25,-7.25,WesternSahara,False,45.0,0.27043061166066024,6.22689495099098,26304,3751,14.260188564476886,8.732512165450121,2.8322688564476888,-8.595650851581508,56.0,225.0,169.0,0.31903165693871777,1.6031023797658707e-06
19.25,-7.75,WesternSahara,False,,0.27043061166066024,6.22689495099098,26304,3823,14.533911192214111,9.264750608272506,,,60.0,,,0.31962186555951555,1.6241949982955424e-06
19.25,-8.25,WesternSahara,False,,0.27043061166066024,6.22689495099098,26304,3856,14.659367396593675,9.321776155717762,,,56.0,,,0.3199859709708281,1.6372266825030952e-06
19.25,-8.5,WesternSahara,False,225.0,0.27043061166066024,6.22689495099098,26304,3940,14.978710462287104,9.565085158150852,12.173053527980535,9.367396593673966,53.0,45.0,8.0,0.3201839049441158,1.6443171556141562e-06
19.25,-8.75,WesternSahara,False,225.0,0.27043061166066024,6.22689495099098,26304,4056,15.41970802919708,9.914841849148418,12.56462895377129,9.709549878345499,7.0,45.0,38.0,0.3211322803517993,1.6783510872486385e-06
19.25,-9.0,WesternSahara,False,225.0,0.27043061166066024,6.22689495099098,26304,4106,15.609793187347933,10.158150851581508,12.674878345498783,9.739963503649635,11.0,45.0,34.0,0.32072775993104397,1.6638219299017992e-06
19.25,-9.25,WesternSahara,False,225.0,0.27043061166066024,6.22689495099098,26304,4179,15.887317518248175,10.481295620437956,12.800334549878345,9.713351581508515,9.0,45.0,36.0,0.3209296099472901,1.6710694864614693e-06
19.25,52.25,RubAlKhali,False,135.0,0.2441820338187393,5.62249911047997,26304,1937,7.36389902676399,1.585310218978102,3.991788321167883,0.6196776155717761,292.0,315.0,23.0,0.28775944838903006,1.057953925644794e-06
19.25,52.5,RubAlKhali,False,135.0,0.2441820338187393,5.62249911047997,26304,1836,6.9799270072992705,1.4598540145985401,3.7864963503649633,0.593065693430657,294.0,315.0,21.0,0.28730867203465177,1.0461229147385726e-06
19.25,52.75,RubAlKhali,False,135.0,0.2441820338187393,5.62249911047997,26304,1843,7.0065389294403895,0.9770377128953771,3.4481447688564475,-0.11024939172749391,289.0,315.0,26.0,0.2872980399971893,1.045844091717783e-06
19.25,53.25,RubAlKhali,True,135.0,0.2441820338187393,5.62249911047997,26304,2215,8.420772506082725,2.9843369829683697,3.026155717761557,-2.3684610705596105,168.0,315.0,147.0,0.27965937577974936,8.481884135964885e-07
19.5,-10.0,WesternSahara,True,,0.27043061166066024,6.22689495099098,26304,4241,16.12302311435523,9.576490267639903,,,7.0,,,0.32224584864732175,1.7184417087372465e-06
19.5,-10.25,WesternSahara,False,225.0,0.27043061166066024,6.22689495099098,26304,4272,16.240875912408757,9.078467153284672,12.583637469586375,8.92639902676399,65.0,45.0,20.0,0.3215099046836107,1.6919307454260373e-06
19.5,-10.5,WesternSahara,False,225.0,0.27043061166066024,6.22689495099098,26304,4365,16.594434306569344,9.249543795620438,12.800334549878345,9.006234793187348,63.0,45.0,18.0,0.3221582708153632,1.7152837086651857e-06
19.5,-10.75,WesternSahara,False,225.0,0.27043061166066024,6.22689495099098,26304,4497,17.09625912408759,9.690541362530414,13.256538929440389,9.416818734793187,58.0,45.0,13.0,0.3229381057375004,1.7434342609633288e-06
19.5,-4.0,WesternSahara,True,,0.27043061166066024,6.22689495099098,26304,2876,10.933698296836983,5.9382603406326036,,,63.0,,,0.31323999391687435,1.398190738067481e-06
19.5,-4.25,WesternSahara,True,,0.27043061166066024,6.22689495099098,26304,2911,11.066757907542579,5.881234793187348,,,63.0,,,0.31344892057338947,1.4055173890642625e-06
19.5,-5.0,WesternSahara,False,,0.27043061166066024,6.22689495099098,26304,3080,11.709245742092458,6.402068126520681,,,62.0,,,0.31478220455425926,1.452388122372017e-06
19.5,-5.25,WesternSahara,False,,0.27043061166066024,6.22689495099098,26304,3147,11.963959854014599,6.679592457420925,,,68.0,,,0.31563471508999474,1.4824618493888917e-06
19.5,-5.5,WesternSahara,False,45.0,0.27043061166066024,6.22689495099098,26304,3196,12.150243309002432,6.919099756690998,2.790450121654501,-6.569343065693431,67.0,225.0,158.0,0.31667643030320936,1.5193205042112075e-06
19.5,-5.75,WesternSahara,False,,0.27043061166066024,6.22689495099098,26304,3291,12.51140510948905,7.2270377128953776,,,62.0,,,0.31636792681655584,1.508392172813351e-06
19.5,-6.25,WesternSahara,False,,0.27043061166066024,6.22689495099098,26304,3367,12.800334549878345,7.698448905109489,,,60.0,,,0.3169679718664931,1.5296577708472873e-06
19.5,-6.5,WesternSahara,False,,0.27043061166066024,6.22689495099098,26304,3261,12.397354014598541,7.333485401459854,,,62.0,,,0.3170367960677261,1.5320994766843238e-06
19.5,-6.75,WesternSahara,False,,0.27043061166066024,6.22689495099098,26304,3259,12.389750608272506,7.204227493917275,,,52.0,,,0.31758144475725913,1.551440909861499e-06
19.5,-7.25,WesternSahara,False,45.0,0.27043061166066024,6.22689495099098,26304,3667,13.940845498783455,8.823753041362531,2.6231751824817517,-8.69449513381995,56.0,225.0,169.0,0.3190523719199753,1.6038420226048495e-06
19.5,-7.5,WesternSahara,False,,0.27043061166066024,6.22689495099098,26304,3801,14.450273722627736,9.409215328467154,,,57.0,,,0.319582392034767,1.6227830941778132e-06
19.5,-7.75,WesternSahara,False,,0.27043061166066024,6.22689495099098,26304,3796,14.431265206812652,9.61830900243309,,,60.0,,,0.3198461701291486,1.6322213206855352e-06
19.5,-8.25,WesternSahara,False,,0.27043061166066024,6.22689495099098,26304,3657,13.902828467153284,8.884580291970803,,,58.0,,,0.3194189524693781,1.6169389811274867e-06
19.5,-8.5,WesternSahara,False,,0.27043061166066024,6.22689495099098,26304,3664,13.929440389294404,8.728710462287104,,,56.0,,,0.3197200815592022,1.6277087824380556e-06
19.5,-8.75,WesternSahara,False,,0.27043061166066024,6.22689495099098,26304,3892,14.796228710462287,9.397810218978103,,,13.0,,,0.3200801014837821,1.640598118120142e-06
19.5,-9.0,WesternSahara,False,,0.27043061166066024,6.22689495099098,26304,4140,15.739051094890511,10.31021897810219,,,6.0,,,0.32135567256971126,1.6863825133277995e-06
19.5,-9.25,WesternSahara,False,,0.27043061166066024,6.22689495099098,26304,4127,15.68962895377129,10.374847931873479,,,5.0,,,0.3210398661446244,1.6750302327749234e-06
19.5,52.5,RubAlKhali,False,135.0,0.2441820338187393,5.62249911047997,26304,1844,7.010340632603406,1.794403892944039,4.067822384428224,1.1253041362530414,294.0,315.0,21.0,0.2890885241705409,1.0929446191416657e-06
19.5,52.75,RubAlKhali,False,135.0,0.2441820338187393,5.62249911047997,26304,1815,6.900091240875913,1.448448905109489,3.729470802919708,0.5588503649635036,290.0,315.0,25.0,0.2873596773247486,1.0474606615841692e-06
19.5,53.25,RubAlKhali,False,135.0,0.2441820338187393,5.62249911047997,26304,2027,7.706052311435523,1.8362226277372262,3.258059610705596,-1.189933090024331,168.0,315.0,147.0,0.27732446458329335,7.888338114648444e-07
19.75,-10.0,WesternSahara,False,,0.27043061166066024,6.22689495099098,26304,4252,16.16484184914842,10.264598540145986,,,53.0,,,0.32176123162397585,1.700977498713891e-06
19.75,-10.25,WesternSahara,False,,0.27043061166066024,6.22689495099098,26304,4238,16.11161800486618,10.05170316301703,,,64.0,,,0.3217908751306584,1.7020450111212476e-06
19.75,-10.5,WesternSahara,False,225.0,0.27043061166066024,6.22689495099098,26304,4224,16.05839416058394,10.059306569343066,12.944799270072993,9.831204379562044,63.0,45.0,18.0,0.32167283132903157,1.697794639711621e-06
19.75,-10.75,WesternSahara,False,225.0,0.27043061166066024,6.22689495099098,26304,4315,16.40434914841849,10.306417274939173,13.226125304136254,10.047901459854014,61.0,45.0,16.0,0.3222231104560727,1.7176217017422708e-06
19.75,-5.0,WesternSahara,False,,0.27043061166066024,6.22689495099098,26304,3006,11.427919708029197,6.5617396593673964,,,62.0,,,0.3146364680446957,1.4472551653930792e-06
19.75,-5.25,WesternSahara,False,,0.27043061166066024,6.22689495099098,26304,3091,11.751064476885645,6.9076946472019465,,,69.0,,,0.3156066722132038,1.481471296503783e-06
19.75,-5.5,WesternSahara,False,225.0,0.27043061166066024,6.22689495099098,26304,3100,11.785279805352799,7.048357664233577,9.192518248175183,6.599756690997567,67.0,45.0,22.0,0.31622947636949067,1.5034912100254715e-06
19.75,-5.75,WesternSahara,False,225.0,0.27043061166066024,6.22689495099098,26304,3209,12.199665450121655,7.386709245742092,9.60690389294404,7.014142335766423,65.0,45.0,20.0,0.31633526196301304,1.507235686822353e-06
19.75,-6.25,WesternSahara,False,,0.27043061166066024,6.22689495099098,26304,3259,12.389750608272506,7.903740875912408,,,57.0,,,0.31687812831269685,1.5264711500760977e-06
19.75,-6.5,WesternSahara,False,,0.27043061166066024,6.22689495099098,26304,3071,11.675030413625304,7.356295620437956,,,56.0,,,0.3169910183227441,1.5304753408680892e-06
19.75,-6.75,WesternSahara,False,,0.27043061166066024,6.22689495099098,26304,3096,11.77007299270073,7.116788321167883,,,53.0,,,0.31771120701560157,1.556053892977348e-06
19.75,-9.5,WesternSahara,False,,0.27043061166066024,6.22689495099098,26304,4105,15.605991484184916,10.085918491484184,,,54.0,,,0.32126513325007844,1.6831267588483451e-06
19.75,54.25,RubAlKhali,False,0.0,0.2441820338187393,5.62249911047997,26304,2834,10.774026763990268,5.086678832116788,7.8733272506082725,4.9726277372262775,164.0,180.0,16.0,0.28452659347876486,9.735153686792812e-07
19.75,54.5,RubAlKhali,True,45.0,0.2441820338187393,5.62249911047997,26304,3091,11.751064476885645,5.926855231143552,8.420772506082725,5.090480535279806,171.0,225.0,54.0,0.28742382577647724,1.0491434592807955e-06
20.0,-4.25,WesternSahara,False,135.0,0.27043061166066024,6.22689495099098,26304,2891,10.990723844282238,6.35264598540146,5.6645377128953776,0.3383515815085158,63.0,315.0,108.0,0.3145283536231657,1.4434488243426588e-06
20.0,-4.5,WesternSahara,True,,0.27043061166066024,6.22689495099098,26304,2875,10.929896593673966,6.246198296836983,,,63.0,,,0.3147186374663458,1.4501489461718803e-06
20.0,-7.25,WesternSahara,False,45.0,0.27043061166066024,6.22689495099098,26304,3682,13.99787104622871,9.572688564476886,2.277220194647202,-9.443430656934307,52.0,225.0,173.0,0.3190093315946854,1.602305291571167e-06
20.0,-7.5,WesternSahara,False,45.0,0.27043061166066024,6.22689495099098,26304,3638,13.83059610705596,9.892031630170317,2.041514598540146,-9.747566909975669,48.0,225.0,177.0,0.3190842937418037,1.6049819075183704e-06
20.0,-7.75,WesternSahara,False,45.0,0.27043061166066024,6.22689495099098,26304,3707,14.092913625304137,10.230383211678832,1.9920924574209247,-10.108728710462287,59.0,225.0,166.0,0.31995802478714325,1.6362259359205834e-06
20.0,-8.25,WesternSahara,False,45.0,0.27043061166066024,6.22689495099098,26304,3661,13.918035279805352,10.199969586374696,1.8704379562043796,-10.177159367396595,42.0,225.0,177.0,0.3197337910714795,1.6281993410049532e-06
20.0,-8.5,WesternSahara,False,45.0,0.27043061166066024,6.22689495099098,26304,3532,13.427615571776157,9.511861313868613,1.9958941605839415,-9.435827250608272,40.0,225.0,175.0,0.318658060616328,1.5897711060781102e-06
20.0,-8.75,WesternSahara,False,45.0,0.27043061166066024,6.22689495099098,26304,3712,14.111922141119221,9.679136253041362,2.2392031630170317,-9.633515815085158,36.0,225.0,171.0,0.31953823626860817,1.6212039204957928e-06
20.0,-9.0,WesternSahara,False,225.0,0.27043061166066024,6.22689495099098,26304,4004,15.222019464720194,10.561131386861314,12.868765206812652,10.51551094890511,41.0,45.0,4.0,0.3205382193668071,1.657020503435451e-06
20.0,53.5,RubAlKhali,False,135.0,0.2441820338187393,5.62249911047997,26304,2096,7.968369829683699,1.5891119221411192,3.9841849148418493,0.0,71.0,315.0,116.0,0.28304899600419026,9.352398324113057e-07
20.0,53.75,RubAlKhali,False,135.0,0.2441820338187393,5.62249911047997,26304,2226,8.462591240875913,1.4826642335766422,3.809306569343066,-0.843978102189781,171.0,315.0,144.0,0.2781778009110261,8.104683434261788e-07
20.25,-6.25,WesternSahara,True,,0.27043061166066024,6.22689495099098,26304,3185,12.108424574209245,8.306721411192214,,,63.0,,,0.31754250050820254,1.5500568290160244e-06
20.25,-6.5,WesternSahara,False,,0.27043061166066024,6.22689495099098,26304,3331,12.663473236009732,9.097475669099756,,,53.0,,,0.3176092769880956,1.5524301729414809e-06
20.25,-7.25,WesternSahara,False,,0.27043061166066024,6.22689495099098,26304,3690,14.028284671532846,10.112530413625304,,,49.0,,,0.3191423649903371,1.6070558453887607e-06
20.25,-7.5,WesternSahara,False,,0.27043061166066024,6.22689495099098,26304,3696,14.05109489051095,10.340632603406325,,,52.0,,,0.3193409799638258,1.6141519694139785e-06
20.25,-7.75,WesternSahara,False,,0.27043061166066024,6.22689495099098,26304,3729,14.176551094890511,10.602950121654501,,,56.0,,,0.3189961931131287,1.6018362306490985e-06
20.25,53.5,RubAlKhali,False,135.0,0.2441820338187393,5.62249911047997,26304,2122,8.06721411192214,2.440693430656934,4.409975669099757,0.7527372262773723,67.0,315.0,112.0,0.2854301429131857,9.970190150678213e-07
20.25,53.75,RubAlKhali,False,135.0,0.2441820338187393,5.62249911047997,26304,2276,8.652676399026763,1.923661800486618,4.326338199513382,0.0,72.0,315.0,117.0,0.2859039289457823,1.0093731918846769e-06
20.25,54.25,RubAlKhali,True,315.0,0.2441820338187393,5.62249911047997,26304,2550,9.694343065693431,2.379866180048662,5.710158150851582,1.7259732360097324,171.0,135.0,36.0,0.2794506364189389,8.428618998297354e-07
20.25,54.5,RubAlKhali,True,315.0,0.2441820338187393,5.62249911047997,26304,2620,9.960462287104622,2.9577250608272507,6.00669099756691,2.052919708029197,176.0,135.0,41.0,0.28105485062962543,8.838996612938709e-07
20.25,54.75,RubAlKhali,True,315.0,0.2441820338187393,5.62249911047997,26304,2772,10.538321167883211,3.2086374695863746,6.326034063260341,2.1137469586374698,178.0,135.0,43.0,0.2828994502647602,9.313771202085596e-07
20.5,-6.5,WesternSahara,False,,0.27043061166066024,6.22689495099098,26304,3412,12.971411192214111,9.222931873479318,,,51.0,,,0.3184914690159468,1.5838315483884727e-06
20.5,-7.25,WesternSahara,False,225.0,0.27043061166066024,6.22689495099098,26304,3711,14.108120437956204,10.504105839416058,12.226277372262773,10.344434306569344,55.0,45.0,10.0,0.3194388962335654,1.6176519507116902e-06
20.5,54.25,RubAlKhali,True,135.0,0.2441820338187393,5.62249911047997,26304,2416,9.184914841849148,1.5206812652068127,4.345346715328467,-0.49422141119221413,70.0,315.0,115.0,0.28786344656296464,1.060686079853586e-06
20.5,54.5,RubAlKhali,True,135.0,0.2441820338187393,5.62249911047997,26304,2457,9.340784671532846,1.5168795620437956,4.197080291970803,-0.9466240875912408,166.0,315.0,149.0,0.28013505251407916,8.603413693582215e-07
20.5,54.75,RubAlKhali,True,315.0,0.2441820338187393,5.62249911047997,26304,2718,10.333029197080291,2.3114355231143553,5.926855231143552,1.5206812652068127,173.0,135.0,38.0,0.28088552268474853,8.79556956499141e-07
20.5,55.5,RubAlKhali,True,315.0,0.2441820338187393,5.62249911047997,26304,3060,11.633211678832117,4.052615571776156,7.128193430656935,2.6231751824817517,181.0,135.0,46.0,0.2814427692515731,8.93858363653535e-07
21.0,53.25,RubAlKhali,False,135.0,0.2441820338187393,5.62249911047997,26304,2389,9.082268856447689,4.755930656934306,5.740571776155718,2.398874695863747,66.0,315.0,111.0,0.2889976654576479,1.0905474393399757e-06
21.0,53.5,RubAlKhali,False,135.0,0.2441820338187393,5.62249911047997,26304,2314,8.797141119221411,4.159063260340632,5.546684914841849,2.296228710462287,65.0,315.0,110.0,0.2891238917048146,1.0938779457152602e-06
21.0,53.75,RubAlKhali,False,135.0,0.2441820338187393,5.62249911047997,26304,2230,8.47779805352798,3.5507907542579074,5.368004866180049,2.258211678832117,62.0,315.0,107.0,0.2891038683025562,1.0933495269339619e-06
21.0,54.25,RubAlKhali,False,135.0,0.2441820338187393,5.62249911047997,26304,2287,8.69449513381995,2.6041666666666665,5.227341849148418,1.7601885644768855,62.0,315.0,107.0,0.29041335254505335,1.1279839579916591e-06
21.0,54.5,RubAlKhali,True,135.0,0.2441820338187393,5.62249911047997,26304,2509,9.538473236009732,2.2087895377128954,5.307177615571776,1.0758819951338199,61.0,315.0,106.0,0.2910484508927807,1.1448379820290002e-06
21.0,54.75,RubAlKhali,True,135.0,0.2441820338187393,5.62249911047997,26304,2641,10.04029805352798,1.5625,5.204531630170316,0.36876520681265207,62.0,315.0,107.0,0.2907042291255214,1.13569857208594e-06
21.0,55.0,RubAlKhali,True,135.0,0.2441820338187393,5.62249911047997,26304,2661,10.116332116788321,1.212743309002433,5.041058394160584,-0.034215328467153285,278.0,315.0,37.0,0.28921136468512637,1.0961867920392317e-06
21.0,55.5,RubAlKhali,True,0.0,0.2441820338187393,5.62249911047997,26304,2658,10.10492700729927,1.8172141119221412,5.645529197080292,1.186131386861314,260.0,180.0,80.0,0.28553198380164785,9.996728317269975e-07
21.0,55.75,RubAlKhali,True,0.0,0.2441820338187393,5.62249911047997,26304,2872,10.918491484184916,2.539537712895377,6.345042579075426,1.7715936739659368,253.0,180.0,73.0,0.28504673498245636,9.870364862238272e-07
21.25,53.25,RubAlKhali,True,135.0,0.2441820338187393,5.62249911047997,26304,2502,9.511861313868613,5.261557177615572,6.348844282238443,3.1858272506082725,58.0,315.0,103.0,0.2904816487480863,1.1297946126819235e-06
21.25,53.5,RubAlKhali,True,135.0,0.2441820338187393,5.62249911047997,26304,2411,9.165906326034063,4.717913625304136,6.078923357664234,2.991940389294404,60.0,315.0,105.0,0.28958239915324024,1.1059879984326968e-06
21.25,53.75,RubAlKhali,False,180.0,0.2441820338187393,5.62249911047997,26304,2368,9.002433090024331,4.3035279805352795,6.075121654501216,3.147810218978102,56.0,0.0,56.0,0.28965485320542855,1.107903403356533e-06
21.25,54.25,RubAlKhali,False,180.0,0.2441820338187393,5.62249911047997,26304,2270,8.629866180048662,3.2542579075425793,5.580900243309002,2.531934306569343,41.0,0.0,41.0,0.2919262669325517,1.1681937777566624e-06
21.25,54.5,RubAlKhali,False,135.0,0.2441820338187393,5.62249911047997,26304,2460,9.352189781021897,2.798053527980535,5.656934306569343,1.9616788321167884,42.0,315.0,87.0,0.29203639510523477,1.171128891581468e-06
21.25,54.75,RubAlKhali,True,135.0,0.2441820338187393,5.62249911047997,26304,2521,9.584093673965937,2.307633819951338,5.512469586374696,1.440845498783455,56.0,315.0,101.0,0.2907689734050195,1.1374167674473044e-06
21.25,55.0,RubAlKhali,True,135.0,0.2441820338187393,5.62249911047997,26304,2515,9.561283454987835,1.919860097323601,5.303375912408759,1.0454683698296836,279.0,315.0,36.0,0.2892289290157076,1.0966504861451478e-06
21.25,55.5,RubAlKhali,True,135.0,0.2441820338187393,5.62249911047997,26304,2645,10.05550486618005,2.550942822384428,5.196928223844282,0.3383515815085158,260.0,315.0,55.0,0.2865711991118006,1.0268073012428375e-06
21.25,55.75,RubAlKhali,True,135.0,0.2441820338187393,5.62249911047997,26304,2885,10.967913625304137,3.5393856447688563,5.5923053527980535,0.2166970802919708,259.0,315.0,56.0,0.28622835196365626,1.0178444818458781e-06
21.5,53.25,RubAlKhali,True,135.0,0.2441820338187393,5.62249911047997,26304,2613,9.933850364963504,5.561891727493918,6.922901459854015,3.9119525547445257,60.0,315.0,105.0,0.29192038170989815,1.168036957151733e-06
21.5,53.5,RubAlKhali,True,135.0,0.2441820338187393,5.62249911047997,26304,2526,9.603102189781023,4.934610705596107,6.580748175182482,3.5583941605839415,61.0,315.0,106.0,0.2909906853675112,1.143303498081714e-06
21.5,53.75,RubAlKhali,False,135.0,0.2441820338187393,5.62249911047997,26304,2501,9.508059610705596,4.4517944038929445,6.413473236009732,3.3188868613138687,55.0,315.0,100.0,0.29102167533171175,1.1441266779067268e-06
21.5,55.5,RubAlKhali,False,135.0,0.2441820338187393,5.62249911047997,26304,2721,10.344434306569344,2.999543795620438,5.809002433090025,1.2735705596107056,264.0,315.0,51.0,0.2905108857322596,1.1305698676530462e-06
21.5,55.75,RubAlKhali,False,135.0,0.2441820338187393,5.62249911047997,26304,3211,12.207268856447689,3.820711678832117,6.668187347931873,1.1291058394160585,258.0,315.0,57.0,0.2902906182170103,1.1247311211505577e-06
21.75,54.25,RubAlKhali,False,135.0,0.2441820338187393,5.62249911047997,26304,2483,9.43962895377129,4.641879562043796,6.519920924574209,3.600212895377129,45.0,315.0,90.0,0.29247128544192225,1.18273031867378e-06
21.75,54.5,RubAlKhali,False,135.0,0.2441820338187393,5.62249911047997,26304,2382,9.055656934306569,4.3035279805352795,6.143552311435523,3.2314476885644767,40.0,315.0,85.0,0.29239548746352556,1.180707038587519e-06
21.75,54.75,RubAlKhali,False,135.0,0.2441820338187393,5.62249911047997,26304,2430,9.238138686131387,4.455596107055961,6.10933698296837,2.980535279805353,40.0,315.0,85.0,0.29110007973933655,1.1462097089541072e-06
22.0,53.25,RubAlKhali,True,135.0,0.2441820338187393,5.62249911047997,26304,3091,11.751064476885645,6.702402676399027,8.70970194647202,5.668339416058394,50.0,315.0,95.0,0.2990585853524442,1.360568722681912e-06
22.0,53.5,RubAlKhali,True,135.0,0.2441820338187393,5.62249911047997,26304,2834,10.774026763990268,5.885036496350365,7.820103406326034,4.866180048661801,49.0,315.0,94.0,0.2976201825130627,1.3213979127893862e-06
22.0,53.75,RubAlKhali,False,135.0,0.2441820338187393,5.62249911047997,26304,2683,10.199969586374696,5.265358880778589,7.204227493917275,4.208485401459854,48.0,315.0,93.0,0.2964189672117004,1.2888309424477976e-06
22.0,54.25,RubAlKhali,False,135.0,0.2441820338187393,5.62249911047997,26304,2595,9.865419708029197,5.075273722627737,6.9419099756691,4.018400243309002,46.0,315.0,91.0,0.2944098044181102,1.2346535375671126e-06
22.0,54.5,RubAlKhali,False,135.0,0.2441820338187393,5.62249911047997,26304,2553,9.705748175182482,5.060066909975669,6.854470802919708,4.003193430656935,46.0,315.0,91.0,0.29360271786637004,1.2129940528294855e-06
22.0,54.75,RubAlKhali,False,135.0,0.2441820338187393,5.62249911047997,26304,2584,9.82360097323601,5.170316301703163,6.820255474452555,3.8169099756690996,43.0,315.0,88.0,0.2920785101539885,1.1722516259868929e-06
22.0,55.5,RubAlKhali,False,135.0,0.2441820338187393,5.62249911047997,26304,3270,12.431569343065693,6.4628953771289535,7.877128953771289,3.3226885644768855,48.0,315.0,93.0,0.2957013631439265,1.2694383308300218e-06
22.25,53.25,RubAlKhali,True,135.0,0.2441820338187393,5.62249911047997,26304,3285,12.48859489051095,7.439933090024331,9.473844282238442,6.459093673965937,48.0,315.0,93.0,0.3012283966001377,1.4200146787875886e-06
22.25,53.5,RubAlKhali,True,135.0,0.2441820338187393,5.62249911047997,26304,3057,11.621806569343066,6.59595498783455,8.664081508515816,5.706356447688565,48.0,315.0,93.0,0.29922288390838575,1.365054944395184e-06
22.25,54.25,RubAlKhali,False,135.0,0.2441820338187393,5.62249911047997,26304,2690,10.226581508515816,5.139902676399027,7.291666666666667,4.356751824817518,48.0,315.0,93.0,0.29725775267323357,1.3115579548300932e-06
22.25,54.5,RubAlKhali,False,135.0,0.2441820338187393,5.62249911047997,26304,2664,10.127737226277372,5.155109489051095,7.189020681265207,4.250304136253042,46.0,315.0,91.0,0.2960848908243741,1.2797969775591243e-06
22.25,54.75,RubAlKhali,False,135.0,0.2441820338187393,5.62249911047997,26304,2743,10.428071776155718,5.364203163017032,7.22323600973236,4.018400243309002,46.0,315.0,91.0,0.2948811042207658,1.2473291348889572e-06
22.5,54.25,RubAlKhali,False,135.0,0.2441820338187393,5.62249911047997,26304,2806,10.66757907542579,5.322384428223844,7.740267639902676,4.812956204379562,48.0,315.0,93.0,0.29957451831358006,1.374664707995043e-06
22.5,54.5,RubAlKhali,False,135.0,0.2441820338187393,5.62249911047997,26304,2797,10.633363746958638,5.371806569343065,7.580596107055961,4.5278284671532845,45.0,315.0,90.0,0.29842568507142386,1.3433102165951373e-06
22.75,53.5,RubAlKhali,False,135.0,0.2441820338187393,5.62249911047997,26304,3352,12.74330900243309,7.603406326034063,10.085918491484184,7.4285279805352795,32.0,315.0,77.0,0.3057114151618609,1.5441963779209915e-06
22.75,53.75,RubAlKhali,False,135.0,0.2441820338187393,5.62249911047997,26304,3222,12.249087591240876,7.010340632603406,9.587895377128953,6.926703163017032,28.0,315.0,73.0,0.30363940396615524,1.4865727056015597e-06
22.75,54.5,RubAlKhali,False,135.0,0.2441820338187393,5.62249911047997,26304,3112,11.830900243309003,6.059914841849149,8.656478102189782,5.48205596107056,47.0,315.0,92.0,0.3006083249251674,1.4029828214268377e-06
22.75,54.75,RubAlKhali,False,135.0,0.2441820338187393,5.62249911047997,26304,3280,12.469586374695863,5.839416058394161,8.751520681265207,5.03345498783455,50.0,315.0,95.0,0.2997678360669239,1.3799526677841137e-06
22.75,55.0,RubAlKhali,False,135.0,0.2441820338187393,5.62249911047997,26304,3367,12.800334549878345,5.387013381995134,8.512013381995134,4.223692214111922,50.0,315.0,95.0,0.2987171014791358,1.3512522850476603e-06
23.0,53.75,RubAlKhali,False,135.0,0.2441820338187393,5.62249911047997,26304,3554,13.511253041362531,8.128041362530414,10.808242092457421,8.105231143552311,33.0,315.0,78.0,0.3065395885035013,1.5673379142473225e-06
26.0,69.25,Thar,True,,0.2527779446591859,5.8204272720991534,26304,3965,15.073753041362531,13.454227493917275,,,183.0,,,0.30551070169254024,1.451895916237432e-06
26.0,69.5,Thar,True,,0.2527779446591859,5.8204272720991534,26304,5159,19.612986618004864,16.75410583941606,,,190.0,,,0.31580818243466774,1.7674267111987982e-06
26.25,69.25,Thar,True,,0.2527779446591859,5.8204272720991534,26304,4406,16.750304136253042,14.49969586374696,,,214.0,,,0.311742508882717,1.6415986437350206e-06
26.25,69.5,Thar,True,,0.2527779446591859,5.8204272720991534,26304,5293,20.12241484184915,16.898570559610704,,,194.0,,,0.3195867344214596,1.8858304312846863e-06
26.5,6.75,GrandErgOrientalAlgeria,False,135.0,0.24615178990506933,5.667854420492149,26304,1141,4.337743309002433,1.2963807785888077,1.5625,-1.212743309002433,145.0,315.0,170.0,0.28007256726054414,8.330910209346312e-07
26.5,68.75,Thar,False,0.0,0.2527779446591859,5.8204272720991534,26304,3051,11.598996350364963,10.00228102189781,10.736009732360097,9.873023114355231,234.0,180.0,54.0,0.3036010472803076,1.3945307882614126e-06
26.5,69.25,Thar,False,45.0,0.2527779446591859,5.8204272720991534,26304,4733,17.99346107055961,14.853254257907542,16.389142335766422,14.784823600973237,236.0,225.0,11.0,0.3174350104394396,1.8182319362483691e-06
26.5,69.5,Thar,False,45.0,0.2527779446591859,5.8204272720991534,26304,5155,19.597779805352797,16.12302311435523,17.84139294403893,16.085006082725062,240.0,225.0,15.0,0.3223233622933629,1.972463991524692e-06
26.5,8.0,GrandErgOrientalAlgeria,False,225.0,0.24615178990506933,5.667854420492149,26304,3366,12.796532846715328,7.618613138686132,10.192366180048662,7.588199513381995,44.0,45.0,1.0,0.2915563549956429,1.1394672467321948e-06
26.5,8.25,GrandErgOrientalAlgeria,False,225.0,0.24615178990506933,5.667854420492149,26304,4177,15.87971411192214,9.736161800486618,12.636861313868613,9.394008515815084,124.0,45.0,79.0,0.29470780803257063,1.2256975469808453e-06
26.75,6.5,GrandErgOrientalAlgeria,False,90.0,0.24615178990506933,5.667854420492149,26304,1923,7.310675182481752,3.356903892944039,2.5889598540145986,-2.1327554744525545,21.0,270.0,111.0,0.2806264453476475,8.475854023684476e-07
26.75,6.75,GrandErgOrientalAlgeria,False,90.0,0.24615178990506933,5.667854420492149,26304,1018,3.870133819951338,1.4674574209245743,1.5891119221411192,-0.6919099756690997,17.0,270.0,107.0,0.2723240345830208,6.333229028944294e-07
26.75,68.5,Thar,False,0.0,0.2527779446591859,5.8204272720991534,26304,1251,4.755930656934306,3.9955900243309004,4.330139902676399,3.9043491484184916,235.0,180.0,55.0,0.28865315851824047,9.579302966628092e-07
26.75,68.75,Thar,False,0.0,0.2527779446591859,5.8204272720991534,26304,2838,10.789233576642335,8.6830900243309,9.660127737226277,8.531021897810218,231.0,180.0,51.0,0.3041477246267565,1.4109159743179542e-06
26.75,69.25,Thar,False,0.0,0.2527779446591859,5.8204272720991534,26304,4401,16.731295620437955,13.401003649635037,14.986313868613138,13.241332116788321,239.0,180.0,59.0,0.31665517947713606,1.7938455348384274e-06
26.75,69.5,Thar,False,0.0,0.2527779446591859,5.8204272720991534,26304,4783,18.183546228710462,14.579531630170317,16.259884428223845,14.336222627737227,239.0,180.0,59.0,0.3215470064035227,1.9478118018357057e-06
26.75,7.75,GrandErgOrientalAlgeria,False,135.0,0.24615178990506933,5.667854420492149,26304,3419,12.998023114355231,8.69449513381995,2.661192214111922,-7.675638686131387,46.0,315.0,91.0,0.29396880169669876,1.2053935914786753e-06
26.75,8.0,GrandErgOrientalAlgeria,False,135.0,0.24615178990506933,5.667854420492149,26304,4122,15.670620437956204,10.50030413625304,3.1630170316301705,-9.344586374695863,41.0,315.0,86.0,0.29631366758713695,1.2699937532654872e-06
26.75,8.25,GrandErgOrientalAlgeria,False,135.0,0.24615178990506933,5.667854420492149,26304,5313,20.19844890510949,13.796380778588809,3.5774026763990268,-13.043643552311435,49.0,315.0,94.0,0.2983514332321292,1.326550236812586e-06
27.0,6.5,GrandErgOrientalAlgeria,False,90.0,0.24615178990506933,5.667854420492149,26304,3035,11.538169099756692,6.246198296836983,2.9729318734793186,-5.5923053527980535,18.0,270.0,108.0,0.2835232644159332,9.238585116269071e-07
27.0,6.75,GrandErgOrientalAlgeria,False,90.0,0.24615178990506933,5.667854420492149,26304,1815,6.900091240875913,3.615419708029197,1.912256690997567,-3.0755778588807785,25.0,270.0,115.0,0.27612353620716545,7.305791400699889e-07
27.0,68.5,Thar,False,0.0,0.2527779446591859,5.8204272720991534,26304,828,3.147810218978102,2.6687956204379564,2.8208637469586373,2.493917274939173,129.0,180.0,51.0,0.28477240058025305,8.481840159958944e-07
27.0,68.75,Thar,False,0.0,0.2527779446591859,5.8204272720991534,26304,1915,7.2802615571776155,5.94206204379562,6.421076642335766,5.561891727493918,132.0,180.0,48.0,0.2973781373921547,1.2100933200730748e-06
27.0,7.25,GrandErgOrientalAlgeria,False,315.0,0.24615178990506933,5.667854420492149,26304,2372,9.017639902676398,5.839416058394161,7.002737226277373,4.987834549878346,47.0,135.0,88.0,0.2867818559410484,1.0105932165971975e-06
27.0,8.25,GrandErgOrientalAlgeria,False,135.0,0.24615178990506933,5.667854420492149,26304,5815,22.10690389294404,15.993765206812652,4.117244525547445,-13.872414841849148,58.0,315.0,103.0,0.30062796528821123,1.3901918773864257e-06
27.0,8.5,GrandErgOrientalAlgeria,False,135.0,0.24615178990506933,5.667854420492149,26304,6292,23.920316301703163,17.358576642335766,4.235097323600973,-15.450121654501217,55.0,315.0,100.0,0.30329457827260575,1.4653536375564103e-06
27.25,6.5,GrandErgOrientalAlgeria,False,135.0,0.24615178990506933,5.667854420492149,26304,4216,16.027980535279806,10.142944038929441,4.603862530413625,-6.820255474452555,52.0,315.0,97.0,0.28816989295173806,1.0478399471102315e-06
27.25,6.75,GrandErgOrientalAlgeria,False,270.0,0.24615178990506933,5.667854420492149,26304,3767,14.321015815085158,9.1963199513382,11.41271289537713,8.5044099756691,46.0,90.0,44.0,0.28851722626987164,1.0571884573379132e-06
27.25,68.75,Thar,True,,0.2527779446591859,5.8204272720991534,26304,968,3.6800486618004866,3.2314476885644767,,,127.0,,,0.28758821579647076,9.276662570380779e-07
27.25,69.25,Thar,False,0.0,0.2527779446591859,5.8204272720991534,26304,3358,12.766119221411191,10.097323600973237,10.618156934306569,8.470194647201946,125.0,180.0,55.0,0.31340285608871227,1.692787584249098e-06
27.25,69.5,Thar,False,0.0,0.2527779446591859,5.8204272720991534,26304,3811,14.488290754257907,11.46213503649635,12.15404501216545,9.819799270072993,127.0,180.0,53.0,0.3141507432960084,1.7159339674634907e-06
27.25,69.75,Thar,False,0.0,0.2527779446591859,5.8204272720991534,26304,4369,16.60964111922141,12.97521289537713,13.959854014598541,11.310066909975669,128.0,180.0,52.0,0.31834893682724635,1.8468880297021227e-06
27.25,70.25,Thar,True,,0.2527779446591859,5.8204272720991534,26304,4530,17.221715328467152,12.94860097323601,,,135.0,,,0.32016438583125423,1.9040556648300987e-06
27.25,8.0,GrandErgOrientalAlgeria,False,135.0,0.24615178990506933,5.667854420492149,26304,5812,22.09549878345499,16.005170316301705,4.638077858880779,-12.819343065693431,58.0,315.0,103.0,0.3010927434352409,1.4032444575637658e-06
27.25,8.25,GrandErgOrientalAlgeria,False,270.0,0.24615178990506933,5.667854420492149,26304,6254,23.775851581508515,17.510644768856448,20.22125912408759,16.666666666666668,55.0,90.0,35.0,0.30357929626869445,1.4734179820411194e-06
27.25,8.5,GrandErgOrientalAlgeria,False,315.0,0.24615178990506933,5.667854420492149,26304,6584,25.030413625304135,18.324209245742093,20.19844890510949,15.366484184914842,56.0,135.0,79.0,0.30401470426341337,1.4857650997109081e-06
27.5,39.25,AlNafudDesert,False,45.0,0.32728713888296235,7.536064871205811,26304,498,1.8932481751824817,1.3838199513381995,1.322992700729927,0.7527372262773723,181.0,225.0,44.0,0.3804767645706231,2.7077144436385577e-06
27.5,39.5,AlNafudDesert,False,45.0,0.32728713888296235,7.536064871205811,26304,433,1.6461374695863746,1.220346715328467,1.2355535279805352,0.8249695863746959,182.0,225.0,43.0,0.380785211522491,2.724603373762031e-06
27.5,6.75,GrandErgOrientalAlgeria,False,270.0,0.24615178990506933,5.667854420492149,26304,5127,19.49133211678832,13.842001216545013,16.25608272506083,13.020833333333334,56.0,90.0,34.0,0.2949505891230836,1.2323790021152273e-06
27.5,69.25,Thar,False,0.0,0.2527779446591859,5.8204272720991534,26304,2061,7.835310218978102,6.778436739659368,6.2385948905109485,4.641879562043796,127.0,180.0,53.0,0.29940704703043164,1.2698074278735587e-06
27.5,69.5,Thar,False,0.0,0.2527779446591859,5.8204272720991534,26304,2743,10.428071776155718,8.816149635036496,8.344738442822385,6.2614051094890515,126.0,180.0,54.0,0.3052974496601463,1.44547208367269e-06
27.5,69.75,Thar,False,0.0,0.2527779446591859,5.8204272720991534,26304,3214,12.21867396593674,10.02889294403893,9.956660583941606,7.694647201946472,127.0,180.0,53.0,0.308447509155161,1.5408181771675564e-06
27.5,7.25,GrandErgOrientalAlgeria,False,270.0,0.24615178990506933,5.667854420492149,26304,5696,21.65450121654501,15.723844282238442,18.270985401459853,14.887469586374696,63.0,90.0,27.0,0.298774128218326,1.3383303230613565e-06
27.5,7.5,GrandErgOrientalAlgeria,False,135.0,0.24615178990506933,5.667854420492149,26304,5684,21.60888077858881,15.434914841849148,5.23874695863747,-11.13138686131387,63.0,315.0,108.0,0.29962927659871524,1.3622134531682447e-06
27.5,70.25,Thar,False,0.0,0.2527779446591859,5.8204272720991534,26304,4352,16.54501216545012,12.173053527980535,13.769768856447689,10.994525547445255,132.0,180.0,48.0,0.3194549337484028,1.8816766558410627e-06
27.5,8.0,GrandErgOrientalAlgeria,False,135.0,0.24615178990506933,5.667854420492149,26304,6156,23.403284671532848,16.970802919708028,5.27676399026764,-12.849756690997568,60.0,315.0,105.0,0.3034059543581893,1.4685073496058806e-06
27.5,8.25,GrandErgOrientalAlgeria,False,135.0,0.24615178990506933,5.667854420492149,26304,6257,23.787256690997566,17.392791970802918,5.162712895377129,-13.461830900243308,60.0,315.0,105.0,0.30393861414406553,1.4836060919191115e-06
27.75,39.25,AlNafudDesert,False,67.5,0.32728713888296235,7.536064871205811,26304,561,2.1327554744525545,1.5092761557177616,1.212743309002433,0.29273114355231145,170.0,247.5,77.5,0.381766733808467,2.7784374315440856e-06
27.75,39.5,AlNafudDesert,False,67.5,0.32728713888296235,7.536064871205811,26304,563,2.1403588807785887,1.4788625304136254,1.3115875912408759,0.48281630170316303,170.0,247.5,77.5,0.37972661672892016,2.6666974165924138e-06
27.75,39.75,AlNafudDesert,False,67.5,0.32728713888296235,7.536064871205811,26304,463,1.7601885644768855,1.1367092457420924,1.2393552311435523,0.718521897810219,188.0,247.5,59.5,0.37819317411225867,2.5831028030511434e-06
27.75,40.25,AlNafudDesert,False,67.5,0.32728713888296235,7.536064871205811,26304,244,0.9276155717761557,0.7375304136253041,0.7983576642335767,0.6690997566909975,223.0,247.5,24.5,0.3696986363996981,2.1261555777469117e-06
27.75,40.75,AlNafudDesert,False,67.5,0.32728713888296235,7.536064871205811,26304,388,1.4750608272506083,0.9428223844282239,1.1481143552311435,0.8211678832116789,232.0,247.5,15.5,0.37325930115527944,2.3164310597732416e-06
27.75,41.25,AlNafudDesert,False,45.0,0.32728713888296235,7.536064871205811,26304,379,1.440845498783455,1.0302615571776155,1.2165450121654502,0.9922445255474452,195.0,225.0,30.0,0.36639850593065787,1.951431096550448e-06
27.75,6.75,GrandErgOrientalAlgeria,False,270.0,0.24615178990506933,5.667854420492149,26304,6269,23.832877128953772,17.50684306569343,20.25927615571776,16.685675182481752,71.0,90.0,19.0,0.2980459599333267,1.3180473831953895e-06
27.75,64.0,RegistanDesert,False,90.0,0.24884949431077308,5.729971359990928,26304,5546,21.084245742092456,20.75729927007299,20.06919099756691,19.054136253041364,247.0,270.0,23.0,0.3127730321744331,1.7336740534156327e-06
27.75,64.25,RegistanDesert,False,90.0,0.24884949431077308,5.729971359990928,26304,4203,15.978558394160585,15.780869829683699,15.526155717761558,15.073753041362531,239.0,270.0,31.0,0.30791470894138806,1.588053827234337e-06
27.75,64.5,RegistanDesert,False,90.0,0.24884949431077308,5.729971359990928,26304,2091,7.949361313868613,7.8733272506082725,7.675638686131387,7.401916058394161,240.0,270.0,30.0,0.29589981122175896,1.2377170278145177e-06
27.75,7.25,GrandErgOrientalAlgeria,False,315.0,0.24615178990506933,5.667854420492149,26304,6239,23.71882603406326,17.13427615571776,17.320559610705597,10.922293187347933,67.0,135.0,68.0,0.29902566517012796,1.3453483214696805e-06
27.75,7.5,GrandErgOrientalAlgeria,False,270.0,0.24615178990506933,5.667854420492149,26304,6107,23.21700121654501,16.411952554744527,19.43810827250608,15.659215328467154,66.0,90.0,24.0,0.2996928362102702,1.363991311892789e-06
27.75,70.25,Thar,False,0.0,0.2527779446591859,5.8204272720991534,26304,3908,14.857055961070559,10.416666666666666,11.82329683698297,8.789537712895378,130.0,180.0,50.0,0.3166898386669699,1.794928102314085e-06
27.75,70.5,Thar,False,45.0,0.2527779446591859,5.8204272720991534,26304,3879,14.746806569343066,9.652524330900244,12.199665450121655,9.652524330900244,225.0,225.0,0.0,0.3148932489233295,1.738968371373719e-06
27.75,8.0,GrandErgOrientalAlgeria,False,270.0,0.24615178990506933,5.667854420492149,26304,6088,23.144768856447687,16.39294403892944,19.293643552311437,15.442518248175183,60.0,90.0,30.0,0.30200321678238407,1.4288721419824028e-06
27.75,8.25,GrandErgOrientalAlgeria,False,315.0,0.24615178990506933,5.667854420492149,26304,6156,23.403284671532848,16.659063260340634,17.601885644768856,11.800486618004866,65.0,135.0,70.0,0.3039917105895706,1.4851126121461646e-06
28.0,39.5,AlNafudDesert,False,90.0,0.32728713888296235,7.536064871205811,26304,592,2.2506082725060828,1.5206812652068127,1.1671228710462287,0.08363746958637469,172.0,270.0,98.0,0.37859748644188895,2.605110787342516e-06
28.0,39.75,AlNafudDesert,False,67.5,0.32728713888296235,7.536064871205811,26304,546,2.0757299270072993,1.2773722627737227,1.326794403892944,0.5778588807785888,175.0,247.5,72.5,0.37836368313420354,2.592381274875374e-06
28.0,40.75,AlNafudDesert,False,67.5,0.32728713888296235,7.536064871205811,26304,358,1.3610097323600974,0.8819951338199513,1.1024939172749393,0.843978102189781,238.0,247.5,9.5,0.3732941067372639,2.3183000081271074e-06
28.0,64.25,RegistanDesert,False,90.0,0.24884949431077308,5.729971359990928,26304,3012,11.450729927007298,10.94890510948905,11.009732360097324,10.568734793187348,244.0,270.0,26.0,0.31117695932689243,1.6855829634764697e-06
28.0,64.5,RegistanDesert,False,90.0,0.24884949431077308,5.729971359990928,26304,2157,8.200273722627736,7.766879562043796,7.861922141119221,7.523570559610706,242.0,270.0,28.0,0.3075527558092178,1.5772961238252197e-06
28.0,64.75,RegistanDesert,False,90.0,0.24884949431077308,5.729971359990928,26304,1671,6.35264598540146,5.919251824817518,5.9648722627737225,5.577098540145985,233.0,270.0,37.0,0.30190326229410624,1.411026079779391e-06
28.0,65.0,RegistanDesert,False,45.0,0.24884949431077308,5.729971359990928,26304,1449,5.508667883211679,5.143704379562044,5.291970802919708,5.075273722627737,220.0,225.0,5.0,0.29847334453591623,1.311584137965363e-06
28.0,71.25,Thar,False,45.0,0.2527779446591859,5.8204272720991534,26304,3320,12.621654501216545,8.23448905109489,10.41286496350365,8.204075425790755,219.0,225.0,6.0,0.305541354950957,1.4528196590371476e-06
28.0,71.5,Thar,False,45.0,0.2527779446591859,5.8204272720991534,26304,3216,12.226277372262773,8.188868613138686,10.20757299270073,8.188868613138686,218.0,225.0,7.0,0.3043120217005679,1.4158460988587328e-06
28.0,71.75,Thar,False,45.0,0.2527779446591859,5.8204272720991534,26304,3140,11.937347931873479,8.105231143552311,10.013686131386862,8.090024330900244,222.0,225.0,3.0,0.30459875879105136,1.4244567054419547e-06
28.0,72.0,Thar,False,45.0,0.2527779446591859,5.8204272720991534,26304,3108,11.815693430656934,8.340936739659368,10.059306569343066,8.302919708029197,222.0,225.0,3.0,0.3040306657196893,1.4074049676084794e-06
28.25,39.5,AlNafudDesert,False,90.0,0.32728713888296235,7.536064871205811,26304,658,2.5015206812652067,1.573905109489051,1.2697688564476886,0.03801703163017032,170.0,270.0,100.0,0.37808524027582097,2.5772316035594437e-06
28.25,39.75,AlNafudDesert,False,67.5,0.32728713888296235,7.536064871205811,26304,640,2.4330900243309004,1.5130778588807785,1.5168795620437956,0.600669099756691,185.0,247.5,62.5,0.3760090928403326,2.464623048340251e-06
28.25,40.25,AlNafudDesert,False,67.5,0.32728713888296235,7.536064871205811,26304,515,1.9578771289537713,1.0758819951338199,1.444647201946472,0.9314172749391727,184.0,247.5,63.5,0.37413715479602816,2.3636222212982743e-06
28.25,40.5,AlNafudDesert,False,67.5,0.32728713888296235,7.536064871205811,26304,462,1.7563868613138687,0.9960462287104623,1.3724148418491484,0.9884428223844283,243.0,247.5,4.5,0.3755974825518471,2.4423712912360578e-06
28.25,41.5,AlNafudDesert,False,67.5,0.32728713888296235,7.536064871205811,26304,377,1.433242092457421,0.961830900243309,1.1823296836982968,0.9314172749391727,236.0,247.5,11.5,0.3687299522617766,2.074706427211984e-06
28.25,41.75,AlNafudDesert,False,67.5,0.32728713888296235,7.536064871205811,26304,337,1.2811739659367396,0.8249695863746959,1.0150547445255473,0.7489355231143552,234.0,247.5,13.5,0.3641901320933945,1.8353843350144619e-06
28.25,42.25,AlNafudDesert,False,67.5,0.32728713888296235,7.536064871205811,26304,444,1.687956204379562,0.8287712895377128,1.2469586374695865,0.8059610705596107,245.0,247.5,2.5,0.3632665099570782,1.7870574320006327e-06
28.25,63.5,RegistanDesert,False,135.0,0.24884949431077308,5.729971359990928,26304,4232,16.08880778588808,11.785279805352799,10.853862530413625,5.6189172749391725,251.0,315.0,64.0,0.3125317443124712,1.7263880503640454e-06
28.25,63.75,RegistanDesert,False,135.0,0.24884949431077308,5.729971359990928,26304,4100,15.58698296836983,10.637165450121655,9.971867396593675,4.356751824817518,248.0,315.0,67.0,0.31205759062385985,1.7120867402151875e-06
28.25,64.75,RegistanDesert,False,90.0,0.24884949431077308,5.729971359990928,26304,1176,4.470802919708029,3.8017031630170317,4.121046228710462,3.7712895377128954,253.0,270.0,17.0,0.30367182978462454,1.462745276264701e-06
28.25,65.0,RegistanDesert,False,45.0,0.24884949431077308,5.729971359990928,26304,931,3.5393856447688563,2.9691301703163018,3.250456204379562,2.9615267639902676,227.0,225.0,2.0,0.30624130434265395,1.538424110767601e-06
28.25,65.5,RegistanDesert,False,45.0,0.24884949431077308,5.729971359990928,26304,473,1.798205596107056,1.4864659367396593,1.4750608272506083,1.1519160583941606,202.0,225.0,23.0,0.29593662425673006,1.2387691482334124e-06
28.25,7.5,GrandErgOrientalAlgeria,False,270.0,0.24615178990506933,5.667854420492149,26304,5964,22.673357664233578,14.879866180048662,18.46867396593674,14.263990267639903,69.0,90.0,21.0,0.3005658206376638,1.3884481686468087e-06
28.25,70.5,Thar,False,315.0,0.2527779446591859,5.8204272720991534,26304,1837,6.983728710462287,3.585006082725061,5.253953771289538,3.5241788321167884,137.0,135.0,2.0,0.2942771322275002,1.1196102274159736e-06
28.25,70.75,Thar,True,,0.2527779446591859,5.8204272720991534,26304,2822,10.728406326034063,5.588503649635037,,,224.0,,,0.30395094896332164,1.4050147564186874e-06
28.25,71.25,Thar,False,45.0,0.2527779446591859,5.8204272720991534,26304,3319,12.617852798053528,7.424726277372263,10.017487834549879,7.417122871046229,230.0,225.0,5.0,0.3055369596431849,1.4526871997624202e-06
28.25,71.5,Thar,False,45.0,0.2527779446591859,5.8204272720991534,26304,3174,12.066605839416058,7.481751824817518,9.770377128953772,7.474148418491485,223.0,225.0,2.0,0.3029519282841143,1.3751134692428929e-06
28.25,71.75,Thar,False,45.0,0.2527779446591859,5.8204272720991534,26304,3024,11.496350364963504,7.215632603406326,9.34838807785888,7.200425790754258,220.0,225.0,5.0,0.3030197508747502,1.3771403253206202e-06
28.25,72.0,Thar,False,45.0,0.2527779446591859,5.8204272720991534,26304,2933,11.150395377128953,7.173813868613139,9.13169099756691,7.112986618004866,231.0,225.0,6.0,0.302879457066247,1.3729481918696405e-06
28.25,72.5,Thar,True,45.0,0.2527779446591859,5.8204272720991534,26304,2970,11.291058394160585,7.611009732360097,9.409215328467154,7.5273722627737225,195.0,225.0,30.0,0.30490830353877807,1.4337613200832208e-06
28.5,39.75,AlNafudDesert,False,67.5,0.32728713888296235,7.536064871205811,26304,653,2.4825121654501214,1.5244829683698298,1.5092761557177616,0.5360401459854015,183.0,247.5,64.5,0.3740830980067119,2.3607130638613234e-06
28.5,40.25,AlNafudDesert,False,67.5,0.32728713888296235,7.536064871205811,26304,534,2.0301094890510947,1.1100973236009732,1.5016727493917275,0.9732360097323601,187.0,247.5,60.5,0.372932014678123,2.2988653472886916e-06
28.5,40.5,AlNafudDesert,False,67.5,0.32728713888296235,7.536064871205811,26304,472,1.794403892944039,1.0036496350364963,1.3914233576642336,0.9884428223844283,248.0,247.5,0.5,0.37574137462384244,2.4501473625407595e-06
28.5,41.25,AlNafudDesert,False,45.0,0.32728713888296235,7.536064871205811,26304,361,1.3724148418491484,0.9086070559610706,1.0644768856447688,0.7565389294403893,253.0,225.0,28.0,0.37063811337973135,2.176182406001681e-06
28.5,41.5,AlNafudDesert,False,67.5,0.32728713888296235,7.536064871205811,26304,368,1.3990267639902676,0.9048053527980535,1.1481143552311435,0.8972019464720195,239.0,247.5,8.5,0.3671081709030594,1.9888718827209584e-06
28.5,41.75,AlNafudDesert,False,67.5,0.32728713888296235,7.536064871205811,26304,405,1.539689781021898,0.9086070559610706,1.205139902676399,0.8705900243309003,235.0,247.5,12.5,0.36399346301646446,1.825083688396643e-06
28.5,42.0,AlNafudDesert,False,90.0,0.32728713888296235,7.536064871205811,26304,440,1.6727493917274938,0.9048053527980535,1.2165450121654502,0.7603406326034063,235.0,270.0,35.0,0.3637705615831639,1.8134158350310038e-06
28.5,71.25,Thar,True,,0.2527779446591859,5.8204272720991534,26304,3194,12.142639902676398,5.9154501216545015,,,206.0,,,0.3088238180818228,1.552273750619475e-06
28.5,71.5,Thar,False,45.0,0.2527779446591859,5.8204272720991534,26304,3069,11.66742700729927,6.443886861313868,8.99102798053528,6.314628953771289,273.0,225.0,48.0,0.3060624247094327,1.4685363907168926e-06
28.5,71.75,Thar,False,45.0,0.2527779446591859,5.8204272720991534,26304,2909,11.059154501216545,6.702402676399027,8.78573600973236,6.512317518248175,271.0,225.0,46.0,0.3045538033732837,1.4231061751717146e-06
28.5,72.0,Thar,False,45.0,0.2527779446591859,5.8204272720991534,26304,2802,10.652372262773723,6.599756690997567,8.519616788321168,6.386861313868613,267.0,225.0,42.0,0.3034041895908799,1.388637725981545e-06
28.5,72.5,Thar,False,45.0,0.2527779446591859,5.8204272720991534,26304,2563,9.743765206812652,6.291818734793187,7.964568126520681,6.185371046228711,180.0,225.0,45.0,0.3021715329913417,1.3518242546797749e-06
28.5,8.75,GrandErgOrientalAlgeria,False,45.0,0.24615178990506933,5.667854420492149,26304,5982,22.741788321167885,14.263990267639903,6.5845498783454985,-9.572688564476886,78.0,225.0,147.0,0.309738232485477,1.6497157421864277e-06
28.75,39.5,AlNafudDesert,False,45.0,0.32728713888296235,7.536064871205811,26304,616,2.3418491484184916,1.330596107055961,1.4598540145985401,0.5778588807785888,178.0,225.0,47.0,0.3761670571539732,2.4731691107798356e-06
28.75,39.75,AlNafudDesert,False,45.0,0.32728713888296235,7.536064871205811,26304,593,2.2544099756690996,1.4180352798053528,1.5434914841849148,0.8325729927007299,180.0,225.0,45.0,0.37398455439760425,2.3554108546766427e-06
28.75,71.25,Thar,True,,0.2527779446591859,5.8204272720991534,26304,2188,8.318126520681265,4.470802919708029,,,284.0,,,0.2982828581087786,1.2366705618734587e-06
28.75,71.5,Thar,True,45.0,0.2527779446591859,5.8204272720991534,26304,2391,9.089872262773723,5.3185827250608275,7.033150851581508,4.976429440389294,283.0,225.0,58.0,0.30277822804865684,1.36992456313448e-06
28.75,71.75,Thar,True,,0.2527779446591859,5.8204272720991534,26304,2498,9.496654501216545,5.76338199513382,,,280.0,,,0.30461271750120145,1.4248760872376057e-06
28.75,72.0,Thar,True,45.0,0.2527779446591859,5.8204272720991534,26304,2432,9.245742092457421,5.732968369829684,7.344890510948905,5.4440389294403895,271.0,225.0,46.0,0.3031711657458896,1.3816669466485697e-06
29.0,72.5,Thar,True,45.0,0.2527779446591859,5.8204272720991534,26304,2224,8.454987834549879,4.82816301703163,6.459093673965937,4.463199513381995,161.0,225.0,64.0,0.30208830951796345,1.349344174165699e-06
29.0,72.75,Thar,True,45.0,0.2527779446591859,5.8204272720991534,26304,1536,5.839416058394161,3.824513381995134,4.679896593673966,3.520377128953771,166.0,225.0,59.0,0.29596712298694344,1.1688042468552893e-06
29.0,73.25,Thar,True,45.0,0.2527779446591859,5.8204272720991534,26304,1174,4.463199513381995,3.125,3.57360097323601,2.6840024330900243,167.0,225.0,58.0,0.2919694661009036,1.0528912286082032e-06
29.0,73.5,Thar,True,,0.2527779446591859,5.8204272720991534,26304,1464,5.565693430656935,3.5583941605839415,,,169.0,,,0.2965488791560612,1.1858037915967642e-06
29.25,72.0,Thar,True,,0.2527779446591859,5.8204272720991534,26304,936,3.5583941605839415,2.493917274939173,,,158.0,,,0.2856531655280516,8.729613864514331e-07
29.25,72.25,Thar,True,,0.2527779446591859,5.8204272720991534,26304,1645,6.253801703163017,3.7674878345498786,,,157.0,,,0.296363801991909,1.180392015936173e-06
29.25,72.5,Thar,False,45.0,0.2527779446591859,5.8204272720991534,26304,1724,6.554136253041363,3.953771289537713,5.124695863746958,3.6952554744525545,162.0,225.0,63.0,0.29821543885049406,1.2346872574158968e-06
29.25,72.75,Thar,True,,0.2527779446591859,5.8204272720991534,26304,961,3.653436739659367,2.6117700729927007,,,166.0,,,0.2895469088971544,9.83415645736221e-07
29.25,73.5,Thar,True,45.0,0.2527779446591859,5.8204272720991534,26304,567,2.155565693430657,1.6233272506082725,1.566301703163017,0.9770377128953771,161.0,225.0,64.0,0.2829159068815435,7.962084008117379e-07
29.25,74.25,Thar,True,45.0,0.2527779446591859,5.8204272720991534,26304,589,2.2392031630170317,1.4940693430656935,1.5206812652068127,0.8021593673965937,173.0,225.0,52.0,0.2879038117802999,9.366233480925335e-07
29.5,62.75,RegistanDesert,False,135.0,0.24884949431077308,5.729971359990928,26304,5215,19.82588199513382,17.309154501216543,14.632755474452555,9.43962895377129,241.0,315.0,74.0,0.31803885805888227,1.8940829654579648e-06
29.5,63.25,RegistanDesert,True,315.0,0.24884949431077308,5.729971359990928,26304,5470,20.795316301703163,18.65875912408759,5.930656934306569,-8.934002433090024,243.0,135.0,108.0,0.3199665309434317,1.953473852665541e-06
29.5,72.25,Thar,True,,0.2527779446591859,5.8204272720991534,26304,735,2.7942518248175183,1.8742396593673967,,,153.0,,,0.2837867304994069,8.205462190066746e-07
29.5,72.5,Thar,True,,0.2527779446591859,5.8204272720991534,26304,804,3.0565693430656933,2.1517639902676398,,,151.0,,,0.28517737310788766,8.595670585095973e-07
29.5,72.75,Thar,True,,0.2527779446591859,5.8204272720991534,26304,480,1.8248175182481752,1.437043795620438,,,153.0,,,0.2790094971133385,6.879522270117164e-07
29.75,63.25,RegistanDesert,True,135.0,0.24884949431077308,5.729971359990928,26304,4580,17.411800486618006,17.001216545012166,10.960310218978103,4.508819951338199,244.0,315.0,71.0,0.3150916037277245,1.8039729734201587e-06
30.0,-0.25,GrandErgOccidental,False,270.0,0.2593577467829456,5.97193281494935,26304,5379,20.449361313868614,12.252889294403893,16.259884428223845,12.070407542579076,77.0,90.0,13.0,0.3216509941584025,1.8885755163694626e-06
30.0,-0.5,GrandErgOccidental,False,315.0,0.2593577467829456,5.97193281494935,26304,5248,19.951338199513383,11.61800486618005,13.80778588807786,7.664233576642336,78.0,135.0,57.0,0.3217127583565264,1.8906490167234278e-06
30.0,-1.0,GrandErgOccidental,False,315.0,0.2593577467829456,5.97193281494935,26304,5071,19.278436739659366,10.876672749391728,13.465632603406325,7.6528284671532845,94.0,135.0,41.0,0.3229948566426592,1.9337805440467903e-06
30.0,-1.25,GrandErgOccidental,False,315.0,0.2593577467829456,5.97193281494935,26304,5084,19.32785888077859,10.736009732360097,13.572080291970803,7.816301703163017,97.0,135.0,38.0,0.323761478837745,1.959652710575052e-06
30.0,-1.5,GrandErgOccidental,False,315.0,0.2593577467829456,5.97193281494935,26304,4941,18.784215328467152,10.253193430656934,13.374391727493917,7.964568126520681,98.0,135.0,37.0,0.32239091593516567,1.9134417870165348e-06
30.0,-1.75,GrandErgOccidental,False,315.0,0.2593577467829456,5.97193281494935,26304,4595,17.46882603406326,8.717305352798054,12.370742092457421,7.272658150851582,103.0,135.0,32.0,0.3212769696559632,1.8760275574836664e-06
30.0,59.25,LutDesert,False,315.0,0.252426996518654,5.812346392531126,26304,5041,19.164385644768856,8.519616788321168,13.758363746958638,8.352341849148418,123.0,135.0,12.0,0.3418764794632673,2.6315890896874423e-06
30.0,59.5,LutDesert,False,315.0,0.252426996518654,5.812346392531126,26304,4186,15.913929440389294,9.260948905109489,12.496198296836983,9.078467153284672,118.0,135.0,17.0,0.3456725720146572,2.7607920462741664e-06
30.0,65.5,RegistanDesert,False,90.0,0.24884949431077308,5.729971359990928,26304,1865,7.090176399026764,6.59595498783455,6.234793187347932,5.3794099756691,241.0,270.0,29.0,0.30090206128347574,1.3818813196100718e-06
30.25,-1.25,GrandErgOccidental,False,315.0,0.2593577467829456,5.97193281494935,26304,5028,19.114963503649633,10.46228710462287,13.248935523114355,7.382907542579075,95.0,135.0,40.0,0.32483880290852585,1.9961141839414455e-06
30.25,-1.5,GrandErgOccidental,False,315.0,0.2593577467829456,5.97193281494935,26304,5103,19.400091240875913,10.65617396593674,13.739355231143552,8.078619221411191,99.0,135.0,36.0,0.3243136401519667,1.978325192231805e-06
30.25,-1.75,GrandErgOccidental,False,315.0,0.2593577467829456,5.97193281494935,26304,5002,19.01611922141119,9.922445255474452,13.621502433090024,8.226885644768856,98.0,135.0,37.0,0.3234577388958689,1.9493946791001695e-06
30.25,0.0,GrandErgOccidental,False,270.0,0.2593577467829456,5.97193281494935,26304,5228,19.875304136253042,11.84610705596107,15.739051094890511,11.60279805352798,73.0,90.0,17.0,0.3235783517717132,1.9534669146970828e-06
30.25,0.5,GrandErgOccidental,False,270.0,0.2593577467829456,5.97193281494935,26304,5457,20.74589416058394,13.08926399026764,16.78832116788321,12.830748175182482,72.0,90.0,18.0,0.32304565789855066,1.935493100595518e-06
30.25,59.25,LutDesert,False,315.0,0.252426996518654,5.812346392531126,26304,5515,20.96639294403893,11.918339416058394,16.324513381995136,11.682633819951338,123.0,135.0,12.0,0.3364034702621607,2.4478222571026056e-06
30.25,59.5,LutDesert,False,315.0,0.252426996518654,5.812346392531126,26304,4857,18.464872262773724,12.085614355231144,15.047141119221411,11.6294099756691,122.0,135.0,13.0,0.3372364878627479,2.4756010896659166e-06
30.25,59.75,LutDesert,False,315.0,0.252426996518654,5.812346392531126,26304,3522,13.389598540145986,7.14720194647202,10.146745742092458,6.90389294403893,127.0,135.0,8.0,0.3330752142494653,2.337519732761539e-06
30.25,62.5,RegistanDesert,False,135.0,0.24884949431077308,5.729971359990928,26304,4498,17.10006082725061,15.609793187347933,15.199209245742093,13.298357664233576,256.0,315.0,59.0,0.3189643096460337,1.9225509960655533e-06
30.25,65.5,RegistanDesert,False,90.0,0.24884949431077308,5.729971359990928,26304,2043,7.766879562043796,7.143400243309002,6.656782238442823,5.546684914841849,239.0,270.0,31.0,0.30192347293827504,1.4116154044491097e-06
30.5,-0.75,GrandErgOccidental,False,270.0,0.2593577467829456,5.97193281494935,26304,4928,18.734793187347933,9.420620437956204,13.99787104622871,9.260948905109489,84.0,90.0,6.0,0.325229700390708,2.009373853922143e-06
30.5,-1.25,GrandErgOccidental,False,315.0,0.2593577467829456,5.97193281494935,26304,5043,19.17198905109489,10.070711678832117,13.070255474452555,6.968521897810219,93.0,135.0,42.0,0.3252861338316692,2.011289455214817e-06
30.5,-1.5,GrandErgOccidental,False,315.0,0.2593577467829456,5.97193281494935,26304,5069,19.270833333333332,10.222779805352799,13.598692214111923,7.926551094890511,103.0,135.0,32.0,0.3273831317251697,2.082706499770935e-06
30.5,-1.75,GrandErgOccidental,False,315.0,0.2593577467829456,5.97193281494935,26304,4987,18.95909367396594,9.857816301703163,13.754562043795621,8.550030413625304,100.0,135.0,35.0,0.32614295213577166,2.0404144998067986e-06
30.5,-2.25,GrandErgOccidental,False,270.0,0.2593577467829456,5.97193281494935,26304,4119,15.659215328467154,7.029349148418492,10.511709245742093,5.364203163017032,149.0,90.0,59.0,0.3243883142051154,1.9808528929303786e-06
30.5,0.0,GrandErgOccidental,False,270.0,0.2593577467829456,5.97193281494935,26304,5158,19.609184914841848,10.7588199513382,15.119373479318735,10.629562043795621,80.0,90.0,10.0,0.3243163254814801,1.9784160799731955e-06
30.5,0.5,GrandErgOccidental,False,315.0,0.2593577467829456,5.97193281494935,26304,5178,19.68521897810219,11.458333333333334,12.952402676399027,6.219586374695864,74.0,135.0,61.0,0.32372220446488437,1.9583257781549567e-06
30.5,0.75,GrandErgOccidental,False,270.0,0.2593577467829456,5.97193281494935,26304,5270,20.034975669099758,11.891727493917275,15.701034063260341,11.367092457420924,70.0,90.0,20.0,0.32344307915281534,1.948899827730965e-06
30.5,1.25,GrandErgOccidental,False,270.0,0.2593577467829456,5.97193281494935,26304,5483,20.844738442822383,13.393400243309003,16.651459854014597,12.458181265206813,64.0,90.0,26.0,0.32355818730900854,1.9527859990816407e-06
30.5,59.5,LutDesert,False,315.0,0.252426996518654,5.812346392531126,26304,5515,20.96639294403893,16.02417883211679,18.229166666666668,15.491940389294404,123.0,135.0,12.0,0.3316953844204178,2.2921120536323898e-06
30.5,65.5,RegistanDesert,False,90.0,0.24884949431077308,5.729971359990928,26304,2339,8.892183698296837,7.979774939172749,7.139598540145985,5.387013381995134,235.0,270.0,35.0,0.3025497613002898,1.4298969767473451e-06
30.5,66.0,RegistanDesert,False,90.0,0.24884949431077308,5.729971359990928,26304,1129,4.292122871046229,3.9195559610705595,3.6648418491484187,3.037560827250608,233.0,270.0,37.0,0.2922866709776995,1.1350899446260455e-06
30.5,9.75,GrandErgOrientalAlgeria,False,45.0,0.24615178990506933,5.667854420492149,26304,5425,20.624239659367397,10.709397810218977,6.481903892944039,-7.660431873479319,99.0,225.0,126.0,0.3107772592488314,1.6798066350146833e-06
31.0,-1.5,GrandErgOccidental,False,315.0,0.2593577467829456,5.97193281494935,26304,4644,17.655109489051096,7.687043795620438,12.150243309002432,6.645377128953771,100.0,135.0,35.0,0.3265024113486907,2.0526560831492386e-06
31.0,-1.75,GrandErgOccidental,False,315.0,0.2593577467829456,5.97193281494935,26304,4479,17.027828467153284,7.759276155717761,12.28330291970803,7.538777372262774,127.0,135.0,8.0,0.32712751947965857,2.0739766033360628e-06
31.0,1.5,GrandErgOccidental,False,270.0,0.2593577467829456,5.97193281494935,26304,5105,19.407694647201946,10.967913625304137,14.495894160583942,9.584093673965937,68.0,90.0,22.0,0.3253078548066608,2.012026850029454e-06
31.0,1.75,GrandErgOccidental,False,270.0,0.2593577467829456,5.97193281494935,26304,5205,19.78786496350365,11.089568126520682,14.71639294403893,9.64492092457421,64.0,90.0,26.0,0.325913817217637,2.032618220271017e-06
31.0,2.25,GrandErgOccidental,False,270.0,0.2593577467829456,5.97193281494935,26304,5282,20.08059610705596,11.260644768856448,15.123175182481752,10.165754257907542,63.0,90.0,27.0,0.3259539766626506,2.033984243060715e-06
31.0,65.75,RegistanDesert,False,90.0,0.24884949431077308,5.729971359990928,26304,1862,7.078771289537713,6.706204379562044,5.6645377128953776,4.250304136253042,232.0,270.0,38.0,0.29949607869831674,1.3411168865103717e-06
31.0,9.5,GrandErgOrientalAlgeria,False,135.0,0.24615178990506933,5.667854420492149,26304,5827,22.152524330900242,12.28330291970803,5.976277372262774,-10.199969586374696,103.0,315.0,148.0,0.31293364713444044,1.742578630193988e-06
31.0,9.75,GrandErgOrientalAlgeria,False,315.0,0.24615178990506933,5.667854420492149,26304,5925,22.525091240875913,12.944799270072993,16.58683090024331,10.648570559610706,106.0,135.0,29.0,0.31450189468348866,1.7885026023247489e-06
31.25,1.5,GrandErgOccidental,False,270.0,0.2593577467829456,5.97193281494935,26304,4862,18.48388077858881,9.101277372262773,13.256538929440389,8.02919708029197,68.0,90.0,22.0,0.3254341055299231,2.0163138492409104e-06
31.25,1.75,GrandErgOccidental,False,270.0,0.2593577467829456,5.97193281494935,26304,4899,18.624543795620436,8.93780413625304,13.279349148418492,7.934154501216545,64.0,90.0,26.0,0.3269392288526158,2.067550296022529e-06
31.25,2.25,GrandErgOccidental,False,270.0,0.2593577467829456,5.97193281494935,26304,5080,19.31265206812652,9.504257907542579,14.142335766423358,8.972019464720194,67.0,90.0,23.0,0.32727542217968547,2.079027076441667e-06
31.25,2.5,GrandErgOccidental,False,270.0,0.2593577467829456,5.97193281494935,26304,5181,19.696624087591243,10.093521897810218,14.602341849148418,9.508059610705596,67.0,90.0,23.0,0.3273888137110924,2.0829006334719893e-06
31.25,65.5,RegistanDesert,True,90.0,0.24884949431077308,5.729971359990928,26304,1417,5.387013381995134,4.6266727493917275,4.383363746958637,3.379714111922141,232.0,270.0,38.0,0.29891501589286507,1.3243255664085635e-06
31.25,65.75,RegistanDesert,True,90.0,0.24884949431077308,5.729971359990928,26304,1066,4.052615571776156,3.642031630170316,3.258059610705596,2.4635036496350367,230.0,270.0,40.0,0.29531586664808024,1.2210453351074153e-06
31.25,9.5,GrandErgOrientalAlgeria,False,315.0,0.24615178990506933,5.667854420492149,26304,6084,23.12956204379562,13.062652068126521,17.373783454987834,11.61800486618005,109.0,135.0,26.0,0.3169382174039761,1.860302312850519e-06
31.25,9.75,GrandErgOrientalAlgeria,False,315.0,0.24615178990506933,5.667854420492149,26304,6410,24.36891727493917,14.195559610705596,18.270985401459853,12.173053527980535,107.0,135.0,28.0,0.318615709631926,1.910060968039922e-06
31.75,2.5,GrandErgOccidental,False,270.0,0.2593577467829456,5.97193281494935,26304,4788,18.202554744525546,7.185218978102189,12.659671532846716,7.116788321167883,87.0,90.0,3.0,0.330625201799125,2.1940242726573467e-06
31.75,2.75,GrandErgOccidental,False,225.0,0.2593577467829456,5.97193281494935,26304,4855,18.457268856447687,7.493156934306569,12.48859489051095,6.519920924574209,75.0,45.0,30.0,0.33012067410507456,2.1766290421189617e-06
31.75,9.25,GrandErgOrientalAlgeria,False,315.0,0.24615178990506933,5.667854420492149,26304,6464,24.574209245742093,13.617700729927007,18.947688564476884,13.321167883211679,118.0,135.0,17.0,0.32240358397413005,2.0233850933737618e-06
31.75,9.5,GrandErgOrientalAlgeria,False,315.0,0.24615178990506933,5.667854420492149,26304,6726,25.570255474452555,15.00912408759124,20.217457420924575,14.864659367396595,128.0,135.0,7.0,0.32398964883939985,2.0712341584877167e-06
32.0,2.5,GrandErgOccidental,False,225.0,0.2593577467829456,5.97193281494935,26304,4442,16.887165450121653,6.097931873479319,10.998327250608272,5.109489051094891,80.0,45.0,35.0,0.33216530285634943,2.2472885715078807e-06
32.0,2.75,GrandErgOccidental,False,270.0,0.2593577467829456,5.97193281494935,26304,4469,16.989811435523116,6.466697080291971,11.6294099756691,6.269008515815085,74.0,90.0,16.0,0.3310651675831005,2.2092152051625816e-06
32.0,9.25,GrandErgOrientalAlgeria,False,315.0,0.24615178990506933,5.667854420492149,26304,6697,25.460006082725062,14.153740875912408,19.677615571776155,13.89522506082725,120.0,135.0,15.0,0.32383408846654377,2.0665307625069645e-06
32.25,8.75,GrandErgOrientalAlgeria,False,315.0,0.24615178990506933,5.667854420492149,26304,6230,23.684610705596107,12.165450121654501,17.510644768856448,11.336678832116789,106.0,135.0,29.0,0.32017401140479257,1.956519469250221e-06
32.25,9.25,GrandErgOrientalAlgeria,False,315.0,0.24615178990506933,5.667854420492149,26304,6988,26.566301703163017,14.568126520681265,20.327706812652067,14.08911192214112,115.0,135.0,20.0,0.3234883444394294,2.0560852186944527e-06
32.75,8.75,GrandErgOrientalAlgeria,False,315.0,0.24615178990506933,5.667854420492149,26304,6118,23.2588199513382,11.800486618004866,17.35477493917275,11.450729927007298,127.0,135.0,8.0,0.32339259554041766,2.0531944465913587e-06
32.75,9.5,GrandErgOrientalAlgeria,False,315.0,0.24615178990506933,5.667854420492149,26304,7540,28.66484184914842,15.815085158150852,22.239963503649633,15.815085158150852,134.0,135.0,1.0,0.32633018064613856,2.1422732264953236e-06
33.0,-106.25,WhiteSands,False,45.0,0.3132905803804226,7.21378220159414,26304,632,2.402676399026764,2.068126520681265,2.182177615571776,1.9616788321167884,189.0,225.0,36.0,0.37680731862716577,3.7268562895799215e-06
37.25,62.75,Karakum,False,135.0,0.2675189759105685,6.159852060247083,26304,3528,13.412408759124087,3.4367396593673964,8.010188564476886,2.607968369829684,290.0,315.0,25.0,0.3297989751660956,2.0085517349702718e-06
37.25,63.25,Karakum,False,135.0,0.2675189759105685,6.159852060247083,26304,3544,13.47323600973236,5.200729927007299,8.276307785888077,3.079379562043796,288.0,315.0,27.0,0.3323447256101159,2.099563374294997e-06
37.25,63.75,Karakum,False,315.0,0.2675189759105685,6.159852060247083,26304,3067,11.659823600973237,5.326186131386861,3.7788929440389296,-4.1020377128953776,292.0,135.0,157.0,0.3217968254527037,1.7270287840037513e-06
37.25,64.0,Karakum,False,315.0,0.2675189759105685,6.159852060247083,26304,2591,9.85021289537713,3.8967457420924574,3.239051094890511,-3.372110705596107,299.0,135.0,164.0,0.3168934388784514,1.5579398108116093e-06
37.25,80.25,Taklamakan,False,135.0,0.23487501346795883,5.408197047280978,26304,2512,9.549878345498783,3.991788321167883,6.573144768856448,3.596411192214112,343.0,315.0,28.0,0.3116617441670483,1.7480263307567245e-06
37.25,80.5,Taklamakan,True,,0.23487501346795883,5.408197047280978,26304,2862,10.880474452554745,4.980231143552311,,,347.0,,,0.3134123275555243,1.7936044819342502e-06
37.25,80.75,Taklamakan,False,135.0,0.23487501346795883,5.408197047280978,26304,2962,11.260644768856448,5.877433090024331,7.367700729927007,3.474756690997567,347.0,315.0,32.0,0.31309321812523366,1.7852771289312034e-06
37.25,81.5,Taklamakan,False,225.0,0.23487501346795883,5.408197047280978,26304,3306,12.568430656934307,6.447688564476886,6.873479318734793,1.1785279805352797,353.0,45.0,52.0,0.3021741872328485,1.5054496112202924e-06
37.25,81.75,Taklamakan,False,225.0,0.23487501346795883,5.408197047280978,26304,3507,13.33257299270073,6.291818734793187,7.5007603406326036,1.668947688564477,354.0,45.0,51.0,0.29894466283868104,1.4245881969021407e-06
37.25,82.0,Taklamakan,False,225.0,0.23487501346795883,5.408197047280978,26304,3809,14.480687347931873,5.3946167883211675,8.143248175182482,1.80580900243309,350.0,45.0,55.0,0.29918436161511014,1.430559967432246e-06
37.25,82.5,Taklamakan,True,,0.23487501346795883,5.408197047280978,26304,3575,13.591088807785889,4.12484793187348,,,339.0,,,0.3038354701722359,1.5473835413419662e-06
37.25,82.75,Taklamakan,True,,0.23487501346795883,5.408197047280978,26304,3555,13.515054744525548,4.360553527980535,,,339.0,,,0.3016400465528616,1.4920157326505592e-06
37.25,83.0,Taklamakan,True,,0.23487501346795883,5.408197047280978,26304,3622,13.769768856447689,4.592457420924574,,,339.0,,,0.3009089960851829,1.4736680095627264e-06
37.5,62.75,Karakum,False,135.0,0.2675189759105685,6.159852060247083,26304,3147,11.963959854014599,3.3416970802919708,7.455139902676399,2.9463199513381997,291.0,315.0,24.0,0.32573933905736824,1.8648658709817548e-06
37.5,63.25,Karakum,False,135.0,0.2675189759105685,6.159852060247083,26304,3420,13.001824817518248,4.949817518248175,8.470194647201946,3.9385644768856447,294.0,315.0,21.0,0.3268358395588847,1.903499743519924e-06
37.5,63.5,Karakum,False,315.0,0.2675189759105685,6.159852060247083,26304,3309,12.579835766423358,4.991636253041363,4.166666666666667,-4.246502433090025,296.0,135.0,161.0,0.32163817415170015,1.7215171905513209e-06
37.5,79.0,Taklamakan,False,135.0,0.23487501346795883,5.408197047280978,26304,2344,8.911192214111923,5.390815085158151,7.052159367396594,5.193126520681266,291.0,315.0,24.0,0.3089544530069191,1.6780420525255974e-06
37.5,79.25,Taklamakan,False,135.0,0.23487501346795883,5.408197047280978,26304,2366,8.994829683698297,5.193126520681266,7.052159367396594,5.109489051094891,297.0,315.0,18.0,0.3104643848698209,1.7169989332582994e-06
37.5,79.5,Taklamakan,False,135.0,0.23487501346795883,5.408197047280978,26304,2297,8.732512165450121,4.9992396593673964,6.732816301703163,4.733120437956204,338.0,315.0,23.0,0.30767046209156795,1.6450639672603618e-06
37.5,80.25,Taklamakan,True,,0.23487501346795883,5.408197047280978,26304,3051,11.598996350364963,5.196928223844282,,,354.0,,,0.30266902390438666,1.5179161847906518e-06
37.5,80.5,Taklamakan,True,,0.23487501346795883,5.408197047280978,26304,3279,12.465784671532846,5.94206204379562,,,353.0,,,0.30184668098356027,1.4972098628058365e-06
37.5,80.75,Taklamakan,False,135.0,0.23487501346795883,5.408197047280978,26304,3549,13.492244525547445,6.527524330900243,7.166210462287105,0.840176399026764,353.0,315.0,38.0,0.29941136596793644,1.4362198864141576e-06
37.5,81.5,Taklamakan,False,225.0,0.23487501346795883,5.408197047280978,26304,3963,15.066149635036496,8.443582725060827,11.021137469586375,6.976125304136253,7.0,45.0,38.0,0.29164222936860856,1.244952009245969e-06
37.5,81.75,Taklamakan,False,225.0,0.23487501346795883,5.408197047280978,26304,4211,16.00897201946472,8.91499391727494,11.891727493917275,7.7744829683698295,8.0,45.0,37.0,0.29215996159293955,1.257541649902485e-06
37.5,82.0,Taklamakan,False,225.0,0.23487501346795883,5.408197047280978,26304,4416,16.78832116788321,8.979622871046228,12.423965936739659,8.059610705596107,14.0,45.0,31.0,0.29154978764909917,1.242706463004859e-06
37.5,82.5,Taklamakan,False,225.0,0.23487501346795883,5.408197047280978,26304,4238,16.11161800486618,8.43978102189781,11.79668491484185,7.481751824817518,2.0,45.0,43.0,0.2925243987292538,1.2664170209693102e-06
37.5,82.75,Taklamakan,False,225.0,0.23487501346795883,5.408197047280978,26304,4268,16.22566909975669,8.424574209245742,11.8080900243309,7.390510948905109,354.0,45.0,51.0,0.29348069766326423,1.2897589896278392e-06
37.5,83.0,Taklamakan,False,225.0,0.23487501346795883,5.408197047280978,26304,4217,16.031782238442823,7.888534063260341,11.469738442822385,6.9076946472019465,351.0,45.0,54.0,0.2938848020746993,1.2996455322279124e-06
37.75,81.5,Taklamakan,False,225.0,0.23487501346795883,5.408197047280978,26304,4038,15.351277372262773,9.86161800486618,12.442974452554745,9.534671532846716,29.0,45.0,16.0,0.2891476077126691,1.1846035601829545e-06
37.75,81.75,Taklamakan,False,225.0,0.23487501346795883,5.408197047280978,26304,4262,16.20285888077859,10.819647201946472,13.343978102189782,10.485097323600973,31.0,45.0,14.0,0.28896990200010214,1.1803243863508359e-06
37.75,82.0,Taklamakan,False,225.0,0.23487501346795883,5.408197047280978,26304,4444,16.894768856447687,11.344282238442823,13.967457420924575,11.040145985401459,26.0,45.0,19.0,0.2897397140911832,1.198880535039685e-06
38.0,78.0,Taklamakan,True,,0.23487501346795883,5.408197047280978,26304,1964,7.46654501216545,4.356751824817518,,,310.0,,,0.2949414157594502,1.325560208444287e-06
38.0,78.25,Taklamakan,False,135.0,0.23487501346795883,5.408197047280978,26304,1925,7.318278588807786,4.20088199513382,5.634124087591241,3.9499695863746958,336.0,315.0,21.0,0.296527711417901,1.3646405754245119e-06
38.0,78.5,Taklamakan,False,135.0,0.23487501346795883,5.408197047280978,26304,2217,8.42837591240876,4.786344282238443,6.128345498783455,3.8283150851581507,348.0,315.0,33.0,0.3013133924488796,1.4838119468526983e-06
38.0,79.25,Taklamakan,True,,0.23487501346795883,5.408197047280978,26304,2739,10.41286496350365,5.044860097323601,,,11.0,,,0.2968346491756585,1.3722265734767973e-06
38.0,79.5,Taklamakan,True,,0.23487501346795883,5.408197047280978,26304,2784,10.583941605839415,5.079075425790754,,,10.0,,,0.2937638505249924,1.296684987690814e-06
38.0,79.75,Taklamakan,False,135.0,0.23487501346795883,5.408197047280978,26304,3027,11.507755474452555,5.630322384428224,5.561891727493918,-0.3839720194647202,13.0,315.0,58.0,0.2916484279496086,1.2451026074240778e-06
38.0,80.25,Taklamakan,True,,0.23487501346795883,5.408197047280978,26304,3173,12.06280413625304,7.014142335766423,,,21.0,,,0.28846372693621236,1.1681500516809858e-06
38.0,80.5,Taklamakan,True,,0.23487501346795883,5.408197047280978,26304,3410,12.963807785888077,7.869525547445256,,,21.0,,,0.2878506531044837,1.1534332088365662e-06
38.0,80.75,Taklamakan,True,180.0,0.23487501346795883,5.408197047280978,26304,3461,13.157694647201946,8.565237226277372,9.960462287104622,6.763229927007299,27.0,0.0,27.0,0.2888365281437817,1.1771144568373664e-06
38.0,81.25,Taklamakan,False,180.0,0.23487501346795883,5.408197047280978,26304,3884,14.76581508515815,10.409063260340632,11.230231143552311,7.694647201946472,38.0,0.0,38.0,0.28954695378520573,1.1942294577408417e-06
38.0,82.25,Taklamakan,False,225.0,0.23487501346795883,5.408197047280978,26304,4532,17.22931873479319,12.70529197080292,14.952098540145986,12.674878345498783,32.0,45.0,13.0,0.29208201534915773,1.2556448113604342e-06
38.0,82.5,Taklamakan,False,225.0,0.23487501346795883,5.408197047280978,26304,4482,17.039233576642335,12.70529197080292,14.822840632603405,12.606447688564478,32.0,45.0,13.0,0.2917857258127797,1.2484391605468882e-06
38.0,82.75,Taklamakan,False,225.0,0.23487501346795883,5.408197047280978,26304,4598,17.480231143552313,13.11587591240876,15.237226277372264,12.994221411192214,30.0,45.0,15.0,0.29288718165881783,1.2752630950019284e-06
38.0,83.0,Taklamakan,False,225.0,0.23487501346795883,5.408197047280978,26304,4751,18.06189172749392,13.61389902676399,15.731447688564478,13.401003649635037,27.0,45.0,18.0,0.2943469926237528,1.3109698480439935e-06
38.0,83.25,Taklamakan,False,225.0,0.23487501346795883,5.408197047280978,26304,5003,19.01992092457421,14.397049878345499,16.53360705596107,14.047293187347933,16.0,45.0,29.0,0.29507041795781536,1.3287305076396406e-06
38.0,83.75,Taklamakan,True,225.0,0.23487501346795883,5.408197047280978,26304,5502,20.916970802919707,15.488138686131387,18.035279805352797,15.153588807785889,14.0,45.0,31.0,0.2971716075961207,1.3805635724902093e-06
38.0,84.0,Taklamakan,False,225.0,0.23487501346795883,5.408197047280978,26304,5704,21.68491484184915,15.450121654501217,18.385036496350367,15.085158150851582,12.0,45.0,33.0,0.29904701155887015,1.4271374911782155e-06
38.0,84.25,Taklamakan,False,225.0,0.23487501346795883,5.408197047280978,26304,5653,21.49102798053528,15.104166666666666,18.069495133819952,14.647962287104622,2.0,45.0,43.0,0.2991007905922857,1.42847736505686e-06
38.0,84.5,Taklamakan,False,225.0,0.23487501346795883,5.408197047280978,26304,5220,19.844890510948904,13.610097323600973,16.472779805352797,13.100669099756692,1.0,45.0,44.0,0.29934754734785024,1.4346282575081957e-06
38.25,105.0,Tengger,False,315.0,0.2982275025300418,6.866942016465184,26304,2898,11.017335766423358,3.246654501216545,5.041058394160584,-0.9352189781021898,33.0,135.0,102.0,0.36445820809544494,2.7839276691666402e-06
38.25,54.0,Karakum,True,135.0,0.2675189759105685,6.159852060247083,26304,3193,12.138838199513382,9.743765206812652,9.09367396593674,6.048509732360097,343.0,315.0,28.0,0.31501765655609043,1.493941681914761e-06
38.25,54.25,Karakum,True,225.0,0.2675189759105685,6.159852060247083,26304,2067,7.858120437956204,5.58470194647202,4.265510948905109,0.6729014598540146,337.0,45.0,68.0,0.3119128534280994,1.3888466152709825e-06
38.25,55.0,Karakum,False,90.0,0.2675189759105685,6.159852060247083,26304,1612,6.128345498783455,1.8704379562043796,3.40632603406326,0.6843065693430657,341.0,270.0,71.0,0.30803730726206713,1.259123147833548e-06
38.25,77.75,Taklamakan,False,135.0,0.23487501346795883,5.408197047280978,26304,1643,6.246198296836983,4.413777372262774,5.101885644768856,3.95757299270073,342.0,315.0,27.0,0.2944740245251931,1.314085425256993e-06
38.25,78.25,Taklamakan,False,180.0,0.23487501346795883,5.408197047280978,26304,2288,8.69829683698297,5.03345498783455,6.862074209245742,5.025851581508515,3.0,0.0,3.0,0.3012908159539398,1.4832452757131228e-06
38.25,78.5,Taklamakan,False,180.0,0.23487501346795883,5.408197047280978,26304,2492,9.473844282238442,4.82816301703163,7.14720194647202,4.820559610705596,1.0,0.0,1.0,0.3027309573972306,1.5194779307593333e-06
38.25,78.75,Taklamakan,False,180.0,0.23487501346795883,5.408197047280978,26304,2601,9.888229927007298,4.786344282238443,7.276459854014599,4.664689781021898,11.0,0.0,11.0,0.3020030047597165,1.5011417069907204e-06
38.25,79.25,Taklamakan,False,180.0,0.23487501346795883,5.408197047280978,26304,2748,10.447080291970803,5.23874695863747,7.496958637469587,4.54683698296837,16.0,0.0,16.0,0.2968229483007255,1.371937241266739e-06
38.25,79.5,Taklamakan,True,135.0,0.23487501346795883,5.408197047280978,26304,2929,11.135188564476886,5.4174270072992705,5.432633819951338,-0.26992092457420924,17.0,315.0,62.0,0.29409110546437994,1.3046980553741715e-06
38.25,79.75,Taklamakan,True,,0.23487501346795883,5.408197047280978,26304,2936,11.161800486618004,5.702554744525547,,,20.0,,,0.2924873993380742,1.265515446469805e-06
38.25,80.25,Taklamakan,False,180.0,0.23487501346795883,5.408197047280978,26304,3265,12.412560827250608,7.439933090024331,9.12028588807786,5.828010948905109,35.0,0.0,35.0,0.2884154796484033,1.166990740012891e-06
38.25,80.5,Taklamakan,True,,0.23487501346795883,5.408197047280978,26304,3315,12.602645985401459,8.002585158150852,,,25.0,,,0.2894844929540029,1.192723016048238e-06
38.25,80.75,Taklamakan,True,180.0,0.23487501346795883,5.408197047280978,26304,3521,13.38579683698297,9.051855231143552,10.04029805352798,6.694799270072993,39.0,0.0,39.0,0.29019543685155813,1.2098888936590663e-06
38.25,81.25,Taklamakan,False,180.0,0.23487501346795883,5.408197047280978,26304,3972,15.10036496350365,11.199817518248175,11.268248175182482,7.436131386861314,40.0,0.0,40.0,0.293552592826926,1.2915169327693048e-06
38.25,81.75,Taklamakan,False,225.0,0.23487501346795883,5.408197047280978,26304,4047,15.385492700729927,11.865115571776157,13.621502433090024,11.857512165450121,44.0,45.0,1.0,0.292924448936314,1.2761724387262347e-06
38.25,82.0,Taklamakan,False,225.0,0.23487501346795883,5.408197047280978,26304,4068,15.465328467153284,11.861313868613138,13.636709245742093,11.8080900243309,41.0,45.0,4.0,0.29340734885078995,1.287965946366972e-06
38.25,82.25,Taklamakan,True,180.0,0.23487501346795883,5.408197047280978,26304,4248,16.14963503649635,12.5,12.427767639902676,8.705900243309003,46.0,0.0,46.0,0.29412856105438046,1.3056157508696578e-06
38.25,82.5,Taklamakan,True,180.0,0.23487501346795883,5.408197047280978,26304,4486,17.054440389294403,13.427615571776157,13.15389294403893,9.253345498783455,43.0,0.0,43.0,0.2950032091353701,1.3270786412840534e-06
38.25,82.75,Taklamakan,True,180.0,0.23487501346795883,5.408197047280978,26304,4592,17.45742092457421,13.838199513381996,13.720346715328468,9.983272506082725,34.0,0.0,34.0,0.2950994267443037,1.3294436052703151e-06
38.25,83.0,Taklamakan,True,180.0,0.23487501346795883,5.408197047280978,26304,4746,18.04288321167883,14.302007299270073,14.598540145985401,11.15419708029197,29.0,0.0,29.0,0.29658823220501407,1.3661357316830966e-06
38.25,83.25,Taklamakan,True,180.0,0.23487501346795883,5.408197047280978,26304,4908,18.65875912408759,14.917883211678832,15.400699513381996,12.142639902676398,28.0,0.0,28.0,0.2969802231551414,1.3758271930800475e-06
38.25,83.75,Taklamakan,True,225.0,0.23487501346795883,5.408197047280978,26304,5324,20.240267639902676,16.043187347931873,17.985857664233578,15.731447688564478,21.0,45.0,24.0,0.2994933181849522,1.4382642626948796e-06
38.25,84.0,Taklamakan,False,135.0,0.23487501346795883,5.408197047280978,26304,5517,20.973996350364963,16.67807177615572,4.763534063260341,-11.446928223844282,18.0,315.0,63.0,0.30088576052304994,1.4730855792094613e-06
38.25,84.25,Taklamakan,False,112.5,0.23487501346795883,5.408197047280978,26304,5575,21.194495133819952,16.8529501216545,3.604014598540146,-13.986465936739659,15.0,292.5,82.5,0.30119907133264173,1.4809429180482912e-06
38.25,84.5,Taklamakan,False,112.5,0.23487501346795883,5.408197047280978,26304,5607,21.316149635036496,16.875760340632603,3.61161800486618,-14.092913625304137,16.0,292.5,83.5,0.30271358238405033,1.5190397614788217e-06
38.25,84.75,Taklamakan,False,112.5,0.23487501346795883,5.408197047280978,26304,5659,21.513838199513383,16.640054744525546,3.839720194647202,-13.834397810218977,12.0,292.5,79.5,0.3052259230662894,1.5826579521872223e-06
38.25,85.0,Taklamakan,True,,0.23487501346795883,5.408197047280978,26304,5529,21.01961678832117,15.925334549878345,,,4.0,,,0.30737269777808973,1.6374357920992926e-06
38.5,104.75,Tengger,False,135.0,0.2982275025300418,6.866942016465184,26304,3017,11.469738442822385,2.2239963503649633,6.770833333333333,2.0719282238442824,347.0,315.0,32.0,0.3712017635179379,3.0985988840623874e-06
38.5,105.0,Tengger,False,135.0,0.2982275025300418,6.866942016465184,26304,2464,9.367396593673966,1.9692822384428224,5.615115571776156,1.8628345498783454,12.0,315.0,57.0,0.3686841402931329,2.9804454226476555e-06
38.5,105.25,Tengger,False,135.0,0.2982275025300418,6.866942016465184,26304,2197,8.352341849148418,2.3000304136253042,5.193126520681266,2.033911192214112,28.0,315.0,73.0,0.3686485011422798,2.978778629263663e-06
38.5,105.5,Tengger,False,90.0,0.2982275025300418,6.866942016465184,26304,1383,5.257755474452555,2.505322384428224,3.7028588807785887,2.147962287104623,28.0,270.0,118.0,0.36236502738817183,2.6874278531087934e-06
38.5,54.25,Karakum,True,315.0,0.2675189759105685,6.159852060247083,26304,2894,11.00212895377129,8.934002433090024,4.767335766423358,-1.4674574209245743,347.0,135.0,148.0,0.3142654510451795,1.4683845895980051e-06
38.5,77.75,Taklamakan,False,135.0,0.23487501346795883,5.408197047280978,26304,1658,6.303223844282239,4.683698296836983,4.866180048661801,3.4291362530413627,1.0,315.0,46.0,0.2967908562124059,1.3711437459140039e-06
38.5,78.25,Taklamakan,False,180.0,0.23487501346795883,5.408197047280978,26304,2369,9.006234793187348,5.227341849148418,7.052159367396594,5.098083941605839,8.0,0.0,8.0,0.30117516378817016,1.4803430665098096e-06
38.5,78.5,Taklamakan,False,180.0,0.23487501346795883,5.408197047280978,26304,2528,9.610705596107056,5.048661800486618,7.295468369829684,4.980231143552311,5.0,0.0,5.0,0.3008547033577078,1.4723071601741326e-06
38.5,78.75,Taklamakan,False,180.0,0.23487501346795883,5.408197047280978,26304,2723,10.352037712895378,5.113290754257908,7.668035279805353,4.984032846715328,14.0,0.0,14.0,0.3014423790074906,1.4870503301453345e-06
38.5,79.25,Taklamakan,True,,0.23487501346795883,5.408197047280978,26304,2806,10.66757907542579,5.269160583941606,,,17.0,,,0.2965449936906997,1.3650675000538869e-06
38.5,79.5,Taklamakan,True,,0.23487501346795883,5.408197047280978,26304,2854,10.850060827250608,5.436435523114355,,,32.0,,,0.29292848537227545,1.2762709371074572e-06
38.5,79.75,Taklamakan,True,,0.23487501346795883,5.408197047280978,26304,2847,10.823448905109489,5.919251824817518,,,42.0,,,0.29133110392197153,1.2373971454425086e-06
38.5,80.25,Taklamakan,False,225.0,0.23487501346795883,5.408197047280978,26304,2868,10.903284671532846,6.721411192214112,8.770529197080291,6.637773722627737,48.0,45.0,3.0,0.2894684253499887,1.1923355472066687e-06
38.5,80.5,Taklamakan,True,,0.23487501346795883,5.408197047280978,26304,2943,11.188412408759124,7.04455596107056,,,51.0,,,0.29021271815856214,1.2103066783369245e-06
38.5,80.75,Taklamakan,False,135.0,0.23487501346795883,5.408197047280978,26304,3207,12.192062043795621,8.238290754257907,4.588655717761557,-3.014750608272506,45.0,315.0,90.0,0.2919064998019224,1.2513754558941212e-06
38.5,81.25,Taklamakan,True,,0.23487501346795883,5.408197047280978,26304,3875,14.731599756690997,11.081964720194648,,,56.0,,,0.29522964911191424,1.3326456115429237e-06
38.5,81.75,Taklamakan,True,,0.23487501346795883,5.408197047280978,26304,4060,15.434914841849148,12.264294403892944,,,42.0,,,0.29745515725034977,1.3875864645318572e-06
38.5,82.0,Taklamakan,False,180.0,0.23487501346795883,5.408197047280978,26304,4080,15.510948905109489,12.378345498783455,12.146441605839415,8.781934306569344,44.0,0.0,44.0,0.29586385490432765,1.348260137635438e-06
38.5,82.25,Taklamakan,True,,0.23487501346795883,5.408197047280978,26304,4211,16.00897201946472,12.800334549878345,,,48.0,,,0.29741996815117994,1.3867145450621704e-06
38.5,82.5,Taklamakan,False,135.0,0.23487501346795883,5.408197047280978,26304,4389,16.685675182481752,13.469434306569344,5.193126520681266,-6.299422141119221,46.0,315.0,91.0,0.2974184864324333,1.3866778331311113e-06
38.5,82.75,Taklamakan,False,135.0,0.23487501346795883,5.408197047280978,26304,4564,17.350973236009732,14.020681265206813,5.006843065693431,-7.337287104622871,48.0,315.0,93.0,0.297325881300922,1.384383757098347e-06
38.5,83.0,Taklamakan,False,135.0,0.23487501346795883,5.408197047280978,26304,4625,17.582877128953772,14.22977493917275,4.869981751824818,-7.842913625304136,47.0,315.0,92.0,0.2989122951754296,1.4237821671884318e-06
38.5,83.25,Taklamakan,False,135.0,0.23487501346795883,5.408197047280978,26304,4673,17.76535888077859,14.412256690997568,4.729318734793187,-8.306721411192214,34.0,315.0,79.0,0.29941798401789865,1.4363849592211517e-06
38.5,83.75,Taklamakan,False,180.0,0.23487501346795883,5.408197047280978,26304,4925,18.723388077858882,15.294251824817518,15.784671532846716,12.84595498783455,26.0,0.0,26.0,0.30191261936104447,1.4988680918096982e-06
38.5,84.0,Taklamakan,False,180.0,0.23487501346795883,5.408197047280978,26304,5078,19.305048661800488,15.83029197080292,16.52220194647202,13.739355231143552,25.0,0.0,25.0,0.303050228863433,1.5275339093785156e-06
38.5,84.25,Taklamakan,False,135.0,0.23487501346795883,5.408197047280978,26304,5291,20.114811435523116,16.503193430656935,4.93080900243309,-10.253193430656934,26.0,315.0,71.0,0.3043128721268378,1.5594765993737967e-06
38.5,84.5,Taklamakan,False,135.0,0.23487501346795883,5.408197047280978,26304,5618,21.357968369829685,17.68552311435523,5.231143552311435,-10.895681265206813,24.0,315.0,69.0,0.3061922647858923,1.6072679457473483e-06
38.5,84.75,Taklamakan,False,135.0,0.23487501346795883,5.408197047280978,26304,5664,21.532846715328468,17.677919708029197,5.0220498783454985,-11.488746958637469,22.0,315.0,67.0,0.3088017992976696,1.6741140936887623e-06
38.5,85.0,Taklamakan,False,135.0,0.23487501346795883,5.408197047280978,26304,5616,21.35036496350365,17.305352798053526,4.850973236009732,-11.648418491484184,22.0,315.0,67.0,0.3111242922223267,1.7340844641816289e-06
38.5,85.25,Taklamakan,False,135.0,0.23487501346795883,5.408197047280978,26304,5844,22.217153284671532,17.77676399026764,4.820559610705596,-12.576034063260341,9.0,315.0,54.0,0.3135143901715008,1.7962696579174428e-06
38.5,85.5,Taklamakan,True,135.0,0.23487501346795883,5.408197047280978,26304,5845,22.22095498783455,17.643704379562045,4.345346715328467,-13.530261557177615,4.0,315.0,49.0,0.31468193653212506,1.8268197092224618e-06
38.5,85.75,Taklamakan,False,135.0,0.23487501346795883,5.408197047280978,26304,6241,23.726429440389296,18.51809610705596,4.314933090024331,-15.096563260340632,358.0,315.0,43.0,0.3162319681985764,1.8675533366282361e-06
38.75,104.5,Tengger,False,135.0,0.2982275025300418,6.866942016465184,26304,2740,10.416666666666666,3.0413625304136254,6.181569343065694,1.9464720194647203,355.0,315.0,40.0,0.369497609407126,3.0185340508702993e-06
38.75,104.75,Tengger,False,135.0,0.2982275025300418,6.866942016465184,26304,2705,10.28360705596107,3.5013686131386863,6.645377128953771,3.0071472019464722,336.0,315.0,21.0,0.36825956353466416,2.9605990341082794e-06
38.75,105.0,Tengger,False,135.0,0.2982275025300418,6.866942016465184,26304,2191,8.329531630170317,2.4825121654501214,5.35279805352798,2.3760644768856447,333.0,315.0,18.0,0.36777960097585005,2.938191232879302e-06
38.75,78.5,Taklamakan,False,180.0,0.23487501346795883,5.408197047280978,26304,2609,9.918643552311435,5.888838199513382,7.880930656934306,5.843217761557177,4.0,0.0,4.0,0.29674214062326815,1.3699393889061677e-06
38.75,79.5,Taklamakan,False,135.0,0.23487501346795883,5.408197047280978,26304,2838,10.789233576642335,5.672141119221411,4.797749391727494,-1.1937347931873479,49.0,315.0,94.0,0.29443740302489846,1.313187110506545e-06
38.75,79.75,Taklamakan,False,180.0,0.23487501346795883,5.408197047280978,26304,2901,11.028740875912408,6.246198296836983,8.124239659367397,5.2197384428223845,51.0,0.0,51.0,0.29367356600393746,1.2944758777972582e-06
38.75,81.25,Taklamakan,True,180.0,0.23487501346795883,5.408197047280978,26304,3611,13.727950121654501,9.96426399026764,9.941453771289538,6.154957420924574,50.0,0.0,50.0,0.29884924299868515,1.4222122726848748e-06
38.75,81.5,Taklamakan,True,,0.23487501346795883,5.408197047280978,26304,3743,14.22977493917275,10.686587591240876,,,58.0,,,0.29956714207742025,1.4401063491660708e-06
38.75,82.25,Taklamakan,True,180.0,0.23487501346795883,5.408197047280978,26304,4071,15.476733576642335,12.442974452554745,11.868917274939173,8.26110097323601,42.0,0.0,42.0,0.30069605266492744,1.4683319813822476e-06
38.75,82.5,Taklamakan,False,225.0,0.23487501346795883,5.408197047280978,26304,4191,15.932937956204379,12.868765206812652,14.393248175182482,12.853558394160585,46.0,45.0,1.0,0.3005223381071926,1.4639817647078369e-06
38.75,82.75,Taklamakan,False,225.0,0.23487501346795883,5.408197047280978,26304,4406,16.750304136253042,13.617700729927007,15.16499391727494,13.579683698296837,49.0,45.0,4.0,0.30145844901440794,1.487453886658474e-06
38.75,83.0,Taklamakan,False,225.0,0.23487501346795883,5.408197047280978,26304,4436,16.864355231143552,13.686131386861314,15.229622871046228,13.594890510948906,51.0,45.0,6.0,0.3017801341352427,1.4955366991081686e-06
38.75,84.5,Taklamakan,False,225.0,0.23487501346795883,5.408197047280978,26304,5039,19.156782238442823,16.07740267639903,17.55626520681265,15.955748175182482,37.0,45.0,8.0,0.3087761852940186,1.67345520554942e-06
39.0,105.25,Tengger,False,135.0,0.2982275025300418,6.866942016465184,26304,1251,4.755930656934306,2.3532542579075426,3.379714111922141,2.0034975669099757,333.0,315.0,18.0,0.359551328984306,2.5585864678449057e-06
39.0,54.0,Karakum,False,270.0,0.2675189759105685,6.159852060247083,26304,6517,24.775699513381994,22.289385644768856,16.472779805352797,8.169860097323602,4.0,90.0,86.0,0.33121001104253506,2.058910407887442e-06
39.0,54.25,Karakum,False,270.0,0.2675189759105685,6.159852060247083,26304,6066,23.061131386861312,21.05383211678832,17.936435523114355,12.811739659367397,0.0,90.0,90.0,0.3319908118301007,2.08686892647941e-06
39.0,59.0,Karakum,False,135.0,0.2675189759105685,6.159852060247083,26304,5171,19.65860705596107,10.747414841849148,8.508211678832117,-2.642183698296837,22.0,315.0,67.0,0.3264214410974143,1.8888836521211994e-06
39.0,59.75,Karakum,True,135.0,0.2675189759105685,6.159852060247083,26304,4651,17.681721411192214,9.827402676399027,8.01779197080292,-1.6461374695863746,22.0,315.0,67.0,0.3227897035357545,1.7615833948472325e-06
39.0,60.0,Karakum,True,135.0,0.2675189759105685,6.159852060247083,26304,4545,17.27874087591241,9.804592457420924,8.131843065693431,-1.0150547445255473,21.0,315.0,66.0,0.3215892864051092,1.7198193634815533e-06
39.0,78.0,Taklamakan,False,135.0,0.23487501346795883,5.408197047280978,26304,1900,7.22323600973236,5.580900243309002,3.360705596107056,-0.5018248175182481,2.0,315.0,47.0,0.28901532996014223,1.1814180465160727e-06
39.0,78.25,Taklamakan,True,180.0,0.23487501346795883,5.408197047280978,26304,2682,10.196167883211679,7.337287104622871,8.766727493917275,7.337287104622871,0.0,0.0,0.0,0.29493280725043314,1.3253486989952708e-06
39.0,78.5,Taklamakan,True,180.0,0.23487501346795883,5.408197047280978,26304,2967,11.279653284671532,7.584397810218978,9.405413625304137,7.531173965936739,4.0,0.0,4.0,0.2975021937032627,1.3887521001649891e-06
39.0,79.0,Taklamakan,False,180.0,0.23487501346795883,5.408197047280978,26304,2830,10.7588199513382,6.113138686131387,8.435979318734793,6.113138686131387,0.0,0.0,0.0,0.29816281441499376,1.4051427695777744e-06
39.0,79.25,Taklamakan,False,180.0,0.23487501346795883,5.408197047280978,26304,2820,10.72080291970803,5.9382603406326036,8.27250608272506,5.824209245742092,15.0,0.0,15.0,0.2983038701632757,1.4086472157799564e-06
39.0,79.5,Taklamakan,True,180.0,0.23487501346795883,5.408197047280978,26304,2930,11.138990267639903,5.968673965936739,8.211678832116789,5.284367396593674,52.0,0.0,52.0,0.2973617546663966,1.3852723512452815e-06
39.0,80.0,Taklamakan,False,225.0,0.23487501346795883,5.408197047280978,26304,3027,11.507755474452555,6.83926399026764,9.146897810218977,6.786040145985401,68.0,45.0,23.0,0.29471501844780373,1.3199997227948685e-06
39.0,80.25,Taklamakan,False,225.0,0.23487501346795883,5.408197047280978,26304,3154,11.990571776155718,7.276459854014599,9.565085158150852,7.139598540145985,51.0,45.0,6.0,0.2964748135527509,1.3633339921195932e-06
39.0,80.5,Taklamakan,True,,0.23487501346795883,5.408197047280978,26304,3123,11.87271897810219,7.409519464720194,,,56.0,,,0.29693134626065454,1.374618077530132e-06
39.0,80.75,Taklamakan,True,225.0,0.23487501346795883,5.408197047280978,26304,3126,11.88412408759124,7.656630170316301,9.732360097323602,7.580596107055961,50.0,45.0,5.0,0.2983440945995977,1.4096468717116933e-06
39.0,81.0,Taklamakan,True,,0.23487501346795883,5.408197047280978,26304,3170,12.05139902676399,8.08242092457421,,,56.0,,,0.3005897628395937,1.4656699383653132e-06
39.0,81.25,Taklamakan,False,225.0,0.23487501346795883,5.408197047280978,26304,3348,12.728102189781023,9.032846715328468,10.838655717761558,8.949209245742093,52.0,45.0,7.0,0.3009214164819895,1.4739793618196354e-06
39.0,81.5,Taklamakan,True,,0.23487501346795883,5.408197047280978,26304,3419,12.998023114355231,9.500456204379562,,,52.0,,,0.30166966170054627,1.492759944590611e-06
39.0,82.0,Taklamakan,True,,0.23487501346795883,5.408197047280978,26304,3551,13.499847931873479,10.298813868613138,,,45.0,,,0.3034886391835963,1.5386098806904608e-06
39.0,82.25,Taklamakan,True,225.0,0.23487501346795883,5.408197047280978,26304,3674,13.967457420924575,10.781630170316301,12.351733576642335,10.736009732360097,44.0,45.0,1.0,0.30423020233632214,1.557381133568023e-06
39.0,82.5,Taklamakan,True,225.0,0.23487501346795883,5.408197047280978,26304,3781,14.374239659367397,11.355687347931873,12.861161800486618,11.34808394160584,46.0,45.0,1.0,0.30445587761407417,1.5631027636025588e-06
39.0,82.75,Taklamakan,True,225.0,0.23487501346795883,5.408197047280978,26304,3893,14.800030413625304,11.713047445255475,13.252737226277372,11.705444038929441,43.0,45.0,2.0,0.30510323631509856,1.579539032421353e-06
39.0,83.0,Taklamakan,True,225.0,0.23487501346795883,5.408197047280978,26304,4075,15.491940389294404,12.275699513381996,13.880018248175183,12.26809610705596,44.0,45.0,1.0,0.30621206298128323,1.6077729630687468e-06
39.0,83.75,Taklamakan,False,225.0,0.23487501346795883,5.408197047280978,26304,4383,16.66286496350365,14.077706812652067,15.34367396593674,14.02448296836983,32.0,45.0,13.0,0.30753624714203603,1.6416247122993662e-06
39.0,84.0,Taklamakan,False,225.0,0.23487501346795883,5.408197047280978,26304,4466,16.97840632603406,14.416058394160585,15.640206812652067,14.302007299270073,40.0,45.0,5.0,0.3088922177564254,1.6764404322073798e-06
39.0,84.5,Taklamakan,False,225.0,0.23487501346795883,5.408197047280978,26304,4747,18.046684914841848,15.271441605839415,16.621046228710462,15.195407542579076,39.0,45.0,6.0,0.31136228518561365,1.7402551939024277e-06
39.0,85.0,Taklamakan,False,225.0,0.23487501346795883,5.408197047280978,26304,5212,19.81447688564477,16.902372262773724,18.32801094890511,16.84154501216545,37.0,45.0,8.0,0.3152634481635805,1.8420779239106923e-06
39.0,85.25,Taklamakan,False,225.0,0.23487501346795883,5.408197047280978,26304,5387,20.47977493917275,17.46882603406326,18.932481751824817,17.385188564476884,32.0,45.0,13.0,0.31673348842302784,1.880775754483467e-06
39.0,85.5,Taklamakan,False,225.0,0.23487501346795883,5.408197047280978,26304,5495,20.89035888077859,17.795772506082724,19.23661800486618,17.582877128953772,22.0,45.0,23.0,0.31876633610816585,1.9345857172352357e-06
39.0,86.25,Taklamakan,False,225.0,0.23487501346795883,5.408197047280978,26304,6025,22.905261557177617,19.270833333333332,20.928375912408757,18.9514902676399,16.0,45.0,29.0,0.32411879195126136,2.0779130072044004e-06
39.0,86.5,Taklamakan,False,225.0,0.23487501346795883,5.408197047280978,26304,6319,24.022962287104622,20.06919099756691,21.848388077858882,19.673813868613138,13.0,45.0,32.0,0.3263860924311549,2.1393460545441755e-06
39.0,86.75,Taklamakan,False,225.0,0.23487501346795883,5.408197047280978,26304,6342,24.110401459854014,20.065389294403893,21.78756082725061,19.464720194647203,4.0,45.0,41.0,0.32950532944477523,2.2245623682534226e-06
39.0,87.0,Taklamakan,False,225.0,0.23487501346795883,5.408197047280978,26304,6084,23.12956204379562,18.902068126520682,20.715480535279806,18.301399026763992,4.0,45.0,41.0,0.3318094518211879,2.2880305692399075e-06
39.25,53.75,Karakum,False,270.0,0.2675189759105685,6.159852060247083,26304,5904,22.445255474452555,18.704379562043794,12.902980535279806,3.360705596107056,14.0,90.0,76.0,0.33088504720303114,2.0472936686491607e-06
39.25,58.0,Karakum,True,45.0,0.2675189759105685,6.159852060247083,26304,6244,23.737834549878347,9.070863746958638,7.964568126520681,-7.808698296836983,17.0,225.0,152.0,0.32682501525698127,1.9031177278026976e-06
39.25,58.5,Karakum,False,135.0,0.2675189759105685,6.159852060247083,26304,5616,21.35036496350365,9.633515815085158,8.508211678832117,-4.333941605839416,20.0,315.0,65.0,0.3236726712100632,1.79240227929864e-06
39.25,58.75,Karakum,False,135.0,0.2675189759105685,6.159852060247083,26304,5139,19.536952554744527,9.188716545012165,8.002585158150852,-3.5317822384428226,21.0,315.0,66.0,0.3212807740597063,1.7091109630006983e-06
39.25,59.0,Karakum,False,135.0,0.2675189759105685,6.159852060247083,26304,4683,17.803375912408757,8.367548661800486,7.5767944038929445,-2.649787104622871,21.0,315.0,66.0,0.3203078686253291,1.675408925784206e-06
39.25,78.25,Taklamakan,False,225.0,0.23487501346795883,5.408197047280978,26304,2565,9.751368613138686,7.5539841849148415,7.417122871046229,5.082877128953771,1.0,45.0,44.0,0.2926905825935752,1.2704678760429826e-06
39.25,78.5,Taklamakan,False,180.0,0.23487501346795883,5.408197047280978,26304,3333,12.671076642335766,9.340784671532846,10.990723844282238,9.31037104622871,3.0,0.0,3.0,0.2987546910096077,1.4198587058579042e-06
39.25,78.75,Taklamakan,False,180.0,0.23487501346795883,5.408197047280978,26304,3259,12.389750608272506,8.770529197080291,10.55352798053528,8.717305352798054,3.0,0.0,3.0,0.29753300079796596,1.3895156472336791e-06
39.25,79.0,Taklamakan,True,135.0,0.23487501346795883,5.408197047280978,26304,3036,11.541970802919709,7.519768856447689,5.303375912408759,-0.9352189781021898,2.0,315.0,47.0,0.29825985877538974,1.4075536011138955e-06
39.25,79.25,Taklamakan,False,180.0,0.23487501346795883,5.408197047280978,26304,2900,11.024939172749392,6.5085158150851585,8.743917274939173,6.4628953771289535,1.0,0.0,1.0,0.3004458016310175,1.4620659110681439e-06
39.25,79.5,Taklamakan,False,180.0,0.23487501346795883,5.408197047280978,26304,2885,10.967913625304137,6.284215328467154,8.394160583941606,5.820407542579075,52.0,0.0,52.0,0.2996960203168129,1.4433232642214048e-06
39.25,80.0,Taklamakan,True,180.0,0.23487501346795883,5.408197047280978,26304,2966,11.275851581508515,6.9419099756691,8.150851581508515,5.025851581508515,55.0,0.0,55.0,0.298031665347978,1.4018859359558644e-06
39.25,80.25,Taklamakan,True,,0.23487501346795883,5.408197047280978,26304,2975,11.310066909975669,7.151003649635037,,,54.0,,,0.2981345417357389,1.4044405510775216e-06
39.25,80.5,Taklamakan,True,,0.23487501346795883,5.408197047280978,26304,3081,11.713047445255475,7.439933090024331,,,57.0,,,0.2990828541926422,1.4280304631338227e-06
39.25,80.75,Taklamakan,True,,0.23487501346795883,5.408197047280978,26304,3087,11.735857664233576,7.766879562043796,,,58.0,,,0.2996112026618018,1.4412059847340063e-06
39.25,81.0,Taklamakan,True,225.0,0.23487501346795883,5.408197047280978,26304,3082,11.716849148418492,8.00638686131387,9.82360097323601,7.930352798053528,54.0,45.0,9.0,0.30109546981501784,1.478343851131557e-06
39.25,81.25,Taklamakan,True,225.0,0.23487501346795883,5.408197047280978,26304,3137,11.925942822384428,8.344738442822385,10.093521897810218,8.26110097323601,50.0,45.0,5.0,0.30386357635542127,1.5480949724387337e-06
39.25,81.5,Taklamakan,False,225.0,0.23487501346795883,5.408197047280978,26304,3135,11.918339416058394,8.375152068126521,10.142944038929441,8.367548661800486,44.0,45.0,1.0,0.3055444817449679,1.5907621464566418e-06
39.25,82.0,Taklamakan,True,,0.23487501346795883,5.408197047280978,26304,3206,12.188260340632603,8.857968369829683,,,48.0,,,0.30804893089954544,1.6547703037246024e-06
39.25,82.25,Taklamakan,True,,0.23487501346795883,5.408197047280978,26304,3286,12.492396593673966,9.124087591240876,,,46.0,,,0.30922354824612336,1.6849709155715253e-06
39.25,82.5,Taklamakan,False,225.0,0.23487501346795883,5.408197047280978,26304,3378,12.842153284671532,9.473844282238442,11.138990267639903,9.435827250608272,43.0,45.0,2.0,0.3092838025365151,1.6865232141455798e-06
39.25,82.75,Taklamakan,True,225.0,0.23487501346795883,5.408197047280978,26304,3543,13.469434306569344,10.032694647201946,11.747262773722628,10.025091240875913,41.0,45.0,4.0,0.3096729349794357,1.6965555058653647e-06
39.25,83.0,Taklamakan,False,225.0,0.23487501346795883,5.408197047280978,26304,3672,13.959854014598541,10.659975669099756,12.309914841849148,10.659975669099756,43.0,45.0,2.0,0.309786748775229,1.699492143573462e-06
39.25,83.75,Taklamakan,False,225.0,0.23487501346795883,5.408197047280978,26304,4075,15.491940389294404,12.891575425790755,14.184154501216545,12.876368613138686,37.0,45.0,8.0,0.3098701675130029,1.7016452095219876e-06
39.25,84.0,Taklamakan,False,225.0,0.23487501346795883,5.408197047280978,26304,4210,16.005170316301705,13.556873479318735,14.697384428223843,13.389598540145986,39.0,45.0,6.0,0.3110432947757041,1.7319854221880794e-06
39.25,84.25,Taklamakan,False,225.0,0.23487501346795883,5.408197047280978,26304,4248,16.14963503649635,13.648114355231144,14.853254257907542,13.556873479318735,38.0,45.0,7.0,0.31389919247290626,1.8063258600457215e-06
39.25,84.5,Taklamakan,False,225.0,0.23487501346795883,5.408197047280978,26304,4446,16.902372262773724,14.29440389294404,15.526155717761558,14.149939172749392,40.0,45.0,5.0,0.314866967596348,1.8316716616707558e-06
39.25,85.0,Taklamakan,False,270.0,0.23487501346795883,5.408197047280978,26304,4931,18.746198296836983,16.183850364963504,15.974756690997568,13.20331508515815,33.0,90.0,57.0,0.3179480063267626,1.912882935318533e-06
39.25,85.25,Taklamakan,False,270.0,0.23487501346795883,5.408197047280978,26304,5054,19.21380778588808,16.727493917274938,16.643856447688563,14.07390510948905,36.0,90.0,54.0,0.3197525061902045,1.9608138852730493e-06
39.25,85.5,Taklamakan,False,270.0,0.23487501346795883,5.408197047280978,26304,5269,20.03117396593674,17.40799878345499,17.491636253041364,14.952098540145986,33.0,90.0,57.0,0.3220912687760089,2.0233394881614994e-06
39.25,86.25,Taklamakan,False,270.0,0.23487501346795883,5.408197047280978,26304,5714,21.722931873479318,19.13777372262774,19.47992700729927,17.236922141119223,23.0,90.0,67.0,0.32913090499543324,2.2142904338786875e-06
39.25,86.5,Taklamakan,False,270.0,0.23487501346795883,5.408197047280978,26304,6016,22.871046228710462,20.05778588807786,20.525395377128955,18.179744525547445,21.0,90.0,69.0,0.33168202505103456,2.2845089820894205e-06
39.25,86.75,Taklamakan,False,270.0,0.23487501346795883,5.408197047280978,26304,6186,23.517335766423358,20.612834549878347,21.202098540145986,18.886861313868614,14.0,90.0,76.0,0.3338403542384949,2.3443395003304617e-06
39.25,87.0,Taklamakan,False,270.0,0.23487501346795883,5.408197047280978,26304,6400,24.330900243309003,21.099452554744527,21.95103406326034,19.57116788321168,14.0,90.0,76.0,0.3380126234804705,2.4610981300578513e-06
39.25,87.25,Taklamakan,False,270.0,0.23487501346795883,5.408197047280978,26304,6571,24.980991484184916,21.66590632603406,22.65815085158151,20.3353102189781,8.0,90.0,82.0,0.3432201561615911,2.608862578919333e-06
39.25,87.5,Taklamakan,False,270.0,0.23487501346795883,5.408197047280978,26304,6932,26.35340632603406,22.871046228710462,24.095194647201946,21.83698296836983,16.0,90.0,74.0,0.3493281446435486,2.7850564082149144e-06
39.25,91.0,Taklamakan,False,135.0,0.23487501346795883,5.408197047280978,26304,1214,4.615267639902676,2.8056569343065694,2.855079075425791,1.094890510948905,342.0,315.0,27.0,0.26443243110140674,6.147194381959296e-07
39.25,91.25,Taklamakan,False,90.0,0.23487501346795883,5.408197047280978,26304,1450,5.512469586374696,2.8512773722627736,1.802007299270073,-1.9084549878345498,340.0,270.0,70.0,0.2641827745202981,6.092224464203722e-07
39.25,91.5,Taklamakan,True,90.0,0.23487501346795883,5.408197047280978,26304,1864,7.086374695863747,3.9841849148418493,2.9577250608272507,-1.1709245742092458,338.0,270.0,68.0,0.2657653829273686,6.441565233152135e-07
39.25,91.75,Taklamakan,True,,0.23487501346795883,5.408197047280978,26304,2168,8.242092457420924,4.919403892944039,,,337.0,,,0.2693626575508648,7.243379388997953e-07
39.5,57.5,Karakum,True,90.0,0.2675189759105685,6.159852060247083,26304,5816,22.110705596107056,7.755474452554744,7.6262165450121655,-6.858272506082725,45.0,270.0,135.0,0.32424709682509456,1.8124970884307254e-06
39.5,57.75,Karakum,True,45.0,0.2675189759105685,6.159852060247083,26304,5901,22.433850364963504,8.101429440389294,7.196624087591241,-8.040602189781023,47.0,225.0,178.0,0.32378132620069267,1.7962005634582263e-06
39.5,58.0,Karakum,False,315.0,0.2675189759105685,6.159852060247083,26304,5967,22.68476277372263,8.572840632603405,14.27919708029197,5.873631386861314,46.0,135.0,89.0,0.3225545804574349,1.753390911187154e-06
39.5,58.5,Karakum,False,135.0,0.2675189759105685,6.159852060247083,26304,5333,20.27448296836983,7.531173965936739,7.911344282238443,-4.4517944038929445,23.0,315.0,68.0,0.3179393795084585,1.593790314417609e-06
39.5,58.75,Karakum,True,90.0,0.2675189759105685,6.159852060247083,26304,4943,18.79181873479319,7.318278588807786,6.675790754257908,-5.440237226277373,18.0,270.0,108.0,0.32032138765496737,1.6758765329366032e-06
39.5,59.0,Karakum,True,135.0,0.2675189759105685,6.159852060247083,26304,4602,17.49543795620438,7.086374695863747,7.052159367396594,-3.3911192214111923,24.0,315.0,69.0,0.3168503262437128,1.5564646236590695e-06
39.5,78.75,Taklamakan,False,225.0,0.23487501346795883,5.408197047280978,26304,3507,13.33257299270073,10.405261557177615,10.747414841849148,8.162256690997568,355.0,45.0,50.0,0.2988407655019794,1.4220012223515277e-06
39.5,79.0,Taklamakan,True,,0.23487501346795883,5.408197047280978,26304,3159,12.009580291970803,8.960614355231144,,,355.0,,,0.29681946244833207,1.37185104740672e-06
39.5,79.25,Taklamakan,False,180.0,0.23487501346795883,5.408197047280978,26304,2884,10.96411192214112,7.360097323600973,9.12028588807786,7.276459854014599,357.0,0.0,3.0,0.2989872243727849,1.4256482104231494e-06
39.5,79.5,Taklamakan,False,180.0,0.23487501346795883,5.408197047280978,26304,2909,11.059154501216545,6.443886861313868,8.717305352798054,6.375456204379562,50.0,0.0,50.0,0.30037416679093665,1.460273196817722e-06
39.5,80.0,Taklamakan,False,180.0,0.23487501346795883,5.408197047280978,26304,2809,10.678984184914842,6.489507299270073,8.021593673965937,5.364203163017032,49.0,0.0,49.0,0.30062505964367736,1.4665538472118362e-06
39.5,80.25,Taklamakan,False,225.0,0.23487501346795883,5.408197047280978,26304,2829,10.755018248175183,6.405869829683699,8.565237226277372,6.375456204379562,52.0,45.0,7.0,0.30137363451637555,1.485324233537982e-06
39.5,80.5,Taklamakan,False,180.0,0.23487501346795883,5.408197047280978,26304,2903,11.036344282238442,6.649178832116788,8.063412408759124,5.090480535279806,46.0,0.0,46.0,0.30330697636409554,1.5340184196733652e-06
39.5,80.75,Taklamakan,False,225.0,0.23487501346795883,5.408197047280978,26304,2929,11.135188564476886,7.318278588807786,9.226733576642335,7.318278588807786,44.0,45.0,1.0,0.3034901601453728,1.5386483340456053e-06
39.5,81.0,Taklamakan,True,,0.23487501346795883,5.408197047280978,26304,2992,11.37469586374696,7.732664233576642,,,46.0,,,0.3048291963448118,1.5725769677065174e-06
39.5,81.25,Taklamakan,False,180.0,0.23487501346795883,5.408197047280978,26304,3047,11.583789537712896,7.941757907542579,8.48920316301703,5.3946167883211675,46.0,0.0,46.0,0.3062756239748174,1.609394513486313e-06
39.5,81.5,Taklamakan,False,225.0,0.23487501346795883,5.408197047280978,26304,2978,11.32147201946472,7.930352798053528,9.60690389294404,7.892335766423358,47.0,45.0,2.0,0.30757415979180486,1.6425960709912622e-06
39.5,81.75,Taklamakan,False,225.0,0.23487501346795883,5.408197047280978,26304,3004,11.420316301703163,8.00638686131387,9.713351581508515,8.00638686131387,43.0,45.0,2.0,0.30914217816366146,1.682875102313518e-06
39.5,82.25,Taklamakan,True,225.0,0.23487501346795883,5.408197047280978,26304,3131,11.903132603406325,8.413169099756692,10.146745742092458,8.390358880778589,41.0,45.0,4.0,0.311353278596738,1.740021583339363e-06
39.5,82.5,Taklamakan,True,225.0,0.23487501346795883,5.408197047280978,26304,3141,11.941149635036496,8.67168491484185,10.28360705596107,8.626064476885645,43.0,45.0,2.0,0.3120734812024346,1.7587233461689778e-06
39.5,82.75,Taklamakan,True,180.0,0.23487501346795883,5.408197047280978,26304,3228,12.271897810218977,8.987226277372264,8.96441605839416,5.656934306569343,39.0,0.0,39.0,0.3122948894584027,1.7644814185830714e-06
39.5,83.0,Taklamakan,True,225.0,0.23487501346795883,5.408197047280978,26304,3346,12.720498783454987,9.405413625304137,11.043947688564478,9.367396593673966,41.0,45.0,4.0,0.3127531881699176,1.7764131776971743e-06
39.5,83.75,Taklamakan,False,225.0,0.23487501346795883,5.408197047280978,26304,3674,13.967457420924575,11.260644768856448,12.545620437956204,11.123783454987835,39.0,45.0,6.0,0.31276446725710844,1.7767070481641597e-06
39.5,84.0,Taklamakan,False,225.0,0.23487501346795883,5.408197047280978,26304,3781,14.374239659367397,11.789081508515816,12.994221411192214,11.61420316301703,36.0,45.0,9.0,0.3139889700830675,1.8086738311769638e-06
39.5,84.25,Taklamakan,False,225.0,0.23487501346795883,5.408197047280978,26304,3847,14.625152068126521,12.055200729927007,13.233728710462287,11.842305352798054,33.0,45.0,12.0,0.3156816890403719,1.853069513163582e-06
39.5,85.0,Taklamakan,False,225.0,0.23487501346795883,5.408197047280978,26304,4500,17.107664233576642,14.53771289537713,15.773266423357665,14.438868613138686,37.0,45.0,8.0,0.3207008324963109,1.9861119738422274e-06
39.5,85.25,Taklamakan,True,225.0,0.23487501346795883,5.408197047280978,26304,4728,17.974452554744527,15.579379562043796,16.77691605839416,15.579379562043796,44.0,45.0,1.0,0.3220077748047436,2.021099476964155e-06
39.5,85.5,Taklamakan,False,225.0,0.23487501346795883,5.408197047280978,26304,4974,18.909671532846716,16.628649635036496,17.715936739659366,16.52220194647202,36.0,45.0,9.0,0.3240417954034462,2.0758342857899877e-06
39.5,85.75,Taklamakan,False,225.0,0.23487501346795883,5.408197047280978,26304,5186,19.715632603406327,17.60948905109489,18.597931873479318,17.480231143552313,35.0,45.0,10.0,0.32580981159069206,2.123690997127743e-06
39.5,86.25,Taklamakan,False,225.0,0.23487501346795883,5.408197047280978,26304,5619,21.3617700729927,19.331660583941606,20.316301703163017,19.270833333333332,27.0,45.0,18.0,0.3305824354038968,2.25417674032054e-06
39.5,86.5,Taklamakan,False,225.0,0.23487501346795883,5.408197047280978,26304,5873,22.32740267639903,20.18324209245742,21.175486618004864,20.023570559610704,34.0,45.0,11.0,0.3330416371605819,2.322153226076229e-06
39.5,86.75,Taklamakan,False,225.0,0.23487501346795883,5.408197047280978,26304,6071,23.0801399026764,20.791514598540147,21.86359489051095,20.6470498783455,28.0,45.0,17.0,0.33588738523786027,2.4014433153472023e-06
39.5,87.0,Taklamakan,False,225.0,0.23487501346795883,5.408197047280978,26304,6352,24.148418491484186,21.76094890510949,22.9242700729927,21.700121654501217,30.0,45.0,15.0,0.33852994292055316,2.475676076229549e-06
39.5,87.25,Taklamakan,False,225.0,0.23487501346795883,5.408197047280978,26304,6697,25.460006082725062,22.798813868613138,24.118004866180048,22.776003649635037,40.0,45.0,5.0,0.34262466784491213,2.591851121302499e-06
39.5,87.5,Taklamakan,False,225.0,0.23487501346795883,5.408197047280978,26304,7166,27.243004866180048,24.520985401459853,25.859184914841848,24.47536496350365,38.0,45.0,7.0,0.347287988334159,2.7258594505016143e-06
39.5,87.75,Taklamakan,False,225.0,0.23487501346795883,5.408197047280978,26304,7577,28.805504866180048,26.12910583941606,27.398874695863746,25.992244525547445,25.0,45.0,20.0,0.351034652361864,2.834838568897093e-06
39.5,88.0,Taklamakan,False,225.0,0.23487501346795883,5.408197047280978,26304,7945,30.204531630170315,27.26961678832117,28.645833333333332,27.08713503649635,24.0,45.0,21.0,0.3538866962320143,2.9185797885414377e-06
39.5,88.5,Taklamakan,True,225.0,0.23487501346795883,5.408197047280978,26304,7855,29.862378345498783,25.748935523114355,27.760036496350367,25.657694647201946,21.0,45.0,24.0,0.3552099291592451,2.9576624503631235e-06
39.5,88.75,Taklamakan,True,,0.23487501346795883,5.408197047280978,26304,7438,28.277068126520682,23.996350364963504,,,27.0,,,0.3518092306598948,2.857514577401341e-06
39.5,89.0,Taklamakan,True,,0.23487501346795883,5.408197047280978,26304,6851,26.045468369829685,21.81037104622871,,,4.0,,,0.3467569784871402,2.7105085943990133e-06
39.5,90.75,Taklamakan,True,90.0,0.23487501346795883,5.408197047280978,26304,3155,11.994373479318735,6.83926399026764,3.5279805352798053,-4.938412408759124,356.0,270.0,86.0,0.2972855941557216,1.3833859600907692e-06
39.5,91.0,Taklamakan,True,135.0,0.23487501346795883,5.408197047280978,26304,2796,10.629562043795621,5.847019464720194,4.383363746958637,-1.8628345498783454,352.0,315.0,37.0,0.2959415768644868,1.3501760035410318e-06
39.5,91.25,Taklamakan,True,225.0,0.23487501346795883,5.408197047280978,26304,2700,10.264598540145986,5.314781021897811,5.76338199513382,1.2621654501216546,353.0,45.0,52.0,0.29571315633760675,1.3445468137800615e-06
39.5,91.5,Taklamakan,True,,0.23487501346795883,5.408197047280978,26304,2798,10.637165450121655,4.965024330900243,,,353.0,,,0.29543974521812344,1.3378145919836227e-06
39.5,91.75,Taklamakan,True,,0.23487501346795883,5.408197047280978,26304,3028,11.511557177615572,4.5012165450121655,,,345.0,,,0.2978912971792316,1.398401751239924e-06
39.5,92.25,Taklamakan,False,0.0,0.23487501346795883,5.408197047280978,26304,1944,7.390510948905109,3.839720194647202,2.068126520681265,-3.2542579075425793,338.0,180.0,158.0,0.28746956201082063,1.1443008945289376e-06
39.75,106.5,Tengger,True,0.0,0.2982275025300418,6.866942016465184,26304,2575,9.789385644768856,5.828010948905109,5.474452554744525,1.1595194647201947,226.0,180.0,46.0,0.35694360908757716,2.4400737311815855e-06
39.75,53.75,Karakum,False,225.0,0.2675189759105685,6.159852060247083,26304,2947,11.203619221411191,7.934154501216545,8.717305352798054,6.230991484184915,12.0,45.0,33.0,0.32230699906379995,1.7447707901674535e-06
39.75,54.0,Karakum,False,225.0,0.2675189759105685,6.159852060247083,26304,2165,8.230687347931873,5.926855231143552,6.81265206812652,5.3946167883211675,15.0,45.0,30.0,0.31854845073931526,1.6147211732049555e-06
39.75,86.25,Taklamakan,False,270.0,0.23487501346795883,5.408197047280978,26304,5154,19.59397810218978,17.723540145985403,17.81478102189781,16.03558394160584,41.0,90.0,49.0,0.3289852680447515,2.210298194651082e-06
39.75,86.5,Taklamakan,False,270.0,0.23487501346795883,5.408197047280978,26304,5450,20.719282238442823,18.902068126520682,18.943886861313867,17.168491484184916,37.0,90.0,53.0,0.3305327495895543,2.252808532836677e-06
39.75,86.75,Taklamakan,False,270.0,0.23487501346795883,5.408197047280978,26304,5740,21.82177615571776,19.989355231143552,20.04638077858881,18.270985401459853,39.0,90.0,51.0,0.3321789578486685,2.298249946750428e-06
39.75,87.25,Taklamakan,False,270.0,0.23487501346795883,5.408197047280978,26304,6257,23.787256690997566,21.81037104622871,22.0764902676399,20.36572384428224,40.0,90.0,50.0,0.33743879339977145,2.4449538068114006e-06
39.75,87.5,Taklamakan,False,270.0,0.23487501346795883,5.408197047280978,26304,6694,25.448600973236008,23.388077858880777,23.74543795620438,22.04227493917275,32.0,90.0,58.0,0.3400112847290993,2.5175432781894907e-06
39.75,87.75,Taklamakan,False,270.0,0.23487501346795883,5.408197047280978,26304,7157,27.208789537712896,25.1558698296837,25.574057177615572,23.939324817518248,30.0,90.0,60.0,0.3425620321807293,2.5900635102617717e-06
39.75,88.0,Taklamakan,False,270.0,0.23487501346795883,5.408197047280978,26304,7659,29.117244525547445,26.93506690997567,27.467305352798054,25.817366180048662,25.0,90.0,65.0,0.34479602212336563,2.6540232453803757e-06
39.75,88.75,Taklamakan,False,225.0,0.23487501346795883,5.408197047280978,26304,8366,31.805048661800488,28.672445255474454,30.16271289537713,28.520377128953772,12.0,45.0,33.0,0.3495458613650955,2.791394128831349e-06
39.75,89.0,Taklamakan,False,225.0,0.23487501346795883,5.408197047280978,26304,8255,31.383059610705597,28.144008515815084,29.63427615571776,27.885492700729927,7.0,45.0,38.0,0.35034124416713985,2.814581237935191e-06
39.75,89.25,Taklamakan,False,225.0,0.23487501346795883,5.408197047280978,26304,8299,31.550334549878347,28.151611922141118,29.72551703163017,27.900699513381994,1.0,45.0,44.0,0.3520151252090473,2.863550609737495e-06
39.75,92.25,Taklamakan,True,180.0,0.23487501346795883,5.408197047280978,26304,3602,13.693734793187348,7.5273722627737225,10.237986618004866,6.7822384428223845,344.0,0.0,16.0,0.30096151410490973,1.474984609480493e-06
39.75,92.5,Taklamakan,True,180.0,0.23487501346795883,5.408197047280978,26304,3274,12.446776155717762,7.337287104622871,9.355991484184916,6.265206812652068,343.0,0.0,17.0,0.29680347062775186,1.3714556343590148e-06
39.75,92.75,Taklamakan,True,,0.23487501346795883,5.408197047280978,26304,3004,11.420316301703163,7.0559610705596105,,,343.0,,,0.2948616897296538,1.323601591039635e-06
39.75,93.0,Taklamakan,True,,0.23487501346795883,5.408197047280978,26304,2386,9.070863746958638,5.580900243309002,,,344.0,,,0.29350362362156923,1.2903195164720724e-06
39.75,93.25,Taklamakan,True,,0.23487501346795883,5.408197047280978,26304,1931,7.341088807785888,4.505018248175182,,,345.0,,,0.29214303059635655,1.2571295874440459e-06
39.75,93.5,Taklamakan,True,,0.23487501346795883,5.408197047280978,26304,1671,6.35264598540146,3.9955900243309004,,,345.0,,,0.2926247278418884,1.2688623423725797e-06
39.75,93.75,Taklamakan,False,270.0,0.23487501346795883,5.408197047280978,26304,1278,4.858576642335766,3.6724452554744524,1.0454683698296836,-2.767639902676399,348.0,90.0,102.0,0.29332777446577374,1.2860212231695617e-06
39.75,94.0,Taklamakan,False,135.0,0.23487501346795883,5.408197047280978,26304,1062,4.037408759124087,3.239051094890511,3.0755778588807785,2.1137469586374698,342.0,315.0,27.0,0.2956509354853104,1.3430141978939093e-06
40.0,100.5,Tengger,False,135.0,0.2982275025300418,6.866942016465184,26304,3164,12.028588807785889,2.4711070559610704,7.196624087591241,2.3646593673965937,192.0,315.0,123.0,0.3657314219977502,2.842897243475997e-06
40.0,100.75,Tengger,False,135.0,0.2982275025300418,6.866942016465184,26304,3403,12.93719586374696,3.136405109489051,7.793491484184915,2.649787104622871,197.0,315.0,118.0,0.36577586977782645,2.8449595807658772e-06
40.0,101.0,Tengger,False,135.0,0.2982275025300418,6.866942016465184,26304,3490,13.267944038929441,3.877737226277372,8.090024330900244,2.912104622871046,200.0,315.0,115.0,0.3638560056274657,2.7561079797980393e-06
40.0,101.25,Tengger,False,135.0,0.2982275025300418,6.866942016465184,26304,3393,12.899178832116789,3.7370742092457423,7.804896593673966,2.7106143552311437,203.0,315.0,112.0,0.36154454173127404,2.649753459520069e-06
40.0,101.75,Tengger,False,135.0,0.2982275025300418,6.866942016465184,26304,3227,12.26809610705596,3.1440085158150852,7.5007603406326036,2.733424574209246,209.0,315.0,106.0,0.3603149929875899,2.5934559209250807e-06
40.0,102.0,Tengger,False,135.0,0.2982275025300418,6.866942016465184,26304,3012,11.450729927007298,2.5015206812652067,6.83926399026764,2.2277980535279807,211.0,315.0,104.0,0.359899523003463,2.5744760837030274e-06
40.0,103.0,Tengger,False,135.0,0.2982275025300418,6.866942016465184,26304,2969,11.287256690997568,4.565845498783455,7.785888077858881,4.284519464720194,342.0,315.0,27.0,0.3668676739678812,2.8956970082013243e-06
40.0,80.25,Taklamakan,False,225.0,0.23487501346795883,5.408197047280978,26304,2792,10.614355231143552,8.021593673965937,9.317974452554745,8.021593673965937,45.0,45.0,0.0,0.29925833054890955,1.4324037696951447e-06
40.0,80.5,Taklamakan,False,225.0,0.23487501346795883,5.408197047280978,26304,2577,9.79698905109489,7.173813868613139,8.420772506082725,7.04455596107056,40.0,45.0,5.0,0.3014898393749676,1.4882422361425219e-06
40.0,80.75,Taklamakan,False,225.0,0.23487501346795883,5.408197047280978,26304,2551,9.698144768856448,6.960918491484185,8.295316301703163,6.892487834549878,38.0,45.0,7.0,0.3025444851119157,1.514776719537424e-06
40.0,81.25,Taklamakan,False,225.0,0.23487501346795883,5.408197047280978,26304,2652,10.082116788321168,7.276459854014599,8.591849148418492,7.101581508515815,33.0,45.0,12.0,0.30641034287123947,1.6128325371904052e-06
40.0,81.5,Taklamakan,False,225.0,0.23487501346795883,5.408197047280978,26304,2655,10.093521897810218,7.257451338199513,8.603254257907542,7.112986618004866,32.0,45.0,13.0,0.307567494141488,1.6424252819189558e-06
40.0,81.75,Taklamakan,False,225.0,0.23487501346795883,5.408197047280978,26304,2711,10.306417274939173,7.333485401459854,8.724908759124087,7.143400243309002,29.0,45.0,16.0,0.3082275250537981,1.6593547325306838e-06
40.0,82.25,Taklamakan,True,,0.23487501346795883,5.408197047280978,26304,2711,10.306417274939173,7.622414841849149,,,32.0,,,0.31135688525966915,1.7401151312145338e-06
40.0,82.5,Taklamakan,True,,0.23487501346795883,5.408197047280978,26304,2781,10.572536496350365,7.8733272506082725,,,35.0,,,0.31430690718434523,1.8169943007584907e-06
40.0,82.75,Taklamakan,True,,0.23487501346795883,5.408197047280978,26304,2837,10.785431873479318,8.200273722627736,,,42.0,,,0.31601107371921466,1.8617361722316366e-06
40.0,83.0,Taklamakan,True,,0.23487501346795883,5.408197047280978,26304,2861,10.876672749391728,8.291514598540147,,,43.0,,,0.315827611952881,1.8569078727451469e-06
40.0,83.5,Taklamakan,True,,0.23487501346795883,5.408197047280978,26304,2995,11.38610097323601,8.770529197080291,,,46.0,,,0.31492770085937966,1.8332648532851826e-06
40.0,83.75,Taklamakan,True,,0.23487501346795883,5.408197047280978,26304,3071,11.675030413625304,9.14309610705596,,,42.0,,,0.31298485854793195,1.782451349786641e-06
40.0,84.0,Taklamakan,True,,0.23487501346795883,5.408197047280978,26304,3180,12.08941605839416,9.534671532846716,,,40.0,,,0.31233842523771643,1.7656141159302926e-06
40.0,84.25,Taklamakan,False,225.0,0.23487501346795883,5.408197047280978,26304,3353,12.747110705596107,10.123935523114355,11.382299270072993,10.017487834549879,39.0,45.0,6.0,0.3128873828842212,1.7799102348550693e-06
40.0,84.5,Taklamakan,False,225.0,0.23487501346795883,5.408197047280978,26304,3408,12.956204379562044,10.50030413625304,11.625608272506083,10.295012165450121,37.0,45.0,8.0,0.31372869801176034,1.8018687338964171e-06
40.0,85.0,Taklamakan,False,225.0,0.23487501346795883,5.408197047280978,26304,3615,13.743156934306569,11.332877128953772,12.515206812652067,11.287256690997568,40.0,45.0,5.0,0.3181718985721395,1.918815199101899e-06
40.0,85.25,Taklamakan,False,225.0,0.23487501346795883,5.408197047280978,26304,3758,14.286800486618004,11.929744525547445,13.058850364963504,11.830900243309003,39.0,45.0,6.0,0.31866453648128173,1.9318828687752136e-06
40.0,85.5,Taklamakan,False,225.0,0.23487501346795883,5.408197047280978,26304,3910,14.864659367396595,12.46198296836983,13.64051094890511,12.416362530413625,40.0,45.0,5.0,0.3198937524902337,1.964577103132591e-06
40.0,86.0,Taklamakan,False,225.0,0.23487501346795883,5.408197047280978,26304,4385,16.670468369829685,14.214568126520682,15.442518248175183,14.214568126520682,45.0,45.0,0.0,0.3240123216981907,2.075038697417855e-06
40.0,86.25,Taklamakan,False,270.0,0.23487501346795883,5.408197047280978,26304,4670,17.753953771289538,15.495742092457421,15.796076642335766,13.838199513381996,42.0,90.0,48.0,0.3257320186119437,2.1215798178150304e-06
40.0,86.5,Taklamakan,False,270.0,0.23487501346795883,5.408197047280978,26304,4942,18.78801703163017,16.46897810218978,16.811131386861312,14.834245742092458,38.0,90.0,52.0,0.32816075993183386,2.1877298743226547e-06
40.0,86.75,Taklamakan,False,270.0,0.23487501346795883,5.408197047280978,26304,5277,20.061587591240876,17.856599756690997,18.134124087591243,16.206660583941606,43.0,90.0,47.0,0.3288508349860725,2.206614647771065e-06
40.0,87.0,Taklamakan,False,270.0,0.23487501346795883,5.408197047280978,26304,5575,21.194495133819952,19.13397201946472,19.419099756690997,17.643704379562045,40.0,90.0,50.0,0.3298328631762959,2.2335574824910274e-06
40.0,88.0,Taklamakan,False,270.0,0.23487501346795883,5.408197047280978,26304,7147,27.170772506082724,25.148266423357665,25.699513381995136,24.228254257907544,40.0,90.0,50.0,0.3374997834406152,2.4466684177597707e-06
40.0,88.75,Taklamakan,False,270.0,0.23487501346795883,5.408197047280978,26304,8428,32.040754257907544,29.539233576642335,30.554288321167885,29.067822384428222,30.0,90.0,60.0,0.3426905806796614,2.5937326151478925e-06
40.0,89.0,Taklamakan,False,270.0,0.23487501346795883,5.408197047280978,26304,8542,32.47414841849148,29.797749391727493,30.934458637469586,29.394768856447687,33.0,90.0,57.0,0.3438981832426165,2.6282679073462824e-06
40.0,89.25,Taklamakan,True,270.0,0.23487501346795883,5.408197047280978,26304,8536,32.45133819951338,29.714111922141118,30.8926399026764,29.333941605839417,19.0,90.0,71.0,0.3442665092681593,2.638825556125906e-06
40.0,91.5,Taklamakan,True,,0.23487501346795883,5.408197047280978,26304,4220,16.043187347931873,10.378649635036496,,,5.0,,,0.30238958049222076,1.510873573252983e-06
40.0,92.0,Taklamakan,True,,0.23487501346795883,5.408197047280978,26304,4086,15.533759124087592,9.869221411192214,,,0.0,,,0.30254340845093675,1.5147495839108548e-06
40.0,92.5,Taklamakan,True,,0.23487501346795883,5.408197047280978,26304,3923,14.914081508515816,8.724908759124087,,,353.0,,,0.3037789056211957,1.545951964047025e-06
40.0,92.75,Taklamakan,True,,0.23487501346795883,5.408197047280978,26304,3500,13.305961070559611,8.074817518248175,,,351.0,,,0.30080625813761974,1.4710930861042902e-06
40.0,93.0,Taklamakan,True,,0.23487501346795883,5.408197047280978,26304,3054,11.610401459854014,6.592153284671533,,,354.0,,,0.29743887907584177,1.3871831092650481e-06
40.25,100.0,Tengger,False,90.0,0.2982275025300418,6.866942016465184,26304,3047,11.583789537712896,2.786648418491484,6.770833333333333,1.9578771289537713,326.0,270.0,56.0,0.3653959415263306,2.8273393339136384e-06
40.25,100.25,Tengger,False,135.0,0.2982275025300418,6.866942016465184,26304,3381,12.853558394160585,3.394920924574209,8.109032846715328,3.364507299270073,325.0,315.0,10.0,0.36458039188880287,2.7895777555429767e-06
40.25,100.5,Tengger,False,135.0,0.2982275025300418,6.866942016465184,26304,3745,14.237378345498783,3.9119525547445257,9.013838199513382,3.7902980535279807,301.0,315.0,14.0,0.3653030690211947,2.823034894104469e-06
40.25,100.75,Tengger,False,135.0,0.2982275025300418,6.866942016465184,26304,3740,14.218369829683699,4.067822384428224,9.067062043795621,3.9157542579075426,305.0,315.0,10.0,0.3638143075766957,2.754183375856802e-06
40.25,101.0,Tengger,False,135.0,0.2982275025300418,6.866942016465184,26304,3510,13.343978102189782,3.6952554744525545,8.443582725060827,3.5431873479318736,295.0,315.0,20.0,0.36371158043853086,2.749442870945773e-06
40.25,101.25,Tengger,False,135.0,0.2982275025300418,6.866942016465184,26304,3402,12.933394160583942,3.353102189781022,8.08242092457421,3.2314476885644767,296.0,315.0,19.0,0.3628834886353685,2.711278167530003e-06
40.25,101.75,Tengger,False,135.0,0.2982275025300418,6.866942016465184,26304,3263,12.404957420924575,2.900699513381995,7.592001216545012,2.77904501216545,301.0,315.0,14.0,0.3655133517854158,2.832782611596344e-06
40.25,102.0,Tengger,False,135.0,0.2982275025300418,6.866942016465184,26304,3093,11.758667883211679,2.756234793187348,7.2270377128953776,2.6954075425790753,296.0,315.0,19.0,0.36449130016339204,2.7854577427402806e-06
40.25,81.25,Taklamakan,False,180.0,0.23487501346795883,5.408197047280978,26304,2172,8.257299270072993,6.394464720194647,6.755626520681266,5.253953771289538,28.0,0.0,28.0,0.3028486404038981,1.5224463648304413e-06
40.25,81.5,Taklamakan,False,180.0,0.23487501346795883,5.408197047280978,26304,2318,8.812347931873479,6.592153284671533,7.052159367396594,5.291970802919708,30.0,0.0,30.0,0.3045632247017159,1.565825863652291e-06
40.25,81.75,Taklamakan,False,180.0,0.23487501346795883,5.408197047280978,26304,2438,9.268552311435522,6.919099756690998,7.344890510948905,5.421228710462287,30.0,0.0,30.0,0.30772903337379137,1.6465653253359622e-06
40.25,82.0,Taklamakan,False,180.0,0.23487501346795883,5.408197047280978,26304,2467,9.378801703163017,7.0825729927007295,7.265054744525547,5.151307785888078,35.0,0.0,35.0,0.30850299159894007,1.6664310403675591e-06
40.25,82.25,Taklamakan,False,180.0,0.23487501346795883,5.408197047280978,26304,2466,9.375,7.01794403892944,7.1053832116788325,4.835766423357664,37.0,0.0,37.0,0.31094035860512503,1.7293186286414965e-06
40.25,82.5,Taklamakan,False,180.0,0.23487501346795883,5.408197047280978,26304,2529,9.614507299270073,7.272658150851582,7.2536496350364965,4.89279197080292,37.0,0.0,37.0,0.3119901671959954,1.7565576909211558e-06
40.25,82.75,Taklamakan,True,,0.23487501346795883,5.408197047280978,26304,2602,9.892031630170317,7.375304136253042,,,36.0,,,0.31538959984114234,1.8453917212590225e-06
40.25,83.0,Taklamakan,True,,0.23487501346795883,5.408197047280978,26304,2646,10.059306569343066,7.580596107055961,,,37.0,,,0.3158892448259086,1.858529598058472e-06
40.25,83.5,Taklamakan,True,,0.23487501346795883,5.408197047280978,26304,2783,10.580139902676398,7.956964720194647,,,34.0,,,0.316142052837848,1.8651849623926722e-06
40.25,83.75,Taklamakan,True,,0.23487501346795883,5.408197047280978,26304,2836,10.781630170316301,8.264902676399027,,,39.0,,,0.31481083863607623,1.8301995261198637e-06
40.25,84.0,Taklamakan,True,,0.23487501346795883,5.408197047280978,26304,2896,11.009732360097324,8.538625304136254,,,38.0,,,0.31343737554887147,1.7942584834888439e-06
40.25,84.25,Taklamakan,True,,0.23487501346795883,5.408197047280978,26304,3006,11.427919708029197,9.025243309002432,,,37.0,,,0.31571400061488014,1.8539192846429677e-06
40.25,84.5,Taklamakan,False,225.0,0.23487501346795883,5.408197047280978,26304,3113,11.83470194647202,9.492852798053528,10.583941605839415,9.333181265206813,38.0,45.0,7.0,0.3162390401780844,1.86773964142352e-06
40.25,85.0,Taklamakan,False,225.0,0.23487501346795883,5.408197047280978,26304,3400,12.925790754257907,10.599148418491485,11.690237226277372,10.454683698296837,38.0,45.0,7.0,0.31630812543025083,1.8695598479954693e-06
40.25,85.25,Taklamakan,False,270.0,0.23487501346795883,5.408197047280978,26304,3528,13.412408759124087,11.017335766423358,11.302463503649635,9.192518248175183,46.0,90.0,44.0,0.317413116706374,1.898727369784905e-06
40.25,85.5,Taklamakan,False,270.0,0.23487501346795883,5.408197047280978,26304,3640,13.838199513381996,11.420316301703163,11.88412408759124,9.930048661800486,43.0,90.0,47.0,0.31889867226715973,1.9381006217217125e-06
40.25,86.0,Taklamakan,False,270.0,0.23487501346795883,5.408197047280978,26304,4023,15.294251824817518,12.807937956204379,13.279349148418492,11.264446472019465,42.0,90.0,48.0,0.3221491946425959,2.0248938887608966e-06
40.25,86.25,Taklamakan,False,270.0,0.23487501346795883,5.408197047280978,26304,4277,16.259884428223845,13.872414841849148,14.30580900243309,12.351733576642335,42.0,90.0,48.0,0.32299950112487325,2.047743442916388e-06
40.25,86.5,Taklamakan,False,270.0,0.23487501346795883,5.408197047280978,26304,4653,17.689324817518248,15.27904501216545,15.685827250608272,13.682329683698297,42.0,90.0,48.0,0.3242223081420772,2.080708473451892e-06
40.25,86.75,Taklamakan,False,270.0,0.23487501346795883,5.408197047280978,26304,5029,19.11876520681265,16.670468369829685,17.081052311435524,15.043339416058394,40.0,90.0,50.0,0.32605559198111517,2.1303644036125112e-06
40.25,87.0,Taklamakan,False,270.0,0.23487501346795883,5.408197047280978,26304,5328,20.255474452554743,18.035279805352797,18.45346715328467,16.651459854014597,43.0,90.0,47.0,0.3279154372856996,2.181025869176344e-06
40.25,87.5,Taklamakan,False,270.0,0.23487501346795883,5.408197047280978,26304,6030,22.9242700729927,20.749695863746958,21.278132603406327,19.631995133819952,38.0,90.0,52.0,0.33162878467058127,2.2830380228379956e-06
40.25,87.75,Taklamakan,True,225.0,0.23487501346795883,5.408197047280978,26304,6189,23.52874087591241,21.354166666666668,22.41484184914842,21.300942822384428,40.0,45.0,5.0,0.33199362643275154,2.2931228394621095e-06
40.25,88.0,Taklamakan,True,,0.23487501346795883,5.408197047280978,26304,6360,24.17883211678832,21.95103406326034,,,37.0,,,0.3306177947193757,2.2551505616035094e-06
40.25,88.5,Taklamakan,False,270.0,0.23487501346795883,5.408197047280978,26304,7011,26.65374087591241,24.433546228710462,25.228102189781023,23.802463503649633,32.0,90.0,58.0,0.33016189243384564,2.2426026667649255e-06
40.25,88.75,Taklamakan,False,270.0,0.23487501346795883,5.408197047280978,26304,7451,28.3264902676399,26.045468369829685,26.954075425790755,25.581660583941606,22.0,90.0,68.0,0.33112329635430787,2.269083832618675e-06
40.25,89.0,Taklamakan,False,270.0,0.23487501346795883,5.408197047280978,26304,7666,29.143856447688563,26.89324817518248,27.82846715328467,26.513077858880777,25.0,90.0,65.0,0.3323319400877156,2.3024842849025197e-06
40.25,89.25,Taklamakan,False,270.0,0.23487501346795883,5.408197047280978,26304,8040,30.565693430656935,28.29227493917275,29.24270072992701,27.919708029197082,23.0,90.0,67.0,0.336461235092102,2.417514030764289e-06
40.25,90.0,Taklamakan,True,,0.23487501346795883,5.408197047280978,26304,8431,32.05215936739659,29.375760340632603,,,8.0,,,0.33752980833734025,2.447512620487148e-06
40.25,92.5,Taklamakan,True,,0.23487501346795883,5.408197047280978,26304,3654,13.891423357664234,10.089720194647201,,,0.0,,,0.3022805381518582,1.5081272219588713e-06
40.25,92.75,Taklamakan,True,,0.23487501346795883,5.408197047280978,26304,3328,12.652068126520682,8.576642335766424,,,5.0,,,0.3019566997456283,1.4999768344669685e-06
40.5,82.0,Taklamakan,False,225.0,0.23487501346795883,5.408197047280978,26304,2442,9.283759124087592,7.208029197080292,8.120437956204379,6.9571167883211675,30.0,45.0,15.0,0.308102830969327,1.656153613477869e-06
40.5,82.25,Taklamakan,False,225.0,0.23487501346795883,5.408197047280978,26304,2402,9.13169099756691,7.048357664233577,8.013990267639903,6.896289537712895,31.0,45.0,14.0,0.30836172544848023,1.6628013426521199e-06
40.5,82.5,Taklamakan,False,225.0,0.23487501346795883,5.408197047280978,26304,2434,9.253345498783455,6.949513381995134,8.032998783454987,6.81265206812652,34.0,45.0,11.0,0.31126405098671567,1.7377075858585437e-06
40.5,82.75,Taklamakan,False,225.0,0.23487501346795883,5.408197047280978,26304,2523,9.59169708029197,7.059762773722627,8.24969586374696,6.9076946472019465,37.0,45.0,8.0,0.31385970684435743,1.8052933973933733e-06
40.5,83.0,Taklamakan,False,225.0,0.23487501346795883,5.408197047280978,26304,2534,9.633515815085158,7.22323600973236,8.314324817518248,6.995133819951338,36.0,45.0,9.0,0.31292306960931326,1.780840468246635e-06
40.5,83.5,Taklamakan,False,225.0,0.23487501346795883,5.408197047280978,26304,2669,10.146745742092458,7.5996046228710465,8.846563260340632,7.546380778588808,41.0,45.0,4.0,0.3147471084231899,1.8285283450921533e-06
40.5,83.75,Taklamakan,False,225.0,0.23487501346795883,5.408197047280978,26304,2614,9.937652068126521,7.580596107055961,8.72110705596107,7.50456204379562,38.0,45.0,7.0,0.3147936750308664,1.829749416011475e-06
40.5,84.0,Taklamakan,False,225.0,0.23487501346795883,5.408197047280978,26304,2682,10.196167883211679,7.747871046228711,8.911192214111923,7.6262165450121655,42.0,45.0,3.0,0.3151442758320486,1.8389486802673986e-06
40.5,84.25,Taklamakan,False,180.0,0.23487501346795883,5.408197047280978,26304,2823,10.73220802919708,8.05580900243309,6.767031630170316,2.8018552311435525,38.0,0.0,38.0,0.3150764298059233,1.8371676983919222e-06
40.5,84.5,Taklamakan,False,180.0,0.23487501346795883,5.408197047280978,26304,2880,10.94890510948905,8.363746958637469,6.767031630170316,2.5851581508515813,38.0,0.0,38.0,0.3143900273376185,1.819170958245784e-06
40.5,85.0,Taklamakan,True,,0.23487501346795883,5.408197047280978,26304,3178,12.081812652068127,9.344586374695863,,,38.0,,,0.3148377949848986,1.8309064973646967e-06
40.5,85.25,Taklamakan,True,,0.23487501346795883,5.408197047280978,26304,3329,12.655869829683699,9.903436739659368,,,41.0,,,0.314726506388123,1.8279881755783123e-06
40.5,85.5,Taklamakan,True,,0.23487501346795883,5.408197047280978,26304,3529,13.416210462287104,10.762621654501217,,,52.0,,,0.3133464719079191,1.791885244409197e-06
40.5,86.0,Taklamakan,False,270.0,0.23487501346795883,5.408197047280978,26304,3740,14.218369829683699,11.838503649635037,12.290906326034063,10.363442822384428,49.0,90.0,41.0,0.3175688446199951,1.902846165668204e-06
40.5,86.25,Taklamakan,False,270.0,0.23487501346795883,5.408197047280978,26304,3870,14.712591240875913,12.157846715328468,12.636861313868613,10.561131386861314,51.0,90.0,39.0,0.31966734472955627,1.958545735999014e-06
40.5,86.5,Taklamakan,False,270.0,0.23487501346795883,5.408197047280978,26304,4123,15.674422141119221,13.066453771289538,13.61389902676399,11.55337591240876,52.0,90.0,38.0,0.3201402311595305,1.9711480021311897e-06
40.5,86.75,Taklamakan,False,270.0,0.23487501346795883,5.408197047280978,26304,4504,17.12287104622871,14.25638686131387,14.974908759124087,12.826946472019465,50.0,90.0,40.0,0.32336420142134514,2.057562176885112e-06
40.5,87.0,Taklamakan,False,270.0,0.23487501346795883,5.408197047280978,26304,4861,18.48007907542579,16.168643552311437,16.651459854014597,14.822840632603405,47.0,90.0,43.0,0.32397593050613654,2.0740564840713823e-06
40.5,88.5,Taklamakan,False,225.0,0.23487501346795883,5.408197047280978,26304,5982,22.741788321167885,20.194647201946474,21.414993917274938,20.088199513381994,35.0,45.0,10.0,0.3222885945137305,2.0286357337150625e-06
40.5,88.75,Taklamakan,False,225.0,0.23487501346795883,5.408197047280978,26304,6331,24.06858272506083,21.43020072992701,22.722779805352797,21.37697688564477,25.0,45.0,20.0,0.32162056754659973,2.0107189101878845e-06
40.5,89.0,Taklamakan,False,225.0,0.23487501346795883,5.408197047280978,26304,6685,25.414385644768856,22.677159367396595,24.030565693430656,22.646745742092456,34.0,45.0,11.0,0.3224938181080601,2.0341473996835025e-06
40.75,101.75,Tengger,False,135.0,0.2982275025300418,6.866942016465184,26304,3196,12.150243309002432,2.3342457420924574,7.059762773722627,1.9692822384428224,245.0,315.0,70.0,0.36219153657444947,2.679454523111748e-06
40.75,102.0,Tengger,False,135.0,0.2982275025300418,6.866942016465184,26304,3315,12.602645985401459,2.619373479318735,7.5007603406326036,2.398874695863747,246.0,315.0,69.0,0.36363093806420993,2.745722440054434e-06
40.75,102.25,Tengger,False,135.0,0.2982275025300418,6.866942016465184,26304,3394,12.902980535279806,3.147810218978102,7.8239051094890515,2.744829683698297,250.0,315.0,65.0,0.36319818699067613,2.7257715885864743e-06
40.75,87.75,Taklamakan,False,270.0,0.23487501346795883,5.408197047280978,26304,4330,16.461374695863746,14.058698296836983,14.670772506082725,12.880170316301703,33.0,90.0,57.0,0.31692570418154586,1.885849014789739e-06
40.75,88.0,Taklamakan,False,270.0,0.23487501346795883,5.408197047280978,26304,5081,19.316453771289538,16.670468369829685,17.537256690997566,15.758059610705596,26.0,90.0,64.0,0.32376628826300224,2.068400301498102e-06
41.0,101.75,Tengger,False,135.0,0.2982275025300418,6.866942016465184,26304,3193,12.138838199513382,3.1744221411192215,7.173813868613139,2.2087895377128954,4.0,315.0,49.0,0.374770916901992,3.2674792240056837e-06
41.0,102.0,Tengger,False,135.0,0.2982275025300418,6.866942016465184,26304,3612,13.731751824817518,3.9081508515815084,8.207877128953772,2.6840024330900243,235.0,315.0,80.0,0.3625628632124348,2.6965246962342844e-06
41.0,102.25,Tengger,False,135.0,0.2982275025300418,6.866942016465184,26304,3777,14.359032846715328,4.679896593673966,8.724908759124087,3.090784671532847,230.0,315.0,85.0,0.361489515324187,2.6472298574743876e-06
41.0,102.5,Tengger,False,135.0,0.2982275025300418,6.866942016465184,26304,4148,15.769464720194648,5.8166058394160585,9.873023114355231,3.976581508515815,233.0,315.0,82.0,0.3644992632867914,2.785825953361667e-06
41.25,101.75,Tengger,False,135.0,0.2982275025300418,6.866942016465184,26304,3330,12.659671532846716,4.668491484184915,7.740267639902676,2.8208637469586373,3.0,315.0,48.0,0.3760955977615553,3.330569867644035e-06
41.25,102.0,Tengger,False,135.0,0.2982275025300418,6.866942016465184,26304,3838,14.590936739659368,4.5012165450121655,8.89978710462287,3.2086374695863746,239.0,315.0,76.0,0.36359785482083096,2.7441963853398006e-06
41.25,102.25,Tengger,False,135.0,0.2982275025300418,6.866942016465184,26304,4044,15.374087591240876,5.504866180048662,9.679136253041362,3.9841849148418493,240.0,315.0,75.0,0.36482831020553763,2.801047942970956e-06
41.25,102.5,Tengger,False,135.0,0.2982275025300418,6.866942016465184,26304,4154,15.79227493917275,6.554136253041363,10.302615571776157,4.812956204379562,240.0,315.0,75.0,0.36573162730894465,2.8429067691558526e-06
