region,lat,lon,tile_basename,mode_index,lambda_m,crest_az_deg,rel_power,spectral_intensity,prom_frac,theta_image_deg
AlNafudDesert,27.5,39.25,AlNafudDesert_lat27p50_lon39p25,1,110.8584935,253.75,1,25149206.28,0.976486459,73.75
AlNafudDesert,27.5,39.25,AlNafudDesert_lat27p50_lon39p25,2,671.2145829,126.25,0.288266168,7249665.318,0.253911223,-53.75
AlNafudDesert,27.5,39.25,AlNafudDesert_lat27p50_lon39p25,3,2706.152597,96.25,0.005953582,149727.8705,0.487548143,-83.75
AlNafudDesert,27.5,39.25,AlNafudDesert_lat27p50_lon39p25,4,4564.690847,91.25,0.001075803,27055.59437,0.820804936,-88.75
AlNafudDesert,27.5,39.25,AlNafudDesert_lat27p50_lon39p25,5,6855.085589,106.25,0.000279947,7040.451482,1,-73.75
AlNafudDesert,27.5,39.25,AlNafudDesert_lat27p50_lon39p25,6,9165.513867,138.75,0.000116223,2922.913828,0.535659882,-41.25
AlNafudDesert,27.5,39.5,AlNafudDesert_lat27p50_lon39p50,1,98.69869206,248.75,1,23902550.76,0.986079982,68.75
AlNafudDesert,27.5,39.5,AlNafudDesert_lat27p50_lon39p50,2,563.8648481,133.75,0.272560741,6514896.936,0.323638239,-46.25
AlNafudDesert,27.5,39.5,AlNafudDesert_lat27p50_lon39p50,3,2706.152597,138.75,0.002278055,54451.32716,0.227292476,-41.25
AlNafudDesert,27.5,39.5,AlNafudDesert_lat27p50_lon39p50,4,4064.000891,241.25,0.000731252,17478.77615,0.718231633,61.25
AlNafudDesert,27.5,39.5,AlNafudDesert_lat27p50_lon39p50,5,5433.725959,91.25,0.000425179,10162.85639,0.722026485,-88.75
AlNafudDesert,27.5,39.5,AlNafudDesert_lat27p50_lon39p50,6,9165.513867,91.25,0.000209741,5013.35635,1,-88.75
AlNafudDesert,27.75,39.25,AlNafudDesert_lat27p75_lon39p25,1,104.6020474,253.75,1,24170453.13,0.982371792,73.75
AlNafudDesert,27.75,39.25,AlNafudDesert_lat27p75_lon39p25,2,1700.286015,151.25,0.037623282,909371.7672,0.217817053,-28.75
AlNafudDesert,27.75,39.25,AlNafudDesert_lat27p75_lon39p25,3,2706.152597,191.25,0.003834037,92670.41481,0.388266145,11.25
AlNafudDesert,27.75,39.25,AlNafudDesert_lat27p75_lon39p25,4,4564.690847,161.25,0.000455043,10998.59837,0.586518545,-18.75
AlNafudDesert,27.75,39.25,AlNafudDesert_lat27p75_lon39p25,5,7699.640646,163.75,0.000132314,3198.091821,1,-16.25
AlNafudDesert,27.75,39.5,AlNafudDesert_lat27p75_lon39p50,1,93.12850046,243.75,1,31761375.11,0.97929616,63.75
AlNafudDesert,27.75,39.5,AlNafudDesert_lat27p75_lon39p50,2,473.6839381,221.25,0.328361712,10429219.51,0.239785514,41.25
AlNafudDesert,27.75,39.5,AlNafudDesert_lat27p75_lon39p50,3,2706.152597,263.75,0.005053704,160512.5778,0.325253371,83.75
AlNafudDesert,27.75,39.5,AlNafudDesert_lat27p75_lon39p50,4,4064.000891,163.75,0.001011407,32123.69073,0.669187956,-16.25
AlNafudDesert,27.75,39.5,AlNafudDesert_lat27p75_lon39p50,5,6103.167745,138.75,0.000115549,3669.983286,0.803131479,-41.25
AlNafudDesert,27.75,39.5,AlNafudDesert_lat27p75_lon39p50,6,9165.513867,91.25,2.45E-05,779.2568839,0.571041713,-88.75
AlNafudDesert,27.75,39.75,AlNafudDesert_lat27p75_lon39p75,1,98.69869206,246.25,1,69917072.2,0.984875411,66.25
AlNafudDesert,27.75,39.75,AlNafudDesert_lat27p75_lon39p75,2,473.6839381,218.75,0.194544753,13601999.58,0.221357322,38.75
AlNafudDesert,27.75,39.75,AlNafudDesert_lat27p75_lon39p75,3,2706.152597,196.25,0.001501219,104960.8184,0.384533186,16.25
AlNafudDesert,27.75,39.75,AlNafudDesert_lat27p75_lon39p75,4,4064.000891,163.75,0.000184526,12901.51688,0.49271877,-16.25
AlNafudDesert,27.75,39.75,AlNafudDesert_lat27p75_lon39p75,5,6103.167745,193.75,9.59E-05,6707.313892,0.689004326,13.75
AlNafudDesert,27.75,39.75,AlNafudDesert_lat27p75_lon39p75,6,9165.513867,91.25,1.57E-05,1095.91941,1,-88.75
AlNafudDesert,27.75,40.25,AlNafudDesert_lat27p75_lon40p25,1,98.69869206,253.75,1,52710845.76,0.990391131,73.75
AlNafudDesert,27.75,40.25,AlNafudDesert_lat27p75_lon40p25,2,2706.152597,238.75,0.000579165,30528.25864,0.442193933,58.75
AlNafudDesert,27.75,40.25,AlNafudDesert_lat27p75_lon40p25,3,4064.000891,91.25,9.01E-05,4747.424685,0.445285988,-88.75
AlNafudDesert,27.75,40.25,AlNafudDesert_lat27p75_lon40p25,4,5433.725959,91.25,2.80E-05,1475.994032,0.608087338,-88.75
AlNafudDesert,27.75,40.25,AlNafudDesert_lat27p75_lon40p25,5,8160.170704,181.25,2.91E-05,1535.597077,1,1.25
AlNafudDesert,27.75,40.75,AlNafudDesert_lat27p75_lon40p75,1,93.12850046,98.75,1,24514407.83,0.981910388,-81.25
AlNafudDesert,27.75,40.75,AlNafudDesert_lat27p75_lon40p75,2,1428.353227,113.75,0.028810479,706271.8315,0.383279418,-66.25
AlNafudDesert,27.75,40.75,AlNafudDesert_lat27p75_lon40p75,3,3414.030779,98.75,0.002011904,49320.62467,0.733671046,-81.25
AlNafudDesert,27.75,40.75,AlNafudDesert_lat27p75_lon40p75,4,4564.690847,91.25,0.000559596,13718.17418,0.759186268,-88.75
AlNafudDesert,27.75,40.75,AlNafudDesert_lat27p75_lon40p75,5,6855.085589,91.25,0.000297091,7283.011191,1,-88.75
AlNafudDesert,27.75,40.75,AlNafudDesert_lat27p75_lon40p75,6,9165.513867,91.25,7.95E-05,1948.355661,0.854503791,-88.75
AlNafudDesert,27.75,41.25,AlNafudDesert_lat27p75_lon41p25,1,93.12850046,246.25,1,21078506.57,0.979289627,66.25
AlNafudDesert,27.75,41.25,AlNafudDesert_lat27p75_lon41p25,2,597.5906703,116.25,0.300039173,6324377.676,0.620299832,-63.75
AlNafudDesert,27.75,41.25,AlNafudDesert_lat27p75_lon41p25,3,2145.048581,243.75,0.007596474,160122.3306,0.210458776,63.75
AlNafudDesert,27.75,41.25,AlNafudDesert_lat27p75_lon41p25,4,3039.553957,263.75,0.001144309,24120.31671,0.49213552,83.75
AlNafudDesert,27.75,41.25,AlNafudDesert_lat27p75_lon41p25,5,4564.690847,91.25,0.000212365,4476.341833,0.53549618,-88.75
AlNafudDesert,27.75,41.25,AlNafudDesert_lat27p75_lon41p25,6,6855.085589,253.75,8.16E-05,1720.231795,0.856241862,73.75
AlNafudDesert,27.75,41.25,AlNafudDesert_lat27p75_lon41p25,7,9165.513867,91.25,1.62E-05,342.0742843,0.2128207,-88.75
AlNafudDesert,28,39.5,AlNafudDesert_lat28p00_lon39p50,1,502.0158696,91.25,0.366637398,16492322.12,0.301716303,-88.75
AlNafudDesert,28,39.5,AlNafudDesert_lat28p00_lon39p50,2,951.1173591,91.25,0.2057002,9252940.305,0.395303436,-88.75
AlNafudDesert,28,39.5,AlNafudDesert_lat28p00_lon39p50,3,1428.353227,91.25,0.099339658,4468561.162,0.234712966,-88.75
AlNafudDesert,28,39.5,AlNafudDesert_lat28p00_lon39p50,4,2023.989919,91.25,0.022984669,1033911.353,0.261414969,-88.75
AlNafudDesert,28,39.5,AlNafudDesert_lat28p00_lon39p50,5,2706.152597,91.25,0.007161234,322131.2729,0.567496252,-88.75
AlNafudDesert,28,39.5,AlNafudDesert_lat28p00_lon39p50,6,4064.000891,91.25,0.003109038,139852.7758,0.840054477,-88.75
AlNafudDesert,28,39.5,AlNafudDesert_lat28p00_lon39p50,7,5433.725959,91.25,0.001349219,60691.45785,0.93990515,-88.75
AlNafudDesert,28,39.5,AlNafudDesert_lat28p00_lon39p50,8,9165.513867,91.25,0.000563664,25355.11898,0.983381243,-88.75
AlNafudDesert,28,39.75,AlNafudDesert_lat28p00_lon39p75,1,98.69869206,238.75,1,75889635.88,0.982011475,58.75
AlNafudDesert,28,39.75,AlNafudDesert_lat28p00_lon39p75,2,502.0158696,91.25,0.256116875,19436616.36,0.239051471,-88.75
AlNafudDesert,28,39.75,AlNafudDesert_lat28p00_lon39p75,3,2553.427285,91.25,0.006525761,495237.5977,0.718444612,-88.75
AlNafudDesert,28,39.75,AlNafudDesert_lat28p00_lon39p75,4,3414.030779,91.25,0.003154945,239427.6582,0.904330782,-88.75
AlNafudDesert,28,39.75,AlNafudDesert_lat28p00_lon39p75,5,4564.690847,91.25,0.001172495,88980.20969,0.964965206,-88.75
AlNafudDesert,28,39.75,AlNafudDesert_lat28p00_lon39p75,6,6855.085589,91.25,0.000509404,38658.47272,1,-88.75
AlNafudDesert,28,39.75,AlNafudDesert_lat28p00_lon39p75,7,9165.513867,91.25,0.000297698,22592.22333,0.983894953,-88.75
AlNafudDesert,28,40.75,AlNafudDesert_lat28p00_lon40p75,1,98.69869206,261.25,1,64185839.68,0.985284464,81.25
AlNafudDesert,28,40.75,AlNafudDesert_lat28p00_lon40p75,2,334.2842646,91.25,0.291617747,18717729.96,0.236450337,-88.75
AlNafudDesert,28,40.75,AlNafudDesert_lat28p00_lon40p75,3,1428.353227,91.25,0.039038176,2505698.091,0.207553661,-88.75
AlNafudDesert,28,40.75,AlNafudDesert_lat28p00_lon40p75,4,2023.989919,91.25,0.011455994,735312.6217,0.297164082,-88.75
AlNafudDesert,28,40.75,AlNafudDesert_lat28p00_lon40p75,5,2868.012698,91.25,0.003863071,247954.4416,0.748041437,-88.75
AlNafudDesert,28,40.75,AlNafudDesert_lat28p00_lon40p75,6,4064.000891,91.25,0.001899839,121942.7311,0.879653288,-88.75
AlNafudDesert,28,40.75,AlNafudDesert_lat28p00_lon40p75,7,6855.085589,91.25,0.000810503,52022.81685,1,-88.75
AlNafudDesert,28,40.75,AlNafudDesert_lat28p00_lon40p75,8,9165.513867,91.25,0.000264053,16948.44664,0.978397129,-88.75
AlNafudDesert,28.25,39.5,AlNafudDesert_lat28p25_lon39p50,1,98.69869206,191.25,0.763901506,19879497.7,0.255864632,11.25
AlNafudDesert,28.25,39.5,AlNafudDesert_lat28p25_lon39p50,2,502.0158696,168.75,0.97119847,25274119.23,0.234357571,-11.25
AlNafudDesert,28.25,39.5,AlNafudDesert_lat28p25_lon39p50,3,753.9090529,171.25,1,26023639.88,0.980435675,-8.75
AlNafudDesert,28.25,39.5,AlNafudDesert_lat28p25_lon39p50,4,3039.553957,221.25,0.021404648,557026.8604,0.506178822,41.25
AlNafudDesert,28.25,39.5,AlNafudDesert_lat28p25_lon39p50,5,4064.000891,118.75,0.003361707,87483.85335,0.555144702,-61.25
AlNafudDesert,28.25,39.5,AlNafudDesert_lat28p25_lon39p50,6,7265.101213,211.25,0.001088267,28320.6662,1,31.25
AlNafudDesert,28.25,39.75,AlNafudDesert_lat28p25_lon39p75,1,104.6020474,251.25,1,56772909.55,0.984728864,71.25
AlNafudDesert,28.25,39.75,AlNafudDesert_lat28p25_lon39p75,2,3039.553957,231.25,0.000791893,44958.05682,0.212467378,51.25
AlNafudDesert,28.25,39.75,AlNafudDesert_lat28p25_lon39p75,3,4064.000891,188.75,0.00025614,14541.80579,0.468640768,8.75
AlNafudDesert,28.25,39.75,AlNafudDesert_lat28p25_lon39p75,4,5433.725959,103.75,0.000105329,5979.811643,0.622218357,-76.25
AlNafudDesert,28.25,39.75,AlNafudDesert_lat28p25_lon39p75,5,8160.170704,181.25,2.15E-05,1222.67103,0.640591918,1.25
AlNafudDesert,28.25,40.25,AlNafudDesert_lat28p25_lon40p25,1,104.6020474,251.25,1,140745750.6,0.98616927,71.25
AlNafudDesert,28.25,40.25,AlNafudDesert_lat28p25_lon40p25,2,3414.030779,193.75,3.10E-05,4360.078603,0.772852109,13.75
AlNafudDesert,28.25,40.25,AlNafudDesert_lat28p25_lon40p25,3,4564.690847,138.75,5.38E-06,756.5524436,0.373226881,-41.25
AlNafudDesert,28.25,40.25,AlNafudDesert_lat28p25_lon40p25,4,6103.167745,181.25,1.11E-05,1565.824484,0.911723283,1.25
AlNafudDesert,28.25,40.25,AlNafudDesert_lat28p25_lon40p25,5,8160.170704,181.25,8.71E-06,1225.345019,1,1.25
AlNafudDesert,28.25,40.5,AlNafudDesert_lat28p25_lon40p50,1,110.8584935,263.75,1,145290427.2,0.988378258,83.75
AlNafudDesert,28.25,40.5,AlNafudDesert_lat28p25_lon40p50,2,3414.030779,193.75,4.55E-05,6604.178509,0.85024929,13.75
AlNafudDesert,28.25,40.5,AlNafudDesert_lat28p25_lon40p50,3,4564.690847,258.75,4.37E-06,635.4409622,0.651917054,78.75
AlNafudDesert,28.25,40.5,AlNafudDesert_lat28p25_lon40p50,4,6103.167745,193.75,7.21E-06,1047.092387,0.914992306,13.75
AlNafudDesert,28.25,40.5,AlNafudDesert_lat28p25_lon40p50,5,8160.170704,181.25,6.49E-06,942.2175072,1,1.25
AlNafudDesert,28.25,41.5,AlNafudDesert_lat28p25_lon41p50,1,82.91345931,253.75,1,25664815.64,0.962277682,73.75
AlNafudDesert,28.25,41.5,AlNafudDesert_lat28p25_lon41p50,2,597.5906703,263.75,0.417073398,10704111.88,0.682936149,83.75
AlNafudDesert,28.25,41.5,AlNafudDesert_lat28p25_lon41p50,3,1909.763363,93.75,0.053149433,1364070.407,0.498526381,-86.25
AlNafudDesert,28.25,41.5,AlNafudDesert_lat28p25_lon41p50,4,4064.000891,163.75,0.000379752,9746.255981,0.510924948,-16.25
AlNafudDesert,28.25,41.5,AlNafudDesert_lat28p25_lon41p50,5,6103.167745,166.25,4.61E-05,1182.294626,0.449442318,-13.75
AlNafudDesert,28.25,41.5,AlNafudDesert_lat28p25_lon41p50,6,8160.170704,196.25,1.43E-05,366.4816314,0.887415112,16.25
AlNafudDesert,28.25,41.75,AlNafudDesert_lat28p25_lon41p75,1,82.91345931,258.75,1,24375854.17,0.948182842,78.75
AlNafudDesert,28.25,41.75,AlNafudDesert_lat28p25_lon41p75,2,502.0158696,253.75,0.314237951,7659818.466,0.642325348,73.75
AlNafudDesert,28.25,41.75,AlNafudDesert_lat28p25_lon41p75,3,1347.742218,263.75,0.08417794,2051909.199,0.30108725,83.75
AlNafudDesert,28.25,41.75,AlNafudDesert_lat28p25_lon41p75,4,3414.030779,201.25,0.000292064,7119.320913,0.209384172,21.25
AlNafudDesert,28.25,41.75,AlNafudDesert_lat28p25_lon41p75,5,6103.167745,241.25,2.98E-05,726.5615743,0.637300575,61.25
AlNafudDesert,28.25,41.75,AlNafudDesert_lat28p25_lon41p75,6,9165.513867,91.25,1.64E-05,398.7349306,0.68136167,-88.75
AlNafudDesert,28.25,42.25,AlNafudDesert_lat28p25_lon42p25,1,87.87267,93.75,1,40169337.59,0.943410721,-86.25
AlNafudDesert,28.25,42.25,AlNafudDesert_lat28p25_lon42p25,2,1428.353227,128.75,0.022729689,913036.5587,0.403598943,-51.25
AlNafudDesert,28.25,42.25,AlNafudDesert_lat28p25_lon42p25,3,4564.690847,208.75,4.59E-05,1844.198983,0.312392986,28.75
AlNafudDesert,28.25,42.25,AlNafudDesert_lat28p25_lon42p25,4,6103.167745,166.25,2.04E-05,817.6516569,0.645151453,-13.75
AlNafudDesert,28.25,42.25,AlNafudDesert_lat28p25_lon42p25,5,8160.170704,181.25,2.88E-05,1158.068715,0.987778819,1.25
AlNafudDesert,28.5,39.75,AlNafudDesert_lat28p50_lon39p75,1,98.69869206,243.75,1,39714555.14,0.979297512,63.75
AlNafudDesert,28.5,39.75,AlNafudDesert_lat28p50_lon39p75,2,446.9509568,143.75,0.536275482,21297942.2,0.344529844,-36.25
AlNafudDesert,28.5,39.75,AlNafudDesert_lat28p50_lon39p75,3,711.3611955,148.75,0.474441516,18842233.76,0.25809166,-31.25
AlNafudDesert,28.5,39.75,AlNafudDesert_lat28p50_lon39p75,4,3414.030779,166.25,0.000788449,31312.90493,0.568428593,-13.75
AlNafudDesert,28.5,39.75,AlNafudDesert_lat28p50_lon39p75,5,5433.725959,103.75,0.00013023,5172.035946,0.625617087,-76.25
AlNafudDesert,28.5,39.75,AlNafudDesert_lat28p50_lon39p75,6,7265.101213,148.75,3.37E-05,1339.832229,1,-31.25
AlNafudDesert,28.5,40.25,AlNafudDesert_lat28p50_lon40p25,1,98.69869206,253.75,1,98155317.83,0.988970783,73.75
AlNafudDesert,28.5,40.25,AlNafudDesert_lat28p50_lon40p25,2,1008.005486,251.25,0.027300428,2679682.198,0.36598451,71.25
AlNafudDesert,28.5,40.25,AlNafudDesert_lat28p50_lon40p25,3,2273.34799,101.25,0.000324111,31813.24971,0.309574998,-78.75
AlNafudDesert,28.5,40.25,AlNafudDesert_lat28p50_lon40p25,4,3414.030779,236.25,2.93E-05,2874.110822,0.532394964,56.25
AlNafudDesert,28.5,40.25,AlNafudDesert_lat28p50_lon40p25,5,4564.690847,236.25,6.59E-06,646.48614,0.54696222,56.25
AlNafudDesert,28.5,40.25,AlNafudDesert_lat28p50_lon40p25,6,6103.167745,181.25,8.88E-06,871.3410542,0.846169079,1.25
AlNafudDesert,28.5,40.25,AlNafudDesert_lat28p50_lon40p25,7,9165.513867,91.25,1.11E-05,1093.096571,1,-88.75
AlNafudDesert,28.5,40.5,AlNafudDesert_lat28p50_lon40p50,1,93.12850046,258.75,1,63497163.92,0.977804255,78.75
AlNafudDesert,28.5,40.5,AlNafudDesert_lat28p50_lon40p50,2,1909.763363,256.25,0.004610247,292737.5895,0.292397746,76.25
AlNafudDesert,28.5,40.5,AlNafudDesert_lat28p50_lon40p50,3,3414.030779,143.75,0.000188315,11957.45284,0.849245966,-36.25
AlNafudDesert,28.5,40.5,AlNafudDesert_lat28p50_lon40p50,4,4564.690847,138.75,2.40E-05,1523.873882,0.752182056,-41.25
AlNafudDesert,28.5,40.5,AlNafudDesert_lat28p50_lon40p50,5,6103.167745,138.75,1.79E-05,1133.996904,0.90374506,-41.25
AlNafudDesert,28.5,40.5,AlNafudDesert_lat28p50_lon40p50,6,8160.170704,181.25,2.67E-05,1693.448989,1,1.25
AlNafudDesert,28.5,41.25,AlNafudDesert_lat28p50_lon41p25,1,73.81888146,258.75,1,22772918.72,0.937423649,78.75
AlNafudDesert,28.5,41.25,AlNafudDesert_lat28p50_lon41p25,2,532.0423875,228.75,0.662452158,15085969.16,0.734471033,48.75
AlNafudDesert,28.5,41.25,AlNafudDesert_lat28p50_lon41p25,3,1604.328118,98.75,0.199863295,4551470.582,0.59127075,-81.25
AlNafudDesert,28.5,41.25,AlNafudDesert_lat28p50_lon41p25,4,3414.030779,261.25,0.00107223,24417.80652,0.530801604,81.25
AlNafudDesert,28.5,41.25,AlNafudDesert_lat28p50_lon41p25,5,6103.167745,181.25,9.50E-05,2163.786726,0.700853424,1.25
AlNafudDesert,28.5,41.25,AlNafudDesert_lat28p50_lon41p25,6,8160.170704,181.25,6.76E-05,1539.812577,1,1.25
AlNafudDesert,28.5,41.5,AlNafudDesert_lat28p50_lon41p50,1,78.23412826,263.75,1,64432547.83,0.93545946,83.75
AlNafudDesert,28.5,41.5,AlNafudDesert_lat28p50_lon41p50,2,473.6839381,233.75,0.532146527,34287556.58,0.226107408,53.75
AlNafudDesert,28.5,41.5,AlNafudDesert_lat28p50_lon41p50,3,799.0017781,256.25,0.544293956,35070246.38,0.528837133,76.25
AlNafudDesert,28.5,41.5,AlNafudDesert_lat28p50_lon41p50,4,1199.911617,266.25,0.24391835,15716280.78,0.352005547,86.25
AlNafudDesert,28.5,41.5,AlNafudDesert_lat28p50_lon41p50,5,2868.012698,233.75,0.001566769,100950.9251,0.253534476,53.75
AlNafudDesert,28.5,41.5,AlNafudDesert_lat28p50_lon41p50,6,5433.725959,228.75,6.78E-05,4366.09238,0.411864753,48.75
AlNafudDesert,28.5,41.5,AlNafudDesert_lat28p50_lon41p50,7,8160.170704,181.25,2.14E-05,1377.34126,1,1.25
AlNafudDesert,28.5,41.75,AlNafudDesert_lat28p50_lon41p75,1,78.23412826,256.25,1,29697858.11,0.91624705,76.25
AlNafudDesert,28.5,41.75,AlNafudDesert_lat28p50_lon41p75,2,597.5906703,266.25,0.441056406,13098430.55,0.577723976,86.25
AlNafudDesert,28.5,41.75,AlNafudDesert_lat28p50_lon41p75,3,1199.911617,261.25,0.286629561,8512284.037,0.350384671,81.25
AlNafudDesert,28.5,41.75,AlNafudDesert_lat28p50_lon41p75,4,1604.328118,263.75,0.180959378,5374105.939,0.38998372,83.75
AlNafudDesert,28.5,41.75,AlNafudDesert_lat28p50_lon41p75,5,2868.012698,233.75,0.001186871,35247.52042,0.274041411,53.75
AlNafudDesert,28.5,41.75,AlNafudDesert_lat28p50_lon41p75,6,4064.000891,91.25,0.000251478,7468.372579,0.470530472,-88.75
AlNafudDesert,28.5,41.75,AlNafudDesert_lat28p50_lon41p75,7,6103.167745,166.25,2.52E-05,747.5992422,0.423651152,-13.75
AlNafudDesert,28.5,41.75,AlNafudDesert_lat28p50_lon41p75,8,8160.170704,181.25,6.36E-05,1889.365325,1,1.25
AlNafudDesert,28.5,42,AlNafudDesert_lat28p50_lon42p00,1,41.29329946,263.75,1,47612837.7,0.856660633,83.75
AlNafudDesert,28.5,42,AlNafudDesert_lat28p50_lon42p00,2,446.9509568,181.25,0.116502519,5547015.551,0.317819758,1.25
AlNafudDesert,28.5,42,AlNafudDesert_lat28p50_lon42p00,3,1068.296199,181.25,0.059530527,2834417.304,0.238737885,1.25
AlNafudDesert,28.5,42,AlNafudDesert_lat28p50_lon42p00,4,2145.048581,181.25,0.011389966,542308.6239,0.697804326,1.25
AlNafudDesert,28.5,42,AlNafudDesert_lat28p50_lon42p00,5,2868.012698,181.25,0.005329584,253756.6371,0.897682961,1.25
AlNafudDesert,28.5,42,AlNafudDesert_lat28p50_lon42p00,6,4307.076464,181.25,0.001352252,64384.53304,0.964119488,1.25
AlNafudDesert,28.5,42,AlNafudDesert_lat28p50_lon42p00,7,8160.170704,181.25,0.000862013,41042.89469,0.998317958,1.25
AlNafudDesert,28.75,39.5,AlNafudDesert_lat28p75_lon39p50,1,98.69869206,91.25,1,18985268.64,0.975577913,-88.75
AlNafudDesert,28.75,39.5,AlNafudDesert_lat28p75_lon39p50,2,473.6839381,121.25,0.205864269,3908388.46,0.248079638,-58.75
AlNafudDesert,28.75,39.5,AlNafudDesert_lat28p75_lon39p50,3,2273.34799,96.25,0.004985291,94647.08668,0.203202812,-83.75
AlNafudDesert,28.75,39.5,AlNafudDesert_lat28p75_lon39p50,4,3039.553957,96.25,0.001003786,19057.15302,0.434789046,-83.75
AlNafudDesert,28.75,39.5,AlNafudDesert_lat28p75_lon39p50,5,6855.085589,91.25,0.00083486,15850.04841,1,-88.75
AlNafudDesert,28.75,39.5,AlNafudDesert_lat28p75_lon39p50,6,9165.513867,91.25,0.000583983,11087.07157,0.991053742,-88.75
AlNafudDesert,28.75,39.75,AlNafudDesert_lat28p75_lon39p75,1,98.69869206,91.25,1,34535695.25,0.980374338,-88.75
AlNafudDesert,28.75,39.75,AlNafudDesert_lat28p75_lon39p75,2,563.8648481,126.25,0.54985711,18989697.57,0.405633215,-53.75
AlNafudDesert,28.75,39.75,AlNafudDesert_lat28p75_lon39p75,3,3414.030779,181.25,0.001382194,47735.04032,0.520921317,1.25
AlNafudDesert,28.75,39.75,AlNafudDesert_lat28p75_lon39p75,4,4564.690847,91.25,0.000261638,9035.854403,0.463149899,-88.75
AlNafudDesert,28.75,39.75,AlNafudDesert_lat28p75_lon39p75,5,6103.167745,221.25,9.99E-05,3449.668825,0.435292489,41.25
AlNafudDesert,28.75,39.75,AlNafudDesert_lat28p75_lon39p75,6,9165.513867,91.25,7.77E-05,2682.180605,1,-88.75
Chad,13,15.25,Chad_lat13p00_lon15p25,1,222.5944962,131.25,1,59115381.53,0.922903246,-48.75
Chad,13,15.25,Chad_lat13p00_lon15p25,2,1801.983335,121.25,0.03688734,2180609.163,0.368247835,-58.75
Chad,13,15.25,Chad_lat13p00_lon15p25,3,3834.64361,146.25,0.001745639,103194.1336,0.527012494,-33.75
Chad,13,15.25,Chad_lat13p00_lon15p25,4,5433.725959,168.75,0.000309282,18283.35144,0.529463814,-11.25
Chad,13,15.25,Chad_lat13p00_lon15p25,5,7699.640646,123.75,3.16E-05,1865.422007,1,-56.25
Chad,13,15.5,Chad_lat13p00_lon15p50,1,250.0184145,136.25,1,46074319.67,0.957543341,-43.75
Chad,13,15.5,Chad_lat13p00_lon15p50,2,5433.725959,101.25,0.000384674,17723.59157,0.810397927,-78.75
Chad,13,15.5,Chad_lat13p00_lon15p50,3,8648.245934,198.75,2.41E-05,1110.080401,0.884569876,18.75
Chad,13.25,14.5,Chad_lat13p25_lon14p50,1,951.1173591,113.75,1,29853196.88,0.983829351,-66.25
Chad,13.25,14.5,Chad_lat13p25_lon14p50,2,1271.680598,131.25,0.856847651,25579641.64,0.262105172,-48.75
Chad,13.25,14.5,Chad_lat13p25_lon14p50,3,2409.32123,173.75,0.135097843,4033102.507,0.206964791,-6.25
Chad,13.25,14.5,Chad_lat13p25_lon14p50,4,5433.725959,181.25,0.001069304,31922.14208,0.520282452,1.25
Chad,13.25,14.5,Chad_lat13p25_lon14p50,5,7699.640646,236.25,0.000177228,5290.822685,1,56.25
Chad,13.25,14.75,Chad_lat13p25_lon14p75,1,597.5906703,108.75,1,33927102.28,0.981159989,-71.25
Chad,13.25,14.75,Chad_lat13p25_lon14p75,2,1068.296199,118.75,0.958165552,32507780.68,0.21873621,-61.25
Chad,13.25,14.75,Chad_lat13p25_lon14p75,3,1513.785733,146.25,0.627975995,21305405.81,0.214934532,-33.75
Chad,13.25,14.75,Chad_lat13p25_lon14p75,4,3834.64361,171.25,0.007792441,264374.934,0.479858451,-8.75
Chad,13.25,14.75,Chad_lat13p25_lon14p75,5,5433.725959,91.25,0.001193873,40504.64252,0.484810521,-88.75
Chad,13.25,14.75,Chad_lat13p25_lon14p75,6,7699.640646,146.25,0.000221366,7510.30755,1,-33.75
Chad,13.25,15.25,Chad_lat13p25_lon15p25,1,532.0423875,118.75,1,80693576.44,0.984627644,-61.25
Chad,13.25,15.25,Chad_lat13p25_lon15p25,2,846.7915844,161.25,0.832148515,67149039.79,0.251505824,-18.75
Chad,13.25,15.25,Chad_lat13p25_lon15p25,3,1199.911617,266.25,0.528537247,42649560.73,0.382927262,86.25
Chad,13.25,15.25,Chad_lat13p25_lon15p25,4,1801.983335,101.25,0.297177682,23980330.01,0.323406021,-78.75
Chad,13.25,15.25,Chad_lat13p25_lon15p25,5,3221.355423,143.75,0.017052371,1376016.829,0.422072164,-36.25
Chad,13.25,15.25,Chad_lat13p25_lon15p25,6,4307.076464,141.25,0.000835268,67400.72585,0.610807464,-38.75
Chad,13.25,15.25,Chad_lat13p25_lon15p25,7,6103.167745,153.75,0.00025616,20670.49542,1,-26.25
Chad,13.25,15.25,Chad_lat13p25_lon15p25,8,8648.245934,198.75,4.69E-05,3781.086397,0.32971724,18.75
Chad,13.25,15.5,Chad_lat13p25_lon15p50,1,334.2842646,156.25,1,73725093.44,0.962624238,-23.75
Chad,13.25,15.5,Chad_lat13p25_lon15p50,2,2706.152597,151.25,0.004201524,309757.7227,0.488279847,-28.75
Chad,13.25,15.5,Chad_lat13p25_lon15p50,3,3834.64361,163.75,0.000335393,24726.88665,0.34261006,-16.25
Chad,13.25,15.5,Chad_lat13p25_lon15p50,4,5433.725959,91.25,0.000315414,23253.93967,0.808403051,-88.75
Chad,13.25,15.5,Chad_lat13p25_lon15p50,5,8648.245934,108.75,3.28E-05,2420.227794,0.923987873,-71.25
Chad,13.25,15.75,Chad_lat13p25_lon15p75,1,297.6174279,108.75,1,43830684.84,0.95698875,-71.25
Chad,13.25,15.75,Chad_lat13p25_lon15p75,2,563.8648481,128.75,0.907309968,39768017.24,0.293329665,-51.25
Chad,13.25,15.75,Chad_lat13p25_lon15p75,3,3039.553957,138.75,0.00106524,46690.18896,0.531446815,-41.25
Chad,13.25,15.75,Chad_lat13p25_lon15p75,4,4564.690847,188.75,0.000250334,10972.29989,0.639753378,8.75
Chad,13.25,15.75,Chad_lat13p25_lon15p75,5,6103.167745,206.25,5.31E-05,2329.401317,1,26.25
Chad,13.25,15.75,Chad_lat13p25_lon15p75,6,9165.513867,91.25,4.31E-05,1890.488179,0.771174992,-88.75
Chad,13.25,16,Chad_lat13p25_lon16p00,1,473.6839381,148.75,1,70453993.62,0.969760285,-31.25
Chad,13.25,16,Chad_lat13p25_lon16p00,2,846.7915844,156.25,0.74034195,52160047.02,0.260954004,-23.75
Chad,13.25,16,Chad_lat13p25_lon16p00,3,2145.048581,136.25,0.112401686,7919147.684,0.278219591,-43.75
Chad,13.25,16,Chad_lat13p25_lon16p00,4,3414.030779,181.25,0.006223293,438455.8682,0.446364408,1.25
Chad,13.25,16,Chad_lat13p25_lon16p00,5,5433.725959,181.25,0.001263518,89019.86832,0.866844188,1.25
Chad,13.25,16,Chad_lat13p25_lon16p00,6,9165.513867,181.25,0.000342856,24155.55399,0.955392972,1.25
Chad,13.25,16.25,Chad_lat13p25_lon16p25,1,502.0158696,161.25,1,7278792.82,0.977588742,-18.75
Chad,13.25,16.25,Chad_lat13p25_lon16p25,2,951.1173591,163.75,0.784485117,5710104.639,0.379754933,-16.25
Chad,13.25,16.25,Chad_lat13p25_lon16p25,3,1700.286015,173.75,0.173378083,1261983.145,0.3624296,-6.25
Chad,13.25,16.25,Chad_lat13p25_lon16p25,4,3039.553957,131.25,0.002445878,17803.03575,0.428660485,-48.75
Chad,13.25,16.25,Chad_lat13p25_lon16p25,5,4307.076464,231.25,0.000434067,3159.480526,0.356073825,51.25
Chad,13.25,16.25,Chad_lat13p25_lon16p25,6,6468.209741,223.75,7.18E-05,522.6769851,1,43.75
Chad,13.25,16.25,Chad_lat13p25_lon16p25,7,8648.245934,198.75,2.18E-05,158.8137509,0.873871517,18.75
Chad,13.25,16.5,Chad_lat13p25_lon16p50,1,563.8648481,133.75,1,62523301.2,0.968118493,-46.25
Chad,13.25,16.5,Chad_lat13p25_lon16p50,2,799.0017781,151.25,0.71642696,44793378.62,0.214552031,-28.75
Chad,13.25,16.5,Chad_lat13p25_lon16p50,3,1604.328118,151.25,0.195467964,12221302.37,0.203946321,-28.75
Chad,13.25,16.5,Chad_lat13p25_lon16p50,4,2409.32123,191.25,0.021309025,1332310.605,0.299186646,11.25
Chad,13.25,16.5,Chad_lat13p25_lon16p50,5,3834.64361,196.25,0.002246578,140463.49,0.74819143,16.25
Chad,13.25,16.5,Chad_lat13p25_lon16p50,6,5433.725959,191.25,0.001058235,66164.32155,0.861302623,11.25
Chad,13.25,16.5,Chad_lat13p25_lon16p50,7,8648.245934,198.75,0.000456109,28517.41768,0.95658866,18.75
Chad,13.25,16.75,Chad_lat13p25_lon16p75,1,421.7266867,128.75,0.926585319,59714558.03,0.228785165,-51.25
Chad,13.25,16.75,Chad_lat13p25_lon16p75,2,633.3336976,98.75,1,64445827.97,0.952837159,-81.25
Chad,13.25,16.75,Chad_lat13p25_lon16p75,3,3039.553957,228.75,0.001015042,65415.21836,0.28154503,48.75
Chad,13.25,16.75,Chad_lat13p25_lon16p75,4,4307.076464,198.75,0.000172867,11140.56831,0.262850216,18.75
Chad,13.25,16.75,Chad_lat13p25_lon16p75,5,6103.167745,116.25,3.37E-05,2169.907185,1,-63.75
Chad,13.25,16.75,Chad_lat13p25_lon16p75,6,9165.513867,181.25,5.23E-05,3367.338818,0.909971193,1.25
Chad,13.25,17.25,Chad_lat13p25_lon17p25,1,354.2784382,141.25,0.982862969,41482693.91,0.213681799,-38.75
Chad,13.25,17.25,Chad_lat13p25_lon17p25,2,633.3336976,151.25,1,42205979.08,0.966442236,-28.75
Chad,13.25,17.25,Chad_lat13p25_lon17p25,3,3039.553957,206.25,0.005704033,240744.2945,0.25856321,26.25
Chad,13.25,17.25,Chad_lat13p25_lon17p25,4,4564.690847,91.25,0.000645741,27254.14506,0.376862236,-88.75
Chad,13.25,17.25,Chad_lat13p25_lon17p25,5,6103.167745,243.75,0.000129486,5465.097491,1,63.75
Chad,13.25,17.25,Chad_lat13p25_lon17p25,6,8648.245934,251.25,0.000183005,7723.909238,0.841116502,71.25
Chad,13.5,15.25,Chad_lat13p50_lon15p25,1,532.0423875,91.25,1,52495004.85,0.939048124,-88.75
Chad,13.5,15.25,Chad_lat13p50_lon15p25,2,2553.427285,91.25,0.014198803,745366.2462,0.633733559,-88.75
Chad,13.5,15.25,Chad_lat13p50_lon15p25,3,3414.030779,91.25,0.00716165,375950.8413,0.843290175,-88.75
Chad,13.5,15.25,Chad_lat13p50_lon15p25,4,4564.690847,91.25,0.00321374,168705.3193,0.934039426,-88.75
Chad,13.5,15.25,Chad_lat13p50_lon15p25,5,6855.085589,91.25,0.001428231,74974.97687,1,-88.75
Chad,13.5,15.25,Chad_lat13p50_lon15p25,6,9165.513867,91.25,0.000692925,36375.09399,0.991365062,-88.75
Chad,13.5,15.5,Chad_lat13p50_lon15p50,1,473.6839381,138.75,1,77493739.17,0.976841126,-41.25
Chad,13.5,15.5,Chad_lat13p50_lon15p50,2,846.7915844,158.75,0.482110166,37360519.47,0.223307448,-21.25
Chad,13.5,15.5,Chad_lat13p50_lon15p50,3,1801.983335,91.25,0.022484978,1742445.002,0.366321447,-88.75
Chad,13.5,15.5,Chad_lat13p50_lon15p50,4,2553.427285,91.25,0.006495049,503325.6667,0.405810476,-88.75
Chad,13.5,15.5,Chad_lat13p50_lon15p50,5,3414.030779,91.25,0.00260486,201860.3707,0.849001217,-88.75
Chad,13.5,15.5,Chad_lat13p50_lon15p50,6,4564.690847,91.25,0.0014958,115915.1153,0.900241158,-88.75
Chad,13.5,15.5,Chad_lat13p50_lon15p50,7,6855.085589,91.25,0.000733748,56860.83757,1,-88.75
Chad,13.5,15.5,Chad_lat13p50_lon15p50,8,9165.513867,91.25,0.000357563,27708.93203,0.968067956,-88.75
Chad,13.5,15.75,Chad_lat13p50_lon15p75,1,446.9509568,166.25,1,51405657.92,0.967472399,-13.75
Chad,13.5,15.75,Chad_lat13p50_lon15p75,2,2023.989919,91.25,0.022104061,1136273.803,0.654815297,-88.75
Chad,13.5,15.75,Chad_lat13p50_lon15p75,3,3039.553957,91.25,0.005283438,271598.6241,0.817190136,-88.75
Chad,13.5,15.75,Chad_lat13p50_lon15p75,4,4064.000891,91.25,0.0025894,133109.8081,0.898431042,-88.75
Chad,13.5,15.75,Chad_lat13p50_lon15p75,5,5433.725959,91.25,0.001628592,83718.84411,0.976886501,-88.75
Chad,13.5,15.75,Chad_lat13p50_lon15p75,6,9165.513867,91.25,0.000552096,28380.85468,0.995273506,-88.75
Chad,13.5,16.25,Chad_lat13p50_lon16p25,1,397.9259817,126.25,1,37933258.32,0.976355293,-53.75
Chad,13.5,16.25,Chad_lat13p50_lon16p25,2,897.4397893,141.25,0.715571179,27143946.39,0.339526361,-38.75
Chad,13.5,16.25,Chad_lat13p50_lon16p25,3,1271.680598,91.25,0.075420406,2860941.752,0.25165665,-88.75
Chad,13.5,16.25,Chad_lat13p50_lon16p25,4,2023.989919,91.25,0.015030446,570153.7825,0.485768562,-88.75
Chad,13.5,16.25,Chad_lat13p50_lon16p25,5,2706.152597,91.25,0.006902637,261839.5121,0.622207829,-88.75
Chad,13.5,16.25,Chad_lat13p50_lon16p25,6,4564.690847,91.25,0.002064778,78323.74774,0.968442497,-88.75
Chad,13.5,16.25,Chad_lat13p50_lon16p25,7,6855.085589,91.25,0.001090492,41365.91819,1,-88.75
Chad,13.5,16.25,Chad_lat13p50_lon16p25,8,9165.513867,91.25,0.000711267,26980.6617,0.984253321,-88.75
Chad,13.75,14.25,Chad_lat13p75_lon14p25,1,532.0423875,181.25,1,61994601.54,0.94512056,1.25
Chad,13.75,14.25,Chad_lat13p75_lon14p25,2,2706.152597,156.25,0.009255778,573808.2919,0.364902812,-23.75
Chad,13.75,14.25,Chad_lat13p75_lon14p25,3,3834.64361,163.75,0.001079028,66893.90786,0.327181752,-16.25
Chad,13.75,14.25,Chad_lat13p75_lon14p25,4,5433.725959,101.25,0.000259077,16061.36944,0.873378924,-78.75
Chad,13.75,14.25,Chad_lat13p75_lon14p25,5,9165.513867,181.25,6.93E-05,4297.451918,0.792145618,1.25
Chad,13.75,14.5,Chad_lat13p75_lon14p50,1,397.9259817,181.25,1,43413117.44,0.972861254,1.25
Chad,13.75,14.5,Chad_lat13p75_lon14p50,2,3834.64361,223.75,0.000964691,41880.24399,0.523174365,43.75
Chad,13.75,14.5,Chad_lat13p75_lon14p50,3,5433.725959,216.25,0.000192124,8340.723118,0.502061141,36.25
Chad,13.75,14.5,Chad_lat13p75_lon14p50,4,7699.640646,146.25,3.70E-05,1608.002954,1,-33.75
Chad,13.75,14.75,Chad_lat13p75_lon14p75,1,473.6839381,103.75,1,20928703.61,0.975250492,-76.25
Chad,13.75,14.75,Chad_lat13p75_lon14p75,2,3039.553957,263.75,0.008032469,168109.1604,0.323293284,83.75
Chad,13.75,14.75,Chad_lat13p75_lon14p75,3,4564.690847,171.25,0.000908741,19018.77858,0.305138102,-8.75
Chad,13.75,14.75,Chad_lat13p75_lon14p75,4,6855.085589,256.25,0.000178887,3743.864598,1,76.25
Chad,13.75,15,Chad_lat13p75_lon15p00,1,473.6839381,111.25,1,26514876.54,0.971447748,-68.75
Chad,13.75,15,Chad_lat13p75_lon15p00,2,1513.785733,243.75,0.116662737,3093298.079,0.213253456,63.75
Chad,13.75,15,Chad_lat13p75_lon15p00,3,3414.030779,228.75,0.009116362,241719.21,0.459736979,48.75
Chad,13.75,15,Chad_lat13p75_lon15p00,4,4564.690847,181.25,0.001696348,44978.45735,0.421072946,1.25
Chad,13.75,15,Chad_lat13p75_lon15p00,5,6468.209741,166.25,0.000343819,9116.322554,1,-13.75
Chad,13.75,15,Chad_lat13p75_lon15p00,6,9165.513867,91.25,0.000161599,4284.770516,0.955992702,-88.75
Chad,13.75,15.25,Chad_lat13p75_lon15p25,1,421.7266867,136.25,1,9868681.692,0.961749389,-43.75
Chad,13.75,15.25,Chad_lat13p75_lon15p25,2,2706.152597,91.25,0.012001043,118434.4775,0.309929991,-88.75
Chad,13.75,15.25,Chad_lat13p75_lon15p25,3,3834.64361,236.25,0.003272392,32294.19263,0.355410321,56.25
Chad,13.75,15.25,Chad_lat13p75_lon15p25,4,5433.725959,258.75,0.00087179,8603.416394,0.88322894,78.75
Chad,13.75,15.25,Chad_lat13p75_lon15p25,5,8648.245934,198.75,0.000189868,1873.750188,0.668304249,18.75
Chad,13.75,15.5,Chad_lat13p75_lon15p50,1,446.9509568,168.75,1,38791696.29,0.958132273,-11.25
Chad,13.75,15.5,Chad_lat13p75_lon15p50,2,2706.152597,233.75,0.001682403,65263.28408,0.285433712,53.75
Chad,13.75,15.5,Chad_lat13p75_lon15p50,3,3834.64361,236.25,0.000210352,8159.906501,0.434115944,56.25
Chad,13.75,15.5,Chad_lat13p75_lon15p50,4,5433.725959,143.75,4.79E-05,1857.169894,0.475569528,-36.25
Chad,13.75,15.5,Chad_lat13p75_lon15p50,5,9165.513867,91.25,1.96E-05,758.9922414,0.88162034,-88.75
Chad,13.75,15.75,Chad_lat13p75_lon15p75,1,354.2784382,166.25,1,24071755.99,0.945906325,-13.75
Chad,13.75,15.75,Chad_lat13p75_lon15p75,2,2706.152597,216.25,0.006595211,158758.3123,0.220955854,36.25
Chad,13.75,15.75,Chad_lat13p75_lon15p75,3,3834.64361,236.25,0.000884468,21290.70452,0.35779725,56.25
Chad,13.75,15.75,Chad_lat13p75_lon15p75,4,5433.725959,258.75,0.000383427,9229.762861,0.707810485,78.75
Chad,13.75,15.75,Chad_lat13p75_lon15p75,5,9165.513867,91.25,9.50E-05,2287.872486,0.89951336,-88.75
Chad,13.75,16,Chad_lat13p75_lon16p00,1,563.8648481,153.75,1,89273726.05,0.975426889,-26.25
Chad,13.75,16,Chad_lat13p75_lon16p00,2,2706.152597,181.25,0.004398871,392703.6465,0.431758261,1.25
Chad,13.75,16,Chad_lat13p75_lon16p00,3,3834.64361,181.25,0.001166458,104134.0526,0.684576654,1.25
Chad,13.75,16,Chad_lat13p75_lon16p00,4,5433.725959,181.25,0.000512213,45727.19689,0.931895865,1.25
Chad,13.75,16,Chad_lat13p75_lon16p00,5,9165.513867,181.25,0.000171499,15310.38242,0.967875556,1.25
Chad,13.75,16.25,Chad_lat13p75_lon16p25,1,633.3336976,91.25,1,175455878.2,0.985256903,-88.75
Chad,13.75,16.25,Chad_lat13p75_lon16p25,2,1347.742218,116.25,0.239273821,41981998.35,0.315932013,-63.75
Chad,13.75,16.25,Chad_lat13p75_lon16p25,3,3834.64361,123.75,0.000565259,99178.00705,0.313872135,-56.25
Chad,13.75,16.25,Chad_lat13p75_lon16p25,4,5433.725959,231.25,0.000131436,23061.19848,0.331533007,51.25
Chad,13.75,16.25,Chad_lat13p75_lon16p25,5,7699.640646,236.25,1.87E-05,3275.405132,1,56.25
Chad,13.75,16.75,Chad_lat13p75_lon16p75,1,421.7266867,156.25,1,60744682.68,0.955190895,-23.75
Chad,13.75,16.75,Chad_lat13p75_lon16p75,2,3039.553957,141.25,0.003474634,211065.5673,0.255148962,-38.75
Chad,13.75,16.75,Chad_lat13p75_lon16p75,3,4307.076464,141.25,0.000761849,46278.26817,0.687321053,-38.75
Chad,13.75,16.75,Chad_lat13p75_lon16p75,4,6103.167745,153.75,0.000156921,9532.146069,1,-26.25
Chad,13.75,16.75,Chad_lat13p75_lon16p75,5,8648.245934,161.25,7.77E-05,4716.83442,0.557239171,-18.75
Chad,14,13.5,Chad_lat14p00_lon13p50,1,1008.005486,153.75,1,131161422,0.985169897,-26.25
Chad,14,13.5,Chad_lat14p00_lon13p50,2,3039.553957,153.75,0.034709943,4552605.498,0.270037839,-26.25
Chad,14,13.5,Chad_lat14p00_lon13p50,3,4564.690847,148.75,0.003864227,506837.529,0.395872578,-31.25
Chad,14,13.5,Chad_lat14p00_lon13p50,4,6103.167745,206.25,0.000244947,32127.63522,1,26.25
Chad,14,13.5,Chad_lat14p00_lon13p50,5,9165.513867,91.25,9.30E-05,12196.9062,0.939538872,-88.75
Chad,14,13.75,Chad_lat14p00_lon13p75,1,633.3336976,176.25,1,105747983.8,0.995598989,-3.75
Chad,14,13.75,Chad_lat14p00_lon13p75,2,1199.911617,211.25,0.643309119,68028642.3,0.279317954,31.25
Chad,14,13.75,Chad_lat14p00_lon13p75,3,2706.152597,191.25,0.064169626,6785808.613,0.48904227,11.25
Chad,14,13.75,Chad_lat14p00_lon13p75,4,3834.64361,213.75,0.009257381,978949.4276,0.368306833,33.75
Chad,14,13.75,Chad_lat14p00_lon13p75,5,5433.725959,128.75,0.001061731,112275.963,0.617295113,-51.25
Chad,14,13.75,Chad_lat14p00_lon13p75,6,7699.640646,123.75,0.000160977,17023.04178,1,-56.25
Chad,14,14.25,Chad_lat14p00_lon14p25,1,397.9259817,173.75,1,54048944.55,0.965398086,-6.25
Chad,14,14.25,Chad_lat14p00_lon14p25,2,1068.296199,218.75,0.483926399,26155711.11,0.2642152,38.75
Chad,14,14.25,Chad_lat14p00_lon14p25,3,2706.152597,241.25,0.015041768,812991.6985,0.452670694,61.25
Chad,14,14.25,Chad_lat14p00_lon14p25,4,3834.64361,236.25,0.002079351,112386.7453,0.24389236,56.25
Chad,14,14.25,Chad_lat14p00_lon14p25,5,5433.725959,191.25,0.000315619,17058.88001,0.364866677,11.25
Chad,14,14.25,Chad_lat14p00_lon14p25,6,8648.245934,108.75,5.98E-05,3234.177267,0.906207524,-71.25
Chad,14,14.5,Chad_lat14p00_lon14p50,1,315.4184887,243.75,1,18628992.94,0.961326863,63.75
Chad,14,14.5,Chad_lat14p00_lon14p50,2,3834.64361,236.25,0.001647766,30696.22879,0.596278029,56.25
Chad,14,14.5,Chad_lat14p00_lon14p50,3,5127.066427,201.25,0.000504124,9391.315605,0.564047249,21.25
Chad,14,14.5,Chad_lat14p00_lon14p50,4,9165.513867,181.25,0.000130958,2439.615908,0.945117695,1.25
Chad,14,14.75,Chad_lat14p00_lon14p75,1,473.6839381,241.25,1,11314302.04,0.959297805,61.25
Chad,14,14.75,Chad_lat14p00_lon14p75,2,3039.553957,96.25,0.01143187,129343.6293,0.360861115,-83.75
Chad,14,14.75,Chad_lat14p00_lon14p75,3,5433.725959,231.25,0.001638172,18534.77128,0.429493838,51.25
Chad,14,14.75,Chad_lat14p00_lon14p75,4,7699.640646,236.25,0.001208178,13669.68654,1,56.25
Chad,14,15,Chad_lat14p00_lon15p00,1,421.7266867,181.25,1,6923678.51,0.944874728,1.25
Chad,14,15,Chad_lat14p00_lon15p00,2,2706.152597,181.25,0.031593779,218745.172,0.707168278,1.25
Chad,14,15,Chad_lat14p00_lon15p00,3,3834.64361,181.25,0.007018077,48590.91074,0.689618071,1.25
Chad,14,15,Chad_lat14p00_lon15p00,4,5433.725959,181.25,0.005243759,36306.1013,0.895877404,1.25
Chad,14,15,Chad_lat14p00_lon15p00,5,8648.245934,161.25,0.00070563,4885.554208,0.952818794,-18.75
Chad,14,15.25,Chad_lat14p00_lon15p25,1,354.2784382,151.25,1,13674687.1,0.969026396,-28.75
Chad,14,15.25,Chad_lat14p00_lon15p25,2,1604.328118,163.75,0.179874866,2459732.505,0.327081506,-16.25
Chad,14,15.25,Chad_lat14p00_lon15p25,3,2706.152597,186.25,0.01605192,219504.9822,0.490679723,6.25
Chad,14,15.25,Chad_lat14p00_lon15p25,4,3834.64361,253.75,0.002655897,36318.55424,0.462782833,73.75
Chad,14,15.25,Chad_lat14p00_lon15p25,5,5433.725959,191.25,0.000669973,9161.673944,0.443510819,11.25
Chad,14,15.25,Chad_lat14p00_lon15p25,6,9165.513867,181.25,0.00019048,2604.750486,0.853362969,1.25
Chad,14,15.5,Chad_lat14p00_lon15p50,1,354.2784382,191.25,1,10849494.6,0.909314755,11.25
Chad,14,15.5,Chad_lat14p00_lon15p50,2,2706.152597,253.75,0.011216619,121694.6439,0.224809737,73.75
Chad,14,15.5,Chad_lat14p00_lon15p50,3,3834.64361,188.75,0.003893044,42237.56371,0.852911382,8.75
Chad,14,15.5,Chad_lat14p00_lon15p50,4,5433.725959,191.25,0.000728307,7901.767391,0.569600696,11.25
Chad,14,15.5,Chad_lat14p00_lon15p50,5,7699.640646,236.25,8.78E-05,952.1379979,1,56.25
Chad,14,15.75,Chad_lat14p00_lon15p75,1,375.4685011,173.75,1,22165000.2,0.944329742,-6.25
Chad,14,15.75,Chad_lat14p00_lon15p75,2,846.7915844,123.75,0.378575531,8391126.722,0.321400255,-56.25
Chad,14,15.75,Chad_lat14p00_lon15p75,3,2706.152597,156.25,0.00424603,94113.24571,0.325345206,-23.75
Chad,14,15.75,Chad_lat14p00_lon15p75,4,3834.64361,236.25,0.000636012,14097.20786,0.626867441,56.25
Chad,14,15.75,Chad_lat14p00_lon15p75,5,6855.085589,91.25,0.000359437,7966.922649,1,-88.75
Chad,14,16,Chad_lat14p00_lon16p00,1,563.8648481,181.25,1,90861370.9,0.978944356,1.25
Chad,14,16,Chad_lat14p00_lon16p00,2,951.1173591,151.25,0.327994781,29802055.48,0.207238823,-28.75
Chad,14,16,Chad_lat14p00_lon16p00,3,2273.34799,138.75,0.01256353,1141539.591,0.246493206,-41.25
Chad,14,16,Chad_lat14p00_lon16p00,4,3414.030779,181.25,0.002276605,206855.4918,0.437460493,1.25
Chad,14,16,Chad_lat14p00_lon16p00,5,5433.725959,181.25,0.00069555,63198.62995,0.958212577,1.25
Chad,14,16,Chad_lat14p00_lon16p00,6,9165.513867,181.25,0.000179091,16272.43915,0.939251129,1.25
Chad,14,16.25,Chad_lat14p00_lon16p25,1,375.4685011,131.25,1,71315388.13,0.971447758,-48.75
Chad,14,16.25,Chad_lat14p00_lon16p25,2,2706.152597,128.75,0.002144971,152969.4217,0.32569311,-51.25
Chad,14,16.25,Chad_lat14p00_lon16p25,3,3834.64361,146.25,0.000308592,22007.33766,0.415464723,-33.75
Chad,14,16.25,Chad_lat14p00_lon16p25,4,5433.725959,181.25,0.000109239,7790.403957,0.622607695,1.25
Chad,14,16.25,Chad_lat14p00_lon16p25,5,9165.513867,91.25,3.79E-05,2699.931144,0.85398906,-88.75
Chad,14.25,13.5,Chad_lat14p25_lon13p50,1,532.0423875,151.25,1,66599471.91,0.990332211,-28.75
Chad,14.25,13.5,Chad_lat14p25_lon13p50,2,5433.725959,101.25,0.000164724,10970.49881,0.420732902,-78.75
Chad,14.25,13.5,Chad_lat14p25_lon13p50,3,8648.245934,161.25,6.25E-05,4160.33029,0.966608863,-18.75
Chad,14.25,13.75,Chad_lat14p25_lon13p75,1,633.3336976,176.25,1,135740341.3,0.992734627,-3.75
Chad,14.25,13.75,Chad_lat14p25_lon13p75,2,3834.64361,253.75,0.001281844,173997.992,0.38698927,73.75
Chad,14.25,13.75,Chad_lat14p25_lon13p75,3,5433.725959,181.25,0.000286665,38911.96172,0.600996856,1.25
Chad,14.25,13.75,Chad_lat14p25_lon13p75,4,7699.640646,146.25,4.86E-05,6596.543027,1,-33.75
Chad,14.25,14.25,Chad_lat14p25_lon14p25,1,473.6839381,246.25,1,20088555.9,0.925755649,66.25
Chad,14.25,14.25,Chad_lat14p25_lon14p25,2,897.4397893,238.75,0.496361938,9971194.54,0.254927942,58.75
Chad,14.25,14.25,Chad_lat14p25_lon14p25,3,2706.152597,258.75,0.008976636,180327.6471,0.377517151,78.75
Chad,14.25,14.25,Chad_lat14p25_lon14p25,4,3834.64361,261.25,0.00281966,56642.90053,0.483306866,81.25
Chad,14.25,14.25,Chad_lat14p25_lon14p25,5,5433.725959,168.75,0.000482433,9691.382172,0.584522605,-11.25
Chad,14.25,14.25,Chad_lat14p25_lon14p25,6,9165.513867,181.25,7.70E-05,1546.3693,0.61459724,1.25
Chad,14.25,14.5,Chad_lat14p25_lon14p50,1,117.4891495,228.75,1,14013679.77,0.94428352,48.75
Chad,14.25,14.5,Chad_lat14p25_lon14p50,2,799.0017781,233.75,0.760462025,10656871.3,0.256561265,53.75
Chad,14.25,14.5,Chad_lat14p25_lon14p50,3,2023.989919,111.25,0.075764807,1061743.737,0.254853085,-68.75
Chad,14.25,14.5,Chad_lat14p25_lon14p50,4,3039.553957,96.25,0.011086816,155367.0902,0.281611659,-83.75
Chad,14.25,14.5,Chad_lat14p25_lon14p50,5,4307.076464,231.25,0.00619812,86858.46514,0.583800351,51.25
Chad,14.25,14.5,Chad_lat14p25_lon14p50,6,6468.209741,223.75,0.000964175,13511.64414,1,43.75
Chad,14.25,14.5,Chad_lat14p25_lon14p50,7,8648.245934,108.75,0.000242021,3391.606108,0.686428259,-71.25
Chad,14.25,14.75,Chad_lat14p25_lon14p75,1,354.2784382,238.75,1,24963149.71,0.971204187,58.75
Chad,14.25,14.75,Chad_lat14p25_lon14p75,2,951.1173591,243.75,0.388991924,9710463.637,0.291230585,63.75
Chad,14.25,14.75,Chad_lat14p25_lon14p75,3,2706.152597,241.25,0.01652885,412612.1674,0.419825046,61.25
Chad,14.25,14.75,Chad_lat14p25_lon14p75,4,3834.64361,223.75,0.006560444,163769.3572,0.742560978,43.75
Chad,14.25,14.75,Chad_lat14p25_lon14p75,5,5433.725959,216.25,0.001719438,42922.59749,0.845586938,36.25
Chad,14.25,14.75,Chad_lat14p25_lon14p75,6,7699.640646,146.25,0.000579742,14472.18394,1,-33.75
Chad,14.25,15,Chad_lat14p25_lon15p00,1,131.9639586,231.25,1,11684369.69,0.956798454,51.25
Chad,14.25,15,Chad_lat14p25_lon15p00,2,502.0158696,181.25,0.844541958,9867940.454,0.21833118,1.25
Chad,14.25,15,Chad_lat14p25_lon15p00,3,2706.152597,181.25,0.021952469,256500.7594,0.333337442,1.25
Chad,14.25,15,Chad_lat14p25_lon15p00,4,3834.64361,188.75,0.006737787,78726.79536,0.581548468,8.75
Chad,14.25,15,Chad_lat14p25_lon15p00,5,5433.725959,231.25,0.002713088,31700.7244,0.391270187,51.25
Chad,14.25,15,Chad_lat14p25_lon15p00,6,7699.640646,213.75,0.001975407,23081.38081,1,33.75
Chad,14.25,15.25,Chad_lat14p25_lon15p25,1,473.6839381,161.25,0.935777357,14994879.38,0.29975183,-18.75
Chad,14.25,15.25,Chad_lat14p25_lon15p25,2,799.0017781,156.25,1,16023981.84,0.96610131,-23.75
Chad,14.25,15.25,Chad_lat14p25_lon15p25,3,3039.553957,243.75,0.005562982,89141.12852,0.209632454,63.75
Chad,14.25,15.25,Chad_lat14p25_lon15p25,4,4307.076464,251.25,0.000658622,10553.75391,0.313451876,71.25
Chad,14.25,15.25,Chad_lat14p25_lon15p25,5,6103.167745,243.75,0.000141354,2265.054985,1,63.75
Chad,14.25,15.25,Chad_lat14p25_lon15p25,6,9165.513867,91.25,9.54E-05,1528.033541,0.928854025,-88.75
Chad,14.25,15.5,Chad_lat14p25_lon15p50,1,264.9724883,198.75,1,8352243.183,0.928722726,18.75
Chad,14.25,15.5,Chad_lat14p25_lon15p50,2,3834.64361,146.25,0.002853268,23831.18995,0.779829024,-33.75
Chad,14.25,15.5,Chad_lat14p25_lon15p50,3,5433.725959,168.75,0.000744631,6219.336962,0.673585669,-11.25
Chad,14.25,15.5,Chad_lat14p25_lon15p50,4,8648.245934,108.75,0.000408437,3411.361262,0.846343464,-71.25
Chad,14.25,15.75,Chad_lat14p25_lon15p75,1,222.5944962,148.75,1,13871663.37,0.951178392,-31.25
Chad,14.25,15.75,Chad_lat14p25_lon15p75,2,2706.152597,231.25,0.010801053,149828.5775,0.464679398,51.25
Chad,14.25,15.75,Chad_lat14p25_lon15p75,3,3834.64361,171.25,0.004041606,56063.80335,0.571296146,-8.75
Chad,14.25,15.75,Chad_lat14p25_lon15p75,4,5433.725959,231.25,0.00074735,10366.99273,0.451291997,51.25
Chad,14.25,15.75,Chad_lat14p25_lon15p75,5,7699.640646,213.75,0.000272905,3785.641603,1,33.75
Chad,14.25,16,Chad_lat14p25_lon16p00,1,473.6839381,181.25,1,3531944.107,0.955735444,1.25
Chad,14.25,16,Chad_lat14p25_lon16p00,2,633.3336976,181.25,0.87665873,3096309.635,0.235756092,1.25
Chad,14.25,16,Chad_lat14p25_lon16p00,3,2145.048581,181.25,0.01747316,61714.22388,0.290761213,1.25
Chad,14.25,16,Chad_lat14p25_lon16p00,4,3039.553957,181.25,0.00813912,28746.91765,0.861904626,1.25
Chad,14.25,16,Chad_lat14p25_lon16p00,5,4564.690847,181.25,0.003249053,11475.47511,0.948010833,1.25
Chad,14.25,16,Chad_lat14p25_lon16p00,6,6855.085589,181.25,0.001590142,5616.293399,1,1.25
Chad,14.25,16,Chad_lat14p25_lon16p00,7,9165.513867,181.25,0.001031739,3644.04359,0.986447423,1.25
Chad,14.25,16.25,Chad_lat14p25_lon16p25,1,633.3336976,198.75,1,38106530.05,0.972925618,18.75
Chad,14.25,16.25,Chad_lat14p25_lon16p25,2,2145.048581,166.25,0.021611588,823542.623,0.206048449,-13.75
Chad,14.25,16.25,Chad_lat14p25_lon16p25,3,3834.64361,253.75,0.000988259,37659.10624,0.645476774,73.75
Chad,14.25,16.25,Chad_lat14p25_lon16p25,4,5433.725959,91.25,0.000184011,7012.03144,0.652703191,-88.75
Chad,14.25,16.25,Chad_lat14p25_lon16p25,5,9165.513867,181.25,3.36E-05,1281.135312,0.902111166,1.25
Chad,14.25,16.5,Chad_lat14p25_lon16p50,1,375.4685011,171.25,1,44830564.73,0.9709387,-8.75
Chad,14.25,16.5,Chad_lat14p25_lon16p50,2,2145.048581,183.75,0.015600008,699357.1862,0.303662555,3.75
Chad,14.25,16.5,Chad_lat14p25_lon16p50,3,3834.64361,163.75,0.001468903,65851.73572,0.702787253,-16.25
Chad,14.25,16.5,Chad_lat14p25_lon16p50,4,5433.725959,231.25,0.000358369,16065.90172,0.730762576,51.25
Chad,14.25,16.5,Chad_lat14p25_lon16p50,5,9165.513867,91.25,0.000127218,5703.248301,0.90260542,-88.75
Chad,14.5,13.75,Chad_lat14p50_lon13p75,1,354.2784382,91.25,1,16495429.62,0.963974808,-88.75
Chad,14.5,13.75,Chad_lat14p50_lon13p75,2,633.3336976,148.75,0.978534488,16141346.78,0.200841601,-31.25
Chad,14.5,13.75,Chad_lat14p50_lon13p75,3,3834.64361,136.25,0.004506586,74338.06862,0.653969629,-43.75
Chad,14.5,13.75,Chad_lat14p50_lon13p75,4,5433.725959,168.75,0.000547218,9026.591505,0.532653174,-11.25
Chad,14.5,13.75,Chad_lat14p50_lon13p75,5,7699.640646,146.25,0.00011706,1930.958954,1,-33.75
Chad,14.5,14,Chad_lat14p50_lon14p00,1,41.29329946,181.25,1,20285730.11,0.898719505,1.25
Chad,14.5,14,Chad_lat14p50_lon14p00,2,2706.152597,258.75,0.005671033,115041.0529,0.284660092,78.75
Chad,14.5,14,Chad_lat14p50_lon14p00,3,3834.64361,188.75,0.001625828,32981.11365,0.450338014,8.75
Chad,14.5,14,Chad_lat14p50_lon14p00,4,5433.725959,101.25,0.00064717,13128.31554,0.643711509,-78.75
Chad,14.5,14,Chad_lat14p50_lon14p00,5,8648.245934,198.75,0.000158499,3215.275847,0.838167978,18.75
Chad,14.5,15.25,Chad_lat14p50_lon15p25,1,117.4891495,221.25,1,10778606.27,0.963268357,41.25
Chad,14.5,15.25,Chad_lat14p50_lon15p25,2,1347.742218,243.75,0.086996891,937705.2392,0.228894219,63.75
Chad,14.5,15.25,Chad_lat14p50_lon15p25,3,3039.553957,243.75,0.006955049,74965.73379,0.615886833,63.75
Chad,14.5,15.25,Chad_lat14p50_lon15p25,4,4564.690847,261.25,0.002159395,23275.27035,0.784598911,81.25
Chad,14.5,15.25,Chad_lat14p50_lon15p25,5,6855.085589,91.25,0.000763562,8230.131938,1,-88.75
Chad,14.5,15.25,Chad_lat14p50_lon15p25,6,9165.513867,91.25,0.000322059,3471.342573,0.946936164,-88.75
Chad,14.5,15.5,Chad_lat14p50_lon15p50,1,375.4685011,181.25,1,13409842.78,0.942193657,1.25
Chad,14.5,15.5,Chad_lat14p50_lon15p50,2,3414.030779,173.75,0.003301316,44270.13334,0.459546974,-6.25
Chad,14.5,15.5,Chad_lat14p50_lon15p50,3,5433.725959,191.25,0.000335064,4493.151714,0.730985695,11.25
Chad,14.5,15.5,Chad_lat14p50_lon15p50,4,9165.513867,181.25,0.000149681,2007.203346,0.972644796,1.25
Chad,14.5,15.75,Chad_lat14p50_lon15p75,1,264.9724883,166.25,1,6777718.347,0.93984061,-13.75
Chad,14.5,15.75,Chad_lat14p50_lon15p75,2,3834.64361,236.25,0.002441563,16548.22693,0.547860105,56.25
Chad,14.5,15.75,Chad_lat14p50_lon15p75,3,5433.725959,191.25,0.000730767,4952.936087,0.673411295,11.25
Chad,14.5,15.75,Chad_lat14p50_lon15p75,4,9165.513867,91.25,0.000615254,4170.01889,0.953363004,-88.75
Chad,14.75,13.75,Chad_lat14p75_lon13p75,1,78.23412826,248.75,1,9358821.319,0.913966725,68.75
Chad,14.75,13.75,Chad_lat14p75_lon13p75,2,2023.989919,121.25,0.018635688,174408.0774,0.299969569,-58.75
Chad,14.75,13.75,Chad_lat14p75_lon13p75,3,3834.64361,236.25,0.001685256,15772.01148,0.503871573,56.25
Chad,14.75,13.75,Chad_lat14p75_lon13p75,4,6103.167745,243.75,0.000319707,2992.084924,1,63.75
Chad,14.75,13.75,Chad_lat14p75_lon13p75,5,9165.513867,181.25,0.000361078,3379.263845,0.453789618,1.25
Chad,14.75,14,Chad_lat14p75_lon14p00,1,124.5163975,188.75,1,25450375.51,0.943535226,8.75
Chad,14.75,14,Chad_lat14p75_lon14p00,2,1271.680598,163.75,0.096665334,2460169.043,0.224483578,-16.25
Chad,14.75,14,Chad_lat14p75_lon14p00,3,1700.286015,256.25,0.046371724,1180177.789,0.288963961,76.25
Chad,14.75,14,Chad_lat14p75_lon14p00,4,3039.553957,256.25,0.003367575,85706.03895,0.471079666,76.25
Chad,14.75,14,Chad_lat14p75_lon14p00,5,5433.725959,181.25,0.000374966,9543.01465,0.723181534,1.25
Chad,14.75,14,Chad_lat14p75_lon14p00,6,8648.245934,251.25,0.00028371,7220.517171,0.706789407,71.25
Chad,14.75,14.75,Chad_lat14p75_lon14p75,1,124.5163975,231.25,1,12187110.88,0.974539634,51.25
Chad,14.75,14.75,Chad_lat14p75_lon14p75,2,2273.34799,256.25,0.027631302,336745.7408,0.240345923,76.25
Chad,14.75,14.75,Chad_lat14p75_lon14p75,3,5433.725959,101.25,0.001244776,15170.22615,0.577064919,-78.75
Chad,14.75,14.75,Chad_lat14p75_lon14p75,4,8648.245934,251.25,0.00043612,5315.041115,0.669400245,71.25
Chad,14.75,15,Chad_lat14p75_lon15p00,1,139.8569723,231.25,1,14413734.25,0.967542635,51.25
Chad,14.75,15,Chad_lat14p75_lon15p00,2,2706.152597,96.25,0.017038401,245586.9818,0.248881587,-83.75
Chad,14.75,15,Chad_lat14p75_lon15p00,3,3834.64361,123.75,0.006851089,98749.7765,0.383578138,-56.25
Chad,14.75,15,Chad_lat14p75_lon15p00,4,5433.725959,231.25,0.002343604,33780.09225,0.390215615,51.25
Chad,14.75,15,Chad_lat14p75_lon15p00,5,7699.640646,123.75,0.000579907,8358.61908,1,-56.25
Chad,14.75,15.25,Chad_lat14p75_lon15p25,1,110.8584935,243.75,1,17866462.84,0.970458416,63.75
Chad,14.75,15.25,Chad_lat14p75_lon15p25,2,1347.742218,243.75,0.112620918,2012137.447,0.257787534,63.75
Chad,14.75,15.25,Chad_lat14p75_lon15p25,3,2706.152597,106.25,0.010361106,185116.3156,0.511122884,-73.75
Chad,14.75,15.25,Chad_lat14p75_lon15p25,4,3834.64361,253.75,0.001941262,34683.47706,0.578415216,73.75
Chad,14.75,15.25,Chad_lat14p75_lon15p25,5,5433.725959,258.75,0.000967448,17284.87642,0.805962551,78.75
Chad,14.75,15.25,Chad_lat14p75_lon15p25,6,8648.245934,198.75,0.000399987,7146.3474,0.852944756,18.75
Chad,14.75,15.5,Chad_lat14p75_lon15p50,1,110.8584935,246.25,1,12583833.99,0.966327828,66.25
Chad,14.75,15.5,Chad_lat14p75_lon15p50,2,2706.152597,191.25,0.010142654,127633.4711,0.274039094,11.25
Chad,14.75,15.5,Chad_lat14p75_lon15p50,3,5433.725959,258.75,0.000834617,10502.68033,0.742005647,78.75
Chad,14.75,15.5,Chad_lat14p75_lon15p50,4,7699.640646,146.25,0.000187544,2360.018424,1,-33.75
Chad,14.75,15.75,Chad_lat14p75_lon15p75,1,354.2784382,231.25,1,5742287.47,0.952847377,51.25
Chad,14.75,15.75,Chad_lat14p75_lon15p75,2,3834.64361,171.25,0.002139128,12283.48552,0.540116858,-8.75
Chad,14.75,15.75,Chad_lat14p75_lon15p75,3,5433.725959,231.25,0.001091,6264.832922,0.635864154,51.25
Chad,14.75,15.75,Chad_lat14p75_lon15p75,4,9165.513867,181.25,0.000640037,3675.278473,0.9705923,1.25
Chad,14.75,16,Chad_lat14p75_lon16p00,1,131.9639586,216.25,1,12540371.6,0.979887058,36.25
Chad,14.75,16,Chad_lat14p75_lon16p00,2,2409.32123,181.25,0.015335125,192308.1678,0.405106766,1.25
Chad,14.75,16,Chad_lat14p75_lon16p00,3,3414.030779,181.25,0.003404904,42698.75682,0.519237213,1.25
Chad,14.75,16,Chad_lat14p75_lon16p00,4,4564.690847,181.25,0.00320199,40154.14563,0.794010202,1.25
Chad,14.75,16,Chad_lat14p75_lon16p00,5,6855.085589,181.25,0.000572557,7180.081247,1,1.25
Chad,14.75,16,Chad_lat14p75_lon16p00,6,9165.513867,181.25,0.000438145,5494.501716,0.904840946,1.25
Chad,14.75,16.25,Chad_lat14p75_lon16p25,1,176.4409031,208.75,1,23057372.4,0.983088043,28.75
Chad,14.75,16.25,Chad_lat14p75_lon16p25,2,1132.193013,141.25,0.239359497,5519001.059,0.313944051,-38.75
Chad,14.75,16.25,Chad_lat14p75_lon16p25,3,3834.64361,123.75,0.004278672,98654.93106,0.751453261,-56.25
Chad,14.75,16.25,Chad_lat14p75_lon16p25,4,5433.725959,91.25,0.001009434,23274.90054,0.785914752,-88.75
Chad,14.75,16.25,Chad_lat14p75_lon16p25,5,8648.245934,198.75,0.00039748,9164.854298,0.555291627,18.75
Chad,14.75,16.5,Chad_lat14p75_lon16p50,1,210.0320805,156.25,1,25061722.98,0.971852111,-23.75
Chad,14.75,16.5,Chad_lat14p75_lon16p50,2,1700.286015,158.75,0.048925606,1226159.987,0.231019924,-21.25
Chad,14.75,16.5,Chad_lat14p75_lon16p50,3,3414.030779,238.75,0.001595756,39992.38828,0.24323457,58.75
Chad,14.75,16.5,Chad_lat14p75_lon16p50,4,5433.725959,101.25,0.000488098,12232.5844,0.612156833,-78.75
Chad,14.75,16.5,Chad_lat14p75_lon16p50,5,9165.513867,181.25,0.000122862,3079.140857,0.796169706,1.25
Chad,15,11.5,Chad_lat15p00_lon11p50,1,250.0184145,236.25,1,22630663.97,0.977489288,56.25
Chad,15,11.5,Chad_lat15p00_lon11p50,2,2145.048581,148.75,0.009951512,225209.3322,0.259043916,-31.25
Chad,15,11.5,Chad_lat15p00_lon11p50,3,3834.64361,223.75,0.000879583,19905.54642,0.434069576,43.75
Chad,15,11.5,Chad_lat15p00_lon11p50,4,5433.725959,101.25,0.000213005,4820.435906,0.489960683,-78.75
Chad,15,11.5,Chad_lat15p00_lon11p50,5,7699.640646,213.75,0.000171521,3881.634847,1,33.75
Chad,15,12.5,Chad_lat15p00_lon12p50,1,98.69869206,218.75,1,26494867.82,0.963340959,38.75
Chad,15,12.5,Chad_lat15p00_lon12p50,2,2553.427285,96.25,0.006625639,175545.4365,0.36617085,-83.75
Chad,15,12.5,Chad_lat15p00_lon12p50,3,3834.64361,181.25,0.000968407,25657.82745,0.214740692,1.25
Chad,15,12.5,Chad_lat15p00_lon12p50,4,5433.725959,168.75,0.000445359,11799.72341,0.310240221,-11.25
Chad,15,12.5,Chad_lat15p00_lon12p50,5,7699.640646,213.75,0.000103307,2737.100554,1,33.75
Chad,15,12.75,Chad_lat15p00_lon12p75,1,98.69869206,233.75,1,21040014.67,0.943844149,53.75
Chad,15,12.75,Chad_lat15p00_lon12p75,2,532.0423875,126.25,0.394282072,8295700.576,0.218849944,-53.75
Chad,15,12.75,Chad_lat15p00_lon12p75,3,2706.152597,253.75,0.005866303,123427.0939,0.46712638,73.75
Chad,15,12.75,Chad_lat15p00_lon12p75,4,5433.725959,128.75,0.000460968,9698.764869,0.83309485,-51.25
Chad,15,12.75,Chad_lat15p00_lon12p75,5,9165.513867,181.25,9.35E-05,1966.736617,0.709684386,1.25
Chad,15,13,Chad_lat15p00_lon13p00,1,104.6020474,253.75,0.879640918,17144495.17,0.288588964,73.75
Chad,15,13,Chad_lat15p00_lon13p00,2,375.4685011,123.75,1,19490333.85,0.971727205,-56.25
Chad,15,13,Chad_lat15p00_lon13p00,3,1271.680598,131.25,0.181695744,3541310.707,0.281971948,-48.75
Chad,15,13,Chad_lat15p00_lon13p00,4,3414.030779,91.25,0.001034868,20169.91572,0.399454404,-88.75
Chad,15,13,Chad_lat15p00_lon13p00,5,5433.725959,258.75,0.000446047,8693.601073,0.797680178,78.75
Chad,15,13,Chad_lat15p00_lon13p00,6,9165.513867,91.25,0.000198156,3862.132205,0.930263127,-88.75
Chad,15,13.5,Chad_lat15p00_lon13p50,1,139.8569723,228.75,1,21720384.93,0.967723755,48.75
Chad,15,13.5,Chad_lat15p00_lon13p50,2,1347.742218,243.75,0.073514534,1596763.972,0.287783901,63.75
Chad,15,13.5,Chad_lat15p00_lon13p50,3,3039.553957,263.75,0.003059985,66464.05223,0.536522867,83.75
Chad,15,13.5,Chad_lat15p00_lon13p50,4,5433.725959,101.25,0.000402436,8741.061903,0.733974984,-78.75
Chad,15,13.5,Chad_lat15p00_lon13p50,5,8648.245934,198.75,0.000115782,2514.838063,0.862328231,18.75
Chad,15,13.75,Chad_lat15p00_lon13p75,1,98.69869206,246.25,1,21823468.93,0.97444943,66.25
Chad,15,13.75,Chad_lat15p00_lon13p75,2,2273.34799,176.25,0.053935838,1177067.085,0.362867983,-3.75
Chad,15,13.75,Chad_lat15p00_lon13p75,3,4564.690847,148.75,0.000665689,14527.63257,0.233543286,-31.25
Chad,15,13.75,Chad_lat15p00_lon13p75,4,6855.085589,256.25,0.000279215,6093.442238,1,76.25
Chad,15,13.75,Chad_lat15p00_lon13p75,5,9165.513867,181.25,0.000138577,3024.228052,0.9440931,1.25
Chad,15,14,Chad_lat15p00_lon14p00,1,98.69869206,241.25,1,21467651.28,0.978075257,61.25
Chad,15,14,Chad_lat15p00_lon14p00,2,502.0158696,216.25,0.868150685,18637156.16,0.268564479,36.25
Chad,15,14,Chad_lat15p00_lon14p00,3,2273.34799,176.25,0.038100863,817936.0502,0.326057633,-3.75
Chad,15,14,Chad_lat15p00_lon14p00,4,3414.030779,256.25,0.004341918,93210.79078,0.544577147,76.25
Chad,15,14,Chad_lat15p00_lon14p00,5,5433.725959,128.75,0.000709524,15231.80504,0.694916889,-51.25
Chad,15,14,Chad_lat15p00_lon14p00,6,8648.245934,251.25,0.000303541,6516.302256,0.650946766,71.25
Chad,15,14.5,Chad_lat15p00_lon14p50,1,117.4891495,241.25,1,15574074.81,0.968517317,61.25
Chad,15,14.5,Chad_lat15p00_lon14p50,2,2409.32123,193.75,0.021465216,334300.8821,0.22229212,13.75
Chad,15,14.5,Chad_lat15p00_lon14p50,3,3221.355423,193.75,0.007410979,115419.1356,0.281386614,13.75
Chad,15,14.5,Chad_lat15p00_lon14p50,4,4307.076464,198.75,0.004470961,69631.08126,0.77987087,18.75
Chad,15,14.5,Chad_lat15p00_lon14p50,5,6468.209741,193.75,0.001773308,27617.62819,1,13.75
Chad,15,14.5,Chad_lat15p00_lon14p50,6,8648.245934,198.75,0.00074275,11567.63676,0.918854665,18.75
Chad,15,14.75,Chad_lat15p00_lon14p75,1,131.9639586,241.25,1,31600910.36,0.977498107,61.25
Chad,15,14.75,Chad_lat15p00_lon14p75,2,2023.989919,158.75,0.030227034,955201.8,0.29797782,-21.25
Chad,15,14.75,Chad_lat15p00_lon14p75,3,3834.64361,253.75,0.002476794,78268.95735,0.563052634,73.75
Chad,15,14.75,Chad_lat15p00_lon14p75,4,5433.725959,216.25,0.000576111,18205.62092,0.603026929,36.25
Chad,15,14.75,Chad_lat15p00_lon14p75,5,9165.513867,181.25,0.00010625,3357.593753,0.719798011,1.25
Chad,15,15,Chad_lat15p00_lon15p00,1,421.7266867,218.75,1,22859485.42,0.977335777,38.75
Chad,15,15,Chad_lat15p00_lon15p00,2,2706.152597,181.25,0.020254359,463004.2253,0.296662874,1.25
Chad,15,15,Chad_lat15p00_lon15p00,3,3834.64361,181.25,0.005946075,135924.2139,0.669149046,1.25
Chad,15,15,Chad_lat15p00_lon15p00,4,5433.725959,181.25,0.001406178,32144.51141,0.91406336,1.25
Chad,15,15,Chad_lat15p00_lon15p00,5,7699.640646,213.75,0.000146167,3341.294348,1,33.75
Chad,15,15.25,Chad_lat15p00_lon15p25,1,446.9509568,188.75,1,23224638.44,0.973499474,8.75
Chad,15,15.25,Chad_lat15p00_lon15p25,2,2273.34799,146.25,0.026869817,624041.786,0.413229327,-33.75
Chad,15,15.25,Chad_lat15p00_lon15p25,3,3039.553957,91.25,0.006330557,147024.8979,0.393588283,-88.75
Chad,15,15.25,Chad_lat15p00_lon15p25,4,4307.076464,231.25,0.000866948,20134.54321,0.533994721,51.25
Chad,15,15.25,Chad_lat15p00_lon15p25,5,6103.167745,116.25,0.000188274,4372.604773,1,-63.75
Chad,15,15.25,Chad_lat15p00_lon15p25,6,9165.513867,181.25,0.000295984,6874.112844,0.882741139,1.25
Chad,15,15.5,Chad_lat15p00_lon15p50,1,315.4184887,238.75,1,16211224.55,0.977491432,58.75
Chad,15,15.5,Chad_lat15p00_lon15p50,2,2706.152597,241.25,0.011708233,189804.7878,0.272444167,61.25
Chad,15,15.5,Chad_lat15p00_lon15p50,3,3834.64361,261.25,0.003247951,52653.26163,0.402980883,81.25
Chad,15,15.5,Chad_lat15p00_lon15p50,4,5433.725959,258.75,0.001203596,19511.77044,0.836262115,78.75
Chad,15,15.5,Chad_lat15p00_lon15p50,5,8648.245934,251.25,0.000197227,3197.289611,0.713794328,71.25
Chad,15,15.75,Chad_lat15p00_lon15p75,1,446.9509568,231.25,1,17773940.88,0.97782658,51.25
Chad,15,15.75,Chad_lat15p00_lon15p75,2,3414.030779,263.75,0.002685501,47731.9281,0.507834553,83.75
Chad,15,15.75,Chad_lat15p00_lon15p75,3,5433.725959,181.25,0.001079587,19188.51674,0.796296355,1.25
Chad,15,15.75,Chad_lat15p00_lon15p75,4,8648.245934,161.25,0.000112924,2007.1093,0.574344719,-18.75
Chad,15,16,Chad_lat15p00_lon16p00,1,176.4409031,203.75,1,23916782.38,0.986431993,23.75
Chad,15,16,Chad_lat15p00_lon16p00,2,1513.785733,181.25,0.070236594,1679833.337,0.292135097,1.25
Chad,15,16,Chad_lat15p00_lon16p00,3,2273.34799,181.25,0.022364827,534894.7061,0.539297684,1.25
Chad,15,16,Chad_lat15p00_lon16p00,4,3414.030779,181.25,0.008414003,201235.8808,0.842876975,1.25
Chad,15,16,Chad_lat15p00_lon16p00,5,5433.725959,181.25,0.002243368,53654.13419,0.924788763,1.25
Chad,15,16,Chad_lat15p00_lon16p00,6,9165.513867,181.25,0.000692844,16570.59318,0.945830749,1.25
Chad,15,16.25,Chad_lat15p00_lon16p25,1,157.087525,156.25,1,9198061.397,0.966343873,-23.75
Chad,15,16.25,Chad_lat15p00_lon16p25,2,2706.152597,191.25,0.021555943,198272.8832,0.469454268,11.25
Chad,15,16.25,Chad_lat15p00_lon16p25,3,3834.64361,106.25,0.004224274,38855.13508,0.294736383,-73.75
Chad,15,16.25,Chad_lat15p00_lon16p25,4,5433.725959,258.75,0.001360682,12515.6408,0.428392146,78.75
Chad,15,16.25,Chad_lat15p00_lon16p25,5,7699.640646,213.75,0.000682547,6278.113709,1,33.75
Chad,15,16.5,Chad_lat15p00_lon16p50,1,264.9724883,143.75,1,9959132.659,0.979527707,-36.25
Chad,15,16.5,Chad_lat15p00_lon16p50,2,532.0423875,131.25,0.959685572,9557635.926,0.236139833,-48.75
Chad,15,16.5,Chad_lat15p00_lon16p50,3,3834.64361,146.25,0.002234695,22255.62538,0.844466251,-33.75
Chad,15,16.5,Chad_lat15p00_lon16p50,4,5433.725959,91.25,0.000455905,4540.4152,0.839042844,-88.75
Chad,15,16.5,Chad_lat15p00_lon16p50,5,9165.513867,91.25,0.000165002,1643.275964,0.854599605,-88.75
Chad,15.25,12.5,Chad_lat15p25_lon12p50,1,98.69869206,258.75,1,15390472.88,0.949335215,78.75
Chad,15.25,12.5,Chad_lat15p25_lon12p50,2,1604.328118,156.25,0.119493257,1839057.727,0.223996899,-23.75
Chad,15.25,12.5,Chad_lat15p25_lon12p50,3,6855.085589,256.25,0.001096694,16878.63175,0.912302706,76.25
Chad,15.25,12.75,Chad_lat15p25_lon12p75,1,98.69869206,248.75,1,16811960.35,0.96808881,68.75
Chad,15.25,12.75,Chad_lat15p25_lon12p75,2,446.9509568,196.25,0.677675651,11393056.18,0.264298049,16.25
Chad,15.25,12.75,Chad_lat15p25_lon12p75,3,1513.785733,138.75,0.214033058,3598315.293,0.229436232,-41.25
Chad,15.25,12.75,Chad_lat15p25_lon12p75,4,3221.355423,201.25,0.003863176,64947.56879,0.287998563,21.25
Chad,15.25,12.75,Chad_lat15p25_lon12p75,5,5127.066427,248.75,0.000412378,6932.878759,0.257223326,68.75
Chad,15.25,12.75,Chad_lat15p25_lon12p75,6,6855.085589,91.25,0.000369838,6217.695473,0.999066888,-88.75
Chad,15.25,13,Chad_lat15p25_lon13p00,1,110.8584935,256.25,1,17558615.92,0.971519122,76.25
Chad,15.25,13,Chad_lat15p25_lon13p00,2,446.9509568,181.25,0.958602034,16831724.93,0.282718171,1.25
Chad,15.25,13,Chad_lat15p25_lon13p00,3,1801.983335,156.25,0.192580398,3381445.236,0.395867535,-23.75
Chad,15.25,13,Chad_lat15p25_lon13p00,4,2706.152597,168.75,0.014122639,247973.992,0.398050078,-11.25
Chad,15.25,13,Chad_lat15p25_lon13p00,5,3834.64361,253.75,0.001918342,33683.4388,0.211641104,73.75
Chad,15.25,13,Chad_lat15p25_lon13p00,6,5433.725959,91.25,0.000660725,11601.40911,0.766941598,-88.75
Chad,15.25,13,Chad_lat15p25_lon13p00,7,9165.513867,91.25,0.00023032,4044.091971,0.974886466,-88.75
Chad,15.25,13.5,Chad_lat15p25_lon13p50,1,104.6020474,263.75,1,18596767.15,0.972292141,83.75
Chad,15.25,13.5,Chad_lat15p25_lon13p50,2,446.9509568,266.25,0.832721894,15485935.16,0.264487175,86.25
Chad,15.25,13.5,Chad_lat15p25_lon13p50,3,1801.983335,173.75,0.079597091,1480248.572,0.504368757,-6.25
Chad,15.25,13.5,Chad_lat15p25_lon13p50,4,3039.553957,103.75,0.003827374,71176.78435,0.445533222,-76.25
Chad,15.25,13.5,Chad_lat15p25_lon13p50,5,4307.076464,251.25,0.000890985,16569.43722,0.354116698,71.25
Chad,15.25,13.5,Chad_lat15p25_lon13p50,6,6855.085589,91.25,0.000107246,1994.435626,1,-88.75
Chad,15.25,13.5,Chad_lat15p25_lon13p50,7,9165.513867,91.25,0.000108188,2011.947563,0.84042685,-88.75
Chad,15.25,13.75,Chad_lat15p25_lon13p75,1,117.4891495,253.75,1,30880055.63,0.977914268,73.75
Chad,15.25,13.75,Chad_lat15p25_lon13p75,2,375.4685011,268.75,0.931522984,28765481.57,0.253462197,88.75
Chad,15.25,13.75,Chad_lat15p25_lon13p75,3,2706.152597,151.25,0.011358933,350764.4864,0.338312897,-28.75
Chad,15.25,13.75,Chad_lat15p25_lon13p75,4,3834.64361,253.75,0.001552667,47946.45301,0.568636347,73.75
Chad,15.25,13.75,Chad_lat15p25_lon13p75,5,5433.725959,191.25,0.000431754,13332.5748,0.577893407,11.25
Chad,15.25,13.75,Chad_lat15p25_lon13p75,6,9165.513867,91.25,3.22E-05,993.7701887,0.604233187,-88.75
Chad,15.25,14,Chad_lat15p25_lon14p00,1,117.4891495,231.25,1,16211522.41,0.969761639,51.25
Chad,15.25,14,Chad_lat15p25_lon14p00,2,473.6839381,253.75,0.760163836,12323413.06,0.32591897,73.75
Chad,15.25,14,Chad_lat15p25_lon14p00,3,1132.193013,91.25,0.168949734,2738932.397,0.230002977,-88.75
Chad,15.25,14,Chad_lat15p25_lon14p00,4,2023.989919,176.25,0.039639755,642620.776,0.276068084,-3.75
Chad,15.25,14,Chad_lat15p25_lon14p00,5,2706.152597,263.75,0.008594644,139332.2682,0.319008346,83.75
Chad,15.25,14,Chad_lat15p25_lon14p00,6,3834.64361,253.75,0.001141836,18510.90089,0.66472717,73.75
Chad,15.25,14,Chad_lat15p25_lon14p00,7,5433.725959,258.75,0.000218767,3546.5483,0.691311152,78.75
Chad,15.25,14,Chad_lat15p25_lon14p00,8,9165.513867,181.25,0.00019491,3159.788007,0.983559435,1.25
Chad,15.25,14.5,Chad_lat15p25_lon14p50,1,98.69869206,251.25,0.723126512,18540420.03,0.207724235,71.25
Chad,15.25,14.5,Chad_lat15p25_lon14p50,2,473.6839381,206.25,1,25639248.07,0.962692626,26.25
Chad,15.25,14.5,Chad_lat15p25_lon14p50,3,2273.34799,176.25,0.019813982,508015.5895,0.344389348,-3.75
Chad,15.25,14.5,Chad_lat15p25_lon14p50,4,3834.64361,253.75,0.002129953,54610.40084,0.483967875,73.75
Chad,15.25,14.5,Chad_lat15p25_lon14p50,5,5433.725959,231.25,0.000521859,13380.07032,0.678221414,51.25
Chad,15.25,14.5,Chad_lat15p25_lon14p50,6,9165.513867,91.25,0.00018276,4685.831663,0.942845362,-88.75
Chad,15.25,15,Chad_lat15p25_lon15p00,1,375.4685011,226.25,1,30189770.53,0.973151009,46.25
Chad,15.25,15,Chad_lat15p25_lon15p00,2,2706.152597,253.75,0.011750518,354745.4351,0.373135553,73.75
Chad,15.25,15,Chad_lat15p25_lon15p00,3,3834.64361,181.25,0.002329595,70329.94938,0.848826105,1.25
Chad,15.25,15,Chad_lat15p25_lon15p00,4,5433.725959,101.25,0.000599693,18104.58421,0.494628649,-78.75
Chad,15.25,15,Chad_lat15p25_lon15p00,5,9165.513867,91.25,0.000203264,6136.498541,0.991784412,-88.75
Chad,15.5,12.5,Chad_lat15p50_lon12p50,1,502.0158696,203.75,1,20922153.49,0.97880808,23.75
Chad,15.5,12.5,Chad_lat15p50_lon12p50,2,671.2145829,116.25,0.801681926,16772912.31,0.218808933,-63.75
Chad,15.5,12.5,Chad_lat15p50_lon12p50,3,1428.353227,221.25,0.146051895,3055720.163,0.292531728,41.25
Chad,15.5,12.5,Chad_lat15p50_lon12p50,4,3414.030779,256.25,0.004964678,103871.7505,0.207634494,76.25
Chad,15.5,12.5,Chad_lat15p50_lon12p50,5,4564.690847,98.75,0.001031123,21573.31983,0.799274868,-81.25
Chad,15.5,12.5,Chad_lat15p50_lon12p50,6,6855.085589,256.25,0.000290128,6070.10278,0.759020637,76.25
Chad,15.5,12.75,Chad_lat15p50_lon12p75,1,502.0158696,181.25,1,18813423.83,0.988394096,1.25
Chad,15.5,12.75,Chad_lat15p50_lon12p75,2,2145.048581,181.25,0.048971306,921317.9282,0.316707556,1.25
Chad,15.5,12.75,Chad_lat15p50_lon12p75,3,3039.553957,181.25,0.016724095,314637.4833,0.770609079,1.25
Chad,15.5,12.75,Chad_lat15p50_lon12p75,4,4564.690847,181.25,0.006838905,128663.209,0.973556566,1.25
Chad,15.5,12.75,Chad_lat15p50_lon12p75,5,6855.085589,181.25,0.002533675,47667.09252,0.976085366,1.25
Chad,15.5,12.75,Chad_lat15p50_lon12p75,6,9165.513867,181.25,0.002007675,37771.24116,0.986125227,1.25
Chad,15.5,13,Chad_lat15p50_lon13p00,1,563.8648481,206.25,1,17162097.37,0.986429363,26.25
Chad,15.5,13,Chad_lat15p50_lon13p00,2,1428.353227,96.25,0.182973476,3140208.603,0.22114555,-83.75
Chad,15.5,13,Chad_lat15p50_lon13p00,3,3039.553957,141.25,0.001713521,29407.616,0.409572767,-38.75
Chad,15.5,13,Chad_lat15p50_lon13p00,4,5433.725959,128.75,0.000469467,8057.037825,0.594260199,-51.25
Chad,15.5,13,Chad_lat15p50_lon13p00,5,9165.513867,181.25,8.42E-05,1444.22541,0.825815046,1.25
Chad,15.5,13.25,Chad_lat15p50_lon13p25,1,110.8584935,266.25,1,10889385.72,0.973062137,86.25
Chad,15.5,13.25,Chad_lat15p50_lon13p25,2,473.6839381,91.25,0.966917881,10529141.77,0.249712441,-88.75
Chad,15.5,13.25,Chad_lat15p50_lon13p25,3,1428.353227,258.75,0.183825266,2001744.23,0.372349983,78.75
Chad,15.5,13.25,Chad_lat15p50_lon13p25,4,3834.64361,261.25,0.001600624,17429.81124,0.714160141,81.25
Chad,15.5,13.25,Chad_lat15p50_lon13p25,5,5433.725959,258.75,0.00040221,4379.818353,0.701623137,78.75
Chad,15.5,13.25,Chad_lat15p50_lon13p25,6,7699.640646,213.75,6.98E-05,760.2199379,1,33.75
Chad,15.5,13.5,Chad_lat15p50_lon13p50,1,446.9509568,93.75,1,12460629.28,0.972912131,-86.25
Chad,15.5,13.5,Chad_lat15p50_lon13p50,2,3834.64361,223.75,0.003355917,41816.84,0.420420314,43.75
Chad,15.5,13.5,Chad_lat15p50_lon13p50,3,5433.725959,191.25,0.000500458,6236.020429,0.233093788,11.25
Chad,15.5,13.5,Chad_lat15p50_lon13p50,4,8648.245934,251.25,0.00024424,3043.383413,0.59041925,71.25
Chad,15.5,13.75,Chad_lat15p50_lon13p75,1,473.6839381,208.75,1,16022597.48,0.974344773,28.75
Chad,15.5,13.75,Chad_lat15p50_lon13p75,2,1199.911617,256.25,0.291726129,4674210.345,0.272973346,76.25
Chad,15.5,13.75,Chad_lat15p50_lon13p75,3,3039.553957,243.75,0.006884817,110312.6547,0.485512864,63.75
Chad,15.5,13.75,Chad_lat15p50_lon13p75,4,4564.690847,98.75,0.000771027,12353.85735,0.69380019,-81.25
Chad,15.5,13.75,Chad_lat15p50_lon13p75,5,6468.209741,223.75,0.000167642,2686.054106,1,43.75
Chad,15.5,13.75,Chad_lat15p50_lon13p75,6,9165.513867,91.25,6.93E-05,1110.687031,0.691442005,-88.75
Chad,15.5,15.25,Chad_lat15p50_lon15p25,1,446.9509568,228.75,1,6134319.371,0.967852012,48.75
Chad,15.5,15.25,Chad_lat15p50_lon15p25,2,3834.64361,123.75,0.000913642,5604.573465,0.422692832,-56.25
Chad,15.5,15.25,Chad_lat15p50_lon15p25,3,5433.725959,91.25,0.000256643,1574.330603,0.513236644,-88.75
Chad,15.5,15.25,Chad_lat15p50_lon15p25,4,9165.513867,181.25,0.000227323,1394.46963,0.900255328,1.25
Chad,15.5,15.5,Chad_lat15p50_lon15p50,1,264.9724883,253.75,1,13038024.74,0.981372121,73.75
Chad,15.5,15.5,Chad_lat15p50_lon15p50,2,2706.152597,258.75,0.00616246,80346.309,0.697867246,78.75
Chad,15.5,15.5,Chad_lat15p50_lon15p50,3,3834.64361,146.25,0.001356677,17688.39178,0.756246745,-33.75
Chad,15.5,15.5,Chad_lat15p50_lon15p50,4,5433.725959,101.25,0.000552952,7209.395468,0.795286652,-78.75
Chad,15.5,15.5,Chad_lat15p50_lon15p50,5,7699.640646,123.75,0.00015547,2027.022396,1,-56.25
Chad,15.75,12.5,Chad_lat15p75_lon12p50,1,563.8648481,223.75,1,11762294.84,0.968202935,43.75
Chad,15.75,12.5,Chad_lat15p75_lon12p50,2,3039.553957,236.25,0.009588337,112780.8486,0.500417302,56.25
Chad,15.75,12.5,Chad_lat15p75_lon12p50,3,4564.690847,261.25,0.001461714,17193.1081,0.680153952,81.25
Chad,15.75,12.5,Chad_lat15p75_lon12p50,4,6855.085589,181.25,8.70E-05,1022.852998,0.56980053,1.25
Chad,15.75,12.5,Chad_lat15p75_lon12p50,5,9165.513867,91.25,0.000258047,3035.224949,0.977292191,-88.75
Chad,15.75,12.75,Chad_lat15p75_lon12p75,1,597.5906703,181.25,1,15699905.41,0.97620871,1.25
Chad,15.75,12.75,Chad_lat15p75_lon12p75,2,1068.296199,181.25,0.537964109,8445985.619,0.221296405,1.25
Chad,15.75,12.75,Chad_lat15p75_lon12p75,3,2145.048581,181.25,0.103466957,1624421.439,0.231645115,1.25
Chad,15.75,12.75,Chad_lat15p75_lon12p75,4,3039.553957,181.25,0.023373815,366966.6919,0.698834105,1.25
Chad,15.75,12.75,Chad_lat15p75_lon12p75,5,4564.690847,181.25,0.010216206,160393.4689,0.929003518,1.25
Chad,15.75,12.75,Chad_lat15p75_lon12p75,6,6855.085589,181.25,0.003113142,48876.0393,0.969897383,1.25
Chad,15.75,12.75,Chad_lat15p75_lon12p75,7,9165.513867,181.25,0.001480813,23248.63009,0.969359594,1.25
Chad,15.75,13,Chad_lat15p75_lon13p00,1,421.7266867,253.75,1,8022634.455,0.960722759,73.75
Chad,15.75,13,Chad_lat15p75_lon13p00,2,2409.32123,238.75,0.034425603,276184.0322,0.205673053,58.75
Chad,15.75,13,Chad_lat15p75_lon13p00,3,3414.030779,218.75,0.008117788,65126.04227,0.433769845,38.75
Chad,15.75,13,Chad_lat15p75_lon13p00,4,5433.725959,191.25,0.000598792,4803.891501,0.589934182,11.25
Chad,15.75,13,Chad_lat15p75_lon13p00,5,9165.513867,91.25,0.000415659,3334.678297,0.924218845,-88.75
Chad,15.75,13.25,Chad_lat15p75_lon13p25,1,563.8648481,261.25,1,5830850.105,0.971364402,81.25
Chad,15.75,13.25,Chad_lat15p75_lon13p25,2,951.1173591,236.25,0.548226317,3196625.475,0.214356985,56.25
Chad,15.75,13.25,Chad_lat15p75_lon13p25,3,2553.427285,263.75,0.021487747,125291.8318,0.319092749,83.75
Chad,15.75,13.25,Chad_lat15p75_lon13p25,4,3414.030779,91.25,0.007586243,44234.24842,0.627221227,-88.75
Chad,15.75,13.25,Chad_lat15p75_lon13p25,5,4564.690847,91.25,0.001908676,11129.20406,0.437496507,-88.75
Chad,15.75,13.25,Chad_lat15p75_lon13p25,6,6855.085589,181.25,0.000277554,1618.375243,1,1.25
Chad,15.75,13.25,Chad_lat15p75_lon13p25,7,9165.513867,181.25,0.000729287,4252.364411,0.926673811,1.25
Chad,15.75,13.5,Chad_lat15p75_lon13p50,1,563.8648481,251.25,1,6237733.586,0.967032475,71.25
Chad,15.75,13.5,Chad_lat15p75_lon13p50,2,1132.193013,91.25,0.415990762,2594839.545,0.245447984,-88.75
Chad,15.75,13.5,Chad_lat15p75_lon13p50,3,1801.983335,261.25,0.098743672,615936.7211,0.371447043,81.25
Chad,15.75,13.5,Chad_lat15p75_lon13p50,4,2553.427285,258.75,0.031221213,194749.6076,0.201063096,78.75
Chad,15.75,13.5,Chad_lat15p75_lon13p50,5,3414.030779,91.25,0.006023219,37571.23778,0.559094679,-88.75
Chad,15.75,13.5,Chad_lat15p75_lon13p50,6,5433.725959,258.75,0.00032656,2036.994272,0.325692212,78.75
Chad,15.75,13.5,Chad_lat15p75_lon13p50,7,9165.513867,181.25,0.000293427,1830.319805,0.929866988,1.25
Chad,15.75,13.75,Chad_lat15p75_lon13p75,1,502.0158696,91.25,1,11105116.19,0.95563386,-88.75
Chad,15.75,13.75,Chad_lat15p75_lon13p75,2,2706.152597,241.25,0.027239928,302502.5674,0.366316185,61.25
Chad,15.75,13.75,Chad_lat15p75_lon13p75,3,3834.64361,123.75,0.005282874,58666.92894,0.219924861,-56.25
Chad,15.75,13.75,Chad_lat15p75_lon13p75,4,6103.167745,243.75,0.000290453,3225.513341,1,63.75
Chad,15.75,13.75,Chad_lat15p75_lon13p75,5,8648.245934,251.25,0.000319077,3543.386361,0.827410569,71.25
Chad,15.75,14,Chad_lat15p75_lon14p00,1,532.0423875,253.75,1,8180333.094,0.978402646,73.75
Chad,15.75,14,Chad_lat15p75_lon14p00,2,2023.989919,266.25,0.082574669,675488.3006,0.21367032,86.25
Chad,15.75,14,Chad_lat15p75_lon14p00,3,3414.030779,263.75,0.007461724,61039.38863,0.769128169,83.75
Chad,15.75,14,Chad_lat15p75_lon14p00,4,5433.725959,191.25,0.0006461,5285.317039,0.839118442,11.25
Chad,15.75,14,Chad_lat15p75_lon14p00,5,7699.640646,213.75,0.000177809,1454.538421,1,33.75
Chad,15.75,14.5,Chad_lat15p75_lon14p50,1,563.8648481,91.25,0.8554622,89812294.2,0.248356935,-88.75
Chad,15.75,14.5,Chad_lat15p75_lon14p50,2,753.9090529,251.25,1,104986864.7,0.997849069,71.25
Chad,15.75,14.5,Chad_lat15p75_lon14p50,3,1068.296199,256.25,0.894330386,93892943.18,0.347010801,76.25
Chad,15.75,14.5,Chad_lat15p75_lon14p50,4,1604.328118,258.75,0.312558463,32814533.04,0.497382341,78.75
Chad,15.75,14.5,Chad_lat15p75_lon14p50,5,2273.34799,261.25,0.060058951,6305400.912,0.239985347,81.25
Chad,15.75,14.5,Chad_lat15p75_lon14p50,6,3834.64361,98.75,0.000285636,29988.07575,0.386935394,-81.25
Chad,15.75,14.5,Chad_lat15p75_lon14p50,7,5433.725959,181.25,8.47E-05,8889.920184,0.627547992,1.25
Chad,15.75,14.5,Chad_lat15p75_lon14p50,8,8648.245934,198.75,1.76E-05,1847.115784,0.669300503,18.75
Chad,15.75,15,Chad_lat15p75_lon15p00,1,532.0423875,121.25,1,22476283.6,0.990225887,-58.75
Chad,15.75,15,Chad_lat15p75_lon15p00,2,2273.34799,146.25,0.032261551,725119.7784,0.219674166,-33.75
Chad,15.75,15,Chad_lat15p75_lon15p00,3,3039.553957,181.25,0.019928688,447922.8482,0.382934438,1.25
Chad,15.75,15,Chad_lat15p75_lon15p00,4,5433.725959,181.25,0.000358614,8060.31534,0.7963296,1.25
Chad,15.75,15,Chad_lat15p75_lon15p00,5,8648.245934,251.25,0.000107087,2406.916689,0.828140274,71.25
Chad,16,12.75,Chad_lat16p00_lon12p75,1,532.0423875,181.25,1,12957222.63,0.985575397,1.25
Chad,16,12.75,Chad_lat16p00_lon12p75,2,897.4397893,181.25,0.747561175,9686316.574,0.247997672,1.25
Chad,16,12.75,Chad_lat16p00_lon12p75,3,1604.328118,181.25,0.212158371,2748983.248,0.304318995,1.25
Chad,16,12.75,Chad_lat16p00_lon12p75,4,3039.553957,181.25,0.0244954,317392.3567,0.704809226,1.25
Chad,16,12.75,Chad_lat16p00_lon12p75,5,4564.690847,181.25,0.00975884,126447.4647,0.88061814,1.25
Chad,16,12.75,Chad_lat16p00_lon12p75,6,6855.085589,181.25,0.00422151,54699.0465,0.900926336,1.25
Chad,16,12.75,Chad_lat16p00_lon12p75,7,9165.513867,181.25,0.001625794,21065.77262,0.986075714,1.25
Chad,16,13,Chad_lat16p00_lon13p00,1,446.9509568,256.25,1,8471525.94,0.9812847,76.25
Chad,16,13,Chad_lat16p00_lon13p00,2,1132.193013,266.25,0.563451859,4773297.043,0.235008635,86.25
Chad,16,13,Chad_lat16p00_lon13p00,3,1909.763363,258.75,0.308913089,2616965.242,0.315118369,78.75
Chad,16,13,Chad_lat16p00_lon13p00,4,3414.030779,96.25,0.014464941,122540.1266,0.614339333,-83.75
Chad,16,13,Chad_lat16p00_lon13p00,5,4564.690847,261.25,0.002498321,21164.58978,0.272804943,81.25
Chad,16,13,Chad_lat16p00_lon13p00,6,6103.167745,243.75,0.000612132,5185.693919,1,63.75
Chad,16,13,Chad_lat16p00_lon13p00,7,9165.513867,91.25,0.000187894,1591.74499,0.637344722,-88.75
Chad,16,13.25,Chad_lat16p00_lon13p25,1,563.8648481,263.75,1,4343575.459,0.979990575,83.75
Chad,16,13.25,Chad_lat16p00_lon13p25,2,1008.005486,261.25,0.581428447,2525478.334,0.254062583,81.25
Chad,16,13.25,Chad_lat16p00_lon13p25,3,1700.286015,101.25,0.083984066,364791.1292,0.220255541,-78.75
Chad,16,13.25,Chad_lat16p00_lon13p25,4,3039.553957,263.75,0.017176693,74608.26278,0.629448058,83.75
Chad,16,13.25,Chad_lat16p00_lon13p25,5,4564.690847,261.25,0.002563814,11136.11989,0.753565056,81.25
Chad,16,13.25,Chad_lat16p00_lon13p25,6,6855.085589,181.25,0.000396737,1723.256078,1,1.25
Chad,16,13.25,Chad_lat16p00_lon13p25,7,9165.513867,181.25,0.000642197,2789.432626,0.973347969,1.25
Chad,16,13.5,Chad_lat16p00_lon13p50,1,597.5906703,103.75,1,7724951.233,0.984072526,-76.25
Chad,16,13.5,Chad_lat16p00_lon13p50,2,951.1173591,106.25,0.670567216,5180099.043,0.27957988,-73.75
Chad,16,13.5,Chad_lat16p00_lon13p50,3,2145.048581,261.25,0.072406348,559335.5078,0.215515395,81.25
Chad,16,13.5,Chad_lat16p00_lon13p50,4,3039.553957,96.25,0.006235103,48165.87032,0.309375861,-83.75
Chad,16,13.5,Chad_lat16p00_lon13p50,5,5433.725959,91.25,0.00099703,7702.005813,0.816074494,-88.75
Chad,16,13.5,Chad_lat16p00_lon13p50,6,9165.513867,91.25,0.00037011,2859.083626,0.827759231,-88.75
Chad,16.5,18,Chad_lat16p50_lon18p00,1,280.8209936,186.25,1,16870781.89,0.981897841,6.25
Chad,16.5,18,Chad_lat16p50_lon18p00,2,3834.64361,253.75,0.000737244,12437.88832,0.692035127,73.75
Chad,16.5,18,Chad_lat16p50_lon18p00,3,6855.085589,91.25,0.000103468,1745.584429,0.817527236,-88.75
Chad,16.5,18,Chad_lat16p50_lon18p00,4,9165.513867,181.25,4.33E-05,731.0388626,0.660033036,1.25
Chad,16.5,18.5,Chad_lat16p50_lon18p50,1,222.5944962,223.75,1,26926653.92,0.987318071,43.75
Chad,16.5,18.5,Chad_lat16p50_lon18p50,2,1513.785733,256.25,0.038438442,1035018.638,0.211175077,76.25
Chad,16.5,18.5,Chad_lat16p50_lon18p50,3,3834.64361,253.75,0.000495121,13331.94751,0.412564823,73.75
Chad,16.5,18.5,Chad_lat16p50_lon18p50,4,5433.725959,231.25,0.000204281,5500.599166,0.743066146,51.25
Chad,16.5,18.5,Chad_lat16p50_lon18p50,5,8648.245934,198.75,2.40E-05,645.491919,0.790797023,18.75
Chad,16.5,18.75,Chad_lat16p50_lon18p75,1,210.0320805,241.25,1,20829466.51,0.988427051,61.25
Chad,16.5,18.75,Chad_lat16p50_lon18p75,2,3039.553957,243.75,0.002083585,43399.96122,0.413162733,63.75
Chad,16.5,18.75,Chad_lat16p50_lon18p75,3,5433.725959,216.25,0.000215082,4480.045593,0.802910341,36.25
Chad,16.5,18.75,Chad_lat16p50_lon18p75,4,7699.640646,236.25,5.18E-05,1079.977212,1,56.25
Chad,16.75,18.75,Chad_lat16p75_lon18p75,1,297.6174279,223.75,1,21856362.09,0.992507397,43.75
Chad,16.75,18.75,Chad_lat16p75_lon18p75,2,846.7915844,243.75,0.345188072,7544555.495,0.206077128,63.75
Chad,16.75,18.75,Chad_lat16p75_lon18p75,3,2023.989919,238.75,0.015783732,344974.9548,0.295626774,58.75
Chad,16.75,18.75,Chad_lat16p75_lon18p75,4,3039.553957,243.75,0.00391141,85489.19421,0.352823791,63.75
Chad,16.75,18.75,Chad_lat16p75_lon18p75,5,5433.725959,231.25,0.000920808,20125.50398,0.755099301,51.25
Chad,16.75,18.75,Chad_lat16p75_lon18p75,6,7699.640646,236.25,7.80E-05,1705.77481,1,56.25
Chad,16.75,19.25,Chad_lat16p75_lon19p25,1,198.1786415,208.75,1,44649464.38,0.992041963,28.75
Chad,16.75,19.25,Chad_lat16p75_lon19p25,2,2706.152597,106.25,0.004180255,186646.1395,0.416548566,-73.75
Chad,16.75,19.25,Chad_lat16p75_lon19p25,3,3834.64361,253.75,0.001388627,62001.45494,0.531243935,73.75
Chad,16.75,19.25,Chad_lat16p75_lon19p25,4,6103.167745,206.25,0.000115373,5151.357278,1,26.25
Chad,16.75,19.25,Chad_lat16p75_lon19p25,5,8648.245934,251.25,4.68E-05,2089.206245,0.907385439,71.25
Chad,17,18.25,Chad_lat17p00_lon18p25,1,532.0423875,181.25,1,36476028.45,0.992937701,1.25
Chad,17,18.25,Chad_lat17p00_lon18p25,2,951.1173591,181.25,0.581871014,21224343.66,0.206181154,1.25
Chad,17,18.25,Chad_lat17p00_lon18p25,3,2706.152597,181.25,0.023800661,868153.5918,0.520892525,1.25
Chad,17,18.25,Chad_lat17p00_lon18p25,4,3834.64361,181.25,0.010368445,378199.6894,0.806565366,1.25
Chad,17,18.25,Chad_lat17p00_lon18p25,5,5433.725959,181.25,0.002863276,104440.9317,0.901697534,1.25
Chad,17,18.25,Chad_lat17p00_lon18p25,6,9165.513867,181.25,0.000736261,26855.86663,0.968185981,1.25
Chad,17,19.5,Chad_lat17p00_lon19p50,1,210.0320805,201.25,1,27052282.86,0.99542227,21.25
Chad,17,19.5,Chad_lat17p00_lon19p50,2,1068.296199,233.75,0.211365519,5717919.801,0.247507297,53.75
Chad,17,19.5,Chad_lat17p00_lon19p50,3,3414.030779,208.75,0.004583744,124000.7295,0.336645206,28.75
Chad,17,19.5,Chad_lat17p00_lon19p50,4,6855.085589,103.75,0.000494779,13384.90301,1,-76.25
Chad,17.5,19.25,Chad_lat17p50_lon19p25,1,297.6174279,226.25,1,26641035.44,0.969873194,46.25
Chad,17.5,19.25,Chad_lat17p50_lon19p25,2,711.3611955,191.25,0.685358274,18258654.08,0.211978173,11.25
Chad,17.5,19.25,Chad_lat17p50_lon19p25,3,1347.742218,218.75,0.128580278,3425511.753,0.295403274,38.75
Chad,17.5,19.25,Chad_lat17p50_lon19p25,4,3414.030779,96.25,0.002216405,59047.33626,0.41831766,-83.75
Chad,17.5,19.25,Chad_lat17p50_lon19p25,5,5433.725959,231.25,0.000286731,7638.8073,0.821865061,51.25
Chad,17.5,19.25,Chad_lat17p50_lon19p25,6,9165.513867,181.25,8.43E-05,2245.198926,0.907570085,1.25
Chad,17.5,19.5,Chad_lat17p50_lon19p50,1,334.2842646,236.25,0.963466577,39902384.62,0.204312056,56.25
Chad,17.5,19.5,Chad_lat17p50_lon19p50,2,446.9509568,226.25,1,41415432.12,0.986239358,46.25
Chad,17.5,19.5,Chad_lat17p50_lon19p50,3,2553.427285,228.75,0.015483681,641263.3193,0.238602815,48.75
Chad,17.5,19.5,Chad_lat17p50_lon19p50,4,3834.64361,188.75,0.003451346,142938.9671,0.405544218,8.75
Chad,17.5,19.5,Chad_lat17p50_lon19p50,5,5127.066427,201.25,0.000819399,33935.76924,0.439119873,21.25
Chad,17.5,19.5,Chad_lat17p50_lon19p50,6,7699.640646,213.75,0.000208513,8635.648497,1,33.75
Chad,17.5,19.75,Chad_lat17p50_lon19p75,1,198.1786415,186.25,1,27261987.07,0.994076642,6.25
Chad,17.5,19.75,Chad_lat17p50_lon19p75,2,1271.680598,241.25,0.109072205,2973525.031,0.204036739,61.25
Chad,17.5,19.75,Chad_lat17p50_lon19p75,3,3834.64361,223.75,0.002358537,64298.39391,0.759821752,43.75
Chad,17.5,19.75,Chad_lat17p50_lon19p75,4,5433.725959,231.25,0.000777627,21199.66343,0.721670116,51.25
Chad,17.5,19.75,Chad_lat17p50_lon19p75,5,7699.640646,213.75,0.000233436,6363.933404,1,33.75
GrandErgOccidental,30,-1.75,GrandErgOccidental_lat30p00_lon-01p75,1,65.72186596,111.25,1,54893599.59,0.948654753,-68.75
GrandErgOccidental,30,-1.75,GrandErgOccidental_lat30p00_lon-01p75,2,671.2145829,261.25,0.028794524,1580635.053,0.354070065,81.25
GrandErgOccidental,30,-1.75,GrandErgOccidental_lat30p00_lon-01p75,3,1132.193013,263.75,0.021780168,1195591.796,0.542334849,83.75
GrandErgOccidental,30,-1.75,GrandErgOccidental_lat30p00_lon-01p75,4,1604.328118,258.75,0.010268307,563664.3187,0.330254244,78.75
GrandErgOccidental,30,-1.75,GrandErgOccidental_lat30p00_lon-01p75,5,3414.030779,173.75,8.20E-05,4503.388345,0.48639844,-6.25
GrandErgOccidental,30,-1.75,GrandErgOccidental_lat30p00_lon-01p75,6,4564.690847,258.75,2.52E-05,1385.913652,0.578746895,78.75
GrandErgOccidental,30,-1.75,GrandErgOccidental_lat30p00_lon-01p75,7,6103.167745,241.25,1.12E-05,614.2755119,0.818300136,61.25
GrandErgOccidental,30,-1.75,GrandErgOccidental_lat30p00_lon-01p75,8,8160.170704,181.25,1.29E-05,707.700093,1,1.25
GrandErgOccidental,30,-1.5,GrandErgOccidental_lat30p00_lon-01p50,1,55.21073426,111.25,1,77220136.64,0.921468631,-68.75
GrandErgOccidental,30,-1.5,GrandErgOccidental_lat30p00_lon-01p50,2,633.3336976,93.75,0.019586532,1512474.675,0.225091295,-86.25
GrandErgOccidental,30,-1.5,GrandErgOccidental_lat30p00_lon-01p50,3,1008.005486,91.25,0.015141875,1169257.655,0.250752626,-88.75
GrandErgOccidental,30,-1.5,GrandErgOccidental_lat30p00_lon-01p50,4,1513.785733,236.25,0.007134371,550917.0869,0.293083188,56.25
GrandErgOccidental,30,-1.5,GrandErgOccidental_lat30p00_lon-01p50,5,2023.989919,206.25,0.00280301,216448.8397,0.250800323,26.25
GrandErgOccidental,30,-1.5,GrandErgOccidental_lat30p00_lon-01p50,6,2706.152597,228.75,0.000608379,46979.13314,0.482208427,48.75
GrandErgOccidental,30,-1.5,GrandErgOccidental_lat30p00_lon-01p50,7,3834.64361,203.75,8.11E-05,6263.624152,0.236141774,23.75
GrandErgOccidental,30,-1.5,GrandErgOccidental_lat30p00_lon-01p50,8,6103.167745,181.25,1.08E-05,830.4277303,0.90493075,1.25
GrandErgOccidental,30,-1.5,GrandErgOccidental_lat30p00_lon-01p50,9,8160.170704,181.25,1.14E-05,882.6014591,1,1.25
GrandErgOccidental,30,-1.25,GrandErgOccidental_lat30p00_lon-01p25,1,52.09484324,108.75,1,103942608.6,0.931964397,-71.25
GrandErgOccidental,30,-1.25,GrandErgOccidental_lat30p00_lon-01p25,2,633.3336976,258.75,0.019914501,2069965.23,0.371598999,78.75
GrandErgOccidental,30,-1.25,GrandErgOccidental_lat30p00_lon-01p25,3,1347.742218,253.75,0.006616349,687720.5761,0.334233768,73.75
GrandErgOccidental,30,-1.25,GrandErgOccidental_lat30p00_lon-01p25,4,1909.763363,223.75,0.002769825,287902.8814,0.302056389,43.75
GrandErgOccidental,30,-1.25,GrandErgOccidental_lat30p00_lon-01p25,5,4564.690847,198.75,6.79E-06,705.6228939,0.661167793,18.75
GrandErgOccidental,30,-1.25,GrandErgOccidental_lat30p00_lon-01p25,6,6103.167745,191.25,4.60E-06,478.5808973,0.745390381,11.25
GrandErgOccidental,30,-1.25,GrandErgOccidental_lat30p00_lon-01p25,7,8160.170704,181.25,1.04E-05,1084.389181,1,1.25
GrandErgOccidental,30,-1,GrandErgOccidental_lat30p00_lon-01p00,1,55.21073426,106.25,1,143993980,0.936466896,-73.75
GrandErgOccidental,30,-1,GrandErgOccidental_lat30p00_lon-01p00,2,563.8648481,231.25,0.02435098,3506394.472,0.216222927,51.25
GrandErgOccidental,30,-1,GrandErgOccidental_lat30p00_lon-01p00,3,753.9090529,186.25,0.025671878,3696595.834,0.491251002,6.25
GrandErgOccidental,30,-1,GrandErgOccidental_lat30p00_lon-01p00,4,2273.34799,198.75,0.00092821,133656.688,0.230715261,18.75
GrandErgOccidental,30,-1,GrandErgOccidental_lat30p00_lon-01p00,5,3414.030779,253.75,4.46E-05,6426.994006,0.402860523,73.75
GrandErgOccidental,30,-1,GrandErgOccidental_lat30p00_lon-01p00,6,4564.690847,91.25,1.15E-05,1654.19431,0.637778453,-88.75
GrandErgOccidental,30,-1,GrandErgOccidental_lat30p00_lon-01p00,7,6103.167745,181.25,5.22E-06,751.3870729,0.913714356,1.25
GrandErgOccidental,30,-1,GrandErgOccidental_lat30p00_lon-01p00,8,8160.170704,181.25,6.71E-06,966.8512191,1,1.25
GrandErgOccidental,30,-0.5,GrandErgOccidental_lat30p00_lon-00p50,1,62.01276528,106.25,1,167191565.2,0.957718754,-73.75
GrandErgOccidental,30,-0.5,GrandErgOccidental_lat30p00_lon-00p50,2,597.5906703,203.75,0.016130211,2696835.258,0.345573692,23.75
GrandErgOccidental,30,-0.5,GrandErgOccidental_lat30p00_lon-00p50,3,1132.193013,191.25,0.00620245,1036997.361,0.236072817,11.25
GrandErgOccidental,30,-0.5,GrandErgOccidental_lat30p00_lon-00p50,4,2023.989919,191.25,0.002115227,353648.1092,0.388985568,11.25
GrandErgOccidental,30,-0.5,GrandErgOccidental_lat30p00_lon-00p50,5,3039.553957,186.25,0.000925735,154775.0169,0.437785658,6.25
GrandErgOccidental,30,-0.5,GrandErgOccidental_lat30p00_lon-00p50,6,6103.167745,181.25,1.42E-05,2375.952931,0.631592074,1.25
GrandErgOccidental,30,-0.25,GrandErgOccidental_lat30p00_lon-00p25,1,69.65281496,111.25,1,113465977.8,0.957402507,-68.75
GrandErgOccidental,30,-0.25,GrandErgOccidental_lat30p00_lon-00p25,2,473.6839381,196.25,0.061905704,7024191.279,0.219961519,16.25
GrandErgOccidental,30,-0.25,GrandErgOccidental_lat30p00_lon-00p25,3,846.7915844,248.75,0.057089606,6477727.972,0.200182205,68.75
GrandErgOccidental,30,-0.25,GrandErgOccidental_lat30p00_lon-00p25,4,2706.152597,181.25,0.006042421,685609.2509,0.790436263,1.25
GrandErgOccidental,30,-0.25,GrandErgOccidental_lat30p00_lon-00p25,5,4064.000891,188.75,0.000858858,97451.18622,0.517137047,8.75
GrandErgOccidental,30,-0.25,GrandErgOccidental_lat30p00_lon-00p25,6,6103.167745,181.25,9.82E-05,11144.52506,0.473301793,1.25
GrandErgOccidental,30,-0.25,GrandErgOccidental_lat30p00_lon-00p25,7,8160.170704,196.25,3.84E-05,4354.380804,0.555232766,16.25
GrandErgOccidental,30.25,-1.75,GrandErgOccidental_lat30p25_lon-01p75,1,65.72186596,113.75,1,96803300.15,0.944617534,-66.25
GrandErgOccidental,30.25,-1.75,GrandErgOccidental_lat30p25_lon-01p75,2,711.3611955,208.75,0.063872227,6183042.362,0.512420011,28.75
GrandErgOccidental,30.25,-1.75,GrandErgOccidental_lat30p25_lon-01p75,3,3039.553957,206.25,0.000817191,79106.75824,0.355421431,26.25
GrandErgOccidental,30.25,-1.75,GrandErgOccidental_lat30p25_lon-01p75,4,4564.690847,138.75,2.98E-05,2882.138844,0.380940371,-41.25
GrandErgOccidental,30.25,-1.75,GrandErgOccidental_lat30p25_lon-01p75,5,8160.170704,181.25,1.70E-05,1646.111792,1,1.25
GrandErgOccidental,30.25,-1.5,GrandErgOccidental_lat30p25_lon-01p50,1,49.15480166,111.25,1,37623137.87,0.934628203,-68.75
GrandErgOccidental,30.25,-1.5,GrandErgOccidental_lat30p25_lon-01p50,2,633.3336976,196.25,0.097029014,3650535.972,0.421984891,16.25
GrandErgOccidental,30.25,-1.5,GrandErgOccidental_lat30p25_lon-01p50,3,3414.030779,181.25,0.002692,101281.5042,0.753563494,1.25
GrandErgOccidental,30.25,-1.5,GrandErgOccidental_lat30p25_lon-01p50,4,4564.690847,221.25,0.000550344,20705.67436,0.730178698,41.25
GrandErgOccidental,30.25,-1.5,GrandErgOccidental_lat30p25_lon-01p50,5,7699.640646,163.75,0.000325048,12229.31293,1,-16.25
GrandErgOccidental,30.25,-1.25,GrandErgOccidental_lat30p25_lon-01p25,1,62.01276528,123.75,1,46344842.4,0.943517157,-56.25
GrandErgOccidental,30.25,-1.25,GrandErgOccidental_lat30p25_lon-01p25,2,951.1173591,91.25,0.042709695,1979374.068,0.221320156,-88.75
GrandErgOccidental,30.25,-1.25,GrandErgOccidental_lat30p25_lon-01p25,3,4064.000891,118.75,0.001198858,55560.87384,0.337386346,-61.25
GrandErgOccidental,30.25,-1.25,GrandErgOccidental_lat30p25_lon-01p25,4,6103.167745,221.25,0.000933146,43246.51145,0.774776676,41.25
GrandErgOccidental,30.25,-1.25,GrandErgOccidental_lat30p25_lon-01p25,5,9165.513867,138.75,2.16E-05,1002.300118,0.85414211,-41.25
GrandErgOccidental,30.25,0,GrandErgOccidental_lat30p25_lon00p00,1,65.72186596,268.75,1,98988427.3,0.966090483,88.75
GrandErgOccidental,30.25,0,GrandErgOccidental_lat30p25_lon00p00,2,1271.680598,183.75,0.009194008,910100.3671,0.47120284,3.75
GrandErgOccidental,30.25,0,GrandErgOccidental_lat30p25_lon00p00,3,2706.152597,173.75,0.00217258,215060.2533,0.81688832,-6.25
GrandErgOccidental,30.25,0,GrandErgOccidental_lat30p25_lon00p00,4,3618.230411,173.75,0.000571947,56616.0945,0.836531115,-6.25
GrandErgOccidental,30.25,0,GrandErgOccidental_lat30p25_lon00p00,5,6103.167745,118.75,1.80E-05,1779.142277,0.714527399,-61.25
GrandErgOccidental,30.25,0,GrandErgOccidental_lat30p25_lon00p00,6,8160.170704,181.25,1.12E-05,1111.30854,0.867392948,1.25
GrandErgOccidental,30.25,0.5,GrandErgOccidental_lat30p25_lon00p50,1,73.81888146,108.75,1,167061357.9,0.967015335,-71.25
GrandErgOccidental,30.25,0.5,GrandErgOccidental_lat30p25_lon00p50,2,1801.983335,228.75,0.00266661,445487.4105,0.575604422,48.75
GrandErgOccidental,30.25,0.5,GrandErgOccidental_lat30p25_lon00p50,3,2706.152597,173.75,0.000144338,24113.29552,0.236767875,-6.25
GrandErgOccidental,30.25,0.5,GrandErgOccidental_lat30p25_lon00p50,4,4064.000891,98.75,2.70E-05,4516.32053,0.555670699,-81.25
GrandErgOccidental,30.25,0.5,GrandErgOccidental_lat30p25_lon00p50,5,6103.167745,181.25,5.00E-06,834.8404239,0.81270451,1.25
GrandErgOccidental,30.25,0.5,GrandErgOccidental_lat30p25_lon00p50,6,9165.513867,91.25,5.57E-06,930.0617468,1,-88.75
GrandErgOccidental,30.5,-2.25,GrandErgOccidental_lat30p50_lon-02p25,1,69.65281496,258.75,1,95485625.8,0.972391086,78.75
GrandErgOccidental,30.5,-2.25,GrandErgOccidental_lat30p50_lon-02p25,2,1700.286015,261.25,0.016223819,1549141.469,0.263767705,81.25
GrandErgOccidental,30.5,-2.25,GrandErgOccidental_lat30p50_lon-02p25,3,2706.152597,251.25,0.003310715,316125.6611,0.402300018,71.25
GrandErgOccidental,30.5,-2.25,GrandErgOccidental_lat30p50_lon-02p25,4,3834.64361,163.75,0.000451286,43091.31253,0.404198038,-16.25
GrandErgOccidental,30.5,-2.25,GrandErgOccidental_lat30p50_lon-02p25,5,5758.727378,168.75,0.000178514,17045.5425,0.380404624,-11.25
GrandErgOccidental,30.5,-2.25,GrandErgOccidental_lat30p50_lon-02p25,6,7699.640646,163.75,0.00010232,9770.112471,0.776449832,-16.25
GrandErgOccidental,30.5,-1.75,GrandErgOccidental_lat30p50_lon-01p75,1,62.01276528,96.25,1,74504379.4,0.948420153,-83.75
GrandErgOccidental,30.5,-1.75,GrandErgOccidental_lat30p50_lon-01p75,2,633.3336976,121.25,0.051847012,3862829.461,0.225265335,-58.75
GrandErgOccidental,30.5,-1.75,GrandErgOccidental_lat30p50_lon-01p75,3,1199.911617,118.75,0.036004807,2682515.776,0.336689574,-61.25
GrandErgOccidental,30.5,-1.75,GrandErgOccidental_lat30p50_lon-01p75,4,2145.048581,96.25,0.009791365,729499.5383,0.262321898,-83.75
GrandErgOccidental,30.5,-1.75,GrandErgOccidental_lat30p50_lon-01p75,5,3039.553957,263.75,0.001731839,129029.6124,0.365895738,83.75
GrandErgOccidental,30.5,-1.75,GrandErgOccidental_lat30p50_lon-01p75,6,4064.000891,91.25,0.000244308,18202.03619,0.601699614,-88.75
GrandErgOccidental,30.5,-1.75,GrandErgOccidental_lat30p50_lon-01p75,7,6855.085589,91.25,0.000204244,15217.10661,1,-88.75
GrandErgOccidental,30.5,-1.75,GrandErgOccidental_lat30p50_lon-01p75,8,9165.513867,138.75,3.28E-05,2443.358101,0.622573777,-41.25
GrandErgOccidental,30.5,-1.5,GrandErgOccidental_lat30p50_lon-01p50,1,55.21073426,113.75,1,103295050.2,0.950655264,-66.25
GrandErgOccidental,30.5,-1.5,GrandErgOccidental_lat30p50_lon-01p50,2,597.5906703,226.25,0.015226146,1572785.465,0.247162041,46.25
GrandErgOccidental,30.5,-1.5,GrandErgOccidental_lat30p50_lon-01p50,3,1428.353227,203.75,0.007344592,758660.0203,0.321989169,23.75
GrandErgOccidental,30.5,-1.5,GrandErgOccidental_lat30p50_lon-01p50,4,2023.989919,91.25,0.005911356,610613.7706,0.359386337,-88.75
GrandErgOccidental,30.5,-1.5,GrandErgOccidental_lat30p50_lon-01p50,5,2706.152597,181.25,0.000822827,84993.94315,0.513317787,1.25
GrandErgOccidental,30.5,-1.5,GrandErgOccidental_lat30p50_lon-01p50,6,4064.000891,261.25,4.90E-05,5061.963192,0.419700816,81.25
GrandErgOccidental,30.5,-1.5,GrandErgOccidental_lat30p50_lon-01p50,7,6103.167745,191.25,1.56E-05,1610.750746,0.920638937,11.25
GrandErgOccidental,30.5,-1.5,GrandErgOccidental_lat30p50_lon-01p50,8,8160.170704,181.25,3.88E-06,400.4458605,1,1.25
GrandErgOccidental,30.5,-1.25,GrandErgOccidental_lat30p50_lon-01p25,1,58.51299261,103.75,1,95514858.24,0.947784831,-76.25
GrandErgOccidental,30.5,-1.25,GrandErgOccidental_lat30p50_lon-01p25,2,597.5906703,101.25,0.02366347,2260212.964,0.235616872,-78.75
GrandErgOccidental,30.5,-1.25,GrandErgOccidental_lat30p50_lon-01p25,3,1271.680598,101.25,0.011279703,1077379.238,0.314318211,-78.75
GrandErgOccidental,30.5,-1.25,GrandErgOccidental_lat30p50_lon-01p25,4,2145.048581,101.25,0.003605332,344362.7881,0.251353117,-78.75
GrandErgOccidental,30.5,-1.25,GrandErgOccidental_lat30p50_lon-01p25,5,3039.553957,103.75,0.001894249,180928.9599,0.297647667,-76.25
GrandErgOccidental,30.5,-1.25,GrandErgOccidental_lat30p50_lon-01p25,6,4064.000891,98.75,0.000499653,47724.28484,0.477684026,-81.25
GrandErgOccidental,30.5,-1.25,GrandErgOccidental_lat30p50_lon-01p25,7,6855.085589,106.25,0.000233973,22347.91596,1,-73.75
GrandErgOccidental,30.5,-0.75,GrandErgOccidental_lat30p50_lon-00p75,1,62.01276528,103.75,1,90284116.85,0.950743959,-76.25
GrandErgOccidental,30.5,-0.75,GrandErgOccidental_lat30p50_lon-00p75,2,3039.553957,186.25,0.004796783,433073.3261,0.896549275,6.25
GrandErgOccidental,30.5,-0.75,GrandErgOccidental_lat30p50_lon-00p75,3,4064.000891,188.75,0.000271956,24553.29208,0.833075818,8.75
GrandErgOccidental,30.5,-0.75,GrandErgOccidental_lat30p50_lon-00p75,4,6103.167745,181.25,3.49E-05,3149.68776,0.919292336,1.25
GrandErgOccidental,30.5,-0.75,GrandErgOccidental_lat30p50_lon-00p75,5,9165.513867,91.25,9.34E-06,842.9105027,0.577292635,-88.75
GrandErgOccidental,30.5,0,GrandErgOccidental_lat30p50_lon00p00,1,69.65281496,108.75,1,34953057.35,0.960156613,-71.25
GrandErgOccidental,30.5,0,GrandErgOccidental_lat30p50_lon00p00,2,951.1173591,188.75,0.004887041,170817.0094,0.318261036,8.75
GrandErgOccidental,30.5,0,GrandErgOccidental_lat30p50_lon00p00,3,1271.680598,181.25,0.00341317,119300.737,0.209919253,1.25
GrandErgOccidental,30.5,0,GrandErgOccidental_lat30p50_lon00p00,4,2023.989919,183.75,0.001652787,57769.9591,0.441369541,3.75
GrandErgOccidental,30.5,0,GrandErgOccidental_lat30p50_lon00p00,5,3039.553957,173.75,0.000810544,28330.98886,0.689372803,-6.25
GrandErgOccidental,30.5,0,GrandErgOccidental_lat30p50_lon00p00,6,4064.000891,171.25,0.000158308,5533.343453,0.836842609,-8.75
GrandErgOccidental,30.5,0,GrandErgOccidental_lat30p50_lon00p00,7,6103.167745,191.25,3.18E-05,1109.881883,0.872340861,11.25
GrandErgOccidental,30.5,0.5,GrandErgOccidental_lat30p50_lon00p50,1,62.01276528,93.75,1,66647150.28,0.950407793,-86.25
GrandErgOccidental,30.5,0.5,GrandErgOccidental_lat30p50_lon00p50,2,597.5906703,261.25,0.012224967,814759.1941,0.251407578,81.25
GrandErgOccidental,30.5,0.5,GrandErgOccidental_lat30p50_lon00p50,3,2706.152597,196.25,0.000859757,57300.32711,0.522524216,16.25
GrandErgOccidental,30.5,0.5,GrandErgOccidental_lat30p50_lon00p50,4,4564.690847,161.25,3.03E-05,2020.268366,0.427581668,-18.75
GrandErgOccidental,30.5,0.5,GrandErgOccidental_lat30p50_lon00p50,5,6103.167745,181.25,1.93E-05,1289.067527,0.82542489,1.25
GrandErgOccidental,30.5,0.5,GrandErgOccidental_lat30p50_lon00p50,6,8160.170704,181.25,8.00E-06,532.8841593,1,1.25
GrandErgOccidental,30.5,0.75,GrandErgOccidental_lat30p50_lon00p75,1,62.01276528,258.75,1,92746536.95,0.958510845,78.75
GrandErgOccidental,30.5,0.75,GrandErgOccidental_lat30p50_lon00p75,2,563.8648481,223.75,0.029655282,2750424.672,0.245337907,43.75
GrandErgOccidental,30.5,0.75,GrandErgOccidental_lat30p50_lon00p75,3,846.7915844,191.25,0.021813637,2023139.304,0.224384816,11.25
GrandErgOccidental,30.5,0.75,GrandErgOccidental_lat30p50_lon00p75,4,2409.32123,188.75,0.008714684,808256.7503,0.494538793,8.75
GrandErgOccidental,30.5,0.75,GrandErgOccidental_lat30p50_lon00p75,5,5127.066427,146.25,2.59E-05,2398.933227,0.236699509,-33.75
GrandErgOccidental,30.5,0.75,GrandErgOccidental_lat30p50_lon00p75,6,9165.513867,91.25,8.50E-06,788.6275861,1,-88.75
GrandErgOccidental,30.5,1.25,GrandErgOccidental_lat30p50_lon01p25,1,62.01276528,96.25,1,120424419.7,0.950013164,-83.75
GrandErgOccidental,30.5,1.25,GrandErgOccidental_lat30p50_lon01p25,2,597.5906703,178.75,0.067954051,8183327.177,0.42093595,-1.25
GrandErgOccidental,30.5,1.25,GrandErgOccidental_lat30p50_lon01p25,3,1132.193013,181.25,0.042386146,5104327.003,0.378862006,1.25
GrandErgOccidental,30.5,1.25,GrandErgOccidental_lat30p50_lon01p25,4,2409.32123,183.75,0.011958682,1440117.311,0.459101439,3.75
GrandErgOccidental,30.5,1.25,GrandErgOccidental_lat30p50_lon01p25,5,3414.030779,226.25,0.000483872,58270.05353,0.438335272,46.25
GrandErgOccidental,30.5,1.25,GrandErgOccidental_lat30p50_lon01p25,6,4564.690847,236.25,7.03E-05,8459.990268,0.356080789,56.25
GrandErgOccidental,30.5,1.25,GrandErgOccidental_lat30p50_lon01p25,7,6103.167745,181.25,6.40E-05,7712.600685,0.936383414,1.25
GrandErgOccidental,30.5,1.25,GrandErgOccidental_lat30p50_lon01p25,8,8160.170704,181.25,6.39E-06,769.9509571,0.588555403,1.25
GrandErgOccidental,31,-1.75,GrandErgOccidental_lat31p00_lon-01p75,1,65.72186596,116.25,1,83480976.26,0.95507379,-63.75
GrandErgOccidental,31,-1.75,GrandErgOccidental_lat31p00_lon-01p75,2,633.3336976,186.25,0.06070529,5067736.857,0.381535631,6.25
GrandErgOccidental,31,-1.75,GrandErgOccidental_lat31p00_lon-01p75,3,3039.553957,103.75,0.000638698,53319.12552,0.302412375,-76.25
GrandErgOccidental,31,-1.75,GrandErgOccidental_lat31p00_lon-01p75,4,4564.690847,221.25,4.04E-05,3372.913534,0.535954032,41.25
GrandErgOccidental,31,-1.75,GrandErgOccidental_lat31p00_lon-01p75,5,6855.085589,91.25,1.31E-05,1096.301274,1,-88.75
GrandErgOccidental,31,-1.75,GrandErgOccidental_lat31p00_lon-01p75,6,9165.513867,91.25,5.62E-06,469.4262823,0.61360448,-88.75
GrandErgOccidental,31,-1.5,GrandErgOccidental_lat31p00_lon-01p50,1,55.21073426,111.25,1,36952437.65,0.939705061,-68.75
GrandErgOccidental,31,-1.5,GrandErgOccidental_lat31p00_lon-01p50,2,473.6839381,193.75,0.103671118,3830900.514,0.235650058,13.75
GrandErgOccidental,31,-1.5,GrandErgOccidental_lat31p00_lon-01p50,3,3414.030779,151.25,0.001036285,38293.24054,0.70231495,-28.75
GrandErgOccidental,31,-1.5,GrandErgOccidental_lat31p00_lon-01p50,4,4564.690847,236.25,0.000677692,25042.35761,0.502232087,56.25
GrandErgOccidental,31,-1.5,GrandErgOccidental_lat31p00_lon-01p50,5,6103.167745,238.75,0.000316104,11680.80771,0.624085047,58.75
GrandErgOccidental,31,-1.5,GrandErgOccidental_lat31p00_lon-01p50,6,9165.513867,91.25,0.000201244,7436.47127,0.940984508,-88.75
GrandErgOccidental,31,1.5,GrandErgOccidental_lat31p00_lon01p50,1,55.21073426,93.75,1,36283962.87,0.950208522,-86.25
GrandErgOccidental,31,1.5,GrandErgOccidental_lat31p00_lon01p50,2,563.8648481,191.25,0.191710231,6956006.898,0.599160872,11.25
GrandErgOccidental,31,1.5,GrandErgOccidental_lat31p00_lon01p50,3,2409.32123,193.75,0.017935454,650769.337,0.478155946,13.75
GrandErgOccidental,31,1.5,GrandErgOccidental_lat31p00_lon01p50,4,4064.000891,261.25,0.000631661,22919.16299,0.565290913,81.25
GrandErgOccidental,31,1.5,GrandErgOccidental_lat31p00_lon01p50,5,5433.725959,203.75,4.10E-05,1488.276243,0.227168273,23.75
GrandErgOccidental,31,1.5,GrandErgOccidental_lat31p00_lon01p50,6,9165.513867,91.25,2.49E-05,902.7166228,1,-88.75
GrandErgOccidental,31,1.75,GrandErgOccidental_lat31p00_lon01p75,1,65.72186596,253.75,1,26638230.07,0.954268122,73.75
GrandErgOccidental,31,1.75,GrandErgOccidental_lat31p00_lon01p75,2,633.3336976,188.75,0.201648401,5371556.508,0.468656703,8.75
GrandErgOccidental,31,1.75,GrandErgOccidental_lat31p00_lon01p75,3,1068.296199,173.75,0.104212573,2776038.498,0.21905855,-6.25
GrandErgOccidental,31,1.75,GrandErgOccidental_lat31p00_lon01p75,4,1700.286015,203.75,0.047370074,1261854.927,0.31083603,23.75
GrandErgOccidental,31,1.75,GrandErgOccidental_lat31p00_lon01p75,5,2706.152597,191.25,0.01760775,469039.2922,0.507778838,11.25
GrandErgOccidental,31,1.75,GrandErgOccidental_lat31p00_lon01p75,6,4064.000891,171.25,0.000407207,10847.26743,0.541961491,-8.75
GrandErgOccidental,31,1.75,GrandErgOccidental_lat31p00_lon01p75,7,5433.725959,228.75,7.54E-05,2008.051879,0.313914729,48.75
GrandErgOccidental,31,1.75,GrandErgOccidental_lat31p00_lon01p75,8,8160.170704,181.25,1.85E-05,492.3387301,0.394474641,1.25
GrandErgOccidental,31,2.25,GrandErgOccidental_lat31p00_lon02p25,1,62.01276528,91.25,1,99935087.25,0.948061597,-88.75
GrandErgOccidental,31,2.25,GrandErgOccidental_lat31p00_lon02p25,2,532.0423875,186.25,0.024506391,2449048.342,0.214156516,6.25
GrandErgOccidental,31,2.25,GrandErgOccidental_lat31p00_lon02p25,3,897.4397893,173.75,0.017374084,1736280.608,0.257116848,-6.25
GrandErgOccidental,31,2.25,GrandErgOccidental_lat31p00_lon02p25,4,1801.983335,168.75,0.007617107,761216.2107,0.400872334,-11.25
GrandErgOccidental,31,2.25,GrandErgOccidental_lat31p00_lon02p25,5,3414.030779,133.75,0.000119892,11981.38951,0.793165714,-46.25
GrandErgOccidental,31,2.25,GrandErgOccidental_lat31p00_lon02p25,6,4564.690847,161.25,2.03E-05,2027.916858,0.308122359,-18.75
GrandErgOccidental,31,2.25,GrandErgOccidental_lat31p00_lon02p25,7,6103.167745,181.25,8.51E-06,850.4070388,0.611116163,1.25
GrandErgOccidental,31,2.25,GrandErgOccidental_lat31p00_lon02p25,8,9165.513867,91.25,7.05E-06,704.406207,1,-88.75
GrandErgOccidental,31.25,1.5,GrandErgOccidental_lat31p25_lon01p50,1,58.51299261,103.75,1,55116337.36,0.951045553,-76.25
GrandErgOccidental,31.25,1.5,GrandErgOccidental_lat31p25_lon01p50,2,473.6839381,196.25,0.107407349,5919899.676,0.211295014,16.25
GrandErgOccidental,31.25,1.5,GrandErgOccidental_lat31p25_lon01p50,3,753.9090529,183.75,0.117781479,6491683.713,0.499494264,3.75
GrandErgOccidental,31.25,1.5,GrandErgOccidental_lat31p25_lon01p50,4,1347.742218,208.75,0.042814787,2359794.225,0.220838831,28.75
GrandErgOccidental,31.25,1.5,GrandErgOccidental_lat31p25_lon01p50,5,2023.989919,191.25,0.013872093,764578.9612,0.24042209,11.25
GrandErgOccidental,31.25,1.5,GrandErgOccidental_lat31p25_lon01p50,6,4064.000891,171.25,0.000229591,12654.23929,0.581027942,-8.75
GrandErgOccidental,31.25,1.5,GrandErgOccidental_lat31p25_lon01p50,7,5433.725959,103.75,4.76E-05,2624.870749,0.523897405,-76.25
GrandErgOccidental,31.25,1.5,GrandErgOccidental_lat31p25_lon01p50,8,9165.513867,221.25,1.37E-05,753.0539576,0.947526707,41.25
GrandErgOccidental,31.25,1.75,GrandErgOccidental_lat31p25_lon01p75,1,58.51299261,236.25,1,31766553.44,0.95107944,56.25
GrandErgOccidental,31.25,1.75,GrandErgOccidental_lat31p25_lon01p75,2,597.5906703,171.25,0.161838879,5141063.384,0.610680634,-8.75
GrandErgOccidental,31.25,1.75,GrandErgOccidental_lat31p25_lon01p75,3,1604.328118,201.25,0.051263951,1628479.045,0.217428144,21.25
GrandErgOccidental,31.25,1.75,GrandErgOccidental_lat31p25_lon01p75,4,2706.152597,208.75,0.006749788,214417.493,0.351049918,28.75
GrandErgOccidental,31.25,1.75,GrandErgOccidental_lat31p25_lon01p75,5,4564.690847,198.75,0.000136747,4343.984574,0.469989729,18.75
GrandErgOccidental,31.25,1.75,GrandErgOccidental_lat31p25_lon01p75,6,6855.085589,208.75,2.53E-05,803.4684507,1,28.75
GrandErgOccidental,31.25,1.75,GrandErgOccidental_lat31p25_lon01p75,7,9165.513867,91.25,1.61E-05,511.0647486,0.492492092,-88.75
GrandErgOccidental,31.25,2.25,GrandErgOccidental_lat31p25_lon02p25,1,65.72186596,243.75,1,59863329.57,0.953277171,63.75
GrandErgOccidental,31.25,2.25,GrandErgOccidental_lat31p25_lon02p25,2,532.0423875,146.25,0.038728455,2318414.276,0.208834166,-33.75
GrandErgOccidental,31.25,2.25,GrandErgOccidental_lat31p25_lon02p25,3,1700.286015,168.75,0.005927089,354815.2906,0.206671549,-11.25
GrandErgOccidental,31.25,2.25,GrandErgOccidental_lat31p25_lon02p25,4,3039.553957,153.75,0.000258411,15469.34966,0.248134137,-26.25
GrandErgOccidental,31.25,2.25,GrandErgOccidental_lat31p25_lon02p25,5,4064.000891,226.25,4.60E-05,2754.998189,0.417659562,46.25
GrandErgOccidental,31.25,2.25,GrandErgOccidental_lat31p25_lon02p25,6,5433.725959,91.25,2.62E-05,1566.289283,0.491006085,-88.75
GrandErgOccidental,31.25,2.25,GrandErgOccidental_lat31p25_lon02p25,7,8160.170704,181.25,1.41E-05,843.2730618,1,1.25
GrandErgOccidental,31.25,2.5,GrandErgOccidental_lat31p25_lon02p50,1,62.01276528,233.75,1,49053428.75,0.946309918,53.75
GrandErgOccidental,31.25,2.5,GrandErgOccidental_lat31p25_lon02p50,2,1008.005486,141.25,0.010408045,510550.3058,0.242973152,-38.75
GrandErgOccidental,31.25,2.5,GrandErgOccidental_lat31p25_lon02p50,3,3414.030779,261.25,7.65E-05,3752.886673,0.235995701,81.25
GrandErgOccidental,31.25,2.5,GrandErgOccidental_lat31p25_lon02p50,4,4564.690847,138.75,2.49E-05,1222.717438,0.700909486,-41.25
GrandErgOccidental,31.25,2.5,GrandErgOccidental_lat31p25_lon02p50,5,6103.167745,221.25,4.64E-06,227.4502939,0.58275664,41.25
GrandErgOccidental,31.25,2.5,GrandErgOccidental_lat31p25_lon02p50,6,8160.170704,181.25,1.26E-05,616.3554869,1,1.25
GrandErgOccidental,31.75,2.5,GrandErgOccidental_lat31p75_lon02p50,1,62.01276528,231.25,1,66610617.86,0.951330174,51.25
GrandErgOccidental,31.75,2.5,GrandErgOccidental_lat31p75_lon02p50,2,502.0158696,228.75,0.013591015,905305.8923,0.218389689,48.75
GrandErgOccidental,31.75,2.5,GrandErgOccidental_lat31p75_lon02p50,3,3039.553957,181.25,0.000232063,15457.85843,0.213274273,1.25
GrandErgOccidental,31.75,2.5,GrandErgOccidental_lat31p75_lon02p50,4,4564.690847,91.25,2.55E-05,1696.688802,0.750680728,-88.75
GrandErgOccidental,31.75,2.5,GrandErgOccidental_lat31p75_lon02p50,5,6855.085589,91.25,1.20E-05,798.9446883,1,-88.75
GrandErgOccidental,31.75,2.5,GrandErgOccidental_lat31p75_lon02p50,6,9165.513867,91.25,7.06E-06,470.0599516,0.419852935,-88.75
GrandErgOccidental,31.75,2.75,GrandErgOccidental_lat31p75_lon02p75,1,58.51299261,231.25,1,76501041.94,0.952052869,51.25
GrandErgOccidental,31.75,2.75,GrandErgOccidental_lat31p75_lon02p75,2,1428.353227,141.25,0.004579008,350298.9118,0.211800858,-38.75
GrandErgOccidental,31.75,2.75,GrandErgOccidental_lat31p75_lon02p75,3,3414.030779,181.25,0.000151692,11604.5881,0.380382494,1.25
GrandErgOccidental,31.75,2.75,GrandErgOccidental_lat31p75_lon02p75,4,5127.066427,116.25,1.02E-05,782.7433738,0.757495134,-63.75
GrandErgOccidental,31.75,2.75,GrandErgOccidental_lat31p75_lon02p75,5,7699.640646,181.25,1.51E-05,1157.896462,1,1.25
GrandErgOccidental,32,2.5,GrandErgOccidental_lat32p00_lon02p50,1,62.01276528,218.75,1,47022127.49,0.949400924,38.75
GrandErgOccidental,32,2.5,GrandErgOccidental_lat32p00_lon02p50,2,1428.353227,141.25,0.006357116,298925.128,0.383755923,-38.75
GrandErgOccidental,32,2.5,GrandErgOccidental_lat32p00_lon02p50,3,2145.048581,143.75,0.002953306,138870.7269,0.316721442,-36.25
GrandErgOccidental,32,2.5,GrandErgOccidental_lat32p00_lon02p50,4,3414.030779,173.75,0.000261735,12307.33149,0.367815937,-6.25
GrandErgOccidental,32,2.5,GrandErgOccidental_lat32p00_lon02p50,5,4564.690847,138.75,8.74E-05,4107.99812,0.59471719,-41.25
GrandErgOccidental,32,2.5,GrandErgOccidental_lat32p00_lon02p50,6,7699.640646,181.25,3.50E-05,1644.951566,1,1.25
GrandErgOccidental,32,2.75,GrandErgOccidental_lat32p00_lon02p75,1,65.72186596,228.75,1,40235564.87,0.954374262,48.75
GrandErgOccidental,32,2.75,GrandErgOccidental_lat32p00_lon02p75,2,532.0423875,188.75,0.018717957,753127.5547,0.209477191,8.75
GrandErgOccidental,32,2.75,GrandErgOccidental_lat32p00_lon02p75,3,799.0017781,141.25,0.012992138,522746.001,0.221337852,-38.75
GrandErgOccidental,32,2.75,GrandErgOccidental_lat32p00_lon02p75,4,1428.353227,158.75,0.008861531,356548.7032,0.441120857,-21.25
GrandErgOccidental,32,2.75,GrandErgOccidental_lat32p00_lon02p75,5,4564.690847,233.75,0.000147074,5917.614074,0.544009617,53.75
GrandErgOccidental,32,2.75,GrandErgOccidental_lat32p00_lon02p75,6,7699.640646,181.25,5.17E-05,2081.561097,1,1.25
GrandErgOrientalAlgeria,26.5,6.75,GrandErgOrientalAlgeria_lat26p50_lon06p75,1,334.2842646,223.75,1,54359296.03,0.993759356,43.75
GrandErgOrientalAlgeria,26.5,6.75,GrandErgOrientalAlgeria_lat26p50_lon06p75,2,5127.066427,191.25,0.00015214,8270.241382,0.633608262,11.25
GrandErgOrientalAlgeria,26.5,6.75,GrandErgOrientalAlgeria_lat26p50_lon06p75,3,8648.245934,181.25,1.06E-05,578.0311398,0.762831169,1.25
GrandErgOrientalAlgeria,26.5,8,GrandErgOrientalAlgeria_lat26p50_lon08p00,1,82.91345931,196.25,0.8317559,32791996.56,0.307583599,16.25
GrandErgOrientalAlgeria,26.5,8,GrandErgOrientalAlgeria_lat26p50_lon08p00,2,473.6839381,191.25,1,39425024.3,0.961273733,11.25
GrandErgOrientalAlgeria,26.5,8,GrandErgOrientalAlgeria_lat26p50_lon08p00,3,2706.152597,138.75,0.044087833,1738163.872,0.547583104,-41.25
GrandErgOrientalAlgeria,26.5,8,GrandErgOrientalAlgeria_lat26p50_lon08p00,4,3834.64361,221.25,0.008923737,351818.5557,0.476941714,41.25
GrandErgOrientalAlgeria,26.5,8,GrandErgOrientalAlgeria_lat26p50_lon08p00,5,5127.066427,146.25,0.004133256,162953.7158,0.51317441,-33.75
GrandErgOrientalAlgeria,26.5,8,GrandErgOrientalAlgeria_lat26p50_lon08p00,6,6855.085589,106.25,0.002423641,95552.09931,0.945291073,-73.75
GrandErgOrientalAlgeria,26.5,8.25,GrandErgOrientalAlgeria_lat26p50_lon08p25,1,78.23412826,236.25,1,17864031.96,0.956936824,56.25
GrandErgOrientalAlgeria,26.5,8.25,GrandErgOrientalAlgeria_lat26p50_lon08p25,2,473.6839381,261.25,0.414386583,7402615.169,0.344410555,81.25
GrandErgOrientalAlgeria,26.5,8.25,GrandErgOrientalAlgeria_lat26p50_lon08p25,3,1513.785733,208.75,0.098006228,1750786.397,0.205892887,28.75
GrandErgOrientalAlgeria,26.5,8.25,GrandErgOrientalAlgeria_lat26p50_lon08p25,4,2023.989919,251.25,0.058464567,1044412.894,0.27100338,71.25
GrandErgOrientalAlgeria,26.5,8.25,GrandErgOrientalAlgeria_lat26p50_lon08p25,5,2706.152597,243.75,0.020876483,372938.1582,0.258959886,63.75
GrandErgOrientalAlgeria,26.5,8.25,GrandErgOrientalAlgeria_lat26p50_lon08p25,6,3834.64361,221.25,0.004463779,79741.08817,0.345349171,41.25
GrandErgOrientalAlgeria,26.5,8.25,GrandErgOrientalAlgeria_lat26p50_lon08p25,7,6103.167745,193.75,0.000917209,16385.05241,0.220128252,13.75
GrandErgOrientalAlgeria,26.5,8.25,GrandErgOrientalAlgeria_lat26p50_lon08p25,8,8160.170704,181.25,0.000203509,3635.489964,1,1.25
GrandErgOrientalAlgeria,26.75,6.5,GrandErgOrientalAlgeria_lat26p75_lon06p50,1,446.9509568,91.25,1,39481281.7,0.991918083,-88.75
GrandErgOrientalAlgeria,26.75,6.5,GrandErgOrientalAlgeria_lat26p75_lon06p50,2,1801.983335,213.75,0.039145929,1545531.439,0.314023978,33.75
GrandErgOrientalAlgeria,26.75,6.5,GrandErgOrientalAlgeria_lat26p75_lon06p50,3,3618.230411,148.75,0.003407102,134516.7699,0.626310957,-31.25
GrandErgOrientalAlgeria,26.75,6.5,GrandErgOrientalAlgeria_lat26p75_lon06p50,4,5127.066427,146.25,0.000708108,27957.02876,0.460196458,-33.75
GrandErgOrientalAlgeria,26.75,6.5,GrandErgOrientalAlgeria_lat26p75_lon06p50,5,8648.245934,181.25,4.79E-05,1892.920142,0.644987187,1.25
GrandErgOrientalAlgeria,26.75,6.75,GrandErgOrientalAlgeria_lat26p75_lon06p75,1,375.4685011,246.25,1,56836341.57,0.994312039,66.25
GrandErgOrientalAlgeria,26.75,6.75,GrandErgOrientalAlgeria_lat26p75_lon06p75,2,2553.427285,206.25,0.005659723,321677.9375,0.347993216,26.25
GrandErgOrientalAlgeria,26.75,6.75,GrandErgOrientalAlgeria_lat26p75_lon06p75,3,3618.230411,186.25,0.000759016,43139.69045,0.257239969,6.25
GrandErgOrientalAlgeria,26.75,6.75,GrandErgOrientalAlgeria_lat26p75_lon06p75,4,5127.066427,168.75,0.000116949,6646.979518,0.78554236,-11.25
GrandErgOrientalAlgeria,26.75,6.75,GrandErgOrientalAlgeria_lat26p75_lon06p75,5,9165.513867,221.25,1.91E-05,1086.675386,0.678641279,41.25
GrandErgOrientalAlgeria,26.75,7.75,GrandErgOrientalAlgeria_lat26p75_lon07p75,1,104.6020474,218.75,1,30085339.08,0.974608599,38.75
GrandErgOrientalAlgeria,26.75,7.75,GrandErgOrientalAlgeria_lat26p75_lon07p75,2,1347.742218,218.75,0.175665062,5284942.953,0.498737175,38.75
GrandErgOrientalAlgeria,26.75,7.75,GrandErgOrientalAlgeria_lat26p75_lon07p75,3,1909.763363,203.75,0.080547514,2423299.271,0.32709049,23.75
GrandErgOrientalAlgeria,26.75,7.75,GrandErgOrientalAlgeria_lat26p75_lon07p75,4,3039.553957,213.75,0.021661498,651693.5012,0.619685051,33.75
GrandErgOrientalAlgeria,26.75,7.75,GrandErgOrientalAlgeria_lat26p75_lon07p75,5,4064.000891,228.75,0.011203696,337066.9919,0.503483587,48.75
GrandErgOrientalAlgeria,26.75,7.75,GrandErgOrientalAlgeria_lat26p75_lon07p75,6,6103.167745,221.25,0.001792537,53929.08003,0.253542201,41.25
GrandErgOrientalAlgeria,26.75,7.75,GrandErgOrientalAlgeria_lat26p75_lon07p75,7,9165.513867,91.25,0.000340877,10255.4042,0.746192905,-88.75
GrandErgOrientalAlgeria,26.75,8,GrandErgOrientalAlgeria_lat26p75_lon08p00,1,87.87267,236.25,1,53316813.25,0.969421676,56.25
GrandErgOrientalAlgeria,26.75,8,GrandErgOrientalAlgeria_lat26p75_lon08p00,2,473.6839381,198.75,0.32483978,17319421.91,0.223430912,18.75
GrandErgOrientalAlgeria,26.75,8,GrandErgOrientalAlgeria_lat26p75_lon08p00,3,1513.785733,211.25,0.088827783,4736014.312,0.421924665,31.25
GrandErgOrientalAlgeria,26.75,8,GrandErgOrientalAlgeria_lat26p75_lon08p00,4,2553.427285,206.25,0.022076498,1177048.534,0.344157751,26.25
GrandErgOrientalAlgeria,26.75,8,GrandErgOrientalAlgeria_lat26p75_lon08p00,5,3414.030779,201.25,0.00531783,283529.7273,0.503339243,21.25
GrandErgOrientalAlgeria,26.75,8,GrandErgOrientalAlgeria_lat26p75_lon08p00,6,6103.167745,181.25,0.001257392,67040.13527,0.938600941,1.25
GrandErgOrientalAlgeria,26.75,8,GrandErgOrientalAlgeria_lat26p75_lon08p00,7,8160.170704,196.25,6.61E-05,3524.838074,1,16.25
GrandErgOrientalAlgeria,26.75,8.25,GrandErgOrientalAlgeria_lat26p75_lon08p25,1,98.69869206,226.25,1,22528523.5,0.972190057,46.25
GrandErgOrientalAlgeria,26.75,8.25,GrandErgOrientalAlgeria_lat26p75_lon08p25,2,421.7266867,213.75,0.549939114,12389316.25,0.33637195,33.75
GrandErgOrientalAlgeria,26.75,8.25,GrandErgOrientalAlgeria_lat26p75_lon08p25,3,597.5906703,203.75,0.474673664,10693696.8,0.200411484,23.75
GrandErgOrientalAlgeria,26.75,8.25,GrandErgOrientalAlgeria_lat26p75_lon08p25,4,2023.989919,256.25,0.036686359,826489.4976,0.324656487,76.25
GrandErgOrientalAlgeria,26.75,8.25,GrandErgOrientalAlgeria_lat26p75_lon08p25,5,2706.152597,221.25,0.024007241,540847.6897,0.20339404,41.25
GrandErgOrientalAlgeria,26.75,8.25,GrandErgOrientalAlgeria_lat26p75_lon08p25,6,4064.000891,228.75,0.008994509,202633.0014,0.251418318,48.75
GrandErgOrientalAlgeria,26.75,8.25,GrandErgOrientalAlgeria_lat26p75_lon08p25,7,6103.167745,241.25,0.005393519,121508.0254,0.920885362,61.25
GrandErgOrientalAlgeria,26.75,8.25,GrandErgOrientalAlgeria_lat26p75_lon08p25,8,8648.245934,248.75,0.00066399,14958.70709,1,68.75
GrandErgOrientalAlgeria,27,6.5,GrandErgOrientalAlgeria_lat27p00_lon06p50,1,93.12850046,228.75,0.900171899,10526456.58,0.463073472,48.75
GrandErgOrientalAlgeria,27,6.5,GrandErgOrientalAlgeria_lat27p00_lon06p50,2,421.7266867,196.25,1,11693829.36,0.981536785,16.25
GrandErgOrientalAlgeria,27,6.5,GrandErgOrientalAlgeria_lat27p00_lon06p50,3,1132.193013,231.25,0.181356404,2120750.84,0.212284612,51.25
GrandErgOrientalAlgeria,27,6.5,GrandErgOrientalAlgeria_lat27p00_lon06p50,4,2553.427285,181.25,0.015649763,183005.6631,0.239257208,1.25
GrandErgOrientalAlgeria,27,6.5,GrandErgOrientalAlgeria_lat27p00_lon06p50,5,3414.030779,193.75,0.01018152,119060.9519,0.227385272,13.75
GrandErgOrientalAlgeria,27,6.5,GrandErgOrientalAlgeria_lat27p00_lon06p50,6,5127.066427,191.25,0.002857403,33413.98149,0.735350557,11.25
GrandErgOrientalAlgeria,27,6.5,GrandErgOrientalAlgeria_lat27p00_lon06p50,7,8160.170704,196.25,0.000105557,1234.36818,0.911439463,16.25
GrandErgOrientalAlgeria,27,6.75,GrandErgOrientalAlgeria_lat27p00_lon06p75,1,87.87267,226.25,1,11739910.63,0.967833441,46.25
GrandErgOrientalAlgeria,27,6.75,GrandErgOrientalAlgeria_lat27p00_lon06p75,2,280.8209936,238.75,0.878439175,10312797.4,0.289504184,58.75
GrandErgOrientalAlgeria,27,6.75,GrandErgOrientalAlgeria_lat27p00_lon06p75,3,2553.427285,168.75,0.030117456,353576.2396,0.616371074,-11.25
GrandErgOrientalAlgeria,27,6.75,GrandErgOrientalAlgeria_lat27p00_lon06p75,4,4064.000891,163.75,0.004472034,52501.27618,0.742508735,-16.25
GrandErgOrientalAlgeria,27,6.75,GrandErgOrientalAlgeria_lat27p00_lon06p75,5,5758.727378,91.25,0.000414306,4863.916248,0.296200553,-88.75
GrandErgOrientalAlgeria,27,6.75,GrandErgOrientalAlgeria_lat27p00_lon06p75,6,8648.245934,181.25,0.000204902,2405.528062,0.92058142,1.25
GrandErgOrientalAlgeria,27,7.25,GrandErgOrientalAlgeria_lat27p00_lon07p25,1,110.8584935,246.25,0.860105135,23889735.38,0.38559766,66.25
GrandErgOrientalAlgeria,27,7.25,GrandErgOrientalAlgeria_lat27p00_lon07p25,2,397.9259817,241.25,1,27775366.54,0.984706495,61.25
GrandErgOrientalAlgeria,27,7.25,GrandErgOrientalAlgeria_lat27p00_lon07p25,3,951.1173591,186.25,0.298313631,8285770.444,0.236672701,6.25
GrandErgOrientalAlgeria,27,7.25,GrandErgOrientalAlgeria_lat27p00_lon07p25,4,2553.427285,133.75,0.006607152,183516.0783,0.30561489,-46.25
GrandErgOrientalAlgeria,27,7.25,GrandErgOrientalAlgeria_lat27p00_lon07p25,5,6103.167745,138.75,0.000195457,5428.88922,0.431090251,-41.25
GrandErgOrientalAlgeria,27,7.25,GrandErgOrientalAlgeria_lat27p00_lon07p25,6,9165.513867,91.25,4.67E-05,1297.264381,0.512482421,-88.75
GrandErgOrientalAlgeria,27,8.25,GrandErgOrientalAlgeria_lat27p00_lon08p25,1,78.23412826,238.75,1,31731133.06,0.953366726,58.75
GrandErgOrientalAlgeria,27,8.25,GrandErgOrientalAlgeria_lat27p00_lon08p25,2,563.8648481,246.25,0.55562427,17630587.63,0.537826597,66.25
GrandErgOrientalAlgeria,27,8.25,GrandErgOrientalAlgeria_lat27p00_lon08p25,3,897.4397893,246.25,0.484603197,15377008.53,0.21174836,66.25
GrandErgOrientalAlgeria,27,8.25,GrandErgOrientalAlgeria_lat27p00_lon08p25,4,1604.328118,243.75,0.251913109,7993488.389,0.531743768,63.75
GrandErgOrientalAlgeria,27,8.25,GrandErgOrientalAlgeria_lat27p00_lon08p25,5,2706.152597,251.25,0.042028484,1333611.411,0.597858922,71.25
GrandErgOrientalAlgeria,27,8.25,GrandErgOrientalAlgeria_lat27p00_lon08p25,6,3834.64361,251.25,0.026846909,851882.8353,0.758210198,71.25
GrandErgOrientalAlgeria,27,8.25,GrandErgOrientalAlgeria_lat27p00_lon08p25,7,5433.725959,231.25,0.00466143,147912.4704,0.86485382,51.25
GrandErgOrientalAlgeria,27,8.25,GrandErgOrientalAlgeria_lat27p00_lon08p25,8,7265.101213,233.75,0.001516764,48128.62672,1,53.75
GrandErgOrientalAlgeria,27,8.5,GrandErgOrientalAlgeria_lat27p00_lon08p50,1,69.65281496,231.25,1,22412919.43,0.928532123,51.25
GrandErgOrientalAlgeria,27,8.5,GrandErgOrientalAlgeria_lat27p00_lon08p50,2,502.0158696,253.75,0.518161597,11613514.13,0.374419216,73.75
GrandErgOrientalAlgeria,27,8.5,GrandErgOrientalAlgeria_lat27p00_lon08p50,3,1132.193013,243.75,0.264228511,5922132.331,0.205374969,63.75
GrandErgOrientalAlgeria,27,8.5,GrandErgOrientalAlgeria_lat27p00_lon08p50,4,2409.32123,253.75,0.065026647,1457436.992,0.451169258,73.75
GrandErgOrientalAlgeria,27,8.5,GrandErgOrientalAlgeria_lat27p00_lon08p50,5,3414.030779,236.25,0.013963172,312955.4529,0.795155587,56.25
GrandErgOrientalAlgeria,27,8.5,GrandErgOrientalAlgeria_lat27p00_lon08p50,6,4564.690847,91.25,0.002628593,58914.44502,0.50194944,-88.75
GrandErgOrientalAlgeria,27,8.5,GrandErgOrientalAlgeria_lat27p00_lon08p50,7,6103.167745,181.25,0.001445935,32407.62566,0.935157487,1.25
GrandErgOrientalAlgeria,27,8.5,GrandErgOrientalAlgeria_lat27p00_lon08p50,8,8648.245934,248.75,0.000785845,17613.07496,1,68.75
GrandErgOrientalAlgeria,27.25,6.5,GrandErgOrientalAlgeria_lat27p25_lon06p50,1,93.12850046,228.75,1,14697389.82,0.976739092,48.75
GrandErgOrientalAlgeria,27.25,6.5,GrandErgOrientalAlgeria_lat27p25_lon06p50,2,951.1173591,91.25,0.522705911,7682412.536,0.373409524,-88.75
GrandErgOrientalAlgeria,27.25,6.5,GrandErgOrientalAlgeria_lat27p25_lon06p50,3,2553.427285,141.25,0.013779831,202527.543,0.333938795,-38.75
GrandErgOrientalAlgeria,27.25,6.5,GrandErgOrientalAlgeria_lat27p25_lon06p50,4,4064.000891,91.25,0.005440079,79954.9626,0.735011835,-88.75
GrandErgOrientalAlgeria,27.25,6.5,GrandErgOrientalAlgeria_lat27p25_lon06p50,5,8648.245934,181.25,0.000509139,7483.021188,0.697260659,1.25
GrandErgOrientalAlgeria,27.25,6.75,GrandErgOrientalAlgeria_lat27p25_lon06p75,1,93.12850046,233.75,1,8816883.366,0.967778149,53.75
GrandErgOrientalAlgeria,27.25,6.75,GrandErgOrientalAlgeria_lat27p25_lon06p75,2,2553.427285,158.75,0.012432603,109616.8066,0.597520005,-21.25
GrandErgOrientalAlgeria,27.25,6.75,GrandErgOrientalAlgeria_lat27p25_lon06p75,3,4307.076464,181.25,0.001902916,16777.79258,0.584540756,1.25
GrandErgOrientalAlgeria,27.25,6.75,GrandErgOrientalAlgeria_lat27p25_lon06p75,4,6103.167745,138.75,0.000543048,4787.990074,0.715390019,-41.25
GrandErgOrientalAlgeria,27.25,6.75,GrandErgOrientalAlgeria_lat27p25_lon06p75,5,8648.245934,181.25,0.000711064,6269.364391,0.956160209,1.25
GrandErgOrientalAlgeria,27.25,8,GrandErgOrientalAlgeria_lat27p25_lon08p00,1,82.91345931,241.25,1,56097080.34,0.959166833,61.25
GrandErgOrientalAlgeria,27.25,8,GrandErgOrientalAlgeria_lat27p25_lon08p00,2,502.0158696,246.25,0.178378618,10006519.64,0.209093122,66.25
GrandErgOrientalAlgeria,27.25,8,GrandErgOrientalAlgeria_lat27p25_lon08p00,3,846.7915844,231.25,0.126716887,7108447.373,0.219781668,51.25
GrandErgOrientalAlgeria,27.25,8,GrandErgOrientalAlgeria_lat27p25_lon08p00,4,1801.983335,253.75,0.022986569,1289479.381,0.251343935,73.75
GrandErgOrientalAlgeria,27.25,8,GrandErgOrientalAlgeria_lat27p25_lon08p00,5,3039.553957,231.25,0.006218376,348832.7157,0.607881299,51.25
GrandErgOrientalAlgeria,27.25,8,GrandErgOrientalAlgeria_lat27p25_lon08p00,6,4564.690847,236.25,0.001035813,58106.09651,0.578572994,56.25
GrandErgOrientalAlgeria,27.25,8,GrandErgOrientalAlgeria_lat27p25_lon08p00,7,6103.167745,221.25,0.001253937,70342.18444,0.963967164,41.25
GrandErgOrientalAlgeria,27.25,8,GrandErgOrientalAlgeria_lat27p25_lon08p00,8,8160.170704,181.25,0.00010296,5775.77696,1,1.25
GrandErgOrientalAlgeria,27.25,8.25,GrandErgOrientalAlgeria_lat27p25_lon08p25,1,532.0423875,258.75,1,14416748.7,0.97681878,78.75
GrandErgOrientalAlgeria,27.25,8.25,GrandErgOrientalAlgeria_lat27p25_lon08p25,2,1132.193013,251.25,0.310801861,4480752.321,0.201805004,71.25
GrandErgOrientalAlgeria,27.25,8.25,GrandErgOrientalAlgeria_lat27p25_lon08p25,3,2706.152597,103.75,0.026375512,380249.1277,0.252870491,-76.25
GrandErgOrientalAlgeria,27.25,8.25,GrandErgOrientalAlgeria_lat27p25_lon08p25,4,4564.690847,258.75,0.00348021,50173.31076,0.619469427,78.75
GrandErgOrientalAlgeria,27.25,8.25,GrandErgOrientalAlgeria_lat27p25_lon08p25,5,6855.085589,106.25,0.001901809,27417.89556,1,-73.75
GrandErgOrientalAlgeria,27.25,8.5,GrandErgOrientalAlgeria_lat27p25_lon08p50,1,473.6839381,241.25,1,24106133.14,0.965976233,61.25
GrandErgOrientalAlgeria,27.25,8.5,GrandErgOrientalAlgeria_lat27p25_lon08p50,2,1271.680598,258.75,0.240527996,5798199.897,0.202777075,78.75
GrandErgOrientalAlgeria,27.25,8.5,GrandErgOrientalAlgeria_lat27p25_lon08p50,3,2145.048581,98.75,0.050899185,1226982.531,0.251144418,-81.25
GrandErgOrientalAlgeria,27.25,8.5,GrandErgOrientalAlgeria_lat27p25_lon08p50,4,3039.553957,256.25,0.018411495,443829.9472,0.415495599,76.25
GrandErgOrientalAlgeria,27.25,8.5,GrandErgOrientalAlgeria_lat27p25_lon08p50,5,4564.690847,258.75,0.003228413,77824.5499,0.746477526,78.75
GrandErgOrientalAlgeria,27.25,8.5,GrandErgOrientalAlgeria_lat27p25_lon08p50,6,6103.167745,241.25,0.000851081,20516.26295,0.304799029,61.25
GrandErgOrientalAlgeria,27.25,8.5,GrandErgOrientalAlgeria_lat27p25_lon08p50,7,8160.170704,196.25,0.000470347,11338.24384,1,16.25
GrandErgOrientalAlgeria,27.5,6.75,GrandErgOrientalAlgeria_lat27p50_lon06p75,1,124.5163975,198.75,1,15796296.01,0.982852418,18.75
GrandErgOrientalAlgeria,27.5,6.75,GrandErgOrientalAlgeria_lat27p50_lon06p75,2,1604.328118,206.25,0.028550155,450986.7057,0.242998412,26.25
GrandErgOrientalAlgeria,27.5,6.75,GrandErgOrientalAlgeria_lat27p50_lon06p75,3,3414.030779,261.25,0.001531107,24185.81402,0.348698859,81.25
GrandErgOrientalAlgeria,27.5,6.75,GrandErgOrientalAlgeria_lat27p50_lon06p75,4,4837.713633,191.25,0.000360924,5701.268681,0.298761586,11.25
GrandErgOrientalAlgeria,27.5,7.25,GrandErgOrientalAlgeria_lat27p50_lon07p25,1,87.87267,206.25,1,48292059.51,0.966842459,26.25
GrandErgOrientalAlgeria,27.5,7.25,GrandErgOrientalAlgeria_lat27p50_lon07p25,2,3834.64361,221.25,0.001223741,59096.94919,0.326646756,41.25
GrandErgOrientalAlgeria,27.5,7.25,GrandErgOrientalAlgeria_lat27p50_lon07p25,3,6103.167745,193.75,0.00010066,4861.086571,0.564400907,13.75
GrandErgOrientalAlgeria,27.5,7.25,GrandErgOrientalAlgeria_lat27p50_lon07p25,4,8160.170704,181.25,2.75E-05,1326.013117,1,1.25
GrandErgOrientalAlgeria,27.5,7.5,GrandErgOrientalAlgeria_lat27p50_lon07p50,1,82.91345931,233.75,1,36956164.01,0.970247177,53.75
GrandErgOrientalAlgeria,27.5,7.5,GrandErgOrientalAlgeria_lat27p50_lon07p50,2,421.7266867,233.75,0.120866262,4466753.386,0.231855056,53.75
GrandErgOrientalAlgeria,27.5,7.5,GrandErgOrientalAlgeria_lat27p50_lon07p50,3,2145.048581,231.25,0.010684572,394860.802,0.333510006,51.25
GrandErgOrientalAlgeria,27.5,7.5,GrandErgOrientalAlgeria_lat27p50_lon07p50,4,3039.553957,231.25,0.002590809,95746.37137,0.392753921,51.25
GrandErgOrientalAlgeria,27.5,7.5,GrandErgOrientalAlgeria_lat27p50_lon07p50,5,4064.000891,228.75,0.004045906,149521.1776,0.914033869,48.75
GrandErgOrientalAlgeria,27.5,7.5,GrandErgOrientalAlgeria_lat27p50_lon07p50,6,5433.725959,231.25,0.001335796,49365.91444,0.910748207,51.25
GrandErgOrientalAlgeria,27.5,7.5,GrandErgOrientalAlgeria_lat27p50_lon07p50,7,9165.513867,221.25,8.75E-05,3232.80814,1,41.25
GrandErgOrientalAlgeria,27.5,8,GrandErgOrientalAlgeria_lat27p50_lon08p00,1,87.87267,241.25,1,38779788.19,0.962195913,61.25
GrandErgOrientalAlgeria,27.5,8,GrandErgOrientalAlgeria_lat27p50_lon08p00,2,1347.742218,181.25,0.037692515,1461707.729,0.356410714,1.25
GrandErgOrientalAlgeria,27.5,8,GrandErgOrientalAlgeria_lat27p50_lon08p00,3,2023.989919,246.25,0.011640928,451432.7277,0.236998716,66.25
GrandErgOrientalAlgeria,27.5,8,GrandErgOrientalAlgeria_lat27p50_lon08p00,4,2706.152597,251.25,0.010782988,418161.9773,0.620745806,71.25
GrandErgOrientalAlgeria,27.5,8,GrandErgOrientalAlgeria_lat27p50_lon08p00,5,4064.000891,181.25,0.001208325,46858.58944,0.652854126,1.25
GrandErgOrientalAlgeria,27.5,8,GrandErgOrientalAlgeria_lat27p50_lon08p00,6,6103.167745,181.25,0.000483172,18737.32454,0.846043591,1.25
GrandErgOrientalAlgeria,27.5,8,GrandErgOrientalAlgeria_lat27p50_lon08p00,7,8160.170704,181.25,0.000106987,4148.932611,1,1.25
GrandErgOrientalAlgeria,27.5,8.25,GrandErgOrientalAlgeria_lat27p50_lon08p25,1,78.23412826,256.25,1,28800106.37,0.964789633,76.25
GrandErgOrientalAlgeria,27.5,8.25,GrandErgOrientalAlgeria_lat27p50_lon08p25,2,446.9509568,251.25,0.651799893,18771906.25,0.313161979,71.25
GrandErgOrientalAlgeria,27.5,8.25,GrandErgOrientalAlgeria_lat27p50_lon08p25,3,2023.989919,93.75,0.061078364,1759063.393,0.287884903,-86.25
GrandErgOrientalAlgeria,27.5,8.25,GrandErgOrientalAlgeria_lat27p50_lon08p25,4,3039.553957,118.75,0.017441995,502331.3109,0.538459888,-61.25
GrandErgOrientalAlgeria,27.5,8.25,GrandErgOrientalAlgeria_lat27p50_lon08p25,5,4064.000891,241.25,0.010904581,314053.1019,0.495960162,61.25
GrandErgOrientalAlgeria,27.5,8.25,GrandErgOrientalAlgeria_lat27p50_lon08p25,6,5433.725959,256.25,0.006465059,186194.3771,0.868383555,76.25
GrandErgOrientalAlgeria,27.5,8.25,GrandErgOrientalAlgeria_lat27p50_lon08p25,7,8648.245934,111.25,0.000313678,9033.967476,1,-68.75
GrandErgOrientalAlgeria,27.75,6.75,GrandErgOrientalAlgeria_lat27p75_lon06p75,1,104.6020474,186.25,1,25909577.26,0.975307783,6.25
GrandErgOrientalAlgeria,27.75,6.75,GrandErgOrientalAlgeria_lat27p75_lon06p75,2,1909.763363,213.75,0.011254181,291591.0596,0.295729292,33.75
GrandErgOrientalAlgeria,27.75,6.75,GrandErgOrientalAlgeria_lat27p75_lon06p75,3,2868.012698,181.25,0.002626854,68060.66486,0.361720193,1.25
GrandErgOrientalAlgeria,27.75,6.75,GrandErgOrientalAlgeria_lat27p75_lon06p75,4,4064.000891,196.25,0.000626665,16236.61723,0.680155973,16.25
GrandErgOrientalAlgeria,27.75,6.75,GrandErgOrientalAlgeria_lat27p75_lon06p75,5,6103.167745,193.75,8.38E-05,2170.690906,0.717267315,13.75
GrandErgOrientalAlgeria,27.75,6.75,GrandErgOrientalAlgeria_lat27p75_lon06p75,6,9165.513867,91.25,0.000108051,2799.549534,0.84759893,-88.75
GrandErgOrientalAlgeria,27.75,7.25,GrandErgOrientalAlgeria_lat27p75_lon07p25,1,93.12850046,216.25,1,31761247.36,0.97073753,36.25
GrandErgOrientalAlgeria,27.75,7.25,GrandErgOrientalAlgeria_lat27p75_lon07p25,2,2023.989919,241.25,0.008602066,273212.3482,0.246829682,61.25
GrandErgOrientalAlgeria,27.75,7.25,GrandErgOrientalAlgeria_lat27p75_lon07p25,3,3414.030779,236.25,0.001550735,49253.27482,0.550260083,56.25
GrandErgOrientalAlgeria,27.75,7.25,GrandErgOrientalAlgeria_lat27p75_lon07p25,4,5127.066427,246.25,0.000336634,10691.91328,0.936722559,66.25
GrandErgOrientalAlgeria,27.75,7.25,GrandErgOrientalAlgeria_lat27p75_lon07p25,5,6855.085589,253.75,0.000231733,7360.122658,1,73.75
GrandErgOrientalAlgeria,27.75,7.25,GrandErgOrientalAlgeria_lat27p75_lon07p25,6,9165.513867,91.25,9.61E-05,3052.039005,0.80305205,-88.75
GrandErgOrientalAlgeria,27.75,7.5,GrandErgOrientalAlgeria_lat27p75_lon07p50,1,87.87267,221.25,1,22313138.01,0.967853015,41.25
GrandErgOrientalAlgeria,27.75,7.5,GrandErgOrientalAlgeria_lat27p75_lon07p50,2,2553.427285,233.75,0.002769541,61797.1503,0.428010195,53.75
GrandErgOrientalAlgeria,27.75,7.5,GrandErgOrientalAlgeria_lat27p75_lon07p50,3,3414.030779,216.25,0.001342388,29952.88143,0.441339254,36.25
GrandErgOrientalAlgeria,27.75,7.5,GrandErgOrientalAlgeria_lat27p75_lon07p50,4,4564.690847,258.75,0.000511695,11417.51928,0.580446678,78.75
GrandErgOrientalAlgeria,27.75,7.5,GrandErgOrientalAlgeria_lat27p75_lon07p50,5,6103.167745,221.25,0.000299524,6683.32209,0.690119583,41.25
GrandErgOrientalAlgeria,27.75,8,GrandErgOrientalAlgeria_lat27p75_lon08p00,1,87.87267,243.75,1,32413606.2,0.967019213,63.75
GrandErgOrientalAlgeria,27.75,8,GrandErgOrientalAlgeria_lat27p75_lon08p00,2,563.8648481,181.25,0.099088859,3211827.254,0.209134013,1.25
GrandErgOrientalAlgeria,27.75,8,GrandErgOrientalAlgeria_lat27p75_lon08p00,3,2023.989919,181.25,0.014882674,482401.1492,0.459170004,1.25
GrandErgOrientalAlgeria,27.75,8,GrandErgOrientalAlgeria_lat27p75_lon08p00,4,2706.152597,181.25,0.006966558,225811.278,0.481650815,1.25
GrandErgOrientalAlgeria,27.75,8,GrandErgOrientalAlgeria_lat27p75_lon08p00,5,3834.64361,233.75,0.001899453,61568.11295,0.300354236,53.75
GrandErgOrientalAlgeria,27.75,8,GrandErgOrientalAlgeria_lat27p75_lon08p00,6,6103.167745,181.25,0.000271831,8811.01235,0.945079731,1.25
GrandErgOrientalAlgeria,27.75,8,GrandErgOrientalAlgeria_lat27p75_lon08p00,7,8160.170704,181.25,0.000174652,5661.088187,1,1.25
GrandErgOrientalAlgeria,27.75,8.25,GrandErgOrientalAlgeria_lat27p75_lon08p25,1,82.91345931,266.25,1,28154896.96,0.963623987,86.25
GrandErgOrientalAlgeria,27.75,8.25,GrandErgOrientalAlgeria_lat27p75_lon08p25,2,563.8648481,231.25,0.288986853,8136395.068,0.312160651,51.25
GrandErgOrientalAlgeria,27.75,8.25,GrandErgOrientalAlgeria_lat27p75_lon08p25,3,846.7915844,231.25,0.218470566,6151016.272,0.229356468,51.25
GrandErgOrientalAlgeria,27.75,8.25,GrandErgOrientalAlgeria_lat27p75_lon08p25,4,1513.785733,256.25,0.088754065,2498861.552,0.444312319,76.25
GrandErgOrientalAlgeria,27.75,8.25,GrandErgOrientalAlgeria_lat27p75_lon08p25,5,2273.34799,253.75,0.028196602,793872.4101,0.32679466,73.75
GrandErgOrientalAlgeria,27.75,8.25,GrandErgOrientalAlgeria_lat27p75_lon08p25,6,3039.553957,166.25,0.007424179,209027.0085,0.429367834,-13.75
GrandErgOrientalAlgeria,27.75,8.25,GrandErgOrientalAlgeria_lat27p75_lon08p25,7,4064.000891,196.25,0.002700399,76029.45328,0.371212443,16.25
GrandErgOrientalAlgeria,27.75,8.25,GrandErgOrientalAlgeria_lat27p75_lon08p25,8,6103.167745,221.25,0.000261998,7376.534174,0.860638058,41.25
GrandErgOrientalAlgeria,27.75,8.25,GrandErgOrientalAlgeria_lat27p75_lon08p25,9,8160.170704,181.25,0.000140189,3947.008282,1,1.25
GrandErgOrientalAlgeria,28.25,7.5,GrandErgOrientalAlgeria_lat28p25_lon07p50,1,98.69869206,216.25,1,13402686.29,0.973764472,36.25
GrandErgOrientalAlgeria,28.25,7.5,GrandErgOrientalAlgeria_lat28p25_lon07p50,2,446.9509568,231.25,0.356654783,4780132.17,0.201523204,51.25
GrandErgOrientalAlgeria,28.25,7.5,GrandErgOrientalAlgeria_lat28p25_lon07p50,3,2706.152597,263.75,0.011508592,154246.0429,0.233289106,83.75
GrandErgOrientalAlgeria,28.25,7.5,GrandErgOrientalAlgeria_lat28p25_lon07p50,4,4064.000891,91.25,0.004272078,57257.31866,0.513046932,-88.75
GrandErgOrientalAlgeria,28.25,7.5,GrandErgOrientalAlgeria_lat28p25_lon07p50,5,5433.725959,256.25,0.000603585,8089.655443,0.260572255,76.25
GrandErgOrientalAlgeria,28.25,7.5,GrandErgOrientalAlgeria_lat28p25_lon07p50,6,8648.245934,111.25,0.000257144,3446.417769,1,-68.75
GrandErgOrientalAlgeria,28.5,8.75,GrandErgOrientalAlgeria_lat28p50_lon08p75,1,87.87267,93.75,1,6427103.149,0.978523355,-86.25
GrandErgOrientalAlgeria,28.5,8.75,GrandErgOrientalAlgeria_lat28p50_lon08p75,2,280.8209936,156.25,0.579150472,3722259.821,0.213280609,-23.75
GrandErgOrientalAlgeria,28.5,8.75,GrandErgOrientalAlgeria_lat28p50_lon08p75,3,2706.152597,151.25,0.006686163,42972.66053,0.340858576,-28.75
GrandErgOrientalAlgeria,28.5,8.75,GrandErgOrientalAlgeria_lat28p50_lon08p75,4,4064.000891,188.75,0.002008375,12908.03351,0.657324262,8.75
GrandErgOrientalAlgeria,28.5,8.75,GrandErgOrientalAlgeria_lat28p50_lon08p75,5,6103.167745,138.75,0.000800198,5142.956143,0.892651898,-41.25
GrandErgOrientalAlgeria,30.5,9.75,GrandErgOrientalAlgeria_lat30p50_lon09p75,1,65.72186596,268.75,1,26343741.66,0.966823378,88.75
GrandErgOrientalAlgeria,30.5,9.75,GrandErgOrientalAlgeria_lat30p50_lon09p75,2,753.9090529,91.25,0.274175114,7222798.359,0.64141391,-88.75
GrandErgOrientalAlgeria,30.5,9.75,GrandErgOrientalAlgeria_lat30p50_lon09p75,3,1008.005486,98.75,0.197682371,5207693.299,0.271669369,-81.25
GrandErgOrientalAlgeria,30.5,9.75,GrandErgOrientalAlgeria_lat30p50_lon09p75,4,3414.030779,106.25,0.001148966,30268.05833,0.567265202,-73.75
GrandErgOrientalAlgeria,30.5,9.75,GrandErgOrientalAlgeria_lat30p50_lon09p75,5,4564.690847,236.25,0.000174729,4603.019379,0.820923408,56.25
GrandErgOrientalAlgeria,30.5,9.75,GrandErgOrientalAlgeria_lat30p50_lon09p75,6,8160.170704,181.25,2.71E-05,712.8534184,1,1.25
GrandErgOrientalAlgeria,31,9.5,GrandErgOrientalAlgeria_lat31p00_lon09p50,1,78.23412826,106.25,1,21209881.47,0.974815723,-73.75
GrandErgOrientalAlgeria,31,9.5,GrandErgOrientalAlgeria_lat31p00_lon09p50,2,2273.34799,118.75,0.024142411,512057.6795,0.463794673,-61.25
GrandErgOrientalAlgeria,31,9.5,GrandErgOrientalAlgeria_lat31p00_lon09p50,3,3039.553957,91.25,0.004317248,91568.32514,0.628508716,-88.75
GrandErgOrientalAlgeria,31,9.5,GrandErgOrientalAlgeria_lat31p00_lon09p50,4,4564.690847,258.75,5.97E-05,1265.278936,0.457161178,78.75
GrandErgOrientalAlgeria,31,9.5,GrandErgOrientalAlgeria_lat31p00_lon09p50,5,6855.085589,91.25,9.41E-05,1995.263151,1,-88.75
GrandErgOrientalAlgeria,31,9.5,GrandErgOrientalAlgeria_lat31p00_lon09p50,6,9165.513867,91.25,2.24E-05,474.6304186,0.506519267,-88.75
GrandErgOrientalAlgeria,31,9.75,GrandErgOrientalAlgeria_lat31p00_lon09p75,1,73.81888146,103.75,1,45173647.32,0.951517822,-76.25
GrandErgOrientalAlgeria,31,9.75,GrandErgOrientalAlgeria_lat31p00_lon09p75,2,671.2145829,91.25,0.312639605,14123071.24,0.452702483,-88.75
GrandErgOrientalAlgeria,31,9.75,GrandErgOrientalAlgeria_lat31p00_lon09p75,3,2023.989919,188.75,0.030696188,1386658.751,0.325190497,8.75
GrandErgOrientalAlgeria,31,9.75,GrandErgOrientalAlgeria_lat31p00_lon09p75,4,3414.030779,181.25,0.000995532,44971.79713,0.594234966,1.25
GrandErgOrientalAlgeria,31,9.75,GrandErgOrientalAlgeria_lat31p00_lon09p75,5,4564.690847,236.25,0.000155184,7010.235803,0.46712077,56.25
GrandErgOrientalAlgeria,31,9.75,GrandErgOrientalAlgeria_lat31p00_lon09p75,6,6103.167745,221.25,4.39E-05,1982.886125,0.727435203,41.25
GrandErgOrientalAlgeria,31,9.75,GrandErgOrientalAlgeria_lat31p00_lon09p75,7,9165.513867,91.25,1.04E-05,469.6321406,0.241616753,-88.75
GrandErgOrientalAlgeria,31.25,9.5,GrandErgOrientalAlgeria_lat31p25_lon09p50,1,78.23412826,106.25,1,24022103.57,0.965814329,-73.75
GrandErgOrientalAlgeria,31.25,9.5,GrandErgOrientalAlgeria_lat31p25_lon09p50,2,502.0158696,91.25,0.283310484,6805713.789,0.346467836,-88.75
GrandErgOrientalAlgeria,31.25,9.5,GrandErgOrientalAlgeria_lat31p25_lon09p50,3,3414.030779,133.75,0.002591836,62261.36177,0.537546686,-46.25
GrandErgOrientalAlgeria,31.25,9.5,GrandErgOrientalAlgeria_lat31p25_lon09p50,4,8160.170704,181.25,9.46E-05,2272.610268,1,1.25
GrandErgOrientalAlgeria,31.25,9.75,GrandErgOrientalAlgeria_lat31p25_lon09p75,1,41.29329946,258.75,1,43258954.69,0.843345522,78.75
GrandErgOrientalAlgeria,31.25,9.75,GrandErgOrientalAlgeria_lat31p25_lon09p75,2,633.3336976,266.25,0.250503164,10836505.04,0.697090609,86.25
GrandErgOrientalAlgeria,31.25,9.75,GrandErgOrientalAlgeria_lat31p25_lon09p75,3,3414.030779,98.75,0.003174947,137344.8859,0.623065934,-81.25
GrandErgOrientalAlgeria,31.25,9.75,GrandErgOrientalAlgeria_lat31p25_lon09p75,4,4564.690847,101.25,0.000779241,33709.1315,0.775565956,-78.75
GrandErgOrientalAlgeria,31.25,9.75,GrandErgOrientalAlgeria_lat31p25_lon09p75,5,6103.167745,138.75,0.000175431,7588.943646,0.884312098,-41.25
GrandErgOrientalAlgeria,31.25,9.75,GrandErgOrientalAlgeria_lat31p25_lon09p75,6,9165.513867,138.75,3.08E-05,1332.388708,0.902899745,-41.25
GrandErgOrientalAlgeria,31.75,9.25,GrandErgOrientalAlgeria_lat31p75_lon09p25,1,41.29329946,101.25,0.902855597,18754392.83,0.391458318,-78.75
GrandErgOrientalAlgeria,31.75,9.25,GrandErgOrientalAlgeria_lat31p75_lon09p25,2,222.5944962,221.25,1,20772306.1,0.898441841,41.25
GrandErgOrientalAlgeria,31.75,9.25,GrandErgOrientalAlgeria_lat31p75_lon09p25,3,3039.553957,128.75,0.001529602,31773.35642,0.330174348,-51.25
GrandErgOrientalAlgeria,31.75,9.25,GrandErgOrientalAlgeria_lat31p75_lon09p25,4,4564.690847,221.25,0.000354089,7355.244911,0.582813832,41.25
GrandErgOrientalAlgeria,31.75,9.25,GrandErgOrientalAlgeria_lat31p75_lon09p25,5,6103.167745,238.75,0.000232998,4839.903234,0.913696091,58.75
GrandErgOrientalAlgeria,31.75,9.25,GrandErgOrientalAlgeria_lat31p75_lon09p25,6,9165.513867,221.25,0.000114263,2373.511763,1,41.25
GrandErgOrientalAlgeria,31.75,9.5,GrandErgOrientalAlgeria_lat31p75_lon09p50,1,41.29329946,91.25,1,45413029.21,0.867757983,-88.75
GrandErgOrientalAlgeria,31.75,9.5,GrandErgOrientalAlgeria_lat31p75_lon09p50,2,176.4409031,106.25,0.634765983,28826646.14,0.292971445,-73.75
GrandErgOrientalAlgeria,31.75,9.5,GrandErgOrientalAlgeria_lat31p75_lon09p50,3,2553.427285,108.75,0.001421241,64542.83687,0.356127143,-71.25
GrandErgOrientalAlgeria,31.75,9.5,GrandErgOrientalAlgeria_lat31p75_lon09p50,4,3834.64361,163.75,0.000678633,30818.75913,0.366385994,-16.25
GrandErgOrientalAlgeria,31.75,9.5,GrandErgOrientalAlgeria_lat31p75_lon09p50,5,5433.725959,156.25,0.000126588,5748.727706,0.796475197,-23.75
GrandErgOrientalAlgeria,31.75,9.5,GrandErgOrientalAlgeria_lat31p75_lon09p50,6,9165.513867,91.25,4.58E-05,2078.835802,0.735231733,-88.75
GrandErgOrientalAlgeria,32,9.25,GrandErgOrientalAlgeria_lat32p00_lon09p25,1,41.29329946,263.75,1,62493708.45,0.887214574,83.75
GrandErgOrientalAlgeria,32,9.25,GrandErgOrientalAlgeria_lat32p00_lon09p25,2,235.9082936,223.75,0.618274671,38638277.04,0.345008279,43.75
GrandErgOrientalAlgeria,32,9.25,GrandErgOrientalAlgeria_lat32p00_lon09p25,3,4564.690847,188.75,3.31E-05,2068.195207,0.484600396,8.75
GrandErgOrientalAlgeria,32,9.25,GrandErgOrientalAlgeria_lat32p00_lon09p25,4,7699.640646,181.25,1.82E-05,1135.384896,1,1.25
GrandErgOrientalAlgeria,32.25,8.75,GrandErgOrientalAlgeria_lat32p25_lon08p75,1,41.29329946,91.25,1,47699844.38,0.912645416,-88.75
GrandErgOrientalAlgeria,32.25,8.75,GrandErgOrientalAlgeria_lat32p25_lon08p75,2,633.3336976,266.25,0.060781775,2899281.191,0.357634394,86.25
GrandErgOrientalAlgeria,32.25,8.75,GrandErgOrientalAlgeria_lat32p25_lon08p75,3,1347.742218,251.25,0.027311987,1302777.552,0.462132096,71.25
GrandErgOrientalAlgeria,32.25,8.75,GrandErgOrientalAlgeria_lat32p25_lon08p75,4,2553.427285,96.25,0.001192243,56869.78505,0.210514775,-83.75
GrandErgOrientalAlgeria,32.25,8.75,GrandErgOrientalAlgeria_lat32p25_lon08p75,5,4564.690847,101.25,2.34E-05,1117.095672,0.586801324,-78.75
GrandErgOrientalAlgeria,32.25,8.75,GrandErgOrientalAlgeria_lat32p25_lon08p75,6,7699.640646,181.25,2.01E-05,957.7113315,1,1.25
GrandErgOrientalAlgeria,32.25,9.25,GrandErgOrientalAlgeria_lat32p25_lon09p25,1,41.29329946,96.25,1,27704019.98,0.862394788,-83.75
GrandErgOrientalAlgeria,32.25,9.25,GrandErgOrientalAlgeria_lat32p25_lon09p25,2,280.8209936,253.75,0.702936461,19474165.76,0.367131145,73.75
GrandErgOrientalAlgeria,32.25,9.25,GrandErgOrientalAlgeria_lat32p25_lon09p25,3,2145.048581,156.25,0.001621739,44928.68574,0.203977044,-23.75
GrandErgOrientalAlgeria,32.25,9.25,GrandErgOrientalAlgeria_lat32p25_lon09p25,4,2868.012698,148.75,0.000784215,21725.89431,0.365901593,-31.25
GrandErgOrientalAlgeria,32.25,9.25,GrandErgOrientalAlgeria_lat32p25_lon09p25,5,3834.64361,146.25,0.000240305,6657.428174,0.25434414,-33.75
GrandErgOrientalAlgeria,32.25,9.25,GrandErgOrientalAlgeria_lat32p25_lon09p25,6,5127.066427,131.25,0.000100398,2781.419709,0.920479575,-48.75
GrandErgOrientalAlgeria,32.25,9.25,GrandErgOrientalAlgeria_lat32p25_lon09p25,7,7699.640646,181.25,0.000130778,3623.072063,1,1.25
GrandErgOrientalAlgeria,32.75,8.75,GrandErgOrientalAlgeria_lat32p75_lon08p75,1,41.29329946,91.25,1,46794056.32,0.869878278,-88.75
GrandErgOrientalAlgeria,32.75,8.75,GrandErgOrientalAlgeria_lat32p75_lon08p75,2,502.0158696,216.25,0.51935824,24302878.73,0.801626557,36.25
GrandErgOrientalAlgeria,32.75,8.75,GrandErgOrientalAlgeria_lat32p75_lon08p75,3,846.7915844,231.25,0.516270184,24158376.08,0.473366183,51.25
GrandErgOrientalAlgeria,32.75,8.75,GrandErgOrientalAlgeria_lat32p75_lon08p75,4,2868.012698,198.75,0.000400585,18744.99537,0.33951812,18.75
GrandErgOrientalAlgeria,32.75,8.75,GrandErgOrientalAlgeria_lat32p75_lon08p75,5,4564.690847,221.25,5.42E-05,2534.241798,0.447937973,41.25
GrandErgOrientalAlgeria,32.75,8.75,GrandErgOrientalAlgeria_lat32p75_lon08p75,6,7699.640646,181.25,2.04E-05,952.3303081,1,1.25
GrandErgOrientalAlgeria,32.75,9.5,GrandErgOrientalAlgeria_lat32p75_lon09p50,1,41.29329946,258.75,1,32097348.87,0.816217566,78.75
GrandErgOrientalAlgeria,32.75,9.5,GrandErgOrientalAlgeria_lat32p75_lon09p50,2,166.4832267,231.25,0.438984323,14090232.96,0.256903507,51.25
GrandErgOrientalAlgeria,32.75,9.5,GrandErgOrientalAlgeria_lat32p75_lon09p50,3,711.3611955,233.75,0.073713975,2366023.172,0.224309952,53.75
GrandErgOrientalAlgeria,32.75,9.5,GrandErgOrientalAlgeria_lat32p75_lon09p50,4,2868.012698,161.25,0.001102634,35391.63683,0.289649247,-18.75
GrandErgOrientalAlgeria,32.75,9.5,GrandErgOrientalAlgeria_lat32p75_lon09p50,5,3834.64361,196.25,0.0003384,10861.75049,0.234806305,16.25
GrandErgOrientalAlgeria,32.75,9.5,GrandErgOrientalAlgeria_lat32p75_lon09p50,6,7699.640646,181.25,0.000100287,3218.957668,1,1.25
Karakum,37.25,62.75,Karakum_lat37p25_lon62p75,1,104.6020474,108.75,1,41501363.87,0.9726018,-71.25
Karakum,37.25,62.75,Karakum_lat37p25_lon62p75,2,1271.680598,266.25,0.068864284,2857961.716,0.285022316,86.25
Karakum,37.25,62.75,Karakum_lat37p25_lon62p75,3,1801.983335,251.25,0.035274612,1463944.524,0.255502135,71.25
Karakum,37.25,62.75,Karakum_lat37p25_lon62p75,4,3221.355423,233.75,0.003799234,157673.3792,0.365308653,53.75
Karakum,37.25,62.75,Karakum_lat37p25_lon62p75,5,4564.690847,126.25,0.001527411,63389.65443,0.420694729,-53.75
Karakum,37.25,62.75,Karakum_lat37p25_lon62p75,6,8648.245934,246.25,0.000990724,41116.37985,1,66.25
Karakum,37.25,63.25,Karakum_lat37p25_lon63p25,1,78.23412826,266.25,1,50129461.42,0.975122133,86.25
Karakum,37.25,63.25,Karakum_lat37p25_lon63p25,2,1513.785733,91.25,0.024049862,1205606.613,0.267939047,-88.75
Karakum,37.25,63.25,Karakum_lat37p25_lon63p25,3,3039.553957,106.25,0.001195335,59921.5124,0.488745529,-73.75
Karakum,37.25,63.25,Karakum_lat37p25_lon63p25,4,4564.690847,101.25,0.000274155,13743.25834,0.653579199,-78.75
Karakum,37.25,63.25,Karakum_lat37p25_lon63p25,5,6468.209741,106.25,0.000117918,5911.151487,1,-73.75
Karakum,37.25,63.25,Karakum_lat37p25_lon63p25,6,8648.245934,246.25,4.94E-05,2478.279277,1,66.25
Karakum,37.25,63.75,Karakum_lat37p25_lon63p75,1,124.5163975,108.75,1,55807930.63,0.972172306,-71.25
Karakum,37.25,63.75,Karakum_lat37p25_lon63p75,2,3221.355423,181.25,0.003908244,218111.0027,0.480723723,1.25
Karakum,37.25,63.75,Karakum_lat37p25_lon63p75,3,5127.066427,133.75,0.000941189,52525.80043,0.929165752,-46.25
Karakum,37.25,63.75,Karakum_lat37p25_lon63p75,4,8648.245934,246.25,0.001001004,55863.94747,1,66.25
Karakum,37.25,64,Karakum_lat37p25_lon64p00,1,375.4685011,203.75,1,48479129.39,0.971713432,23.75
Karakum,37.25,64,Karakum_lat37p25_lon64p00,2,2553.427285,173.75,0.011736628,568981.5175,0.514519022,-6.25
Karakum,37.25,64,Karakum_lat37p25_lon64p00,3,5127.066427,201.25,0.002095443,101585.233,0.83183951,21.25
Karakum,37.25,64,Karakum_lat37p25_lon64p00,4,8648.245934,246.25,0.0011195,54272.39757,1,66.25
Karakum,37.5,62.75,Karakum_lat37p50_lon62p75,1,93.12850046,113.75,1,43811617.26,0.970974418,-66.25
Karakum,37.5,62.75,Karakum_lat37p50_lon62p75,2,1801.983335,193.75,0.036492257,1598784.787,0.436260909,13.75
Karakum,37.5,62.75,Karakum_lat37p50_lon62p75,3,2409.32123,193.75,0.01207143,528868.8551,0.350639466,13.75
Karakum,37.5,62.75,Karakum_lat37p50_lon62p75,4,3618.230411,193.75,0.007284269,319135.6094,0.882655496,13.75
Karakum,37.5,62.75,Karakum_lat37p50_lon62p75,5,5433.725959,168.75,0.000716282,31381.4621,0.512022877,-11.25
Karakum,37.5,62.75,Karakum_lat37p50_lon62p75,6,7265.101213,193.75,0.00150739,66041.19194,1,13.75
Karakum,37.5,63.25,Karakum_lat37p50_lon63p25,1,73.81888146,248.75,1,87394655.22,0.967790108,68.75
Karakum,37.5,63.25,Karakum_lat37p50_lon63p25,2,897.4397893,233.75,0.112840348,9861643.348,0.220495859,53.75
Karakum,37.5,63.25,Karakum_lat37p50_lon63p25,3,1513.785733,166.25,0.052879692,4621402.421,0.286404993,-13.75
Karakum,37.5,63.25,Karakum_lat37p50_lon63p25,4,3039.553957,106.25,0.002718451,237578.1254,0.522532212,-73.75
Karakum,37.5,63.25,Karakum_lat37p50_lon63p25,5,4307.076464,198.75,0.000143092,12505.50774,0.647955716,18.75
Karakum,37.5,63.25,Karakum_lat37p50_lon63p25,6,6468.209741,151.25,5.02E-05,4391.460588,1,-28.75
Karakum,37.5,63.25,Karakum_lat37p50_lon63p25,7,8648.245934,113.75,4.59E-05,4010.113811,1,-66.25
Karakum,37.5,63.5,Karakum_lat37p50_lon63p50,1,87.87267,256.25,1,35004214.4,0.972647775,76.25
Karakum,37.5,63.5,Karakum_lat37p50_lon63p50,2,846.7915844,193.75,0.091191665,3192092.584,0.223484127,13.75
Karakum,37.5,63.5,Karakum_lat37p50_lon63p50,3,1801.983335,193.75,0.015721708,550326.0301,0.536830077,13.75
Karakum,37.5,63.5,Karakum_lat37p50_lon63p50,4,2409.32123,193.75,0.008137432,284844.3975,0.495558995,13.75
Karakum,37.5,63.5,Karakum_lat37p50_lon63p50,5,3618.230411,193.75,0.003625766,126917.1009,0.94909602,13.75
Karakum,37.5,63.5,Karakum_lat37p50_lon63p50,6,5127.066427,201.25,0.000723383,25321.46075,0.817982554,21.25
Karakum,37.5,63.5,Karakum_lat37p50_lon63p50,7,7265.101213,193.75,0.000638414,22347.18631,1,13.75
Karakum,38.25,54,Karakum_lat38p25_lon54p00,1,502.0158696,133.75,1,81468557.07,0.991064048,-46.25
Karakum,38.25,54,Karakum_lat38p25_lon54p00,2,1008.005486,126.25,0.571674231,46573474.7,0.291474465,-53.75
Karakum,38.25,54,Karakum_lat38p25_lon54p00,3,2553.427285,181.25,0.019880815,1619661.329,0.326417182,1.25
Karakum,38.25,54,Karakum_lat38p25_lon54p00,4,3618.230411,141.25,0.009757962,794967.0718,0.816689428,-38.75
Karakum,38.25,54,Karakum_lat38p25_lon54p00,5,5433.725959,201.25,0.000851038,69332.81953,0.462868769,21.25
Karakum,38.25,54,Karakum_lat38p25_lon54p00,6,8648.245934,246.25,8.81E-05,7179.573427,1,66.25
Karakum,38.25,54.25,Karakum_lat38p25_lon54p25,1,446.9509568,121.25,1,26516976.83,0.977834867,-58.75
Karakum,38.25,54.25,Karakum_lat38p25_lon54p25,2,2409.32123,91.25,0.02469235,654766.4636,0.355414036,-88.75
Karakum,38.25,54.25,Karakum_lat38p25_lon54p25,3,3618.230411,128.75,0.003316475,87942.88998,0.603730161,-51.25
Karakum,38.25,54.25,Karakum_lat38p25_lon54p25,4,7265.101213,166.25,0.000200206,5308.856453,1,-13.75
Karakum,38.25,55,Karakum_lat38p25_lon55p00,1,87.87267,253.75,1,28484681.46,0.939918283,73.75
Karakum,38.25,55,Karakum_lat38p25_lon55p00,2,2706.152597,136.25,0.006613877,188394.1759,0.243728442,-43.75
Karakum,38.25,55,Karakum_lat38p25_lon55p00,3,4064.000891,121.25,0.000772559,22006.10096,0.417968256,-58.75
Karakum,38.25,55,Karakum_lat38p25_lon55p00,4,5433.725959,168.75,0.000374198,10658.91494,0.638287584,-11.25
Karakum,38.25,55,Karakum_lat38p25_lon55p00,5,7265.101213,91.25,0.000138327,3940.201324,0.657952461,-88.75
Karakum,38.5,54.25,Karakum_lat38p50_lon54p25,1,93.12850046,258.75,1,4947143.756,0.959859334,78.75
Karakum,38.5,54.25,Karakum_lat38p50_lon54p25,2,421.7266867,143.75,0.707893356,3502050.196,0.311127196,-36.25
Karakum,38.5,54.25,Karakum_lat38p50_lon54p25,3,2023.989919,141.25,0.014717873,72811.43295,0.328406361,-38.75
Karakum,38.5,54.25,Karakum_lat38p50_lon54p25,4,2868.012698,128.75,0.001993963,9864.422183,0.212352394,-51.25
Karakum,38.5,54.25,Karakum_lat38p50_lon54p25,5,4564.690847,141.25,0.000295483,1461.795281,0.514353945,-38.75
Karakum,38.5,54.25,Karakum_lat38p50_lon54p25,6,7265.101213,128.75,0.000271283,1342.074962,1,-51.25
Karakum,39,54,Karakum_lat39p00_lon54p00,1,502.0158696,178.75,1,14880886.49,0.940739571,-1.25
Karakum,39,54,Karakum_lat39p00_lon54p00,2,2868.012698,186.25,0.039158862,582718.5807,0.516487024,6.25
Karakum,39,54,Karakum_lat39p00_lon54p00,3,5127.066427,226.25,0.001378163,20508.28299,0.525961,46.25
Karakum,39,54,Karakum_lat39p00_lon54p00,4,7265.101213,91.25,0.001265084,18825.56756,1,-88.75
Karakum,39,54.25,Karakum_lat39p00_lon54p25,1,124.5163975,226.25,0.900862135,6403542.244,0.270619781,46.25
Karakum,39,54.25,Karakum_lat39p00_lon54p25,2,502.0158696,176.25,1,7108237.756,0.925549586,-3.75
Karakum,39,54.25,Karakum_lat39p00_lon54p25,3,2273.34799,188.75,0.020024903,142341.7743,0.226349236,8.75
Karakum,39,54.25,Karakum_lat39p00_lon54p25,4,3221.355423,261.25,0.00433736,30830.98865,0.224862626,81.25
Karakum,39,54.25,Karakum_lat39p00_lon54p25,5,4564.690847,233.75,0.001537651,10929.98973,0.67900541,53.75
Karakum,39,54.25,Karakum_lat39p00_lon54p25,6,7265.101213,91.25,0.000646483,4595.35712,1,-88.75
Karakum,39,59,Karakum_lat39p00_lon59p00,1,73.81888146,193.75,1,13983404.48,0.920266395,13.75
Karakum,39,59,Karakum_lat39p00_lon59p00,2,532.0423875,193.75,0.77547568,10843790.1,0.329608058,13.75
Karakum,39,59,Karakum_lat39p00_lon59p00,3,846.7915844,193.75,0.697562426,9754297.557,0.313181567,13.75
Karakum,39,59,Karakum_lat39p00_lon59p00,4,1700.286015,193.75,0.093069633,1301430.32,0.317714939,13.75
Karakum,39,59,Karakum_lat39p00_lon59p00,5,2409.32123,193.75,0.041478322,580008.1472,0.690928833,13.75
Karakum,39,59,Karakum_lat39p00_lon59p00,6,3618.230411,193.75,0.014748348,206232.1177,0.751092238,13.75
Karakum,39,59,Karakum_lat39p00_lon59p00,7,5433.725959,191.25,0.005678135,79399.66467,0.969699263,11.25
Karakum,39,59,Karakum_lat39p00_lon59p00,8,7265.101213,193.75,0.005314032,74308.25979,0.994949402,13.75
Karakum,39,59.75,Karakum_lat39p00_lon59p75,1,41.29329946,91.25,1,7676672.762,0.891339708,-88.75
Karakum,39,59.75,Karakum_lat39p00_lon59p75,2,3221.355423,166.25,0.000609433,4678.414248,0.354756256,-13.75
Karakum,39,59.75,Karakum_lat39p00_lon59p75,3,4564.690847,141.25,0.000159734,1226.224829,0.758829911,-38.75
Karakum,39,59.75,Karakum_lat39p00_lon59p75,4,7699.640646,181.25,5.44E-05,417.7920739,1,1.25
Karakum,39,60,Karakum_lat39p00_lon60p00,1,41.29329946,263.75,1,12656499.44,0.89363298,83.75
Karakum,39,60,Karakum_lat39p00_lon60p00,2,633.3336976,176.25,0.230949047,2923006.49,0.321228045,-3.75
Karakum,39,60,Karakum_lat39p00_lon60p00,3,2023.989919,176.25,0.003894175,49286.62117,0.333395348,-3.75
Karakum,39,60,Karakum_lat39p00_lon60p00,4,3221.355423,181.25,0.000345786,4376.434023,0.615330569,1.25
Karakum,39,60,Karakum_lat39p00_lon60p00,5,5127.066427,158.75,9.26E-05,1171.845525,0.591430322,-21.25
Karakum,39,60,Karakum_lat39p00_lon60p00,6,6855.085589,151.25,3.19E-05,403.527271,1,-28.75
Karakum,39.25,53.75,Karakum_lat39p25_lon53p75,1,73.81888146,211.25,1,17201608.86,0.911850681,31.25
Karakum,39.25,53.75,Karakum_lat39p25_lon53p75,2,446.9509568,198.75,0.438756274,7547313.802,0.266884253,18.75
Karakum,39.25,53.75,Karakum_lat39p25_lon53p75,3,951.1173591,218.75,0.236276387,4064333.992,0.335960329,38.75
Karakum,39.25,53.75,Karakum_lat39p25_lon53p75,4,2145.048581,193.75,0.022193158,381758.0239,0.29158714,13.75
Karakum,39.25,53.75,Karakum_lat39p25_lon53p75,5,3414.030779,201.25,0.001797828,30925.54037,0.221345079,21.25
Karakum,39.25,53.75,Karakum_lat39p25_lon53p75,6,5127.066427,226.25,0.000213674,3675.531487,0.453593831,46.25
Karakum,39.25,53.75,Karakum_lat39p25_lon53p75,7,7265.101213,193.75,8.28E-05,1423.777854,0.950949075,13.75
Karakum,39.25,58,Karakum_lat39p25_lon58p00,1,62.01276528,266.25,1,18637835.55,0.931588346,86.25
Karakum,39.25,58,Karakum_lat39p25_lon58p00,2,397.9259817,91.25,0.205996296,3839325.079,0.224117429,-88.75
Karakum,39.25,58,Karakum_lat39p25_lon58p00,3,1008.005486,96.25,0.078024924,1454215.695,0.280895511,-83.75
Karakum,39.25,58,Karakum_lat39p25_lon58p00,4,3039.553957,91.25,0.000481117,8966.983878,0.366054667,-88.75
Karakum,39.25,58,Karakum_lat39p25_lon58p00,5,4307.076464,113.75,6.82E-05,1271.167697,0.523313337,-66.25
Karakum,39.25,58,Karakum_lat39p25_lon58p00,6,6855.085589,91.25,1.94E-05,361.4207614,1,-88.75
Karakum,39.25,58,Karakum_lat39p25_lon58p00,7,9165.513867,91.25,1.38E-05,256.845144,1,-88.75
Karakum,39.25,58.5,Karakum_lat39p25_lon58p50,1,69.65281496,91.25,1,16352059.62,0.925989672,-88.75
Karakum,39.25,58.5,Karakum_lat39p25_lon58p50,2,1008.005486,241.25,0.056444216,922979.1839,0.301880727,61.25
Karakum,39.25,58.5,Karakum_lat39p25_lon58p50,3,3039.553957,236.25,0.000710527,11618.58175,0.244218547,56.25
Karakum,39.25,58.5,Karakum_lat39p25_lon58p50,4,4307.076464,188.75,0.000230846,3774.801999,0.687673393,8.75
Karakum,39.25,58.5,Karakum_lat39p25_lon58p50,5,7265.101213,181.25,0.000182445,2983.352627,1,1.25
Karakum,39.25,58.75,Karakum_lat39p25_lon58p75,1,65.72186596,93.75,1,17881833.6,0.916058274,-86.25
Karakum,39.25,58.75,Karakum_lat39p25_lon58p75,2,446.9509568,226.25,0.206401484,3690836.996,0.227410184,46.25
Karakum,39.25,58.75,Karakum_lat39p25_lon58p75,3,2023.989919,223.75,0.005256805,94001.31638,0.361967221,43.75
Karakum,39.25,58.75,Karakum_lat39p25_lon58p75,4,3039.553957,131.25,0.000501367,8965.367755,0.226669853,-48.75
Karakum,39.25,58.75,Karakum_lat39p25_lon58p75,5,4064.000891,238.75,0.00014235,2545.475437,0.456792331,58.75
Karakum,39.25,58.75,Karakum_lat39p25_lon58p75,6,5433.725959,168.75,6.45E-05,1152.486029,0.726672386,-11.25
Karakum,39.25,58.75,Karakum_lat39p25_lon58p75,7,9165.513867,91.25,2.63E-05,471.0766656,1,-88.75
Karakum,39.25,59,Karakum_lat39p25_lon59p00,1,78.23412826,263.75,1,16965306.69,0.921562299,83.75
Karakum,39.25,59,Karakum_lat39p25_lon59p00,2,2553.427285,263.75,0.004358157,73937.47323,0.489967263,83.75
Karakum,39.25,59,Karakum_lat39p25_lon59p00,3,3618.230411,166.25,0.00059805,10146.09666,0.310450317,-13.75
Karakum,39.25,59,Karakum_lat39p25_lon59p00,4,5127.066427,133.75,0.000165039,2799.931058,0.658052416,-46.25
Karakum,39.25,59,Karakum_lat39p25_lon59p00,5,7265.101213,181.25,0.000271557,4607.03955,0.903108698,1.25
Karakum,39.5,57.5,Karakum_lat39p50_lon57p50,1,78.23412826,246.25,1,19465542.23,0.954784858,66.25
Karakum,39.5,57.5,Karakum_lat39p50_lon57p50,2,3039.553957,146.25,0.000332375,6469.850472,0.403747316,-33.75
Karakum,39.5,57.5,Karakum_lat39p50_lon57p50,3,4307.076464,181.25,6.75E-05,1313.020672,0.815583236,1.25
Karakum,39.5,57.5,Karakum_lat39p50_lon57p50,4,7265.101213,181.25,3.31E-05,644.9398449,1,1.25
Karakum,39.5,57.75,Karakum_lat39p50_lon57p75,1,69.65281496,253.75,1,9662996.891,0.934692552,73.75
Karakum,39.5,57.75,Karakum_lat39p50_lon57p75,2,473.6839381,141.25,0.329763135,3186500.152,0.289463967,-38.75
Karakum,39.5,57.75,Karakum_lat39p50_lon57p75,3,671.2145829,151.25,0.295479923,2855221.582,0.208427328,-28.75
Karakum,39.5,57.75,Karakum_lat39p50_lon57p75,4,2706.152597,181.25,0.002308008,22302.27176,0.331195383,1.25
Karakum,39.5,57.75,Karakum_lat39p50_lon57p75,5,4307.076464,181.25,0.000314223,3036.333635,0.892116435,1.25
Karakum,39.5,57.75,Karakum_lat39p50_lon57p75,6,9165.513867,91.25,9.59E-05,926.4492603,1,-88.75
Karakum,39.5,58,Karakum_lat39p50_lon58p00,1,62.01276528,93.75,1,17162186.27,0.928917448,-86.25
Karakum,39.5,58,Karakum_lat39p50_lon58p00,2,2145.048581,188.75,0.00211638,36321.71524,0.266886238,8.75
Karakum,39.5,58,Karakum_lat39p50_lon58p00,3,3414.030779,108.75,0.000256538,4402.748321,0.343077812,-71.25
Karakum,39.5,58,Karakum_lat39p50_lon58p00,4,6855.085589,166.25,4.18E-05,716.6880843,1,-13.75
Karakum,39.5,58,Karakum_lat39p50_lon58p00,5,9165.513867,91.25,2.32E-05,397.312938,1,-88.75
Karakum,39.5,58.5,Karakum_lat39p50_lon58p50,1,55.21073426,108.75,1,21842473.03,0.927035717,-71.25
Karakum,39.5,58.5,Karakum_lat39p50_lon58p50,2,3039.553957,123.75,0.000425432,9292.483086,0.462870743,-56.25
Karakum,39.5,58.5,Karakum_lat39p50_lon58p50,3,4307.076464,171.25,0.00022467,4907.346755,0.517534393,-8.75
Karakum,39.5,58.5,Karakum_lat39p50_lon58p50,4,7265.101213,181.25,5.21E-05,1137.706684,1,1.25
Karakum,39.5,58.75,Karakum_lat39p50_lon58p75,1,62.01276528,103.75,1,20578427.82,0.916606919,-76.25
Karakum,39.5,58.75,Karakum_lat39p50_lon58p75,2,711.3611955,168.75,0.106345661,2188426.499,0.209496522,-11.25
Karakum,39.5,58.75,Karakum_lat39p50_lon58p75,3,3039.553957,198.75,0.000737159,15169.58097,0.26109952,18.75
Karakum,39.5,58.75,Karakum_lat39p50_lon58p75,4,5433.725959,181.25,6.77E-05,1392.546082,0.6390792,1.25
Karakum,39.5,58.75,Karakum_lat39p50_lon58p75,5,8648.245934,141.25,7.27E-06,149.6787359,1,-38.75
Karakum,39.5,59,Karakum_lat39p50_lon59p00,1,62.01276528,106.25,1,21219855.51,0.917120836,-73.75
Karakum,39.5,59,Karakum_lat39p50_lon59p00,2,3618.230411,166.25,0.000116498,2472.065244,0.495061229,-13.75
Karakum,39.5,59,Karakum_lat39p50_lon59p00,3,5127.066427,158.75,3.17E-05,671.7478543,0.512599354,-21.25
Karakum,39.5,59,Karakum_lat39p50_lon59p00,4,9165.513867,91.25,2.17E-05,460.6735414,1,-88.75
Karakum,39.75,53.75,Karakum_lat39p75_lon53p75,1,124.5163975,213.75,1,3113741.227,0.960697617,33.75
Karakum,39.75,53.75,Karakum_lat39p75_lon53p75,2,3221.355423,208.75,0.001969127,6131.350984,0.464979588,28.75
Karakum,39.75,53.75,Karakum_lat39p75_lon53p75,3,5758.727378,181.25,0.000308028,959.1196936,0.623946896,1.25
Karakum,39.75,53.75,Karakum_lat39p75_lon53p75,4,8648.245934,246.25,0.000102742,319.9122765,1,66.25
Karakum,39.75,54,Karakum_lat39p75_lon54p00,1,166.4832267,231.25,1,11392842.45,0.975622581,51.25
Karakum,39.75,54,Karakum_lat39p75_lon54p00,2,421.7266867,248.75,0.654108573,7452155.916,0.261734436,68.75
Karakum,39.75,54,Karakum_lat39p75_lon54p00,3,1271.680598,253.75,0.131161523,1494302.57,0.206171081,73.75
Karakum,39.75,54,Karakum_lat39p75_lon54p00,4,3221.355423,91.25,0.003533107,40252.13063,0.394238137,-88.75
Karakum,39.75,54,Karakum_lat39p75_lon54p00,5,4564.690847,258.75,0.001435909,16359.08071,0.658278466,78.75
Karakum,39.75,54,Karakum_lat39p75_lon54p00,6,7265.101213,91.25,0.000705141,8033.565857,0.939051637,-88.75
LencoisMaranhensesBrazil,-2.5,-43,LencoisMaranhensesBrazil_lat-2p50_lon-43p00,1,264.9724883,111.25,1,368353107.3,0.995925634,-68.75
LencoisMaranhensesBrazil,-2.5,-43,LencoisMaranhensesBrazil_lat-2p50_lon-43p00,2,3039.553957,96.25,0.003639424,1340593.299,0.710708861,-83.75
LencoisMaranhensesBrazil,-2.5,-43,LencoisMaranhensesBrazil_lat-2p50_lon-43p00,3,5433.725959,258.75,0.000215729,79464.30393,0.527960669,78.75
LencoisMaranhensesBrazil,-2.5,-43,LencoisMaranhensesBrazil_lat-2p50_lon-43p00,4,8648.245934,108.75,0.000178821,65869.12752,0.790840168,-71.25
LutDesert,30,59.25,LutDesert_lat30p00_lon59p25,1,502.0158696,238.75,1,26346183.32,0.989995344,58.75
LutDesert,30,59.25,LutDesert_lat30p00_lon59p25,2,711.3611955,248.75,0.820684179,21621895.84,0.211594869,68.75
LutDesert,30,59.25,LutDesert_lat30p00_lon59p25,3,3414.030779,236.25,0.005017479,132191.421,0.705897583,56.25
LutDesert,30,59.25,LutDesert_lat30p00_lon59p25,4,4564.690847,258.75,0.000665054,17521.62872,0.421275972,78.75
LutDesert,30,59.25,LutDesert_lat30p00_lon59p25,5,6103.167745,138.75,9.39E-05,2473.581032,0.793321009,-41.25
LutDesert,30,59.5,LutDesert_lat30p00_lon59p50,1,139.8569723,236.25,1,25958415.46,0.982245094,56.25
LutDesert,30,59.5,LutDesert_lat30p00_lon59p50,2,473.6839381,261.25,0.942092783,24455235.86,0.235575668,81.25
LutDesert,30,59.5,LutDesert_lat30p00_lon59p50,3,951.1173591,91.25,0.414603666,10762454.22,0.245804175,-88.75
LutDesert,30,59.5,LutDesert_lat30p00_lon59p50,4,1513.785733,221.25,0.125678546,3262415.922,0.20894992,41.25
LutDesert,30,59.5,LutDesert_lat30p00_lon59p50,5,2409.32123,253.75,0.014818798,384672.5081,0.490026823,73.75
LutDesert,30,59.5,LutDesert_lat30p00_lon59p50,6,3414.030779,216.25,0.010902118,283001.6956,0.837296704,36.25
LutDesert,30,59.5,LutDesert_lat30p00_lon59p50,7,4564.690847,138.75,0.000135757,3524.047194,0.437304691,-41.25
LutDesert,30,59.5,LutDesert_lat30p00_lon59p50,8,6103.167745,191.25,3.26E-05,845.8519535,0.420817227,11.25
LutDesert,30,59.5,LutDesert_lat30p00_lon59p50,9,9165.513867,91.25,4.64E-06,120.3252174,0.554279249,-88.75
LutDesert,30.25,59.25,LutDesert_lat30p25_lon59p25,1,446.9509568,248.75,1,34486339.63,0.992331529,68.75
LutDesert,30.25,59.25,LutDesert_lat30p25_lon59p25,2,799.0017781,243.75,0.696855651,24032000.64,0.285520678,63.75
LutDesert,30.25,59.25,LutDesert_lat30p25_lon59p25,3,1700.286015,241.25,0.067813924,2338654.001,0.35262832,61.25
LutDesert,30.25,59.25,LutDesert_lat30p25_lon59p25,4,2409.32123,246.25,0.015217251,524787.2906,0.357874185,66.25
LutDesert,30.25,59.25,LutDesert_lat30p25_lon59p25,5,3414.030779,253.75,0.009662058,333209.0104,0.702334669,73.75
LutDesert,30.25,59.25,LutDesert_lat30p25_lon59p25,6,4564.690847,236.25,0.000191607,6607.817839,0.492250343,56.25
LutDesert,30.25,59.25,LutDesert_lat30p25_lon59p25,7,6103.167745,241.25,7.93E-05,2735.150455,0.512975594,61.25
LutDesert,30.25,59.25,LutDesert_lat30p25_lon59p25,8,9165.513867,221.25,1.79E-05,615.8231686,0.885610963,41.25
LutDesert,30.25,59.5,LutDesert_lat30p25_lon59p50,1,176.4409031,248.75,1,22593859.81,0.979147997,68.75
LutDesert,30.25,59.5,LutDesert_lat30p25_lon59p50,2,597.5906703,253.75,0.731404958,16525261.08,0.27483165,73.75
LutDesert,30.25,59.5,LutDesert_lat30p25_lon59p50,3,1132.193013,228.75,0.207604735,4690592.276,0.239415858,48.75
LutDesert,30.25,59.5,LutDesert_lat30p25_lon59p50,4,2145.048581,218.75,0.033427792,755262.8529,0.49925446,38.75
LutDesert,30.25,59.5,LutDesert_lat30p25_lon59p50,5,3039.553957,231.25,0.010862622,245428.5591,0.577401956,51.25
LutDesert,30.25,59.5,LutDesert_lat30p25_lon59p50,6,4564.690847,198.75,1.00E-04,2258.359984,0.363425566,18.75
LutDesert,30.25,59.5,LutDesert_lat30p25_lon59p50,7,9165.513867,91.25,1.01E-05,229.3263407,1,-88.75
LutDesert,30.25,59.75,LutDesert_lat30p25_lon59p75,1,104.6020474,261.25,1,24281549.85,0.970072325,81.25
LutDesert,30.25,59.75,LutDesert_lat30p25_lon59p75,2,1199.911617,231.25,0.059332099,1440675.31,0.258759786,51.25
LutDesert,30.25,59.75,LutDesert_lat30p25_lon59p75,3,3414.030779,226.25,0.001440841,34985.84297,0.257719859,46.25
LutDesert,30.25,59.75,LutDesert_lat30p25_lon59p75,4,4564.690847,236.25,0.000274755,6671.47922,0.606440745,56.25
LutDesert,30.25,59.75,LutDesert_lat30p25_lon59p75,5,6103.167745,168.75,0.000127241,3089.606952,0.754440246,-11.25
LutDesert,30.25,59.75,LutDesert_lat30p25_lon59p75,6,9165.513867,138.75,4.91E-06,119.255716,0.213115173,-41.25
LutDesert,30.5,59.5,LutDesert_lat30p50_lon59p50,1,250.0184145,231.25,1,27559473.79,0.981289745,51.25
LutDesert,30.5,59.5,LutDesert_lat30p50_lon59p50,2,2706.152597,228.75,0.011550647,318329.7451,0.598630679,48.75
LutDesert,30.5,59.5,LutDesert_lat30p50_lon59p50,3,3834.64361,251.25,0.001580744,43564.47273,0.226506036,71.25
LutDesert,30.5,59.5,LutDesert_lat30p50_lon59p50,4,5433.725959,103.75,9.27E-05,2554.242531,0.372362361,-76.25
LutDesert,30.5,59.5,LutDesert_lat30p50_lon59p50,5,7699.640646,233.75,1.16E-05,318.8821508,1,53.75
Namib,-24.5,14.75,Namib_lat-24p50_lon14p75,1,139.8569723,146.25,1,21557154.46,0.986352784,-33.75
Namib,-24.5,14.75,Namib_lat-24p50_lon14p75,2,1801.983335,91.25,0.010015698,215909.9422,0.394733822,-88.75
Namib,-24.5,14.75,Namib_lat-24p50_lon14p75,3,2553.427285,91.25,0.003290411,70931.89306,0.699926329,-88.75
Namib,-24.5,14.75,Namib_lat-24p50_lon14p75,4,3414.030779,91.25,0.00156468,33730.05414,0.593008377,-88.75
Namib,-24.5,14.75,Namib_lat-24p50_lon14p75,5,5127.066427,168.75,0.000505187,10890.3874,0.78637253,-11.25
Namib,-24.5,14.75,Namib_lat-24p50_lon14p75,6,6855.085589,91.25,0.00036767,7925.910149,0.907534526,-88.75
Namib,-24.25,14.75,Namib_lat-24p25_lon14p75,1,131.9639586,128.75,1,33499937.58,0.984411751,-51.25
Namib,-24.25,14.75,Namib_lat-24p25_lon14p75,2,1604.328118,166.25,0.003704262,124092.5581,0.229976056,-13.75
Namib,-24.25,14.75,Namib_lat-24p25_lon14p75,3,2273.34799,176.25,0.000644967,21606.35711,0.571071919,-3.75
Namib,-24.25,14.75,Namib_lat-24p25_lon14p75,4,3221.355423,181.25,0.000210757,7060.336468,0.412422207,1.25
Namib,-24.25,14.75,Namib_lat-24p25_lon14p75,5,4307.076464,171.25,3.89E-05,1304.137874,0.479880599,-8.75
Namib,-24.25,14.75,Namib_lat-24p25_lon14p75,6,6103.167745,166.25,3.02E-05,1010.788184,0.904618038,-13.75
Namib,-24.25,14.75,Namib_lat-24p25_lon14p75,7,8648.245934,181.25,5.50E-05,1844.046509,0.996036876,1.25
Namib,-23.75,15.75,Namib_lat-23p75_lon15p75,1,93.12850046,146.25,1,8018859.359,0.96959926,-33.75
Namib,-23.75,15.75,Namib_lat-23p75_lon15p75,2,397.9259817,131.25,0.768945201,6166063.422,0.324709248,-48.75
Namib,-23.75,15.75,Namib_lat-23p75_lon15p75,3,2706.152597,108.75,0.016668736,133664.2493,0.537142671,-71.25
Namib,-23.75,15.75,Namib_lat-23p75_lon15p75,4,5433.725959,91.25,0.001821429,14605.78039,0.5686838,-88.75
Namib,-23.75,15.75,Namib_lat-23p75_lon15p75,5,9165.513867,91.25,0.000831919,6671.040141,0.879687152,-88.75
Namib,-23.25,14.5,Namib_lat-23p25_lon14p50,1,124.5163975,161.25,1,26253106.16,0.983748706,-18.75
Namib,-23.25,14.5,Namib_lat-23p25_lon14p50,2,502.0158696,158.75,0.463123024,12158417.92,0.333503852,-21.25
Namib,-23.25,14.5,Namib_lat-23p25_lon14p50,3,2273.34799,166.25,0.031747318,833465.7153,0.345504843,-13.75
Namib,-23.25,14.5,Namib_lat-23p25_lon14p50,4,3039.553957,161.25,0.010598397,278240.8287,0.332798052,-18.75
Namib,-23.25,14.5,Namib_lat-23p25_lon14p50,5,4064.000891,163.75,0.003696362,97040.97661,0.75015192,-16.25
Namib,-23.25,14.5,Namib_lat-23p25_lon14p50,6,6103.167745,166.25,0.002401171,63038.19398,0.967935592,-13.75
Namib,-23.25,14.5,Namib_lat-23p25_lon14p50,7,8160.170704,163.75,0.001551989,40744.5302,0.991096661,-16.25
Namib,-23,14.5,Namib_lat-23p00_lon14p50,1,334.2842646,108.75,0.853592153,14900669.78,0.246712997,-71.25
Namib,-23,14.5,Namib_lat-23p00_lon14p50,2,532.0423875,198.75,1,17456427.8,0.972684298,18.75
Namib,-23,14.5,Namib_lat-23p00_lon14p50,3,2273.34799,193.75,0.073845971,1289086.867,0.22627129,13.75
Namib,-23,14.5,Namib_lat-23p00_lon14p50,4,6103.167745,166.25,0.000409768,7153.080975,0.267682655,-13.75
Namib,-23,14.5,Namib_lat-23p00_lon14p50,5,8160.170704,196.25,0.000100673,1757.388591,0.554583961,16.25
Namib,-16.5,12,Namib_lat-16p50_lon12p00,1,117.4891495,143.75,1,56422218.77,0.973851518,-36.25
Namib,-16.5,12,Namib_lat-16p50_lon12p00,2,3834.64361,213.75,0.000268742,15163.01239,0.364792594,33.75
Namib,-16.5,12,Namib_lat-16p50_lon12p00,3,5433.725959,231.25,5.50E-05,3103.384364,0.646150187,51.25
Namib,-16.5,12,Namib_lat-16p50_lon12p00,4,9165.513867,91.25,3.44E-05,1938.823979,0.986832647,-88.75
Namib,-16.25,12,Namib_lat-16p25_lon12p00,1,117.4891495,138.75,1,53492979.27,0.985245674,-41.25
Namib,-16.25,12,Namib_lat-16p25_lon12p00,2,1271.680598,228.75,0.012935285,691946.9391,0.294804862,48.75
Namib,-16.25,12,Namib_lat-16p25_lon12p00,3,1909.763363,228.75,0.006237671,333671.6183,0.370182921,48.75
Namib,-16.25,12,Namib_lat-16p25_lon12p00,4,3039.553957,228.75,0.001597313,85445.01805,0.73424484,48.75
Namib,-16.25,12,Namib_lat-16p25_lon12p00,5,4564.690847,91.25,0.000192328,10288.19059,0.607374982,-88.75
Namib,-16.25,12,Namib_lat-16p25_lon12p00,6,6855.085589,91.25,0.000100049,5351.939331,0.928897967,-88.75
Namib,-16.25,12,Namib_lat-16p25_lon12p00,7,9165.513867,181.25,1.40E-05,748.7492995,0.882739187,1.25
Namib,-16,12,Namib_lat-16p00_lon12p00,1,157.087525,141.25,1,114864476.8,0.992165895,-38.75
Namib,-16,12,Namib_lat-16p00_lon12p00,2,1068.296199,203.75,0.02571617,2953874.443,0.317563847,23.75
Namib,-16,12,Namib_lat-16p00_lon12p00,3,1428.353227,203.75,0.006765532,777119.3078,0.20416201,23.75
Namib,-16,12,Namib_lat-16p00_lon12p00,4,3039.553957,191.25,0.000500079,57441.34881,0.736493147,11.25
Namib,-16,12,Namib_lat-16p00_lon12p00,5,4307.076464,198.75,0.000114755,13181.3259,0.344767235,18.75
Namib,-16,12,Namib_lat-16p00_lon12p00,6,6103.167745,206.25,2.10E-05,2412.25079,0.453576558,26.25
Namib,-16,12,Namib_lat-16p00_lon12p00,7,8648.245934,198.75,2.66E-05,3057.56808,0.549987621,18.75
RegistanDesert,27.75,64,RegistanDesert_lat27p75_lon64p00,1,62.01276528,248.75,1,35123153.33,0.958464997,68.75
RegistanDesert,27.75,64,RegistanDesert_lat27p75_lon64p00,2,354.2784382,248.75,0.907704368,31881439.69,0.413892507,68.75
RegistanDesert,27.75,64,RegistanDesert_lat27p75_lon64p00,3,502.0158696,243.75,0.887388792,31167892.61,0.250775326,63.75
RegistanDesert,27.75,64,RegistanDesert_lat27p75_lon64p00,4,846.7915844,251.25,0.873755221,30689038.6,0.347109501,71.25
RegistanDesert,27.75,64,RegistanDesert_lat27p75_lon64p00,5,1271.680598,246.25,0.425485207,14944382.17,0.300297355,66.25
RegistanDesert,27.75,64,RegistanDesert_lat27p75_lon64p00,6,3414.030779,253.75,0.009028358,317104.4124,0.626146304,73.75
RegistanDesert,27.75,64,RegistanDesert_lat27p75_lon64p00,7,6103.167745,221.25,0.000649824,22823.85202,0.82925167,41.25
RegistanDesert,27.75,64,RegistanDesert_lat27p75_lon64p00,8,8160.170704,181.25,0.000440022,15454.97275,1,1.25
RegistanDesert,27.75,64.25,RegistanDesert_lat27p75_lon64p25,1,41.29329946,248.75,1,25683941.57,0.941195769,68.75
RegistanDesert,27.75,64.25,RegistanDesert_lat27p75_lon64p25,2,563.8648481,246.25,0.460647536,11831244.39,0.353566254,66.25
RegistanDesert,27.75,64.25,RegistanDesert_lat27p75_lon64p25,3,1008.005486,213.75,0.35404471,9093263.648,0.456457812,33.75
RegistanDesert,27.75,64.25,RegistanDesert_lat27p75_lon64p25,4,3618.230411,221.25,0.007285949,187131.8936,0.750497355,41.25
RegistanDesert,27.75,64.25,RegistanDesert_lat27p75_lon64p25,5,5433.725959,228.75,0.001412352,36274.77001,0.953158398,48.75
RegistanDesert,27.75,64.25,RegistanDesert_lat27p75_lon64p25,6,7265.101213,233.75,0.000592166,15209.15885,1,53.75
RegistanDesert,27.75,64.5,RegistanDesert_lat27p75_lon64p50,1,41.29329946,251.25,1,13175863.43,0.920752227,71.25
RegistanDesert,27.75,64.5,RegistanDesert_lat27p75_lon64p50,2,375.4685011,248.75,0.333017249,4387789.788,0.229188272,68.75
RegistanDesert,27.75,64.5,RegistanDesert_lat27p75_lon64p50,3,2706.152597,251.25,0.01679197,221248.7071,0.507380634,71.25
RegistanDesert,27.75,64.5,RegistanDesert_lat27p75_lon64p50,4,3834.64361,251.25,0.002216032,29198.14005,0.545159598,71.25
RegistanDesert,27.75,64.5,RegistanDesert_lat27p75_lon64p50,5,5433.725959,256.25,0.000415321,5472.214733,0.446404541,76.25
RegistanDesert,27.75,64.5,RegistanDesert_lat27p75_lon64p50,6,8648.245934,248.75,0.000323209,4258.560353,1,68.75
RegistanDesert,28,64.25,RegistanDesert_lat28p00_lon64p25,1,58.51299261,256.25,0.678768617,22025135.11,0.285742211,76.25
RegistanDesert,28,64.25,RegistanDesert_lat28p00_lon64p25,2,711.3611955,261.25,1,32448664.46,0.967903534,81.25
RegistanDesert,28,64.25,RegistanDesert_lat28p00_lon64p25,3,1132.193013,263.75,0.460227041,14933752.84,0.312082845,83.75
RegistanDesert,28,64.25,RegistanDesert_lat28p00_lon64p25,4,1604.328118,251.25,0.191915207,6227392.16,0.267316869,71.25
RegistanDesert,28,64.25,RegistanDesert_lat28p00_lon64p25,5,3414.030779,253.75,0.009873333,320376.4647,0.362803882,73.75
RegistanDesert,28,64.25,RegistanDesert_lat28p00_lon64p25,6,4564.690847,123.75,0.003032934,98414.6502,0.776504616,-56.25
RegistanDesert,28,64.25,RegistanDesert_lat28p00_lon64p25,7,6855.085589,106.25,0.000906035,29399.63223,1,-73.75
RegistanDesert,28,64.25,RegistanDesert_lat28p00_lon64p25,8,9165.513867,91.25,0.000339535,11017.45096,1,-88.75
RegistanDesert,28,64.5,RegistanDesert_lat28p00_lon64p50,1,334.2842646,266.25,0.952491685,89833228.5,0.217606994,86.25
RegistanDesert,28,64.5,RegistanDesert_lat28p00_lon64p50,2,633.3336976,253.75,1,94313924.07,0.985768151,73.75
RegistanDesert,28,64.5,RegistanDesert_lat28p00_lon64p50,3,846.7915844,258.75,0.69413459,65466557.05,0.224824586,78.75
RegistanDesert,28,64.5,RegistanDesert_lat28p00_lon64p50,4,1132.193013,261.25,0.412594332,38913390.47,0.236536768,81.25
RegistanDesert,28,64.5,RegistanDesert_lat28p00_lon64p50,5,2553.427285,91.25,0.048859401,4608121.865,0.202957523,-88.75
RegistanDesert,28,64.5,RegistanDesert_lat28p00_lon64p50,6,3414.030779,236.25,0.011440666,1079014.079,0.578693349,56.25
RegistanDesert,28,64.5,RegistanDesert_lat28p00_lon64p50,7,6103.167745,221.25,0.001417561,133695.7044,0.928850336,41.25
RegistanDesert,28,64.5,RegistanDesert_lat28p00_lon64p50,8,8160.170704,196.25,0.000431018,40651.03858,1,16.25
RegistanDesert,28,64.75,RegistanDesert_lat28p00_lon64p75,1,502.0158696,258.75,1,60004109.77,0.982951856,78.75
RegistanDesert,28,64.75,RegistanDesert_lat28p00_lon64p75,2,3414.030779,236.25,0.008214343,492894.3475,0.775676368,56.25
RegistanDesert,28,64.75,RegistanDesert_lat28p00_lon64p75,3,4564.690847,91.25,0.000921292,55281.28209,0.490608756,-88.75
RegistanDesert,28,64.75,RegistanDesert_lat28p00_lon64p75,4,6103.167745,241.25,0.000395609,23738.16431,0.818801243,61.25
RegistanDesert,28,64.75,RegistanDesert_lat28p00_lon64p75,5,9165.513867,91.25,0.00022348,13409.68914,0.406342524,-88.75
RegistanDesert,28,65,RegistanDesert_lat28p00_lon65p00,1,73.81888146,241.25,0.719407216,14894405,0.274161123,61.25
RegistanDesert,28,65,RegistanDesert_lat28p00_lon65p00,2,354.2784382,136.25,1,20703719.21,0.949329838,-43.75
RegistanDesert,28,65,RegistanDesert_lat28p00_lon65p00,3,2868.012698,116.25,0.018154187,375859.1814,0.266564921,-63.75
RegistanDesert,28,65,RegistanDesert_lat28p00_lon65p00,4,3834.64361,221.25,0.00299763,62062.09567,0.26227254,41.25
RegistanDesert,28,65,RegistanDesert_lat28p00_lon65p00,5,6855.085589,91.25,0.000581419,12037.53791,1,-88.75
RegistanDesert,28,65,RegistanDesert_lat28p00_lon65p00,6,9165.513867,91.25,0.00014832,3070.779112,0.759289497,-88.75
RegistanDesert,28.25,63.5,RegistanDesert_lat28p25_lon63p50,1,82.91345931,238.75,1,35568139.06,0.96876668,58.75
RegistanDesert,28.25,63.5,RegistanDesert_lat28p25_lon63p50,2,633.3336976,118.75,0.283151822,10071183.38,0.306280039,-61.25
RegistanDesert,28.25,63.5,RegistanDesert_lat28p25_lon63p50,3,1347.742218,116.25,0.165824177,5898057.381,0.568090994,-63.75
RegistanDesert,28.25,63.5,RegistanDesert_lat28p25_lon63p50,4,2273.34799,106.25,0.012018336,427469.857,0.279677302,-73.75
RegistanDesert,28.25,63.5,RegistanDesert_lat28p25_lon63p50,5,3039.553957,118.75,0.002577685,91683.44692,0.520331046,-61.25
RegistanDesert,28.25,63.5,RegistanDesert_lat28p25_lon63p50,6,4564.690847,101.25,0.00150241,53437.91843,0.812676295,-78.75
RegistanDesert,28.25,63.5,RegistanDesert_lat28p25_lon63p50,7,6103.167745,118.75,0.00047788,16997.30657,0.936348301,-61.25
RegistanDesert,28.25,63.5,RegistanDesert_lat28p25_lon63p50,8,9165.513867,91.25,5.98E-05,2126.383553,0.895172122,-88.75
RegistanDesert,28.25,63.75,RegistanDesert_lat28p25_lon63p75,1,73.81888146,236.25,1,23748439.97,0.935743508,56.25
RegistanDesert,28.25,63.75,RegistanDesert_lat28p25_lon63p75,2,502.0158696,261.25,0.704093075,16721112.12,0.223660153,81.25
RegistanDesert,28.25,63.75,RegistanDesert_lat28p25_lon63p75,3,2706.152597,108.75,0.024743407,587617.3136,0.535644121,-71.25
RegistanDesert,28.25,63.75,RegistanDesert_lat28p25_lon63p75,4,3618.230411,126.25,0.00347819,82601.58371,0.386386685,-53.75
RegistanDesert,28.25,63.75,RegistanDesert_lat28p25_lon63p75,5,5127.066427,113.75,0.001529281,36318.0277,0.964890717,-66.25
RegistanDesert,28.25,63.75,RegistanDesert_lat28p25_lon63p75,6,7265.101213,126.25,0.000518123,12304.60962,1,-53.75
RegistanDesert,28.25,64.75,RegistanDesert_lat28p25_lon64p75,1,421.7266867,228.75,1,105895714.6,0.977925835,48.75
RegistanDesert,28.25,64.75,RegistanDesert_lat28p25_lon64p75,2,3414.030779,261.25,0.004986492,528048.1452,0.700984393,81.25
RegistanDesert,28.25,64.75,RegistanDesert_lat28p25_lon64p75,3,6103.167745,181.25,0.00061377,64995.64044,0.678328622,1.25
RegistanDesert,28.25,64.75,RegistanDesert_lat28p25_lon64p75,4,8648.245934,111.25,0.000154308,16340.57671,0.68105207,-68.75
RegistanDesert,28.25,65,RegistanDesert_lat28p25_lon65p00,1,532.0423875,186.25,1,110297653.8,0.987554958,6.25
RegistanDesert,28.25,65,RegistanDesert_lat28p25_lon65p00,2,2706.152597,138.75,0.012183319,1343791.531,0.329945975,-41.25
RegistanDesert,28.25,65,RegistanDesert_lat28p25_lon65p00,3,4064.000891,91.25,0.002782001,306848.2077,0.229223026,-88.75
RegistanDesert,28.25,65,RegistanDesert_lat28p25_lon65p00,4,6855.085589,253.75,0.000293246,32344.31661,1,73.75
RegistanDesert,28.25,65.5,RegistanDesert_lat28p25_lon65p50,1,87.87267,206.25,0.945575587,6970464.236,0.397499174,26.25
RegistanDesert,28.25,65.5,RegistanDesert_lat28p25_lon65p50,2,397.9259817,206.25,1,7371662.65,0.959740942,26.25
RegistanDesert,28.25,65.5,RegistanDesert_lat28p25_lon65p50,3,532.0423875,203.75,0.949858523,7002036.598,0.222510253,23.75
RegistanDesert,28.25,65.5,RegistanDesert_lat28p25_lon65p50,4,1604.328118,141.25,0.074491893,549129.1045,0.3331524,-38.75
RegistanDesert,28.25,65.5,RegistanDesert_lat28p25_lon65p50,5,5433.725959,131.25,0.000284525,2097.423847,0.83589911,-48.75
RegistanDesert,28.25,65.5,RegistanDesert_lat28p25_lon65p50,6,8160.170704,196.25,0.000235189,1733.735449,0.952460087,16.25
RegistanDesert,29.5,62.75,RegistanDesert_lat29p50_lon62p75,1,82.91345931,238.75,1,80390540.48,0.958837085,58.75
RegistanDesert,29.5,62.75,RegistanDesert_lat29p50_lon62p75,2,502.0158696,211.25,0.237448043,19088576.49,0.268500194,31.25
RegistanDesert,29.5,62.75,RegistanDesert_lat29p50_lon62p75,3,2706.152597,228.75,0.006947983,558552.078,0.372009335,48.75
RegistanDesert,29.5,62.75,RegistanDesert_lat29p50_lon62p75,4,4064.000891,241.25,0.001592811,128046.9069,0.232123955,61.25
RegistanDesert,29.5,62.75,RegistanDesert_lat29p50_lon62p75,5,6103.167745,221.25,0.000168271,13527.41068,1,41.25
RegistanDesert,29.5,62.75,RegistanDesert_lat29p50_lon62p75,6,9165.513867,221.25,3.56E-05,2861.011215,0.935071963,41.25
RegistanDesert,29.5,63.25,RegistanDesert_lat29p50_lon63p25,1,82.91345931,256.25,1,15731931.73,0.968510285,76.25
RegistanDesert,29.5,63.25,RegistanDesert_lat29p50_lon63p25,2,375.4685011,266.25,0.559151181,8796528.204,0.280979267,86.25
RegistanDesert,29.5,63.25,RegistanDesert_lat29p50_lon63p25,3,2706.152597,91.25,0.006736275,105974.6111,0.250893361,-88.75
RegistanDesert,29.5,63.25,RegistanDesert_lat29p50_lon63p25,4,3834.64361,98.75,0.003083708,48512.69014,0.75101412,-81.25
RegistanDesert,29.5,63.25,RegistanDesert_lat29p50_lon63p25,5,5433.725959,91.25,0.000360124,5665.453961,0.947831674,-88.75
RegistanDesert,29.5,63.25,RegistanDesert_lat29p50_lon63p25,6,8160.170704,181.25,0.000116005,1824.976635,0.706607803,1.25
RegistanDesert,29.75,63.25,RegistanDesert_lat29p75_lon63p25,1,315.4184887,241.25,0.496358341,12617535.22,0.34803665,61.25
RegistanDesert,29.75,63.25,RegistanDesert_lat29p75_lon63p25,2,563.8648481,236.25,0.417981974,10625191.21,0.245228184,56.25
RegistanDesert,29.75,63.25,RegistanDesert_lat29p75_lon63p25,3,799.0017781,238.75,0.238119761,6053055.277,0.235253219,58.75
RegistanDesert,29.75,63.25,RegistanDesert_lat29p75_lon63p25,4,1801.983335,91.25,0.026167447,665182.114,0.203070462,-88.75
RegistanDesert,29.75,63.25,RegistanDesert_lat29p75_lon63p25,5,2553.427285,91.25,0.011147181,283363.7179,0.479730579,-88.75
RegistanDesert,29.75,63.25,RegistanDesert_lat29p75_lon63p25,6,3414.030779,91.25,0.003812873,96924.05272,0.789040464,-88.75
RegistanDesert,29.75,63.25,RegistanDesert_lat29p75_lon63p25,7,5433.725959,91.25,0.002147806,54597.69889,0.960928345,-88.75
RegistanDesert,29.75,63.25,RegistanDesert_lat29p75_lon63p25,8,9165.513867,91.25,0.000312811,7951.733155,0.680365503,-88.75
RegistanDesert,30,65.5,RegistanDesert_lat30p00_lon65p50,1,87.87267,96.25,1,72087004.08,0.980776614,-83.75
RegistanDesert,30,65.5,RegistanDesert_lat30p00_lon65p50,2,1801.983335,183.75,0.010767703,776211.4773,0.357579979,3.75
RegistanDesert,30,65.5,RegistanDesert_lat30p00_lon65p50,3,3414.030779,173.75,0.000249908,18015.14014,0.456154783,-6.25
RegistanDesert,30,65.5,RegistanDesert_lat30p00_lon65p50,4,9165.513867,91.25,3.10E-05,2232.638515,1,-88.75
RegistanDesert,30.25,62.5,RegistanDesert_lat30p25_lon62p50,1,82.91345931,256.25,1,49884798.26,0.958259451,76.25
RegistanDesert,30.25,62.5,RegistanDesert_lat30p25_lon62p50,2,532.0423875,101.25,0.504580267,25170884.81,0.279966728,-78.75
RegistanDesert,30.25,62.5,RegistanDesert_lat30p25_lon62p50,3,3039.553957,91.25,0.008914333,444689.7051,0.429656008,-88.75
RegistanDesert,30.25,62.5,RegistanDesert_lat30p25_lon62p50,4,4064.000891,91.25,0.0010847,54110.0517,0.299602898,-88.75
RegistanDesert,30.25,62.5,RegistanDesert_lat30p25_lon62p50,5,6103.167745,221.25,0.0004121,20557.51746,0.476822173,41.25
RegistanDesert,30.25,62.5,RegistanDesert_lat30p25_lon62p50,6,9165.513867,138.75,0.000194462,9700.700906,0.64451719,-41.25
RegistanDesert,30.25,65.5,RegistanDesert_lat30p25_lon65p50,1,93.12850046,261.25,1,72401107.62,0.983123763,81.25
RegistanDesert,30.25,65.5,RegistanDesert_lat30p25_lon65p50,2,397.9259817,91.25,0.439329674,31807955.04,0.307342704,-88.75
RegistanDesert,30.25,65.5,RegistanDesert_lat30p25_lon65p50,3,1068.296199,131.25,0.0661358,4788305.195,0.231806912,-48.75
RegistanDesert,30.25,65.5,RegistanDesert_lat30p25_lon65p50,4,2409.32123,171.25,0.003093368,223963.2411,0.278615105,-8.75
RegistanDesert,30.25,65.5,RegistanDesert_lat30p25_lon65p50,5,3414.030779,186.25,0.000746881,54074.98738,0.697218142,6.25
RegistanDesert,30.25,65.5,RegistanDesert_lat30p25_lon65p50,6,4564.690847,101.25,0.000104481,7564.524901,0.339783709,-78.75
RegistanDesert,30.25,65.5,RegistanDesert_lat30p25_lon65p50,7,8160.170704,181.25,1.82E-05,1314.860423,1,1.25
RegistanDesert,30.5,65.5,RegistanDesert_lat30p50_lon65p50,1,82.91345931,256.25,1,40645817.16,0.980346226,76.25
RegistanDesert,30.5,65.5,RegistanDesert_lat30p50_lon65p50,2,1428.353227,158.75,0.079886733,3247061.563,0.429409201,-21.25
RegistanDesert,30.5,65.5,RegistanDesert_lat30p50_lon65p50,3,1909.763363,161.25,0.065512436,2662806.496,0.374686364,-18.75
RegistanDesert,30.5,65.5,RegistanDesert_lat30p50_lon65p50,4,2706.152597,191.25,0.010001958,406537.7681,0.864540729,11.25
RegistanDesert,30.5,65.5,RegistanDesert_lat30p50_lon65p50,5,4064.000891,98.75,0.000206995,8413.474222,0.312019417,-81.25
RegistanDesert,30.5,65.5,RegistanDesert_lat30p50_lon65p50,6,6103.167745,181.25,3.63E-05,1474.889924,0.758635982,1.25
RegistanDesert,30.5,65.5,RegistanDesert_lat30p50_lon65p50,7,8160.170704,181.25,2.56E-05,1039.619078,1,1.25
RegistanDesert,30.5,66,RegistanDesert_lat30p50_lon66p00,1,98.69869206,248.75,1,32104373.4,0.984708997,68.75
RegistanDesert,30.5,66,RegistanDesert_lat30p50_lon66p00,2,334.2842646,228.75,0.314991138,10112593.12,0.240310835,48.75
RegistanDesert,30.5,66,RegistanDesert_lat30p50_lon66p00,3,1008.005486,146.25,0.122352718,3928057.33,0.255833272,-33.75
RegistanDesert,30.5,66,RegistanDesert_lat30p50_lon66p00,4,1909.763363,171.25,0.029608509,950562.6287,0.515077868,-8.75
RegistanDesert,30.5,66,RegistanDesert_lat30p50_lon66p00,5,2706.152597,181.25,0.00738388,237054.8481,0.443066892,1.25
RegistanDesert,30.5,66,RegistanDesert_lat30p50_lon66p00,6,4564.690847,198.75,0.000499732,16043.57569,0.506161704,18.75
RegistanDesert,30.5,66,RegistanDesert_lat30p50_lon66p00,7,7265.101213,211.25,4.45E-05,1428.184782,0.838331457,31.25
RegistanDesert,31,65.75,RegistanDesert_lat31p00_lon65p75,1,93.12850046,256.25,1,12238642.13,0.982133542,76.25
RegistanDesert,31,65.75,RegistanDesert_lat31p00_lon65p75,2,1604.328118,131.25,0.019356871,236901.8118,0.217340966,-48.75
RegistanDesert,31,65.75,RegistanDesert_lat31p00_lon65p75,3,4064.000891,91.25,0.000767665,9395.181737,0.318374986,-88.75
RegistanDesert,31,65.75,RegistanDesert_lat31p00_lon65p75,4,6103.167745,181.25,4.54E-05,555.0626135,0.642807125,1.25
RegistanDesert,31,65.75,RegistanDesert_lat31p00_lon65p75,5,8648.245934,248.75,4.18E-05,511.1584734,0.925649717,68.75
RegistanDesert,31.25,65.5,RegistanDesert_lat31p25_lon65p50,1,93.12850046,263.75,1,65257363.82,0.98845227,83.75
RegistanDesert,31.25,65.5,RegistanDesert_lat31p25_lon65p50,2,3414.030779,193.75,0.000248544,16219.33503,0.237690695,13.75
RegistanDesert,31.25,65.5,RegistanDesert_lat31p25_lon65p50,3,4564.690847,138.75,4.85E-05,3165.65958,0.724171747,-41.25
RegistanDesert,31.25,65.5,RegistanDesert_lat31p25_lon65p50,4,6103.167745,191.25,2.77E-05,1807.787801,0.720610136,11.25
RegistanDesert,31.25,65.5,RegistanDesert_lat31p25_lon65p50,5,8160.170704,181.25,6.54E-06,426.9772654,1,1.25
RegistanDesert,31.25,65.75,RegistanDesert_lat31p25_lon65p75,1,139.8569723,243.75,1,46770293.27,0.991307868,63.75
RegistanDesert,31.25,65.75,RegistanDesert_lat31p25_lon65p75,2,2868.012698,111.25,0.001042314,48749.3252,0.304452058,-68.75
RegistanDesert,31.25,65.75,RegistanDesert_lat31p25_lon65p75,3,4064.000891,98.75,0.000146799,6865.85419,0.401615309,-81.25
RegistanDesert,31.25,65.75,RegistanDesert_lat31p25_lon65p75,4,5433.725959,131.25,1.99E-05,931.45012,0.678581968,-48.75
RegistanDesert,31.25,65.75,RegistanDesert_lat31p25_lon65p75,5,8160.170704,181.25,2.11E-05,986.9735682,0.942381381,1.25
RubAlKhali,18.75,51.25,RubAlKhali_lat18p75_lon51p25,1,87.87267,246.25,1,36112990.45,0.957328778,66.25
RubAlKhali,18.75,51.25,RubAlKhali_lat18p75_lon51p25,2,532.0423875,223.75,0.600042599,21669332.65,0.372398608,43.75
RubAlKhali,18.75,51.25,RubAlKhali_lat18p75_lon51p25,3,1008.005486,226.25,0.57590084,20797501.54,0.375619531,46.25
RubAlKhali,18.75,51.25,RubAlKhali_lat18p75_lon51p25,4,3221.355423,223.75,0.004504185,162659.6067,0.245843478,43.75
RubAlKhali,18.75,51.25,RubAlKhali_lat18p75_lon51p25,5,4307.076464,228.75,0.0013733,49593.98621,0.625599498,48.75
RubAlKhali,18.75,51.25,RubAlKhali_lat18p75_lon51p25,6,6103.167745,241.25,0.000162474,5867.438207,0.918923608,61.25
RubAlKhali,18.75,51.5,RubAlKhali_lat18p75_lon51p50,1,87.87267,251.25,1,31703988.23,0.955681699,71.25
RubAlKhali,18.75,51.5,RubAlKhali_lat18p75_lon51p50,2,633.3336976,201.25,0.698938497,22159137.87,0.448183954,21.25
RubAlKhali,18.75,51.5,RubAlKhali_lat18p75_lon51p50,3,1008.005486,226.25,0.535059416,16963517.41,0.241670817,46.25
RubAlKhali,18.75,51.5,RubAlKhali_lat18p75_lon51p50,4,2706.152597,238.75,0.007796769,247188.6645,0.219935723,58.75
RubAlKhali,18.75,51.5,RubAlKhali_lat18p75_lon51p50,5,3834.64361,223.75,0.001478222,46865.53038,0.801907168,43.75
RubAlKhali,18.75,51.5,RubAlKhali_lat18p75_lon51p50,6,5433.725959,216.25,0.000235447,7464.60196,0.767624776,36.25
RubAlKhali,18.75,51.5,RubAlKhali_lat18p75_lon51p50,7,8648.245934,251.25,3.22E-05,1019.869022,0.920053973,71.25
RubAlKhali,18.75,51.75,RubAlKhali_lat18p75_lon51p75,1,93.12850046,258.75,1,38861841.05,0.960670024,78.75
RubAlKhali,18.75,51.75,RubAlKhali_lat18p75_lon51p75,2,1132.193013,176.25,0.385735801,14990403.39,0.29726141,-3.75
RubAlKhali,18.75,51.75,RubAlKhali_lat18p75_lon51p75,3,2023.989919,233.75,0.035795209,1391067.729,0.236989611,53.75
RubAlKhali,18.75,51.75,RubAlKhali_lat18p75_lon51p75,4,3414.030779,228.75,0.00394131,153166.5698,0.381766954,48.75
RubAlKhali,18.75,51.75,RubAlKhali_lat18p75_lon51p75,5,5433.725959,181.25,0.000462723,17982.26083,0.553520733,1.25
RubAlKhali,18.75,51.75,RubAlKhali_lat18p75_lon51p75,6,8648.245934,251.25,5.03E-05,1956.361171,0.637332063,71.25
RubAlKhali,18.75,52.25,RubAlKhali_lat18p75_lon52p25,1,104.6020474,256.25,1,43056417.73,0.961205426,76.25
RubAlKhali,18.75,52.25,RubAlKhali_lat18p75_lon52p25,2,563.8648481,213.75,0.424438873,18274817.43,0.240922401,33.75
RubAlKhali,18.75,52.25,RubAlKhali_lat18p75_lon52p25,3,1428.353227,93.75,0.107344866,4621885.397,0.241836096,-86.25
RubAlKhali,18.75,52.25,RubAlKhali_lat18p75_lon52p25,4,2145.048581,193.75,0.018156949,781773.1934,0.20236231,13.75
RubAlKhali,18.75,52.25,RubAlKhali_lat18p75_lon52p25,5,2868.012698,211.25,0.007259357,312561.9055,0.318185312,31.25
RubAlKhali,18.75,52.25,RubAlKhali_lat18p75_lon52p25,6,3834.64361,211.25,0.002470277,106361.2683,0.772990741,31.25
RubAlKhali,18.75,52.25,RubAlKhali_lat18p75_lon52p25,7,5433.725959,128.75,0.000238246,10257.99918,0.571934991,-51.25
RubAlKhali,18.75,52.25,RubAlKhali_lat18p75_lon52p25,8,8648.245934,108.75,8.86E-05,3815.093451,0.936026209,-71.25
RubAlKhali,18.75,52.5,RubAlKhali_lat18p75_lon52p50,1,87.87267,223.75,1,26011097.06,0.952159877,43.75
RubAlKhali,18.75,52.5,RubAlKhali_lat18p75_lon52p50,2,3221.355423,161.25,0.002229042,57979.83903,0.371762175,-18.75
RubAlKhali,18.75,52.5,RubAlKhali_lat18p75_lon52p50,3,4307.076464,108.75,0.00114024,29658.9029,0.776744726,-71.25
RubAlKhali,18.75,52.5,RubAlKhali_lat18p75_lon52p50,4,6103.167745,118.75,8.24E-05,2142.070537,1,-61.25
RubAlKhali,18.75,52.5,RubAlKhali_lat18p75_lon52p50,5,8648.245934,181.25,0.00011399,2964.99733,0.826238419,1.25
RubAlKhali,18.75,52.75,RubAlKhali_lat18p75_lon52p75,1,104.6020474,236.25,1,29548797.42,0.970887982,56.25
RubAlKhali,18.75,52.75,RubAlKhali_lat18p75_lon52p75,2,1008.005486,253.75,0.201674409,5959236.263,0.238386002,73.75
RubAlKhali,18.75,52.75,RubAlKhali_lat18p75_lon52p75,3,4307.076464,188.75,0.000639331,18891.47697,0.638839145,8.75
RubAlKhali,18.75,52.75,RubAlKhali_lat18p75_lon52p75,4,6855.085589,181.25,6.05E-05,1787.727952,1,1.25
RubAlKhali,18.75,53,RubAlKhali_lat18p75_lon53p00,1,98.69869206,246.25,1,41693428.78,0.969355047,66.25
RubAlKhali,18.75,53,RubAlKhali_lat18p75_lon53p00,2,532.0423875,191.25,0.658563998,27457791.15,0.443563247,11.25
RubAlKhali,18.75,53,RubAlKhali_lat18p75_lon53p00,3,3221.355423,193.75,0.005711556,238134.3421,0.673899191,13.75
RubAlKhali,18.75,53,RubAlKhali_lat18p75_lon53p00,4,4307.076464,198.75,0.001365218,56920.62925,0.726108592,18.75
RubAlKhali,18.75,53,RubAlKhali_lat18p75_lon53p00,5,6468.209741,193.75,0.000586921,24470.75498,0.984954848,13.75
RubAlKhali,18.75,53,RubAlKhali_lat18p75_lon53p00,6,8648.245934,198.75,0.000327635,13660.21706,0.997961376,18.75
RubAlKhali,18.75,53.25,RubAlKhali_lat18p75_lon53p25,1,87.87267,248.75,1,42507291.18,0.955225939,68.75
RubAlKhali,18.75,53.25,RubAlKhali_lat18p75_lon53p25,2,532.0423875,173.75,0.55692436,23673345.95,0.347354243,-6.25
RubAlKhali,18.75,53.25,RubAlKhali_lat18p75_lon53p25,3,1347.742218,253.75,0.113894096,4841329.516,0.265171161,73.75
RubAlKhali,18.75,53.25,RubAlKhali_lat18p75_lon53p25,4,3834.64361,253.75,0.001010481,42952.79909,0.588510095,73.75
RubAlKhali,18.75,53.25,RubAlKhali_lat18p75_lon53p25,5,5127.066427,246.25,0.000288275,12253.78159,0.757248537,66.25
RubAlKhali,18.75,53.25,RubAlKhali_lat18p75_lon53p25,6,7699.640646,123.75,2.54E-05,1077.659461,1,-56.25
RubAlKhali,19,52.25,RubAlKhali_lat19p00_lon52p25,1,82.91345931,233.75,1,31880624.94,0.957971623,53.75
RubAlKhali,19,52.25,RubAlKhali_lat19p00_lon52p25,2,446.9509568,196.25,0.725108625,23116916.11,0.380468071,16.25
RubAlKhali,19,52.25,RubAlKhali_lat19p00_lon52p25,3,753.9090529,228.75,0.600078833,19130888.21,0.277654811,48.75
RubAlKhali,19,52.25,RubAlKhali_lat19p00_lon52p25,4,1801.983335,236.25,0.123671213,3942715.572,0.231065783,56.25
RubAlKhali,19,52.25,RubAlKhali_lat19p00_lon52p25,5,3834.64361,136.25,0.001772407,56505.43249,0.699005398,-43.75
RubAlKhali,19,52.25,RubAlKhali_lat19p00_lon52p25,6,5433.725959,128.75,0.000379646,12103.35726,0.319892134,-51.25
RubAlKhali,19,52.25,RubAlKhali_lat19p00_lon52p25,7,8648.245934,161.25,5.72E-05,1822.858862,0.817577293,-18.75
RubAlKhali,19,52.5,RubAlKhali_lat19p00_lon52p50,1,110.8584935,251.25,1,35536052.83,0.966984877,71.25
RubAlKhali,19,52.5,RubAlKhali_lat19p00_lon52p50,2,633.3336976,211.25,0.71752496,25498004.88,0.4394854,31.25
RubAlKhali,19,52.5,RubAlKhali_lat19p00_lon52p50,3,1199.911617,208.75,0.440906905,15668091.08,0.287610461,28.75
RubAlKhali,19,52.5,RubAlKhali_lat19p00_lon52p50,4,1700.286015,226.25,0.123309697,4381939.921,0.324650026,46.25
RubAlKhali,19,52.5,RubAlKhali_lat19p00_lon52p50,5,3834.64361,211.25,0.002099061,74592.35299,0.642945988,31.25
RubAlKhali,19,52.5,RubAlKhali_lat19p00_lon52p50,6,5433.725959,216.25,0.000372746,13245.90587,0.491193142,36.25
RubAlKhali,19,52.5,RubAlKhali_lat19p00_lon52p50,7,8648.245934,181.25,4.35E-05,1545.743758,0.66055764,1.25
RubAlKhali,19,52.75,RubAlKhali_lat19p00_lon52p75,1,110.8584935,231.25,1,35961159.13,0.973228079,51.25
RubAlKhali,19,52.75,RubAlKhali_lat19p00_lon52p75,2,532.0423875,193.75,0.589588165,21202273.83,0.241121972,13.75
RubAlKhali,19,52.75,RubAlKhali_lat19p00_lon52p75,3,1132.193013,203.75,0.377272252,13567147.5,0.327703422,23.75
RubAlKhali,19,52.75,RubAlKhali_lat19p00_lon52p75,4,3221.355423,198.75,0.00819647,294754.5737,0.300705355,18.75
RubAlKhali,19,52.75,RubAlKhali_lat19p00_lon52p75,5,4307.076464,198.75,0.003302978,118778.9281,0.343185646,18.75
RubAlKhali,19,52.75,RubAlKhali_lat19p00_lon52p75,6,6468.209741,166.25,0.000152481,5483.380048,1,-13.75
RubAlKhali,19,52.75,RubAlKhali_lat19p00_lon52p75,7,8648.245934,161.25,7.51E-05,2702.220296,0.775929836,-18.75
RubAlKhali,19.25,52.25,RubAlKhali_lat19p25_lon52p25,1,93.12850046,256.25,1,38403644.04,0.957535439,76.25
RubAlKhali,19.25,52.25,RubAlKhali_lat19p25_lon52p25,2,597.5906703,186.25,0.6503519,24975882.86,0.402833554,6.25
RubAlKhali,19.25,52.25,RubAlKhali_lat19p25_lon52p25,3,1068.296199,198.75,0.539559085,20721035.05,0.317659458,18.75
RubAlKhali,19.25,52.25,RubAlKhali_lat19p25_lon52p25,4,3834.64361,181.25,0.004301614,165197.666,0.840693383,1.25
RubAlKhali,19.25,52.25,RubAlKhali_lat19p25_lon52p25,5,5433.725959,143.75,0.000240974,9254.296713,0.554577914,-36.25
RubAlKhali,19.25,52.25,RubAlKhali_lat19p25_lon52p25,6,8648.245934,161.25,5.17E-05,1985.415098,0.860412722,-18.75
RubAlKhali,19.25,52.5,RubAlKhali_lat19p25_lon52p50,1,98.69869206,233.75,1,22115362.94,0.955097689,53.75
RubAlKhali,19.25,52.5,RubAlKhali_lat19p25_lon52p50,2,563.8648481,173.75,0.879702839,19454947.55,0.274572553,-6.25
RubAlKhali,19.25,52.5,RubAlKhali_lat19p25_lon52p50,3,1909.763363,211.25,0.132270264,2925204.887,0.389363752,31.25
RubAlKhali,19.25,52.5,RubAlKhali_lat19p25_lon52p50,4,3834.64361,171.25,0.002431249,53767.95227,0.37551738,-8.75
RubAlKhali,19.25,52.5,RubAlKhali_lat19p25_lon52p50,5,5433.725959,91.25,0.000635259,14048.97517,0.349585842,-88.75
RubAlKhali,19.25,52.5,RubAlKhali_lat19p25_lon52p50,6,8648.245934,108.75,0.00018054,3992.715444,0.881359249,-71.25
RubAlKhali,19.25,52.75,RubAlKhali_lat19p25_lon52p75,1,110.8584935,233.75,1,30469223.14,0.967653072,53.75
RubAlKhali,19.25,52.75,RubAlKhali_lat19p25_lon52p75,2,502.0158696,231.25,0.912750806,27810807.98,0.335506759,51.25
RubAlKhali,19.25,52.75,RubAlKhali_lat19p25_lon52p75,3,1008.005486,106.25,0.558625072,17020871.98,0.258457908,-73.75
RubAlKhali,19.25,52.75,RubAlKhali_lat19p25_lon52p75,4,4307.076464,161.25,0.001002455,30544.02334,0.487058495,-18.75
RubAlKhali,19.25,52.75,RubAlKhali_lat19p25_lon52p75,5,6468.209741,166.25,0.000137706,4195.800407,1,-13.75
RubAlKhali,19.25,52.75,RubAlKhali_lat19p25_lon52p75,6,8648.245934,251.25,2.00E-05,609.274041,0.718627348,71.25
RubAlKhali,19.25,53.25,RubAlKhali_lat19p25_lon53p25,1,711.3611955,213.75,1,30935641.41,0.979356599,33.75
RubAlKhali,19.25,53.25,RubAlKhali_lat19p25_lon53p25,2,2273.34799,241.25,0.081090375,2508582.757,0.269582191,61.25
RubAlKhali,19.25,53.25,RubAlKhali_lat19p25_lon53p25,3,3834.64361,211.25,0.004203295,130031.6133,0.386083357,31.25
RubAlKhali,19.25,53.25,RubAlKhali_lat19p25_lon53p25,4,6468.209741,193.75,0.000213252,6597.092348,0.989394164,13.75
RubAlKhali,19.25,53.25,RubAlKhali_lat19p25_lon53p25,5,8648.245934,161.25,3.65E-05,1130.273143,0.806888027,-18.75
RubAlKhali,19.5,52.5,RubAlKhali_lat19p50_lon52p50,1,104.6020474,226.25,1,42625453.77,0.95806146,46.25
RubAlKhali,19.5,52.5,RubAlKhali_lat19p50_lon52p50,2,753.9090529,231.25,0.560111801,23875019.68,0.325937569,51.25
RubAlKhali,19.5,52.5,RubAlKhali_lat19p50_lon52p50,3,2023.989919,213.75,0.072437635,3087687.077,0.369359141,33.75
RubAlKhali,19.5,52.5,RubAlKhali_lat19p50_lon52p50,4,3834.64361,188.75,0.00149674,63799.2332,0.456104532,8.75
RubAlKhali,19.5,52.5,RubAlKhali_lat19p50_lon52p50,5,5433.725959,91.25,0.000247339,10542.93133,0.629145069,-88.75
RubAlKhali,19.5,52.5,RubAlKhali_lat19p50_lon52p50,6,8648.245934,181.25,5.13E-05,2184.741845,0.964540723,1.25
RubAlKhali,19.5,52.75,RubAlKhali_lat19p50_lon52p75,1,110.8584935,228.75,1,52171895.3,0.963959088,48.75
RubAlKhali,19.5,52.75,RubAlKhali_lat19p50_lon52p75,2,354.2784382,196.25,0.705419595,36803077.26,0.204183027,16.25
RubAlKhali,19.5,52.75,RubAlKhali_lat19p50_lon52p75,3,671.2145829,216.25,0.919069638,47949604.91,0.395520188,36.25
RubAlKhali,19.5,52.75,RubAlKhali_lat19p50_lon52p75,4,3834.64361,181.25,0.001192263,62202.64491,0.74027219,1.25
RubAlKhali,19.5,52.75,RubAlKhali_lat19p50_lon52p75,5,5433.725959,101.25,0.000358989,18729.13694,0.74238266,-78.75
RubAlKhali,19.5,52.75,RubAlKhali_lat19p50_lon52p75,6,8648.245934,181.25,3.98E-05,2073.941257,0.897831166,1.25
RubAlKhali,19.5,53.25,RubAlKhali_lat19p50_lon53p25,1,87.87267,233.75,0.746298743,16859055.54,0.38284654,53.75
RubAlKhali,19.5,53.25,RubAlKhali_lat19p50_lon53p25,2,633.3336976,176.25,1,22590223.67,0.975040997,-3.75
RubAlKhali,19.5,53.25,RubAlKhali_lat19p50_lon53p25,3,1132.193013,176.25,0.582505944,13158939.56,0.445675158,-3.75
RubAlKhali,19.5,53.25,RubAlKhali_lat19p50_lon53p25,4,3221.355423,161.25,0.009124299,206119.951,0.661606794,-18.75
RubAlKhali,19.5,53.25,RubAlKhali_lat19p50_lon53p25,5,4307.076464,188.75,0.001077815,24348.0922,0.494275757,8.75
RubAlKhali,19.5,53.25,RubAlKhali_lat19p50_lon53p25,6,6103.167745,206.25,0.00029841,6741.14347,0.504986849,26.25
RubAlKhali,19.5,53.25,RubAlKhali_lat19p50_lon53p25,7,8648.245934,108.75,9.58E-05,2165.191971,0.768764319,-71.25
RubAlKhali,19.75,54.25,RubAlKhali_lat19p75_lon54p25,1,78.23412826,233.75,1,29245204.94,0.932375669,53.75
RubAlKhali,19.75,54.25,RubAlKhali_lat19p75_lon54p25,2,502.0158696,231.25,0.899388436,26302799.12,0.406160859,51.25
RubAlKhali,19.75,54.25,RubAlKhali_lat19p75_lon54p25,3,799.0017781,246.25,0.734879199,21491692.79,0.363277408,66.25
RubAlKhali,19.75,54.25,RubAlKhali_lat19p75_lon54p25,4,3039.553957,251.25,0.019587277,572833.9249,0.632956034,71.25
RubAlKhali,19.75,54.25,RubAlKhali_lat19p75_lon54p25,5,4307.076464,216.25,0.003519186,102919.31,0.571806847,36.25
RubAlKhali,19.75,54.25,RubAlKhali_lat19p75_lon54p25,6,8648.245934,251.25,0.000325575,9521.51615,0.775143549,71.25
RubAlKhali,19.75,54.5,RubAlKhali_lat19p75_lon54p50,1,41.29329946,241.25,1,13144762.81,0.890064236,61.25
RubAlKhali,19.75,54.5,RubAlKhali_lat19p75_lon54p50,2,473.6839381,226.25,0.741946315,9752708.331,0.511444112,46.25
RubAlKhali,19.75,54.5,RubAlKhali_lat19p75_lon54p50,3,799.0017781,226.25,0.631663074,8303061.282,0.234308545,46.25
RubAlKhali,19.75,54.5,RubAlKhali_lat19p75_lon54p50,4,3834.64361,233.75,0.00464636,61075.29698,0.238229472,53.75
RubAlKhali,19.75,54.5,RubAlKhali_lat19p75_lon54p50,5,6103.167745,241.25,0.000564584,7421.318466,0.654573594,61.25
RubAlKhali,19.75,54.5,RubAlKhali_lat19p75_lon54p50,6,9165.513867,91.25,0.000446687,5871.590376,0.757547208,-88.75
RubAlKhali,20,53.5,RubAlKhali_lat20p00_lon53p50,1,104.6020474,251.25,1,50876826.56,0.97000128,71.25
RubAlKhali,20,53.5,RubAlKhali_lat20p00_lon53p50,2,532.0423875,148.75,0.8140374,41415639.61,0.308115175,-31.25
RubAlKhali,20,53.5,RubAlKhali_lat20p00_lon53p50,3,1008.005486,113.75,0.45466041,23131678.84,0.209056415,-66.25
RubAlKhali,20,53.5,RubAlKhali_lat20p00_lon53p50,4,3834.64361,106.25,0.002175973,110706.5871,0.361259426,-73.75
RubAlKhali,20,53.5,RubAlKhali_lat20p00_lon53p50,5,5433.725959,216.25,0.00028635,14568.57735,0.273217163,36.25
RubAlKhali,20,53.5,RubAlKhali_lat20p00_lon53p50,6,8648.245934,198.75,3.03E-05,1543.56058,0.84079524,18.75
RubAlKhali,20,53.75,RubAlKhali_lat20p00_lon53p75,1,104.6020474,248.75,1,45499525.93,0.970102364,68.75
RubAlKhali,20,53.75,RubAlKhali_lat20p00_lon53p75,2,563.8648481,108.75,0.806959762,36716286.63,0.225436967,-71.25
RubAlKhali,20,53.75,RubAlKhali_lat20p00_lon53p75,3,1513.785733,98.75,0.188206902,8563324.812,0.29336937,-81.25
RubAlKhali,20,53.75,RubAlKhali_lat20p00_lon53p75,4,2023.989919,111.25,0.05726561,2605558.109,0.296152418,-68.75
RubAlKhali,20,53.75,RubAlKhali_lat20p00_lon53p75,5,3834.64361,233.75,0.001741897,79255.50303,0.20191864,53.75
RubAlKhali,20,53.75,RubAlKhali_lat20p00_lon53p75,6,5433.725959,181.25,0.00029901,13604.79245,0.496584557,1.25
RubAlKhali,20,53.75,RubAlKhali_lat20p00_lon53p75,7,7699.640646,233.75,7.01E-05,3191.777557,1,53.75
RubAlKhali,20.25,53.5,RubAlKhali_lat20p25_lon53p50,1,110.8584935,231.25,1,35744215.11,0.971630944,51.25
RubAlKhali,20.25,53.5,RubAlKhali_lat20p25_lon53p50,2,2273.34799,108.75,0.035630778,1273594.176,0.398063844,-71.25
RubAlKhali,20.25,53.5,RubAlKhali_lat20p25_lon53p50,3,3834.64361,106.25,0.001629812,58256.36558,0.298708106,-73.75
RubAlKhali,20.25,53.5,RubAlKhali_lat20p25_lon53p50,4,5433.725959,143.75,0.000239878,8574.238714,0.791969852,-36.25
RubAlKhali,20.25,53.5,RubAlKhali_lat20p25_lon53p50,5,8648.245934,181.25,6.74E-05,2410.797057,0.738205963,1.25
RubAlKhali,20.25,53.75,RubAlKhali_lat20p25_lon53p75,1,93.12850046,231.25,1,36925493.5,0.964668657,51.25
RubAlKhali,20.25,53.75,RubAlKhali_lat20p25_lon53p75,2,397.9259817,113.75,0.513172,18949129.35,0.21344655,-66.25
RubAlKhali,20.25,53.75,RubAlKhali_lat20p25_lon53p75,3,3039.553957,118.75,0.015625292,576971.6296,0.342389419,-61.25
RubAlKhali,20.25,53.75,RubAlKhali_lat20p25_lon53p75,4,4837.713633,121.25,0.000512213,18913.72027,0.463044858,-58.75
RubAlKhali,20.25,53.75,RubAlKhali_lat20p25_lon53p75,5,9165.513867,91.25,0.000147289,5438.703675,0.944674583,-88.75
RubAlKhali,20.25,54.25,RubAlKhali_lat20p25_lon54p25,1,104.6020474,236.25,0.846849377,27971439.09,0.380391735,56.25
RubAlKhali,20.25,54.25,RubAlKhali_lat20p25_lon54p25,2,473.6839381,171.25,1,33030004.91,0.957005884,-8.75
RubAlKhali,20.25,54.25,RubAlKhali_lat20p25_lon54p25,3,4307.076464,216.25,0.00181996,60113.29225,0.370003658,36.25
RubAlKhali,20.25,54.25,RubAlKhali_lat20p25_lon54p25,4,6103.167745,153.75,0.000288583,9531.881944,0.716549013,-26.25
RubAlKhali,20.25,54.25,RubAlKhali_lat20p25_lon54p25,5,8648.245934,108.75,0.000118195,3903.99625,0.806278342,-71.25
RubAlKhali,20.25,54.5,RubAlKhali_lat20p25_lon54p50,1,117.4891495,231.25,0.73218465,22838083.98,0.317951011,51.25
RubAlKhali,20.25,54.5,RubAlKhali_lat20p25_lon54p50,2,563.8648481,226.25,1,31191700.07,0.971806889,46.25
RubAlKhali,20.25,54.5,RubAlKhali_lat20p25_lon54p50,3,1068.296199,198.75,0.616506002,19229870.31,0.282886726,18.75
RubAlKhali,20.25,54.5,RubAlKhali_lat20p25_lon54p50,4,3834.64361,181.25,0.001032835,32215.88978,0.657584714,1.25
RubAlKhali,20.25,54.5,RubAlKhali_lat20p25_lon54p50,5,5433.725959,101.25,0.000205913,6422.791189,0.413517944,-78.75
RubAlKhali,20.25,54.5,RubAlKhali_lat20p25_lon54p50,6,8648.245934,251.25,9.20E-05,2869.24507,0.623127195,71.25
RubAlKhali,20.25,54.75,RubAlKhali_lat20p25_lon54p75,1,87.87267,241.25,1,18110042.04,0.957524289,61.25
RubAlKhali,20.25,54.75,RubAlKhali_lat20p25_lon54p75,2,597.5906703,253.75,0.986266402,17861326,0.320608533,73.75
RubAlKhali,20.25,54.75,RubAlKhali_lat20p25_lon54p75,3,3039.553957,228.75,0.008757716,158602.5983,0.553870185,48.75
RubAlKhali,20.25,54.75,RubAlKhali_lat20p25_lon54p75,4,4837.713633,223.75,0.001725515,31249.14491,0.316724353,43.75
RubAlKhali,20.25,54.75,RubAlKhali_lat20p25_lon54p75,5,6468.209741,223.75,0.000597824,10826.61056,0.617782629,43.75
RubAlKhali,20.5,54.25,RubAlKhali_lat20p50_lon54p25,1,98.69869206,238.75,0.763271759,18753747.2,0.296309564,58.75
RubAlKhali,20.5,54.25,RubAlKhali_lat20p50_lon54p25,2,473.6839381,96.25,1,24570209.74,0.973005636,-83.75
RubAlKhali,20.5,54.25,RubAlKhali_lat20p50_lon54p25,3,4307.076464,196.25,0.002062886,50685.54997,0.598919168,16.25
RubAlKhali,20.5,54.25,RubAlKhali_lat20p50_lon54p25,4,6468.209741,223.75,0.000277037,6806.859019,0.462917099,43.75
RubAlKhali,20.5,54.25,RubAlKhali_lat20p50_lon54p25,5,8648.245934,181.25,9.20E-05,2261.511791,0.96660759,1.25
RubAlKhali,20.5,54.5,RubAlKhali_lat20p50_lon54p50,1,117.4891495,213.75,0.641087942,24285783.14,0.226847098,33.75
RubAlKhali,20.5,54.5,RubAlKhali_lat20p50_lon54p50,2,532.0423875,148.75,1,37882139.96,0.97051885,-31.25
RubAlKhali,20.5,54.5,RubAlKhali_lat20p50_lon54p50,3,1199.911617,251.25,0.244052356,9245225.49,0.217525113,71.25
RubAlKhali,20.5,54.5,RubAlKhali_lat20p50_lon54p50,4,3039.553957,96.25,0.010439124,395456.3461,0.314157561,-83.75
RubAlKhali,20.5,54.5,RubAlKhali_lat20p50_lon54p50,5,4307.076464,216.25,0.001402496,53129.53429,0.421404735,36.25
RubAlKhali,20.5,54.5,RubAlKhali_lat20p50_lon54p50,6,6468.209741,193.75,0.00023745,8995.126995,0.724790468,13.75
RubAlKhali,20.5,54.5,RubAlKhali_lat20p50_lon54p50,7,8648.245934,196.25,0.000113698,4307.135923,0.78427668,16.25
RubAlKhali,20.5,54.75,RubAlKhali_lat20p50_lon54p75,1,98.69869206,236.25,0.844080662,19096114.65,0.376640301,56.25
RubAlKhali,20.5,54.75,RubAlKhali_lat20p50_lon54p75,2,532.0423875,251.25,1,22623566.11,0.957582009,71.25
RubAlKhali,20.5,54.75,RubAlKhali_lat20p50_lon54p75,3,799.0017781,238.75,0.879746918,19903012.56,0.254920595,58.75
RubAlKhali,20.5,54.75,RubAlKhali_lat20p50_lon54p75,4,1199.911617,246.25,0.494649947,11190745.78,0.230783325,66.25
RubAlKhali,20.5,54.75,RubAlKhali_lat20p50_lon54p75,5,3834.64361,253.75,0.00370892,83909.00441,0.333762547,73.75
RubAlKhali,20.5,54.75,RubAlKhali_lat20p50_lon54p75,6,5433.725959,258.75,0.000648472,14670.74262,0.241077655,78.75
RubAlKhali,20.5,54.75,RubAlKhali_lat20p50_lon54p75,7,9165.513867,251.25,0.000551824,12484.2367,0.34287456,71.25
RubAlKhali,20.5,55.5,RubAlKhali_lat20p50_lon55p50,1,87.87267,228.75,1,20768566.39,0.946999915,48.75
RubAlKhali,20.5,55.5,RubAlKhali_lat20p50_lon55p50,2,473.6839381,198.75,0.592836762,12312369.65,0.244144497,18.75
RubAlKhali,20.5,55.5,RubAlKhali_lat20p50_lon55p50,3,2409.32123,231.25,0.048003162,996956.8611,0.363209075,51.25
RubAlKhali,20.5,55.5,RubAlKhali_lat20p50_lon55p50,4,3834.64361,223.75,0.009580988,198983.3887,0.642901843,43.75
RubAlKhali,20.5,55.5,RubAlKhali_lat20p50_lon55p50,5,6103.167745,118.75,0.000451694,9381.027325,0.943894448,-61.25
RubAlKhali,21,53.25,RubAlKhali_lat21p00_lon53p25,1,78.23412826,226.25,1,43801489.72,0.976591213,46.25
RubAlKhali,21,53.25,RubAlKhali_lat21p00_lon53p25,2,1700.286015,206.25,0.011705839,512733.1798,0.24079713,26.25
RubAlKhali,21,53.25,RubAlKhali_lat21p00_lon53p25,3,2409.32123,188.75,0.003705013,162285.0833,0.278823262,8.75
RubAlKhali,21,53.25,RubAlKhali_lat21p00_lon53p25,4,3834.64361,106.25,0.000339573,14873.78363,0.327815702,-73.75
RubAlKhali,21,53.25,RubAlKhali_lat21p00_lon53p25,5,5433.725959,128.75,4.54E-05,1986.859157,0.374121642,-51.25
RubAlKhali,21,53.25,RubAlKhali_lat21p00_lon53p25,6,8648.245934,181.25,1.64E-05,717.6915024,0.81110748,1.25
RubAlKhali,21,53.5,RubAlKhali_lat21p00_lon53p50,1,98.69869206,223.75,1,50071631.27,0.964897712,43.75
RubAlKhali,21,53.5,RubAlKhali_lat21p00_lon53p50,2,563.8648481,191.25,0.301392923,15091235.31,0.252926035,11.25
RubAlKhali,21,53.5,RubAlKhali_lat21p00_lon53p50,3,897.4397893,121.25,0.247974729,12416499.21,0.33070177,-58.75
RubAlKhali,21,53.5,RubAlKhali_lat21p00_lon53p50,4,1801.983335,123.75,0.053278403,2667736.563,0.217438846,-56.25
RubAlKhali,21,53.5,RubAlKhali_lat21p00_lon53p50,5,3414.030779,261.25,0.002267044,113514.569,0.414494142,81.25
RubAlKhali,21,53.5,RubAlKhali_lat21p00_lon53p50,6,6855.085589,91.25,4.20E-05,2105.009183,0.715259005,-88.75
RubAlKhali,21,53.75,RubAlKhali_lat21p00_lon53p75,1,98.69869206,226.25,1,30351497.93,0.971516267,46.25
RubAlKhali,21,53.75,RubAlKhali_lat21p00_lon53p75,2,633.3336976,191.25,0.33455924,10154374.08,0.248304984,11.25
RubAlKhali,21,53.75,RubAlKhali_lat21p00_lon53p75,3,2553.427285,91.25,0.031796011,965056.5571,0.433831974,-88.75
RubAlKhali,21,53.75,RubAlKhali_lat21p00_lon53p75,4,3834.64361,188.75,0.002799324,84963.68594,0.352109025,8.75
RubAlKhali,21,53.75,RubAlKhali_lat21p00_lon53p75,5,5127.066427,191.25,0.002033386,61716.31095,0.866568751,11.25
RubAlKhali,21,53.75,RubAlKhali_lat21p00_lon53p75,6,8648.245934,196.25,0.000802655,24361.77194,0.995648519,16.25
RubAlKhali,21,54.25,RubAlKhali_lat21p00_lon54p25,1,87.87267,243.75,1,43239241.69,0.970880288,63.75
RubAlKhali,21,54.25,RubAlKhali_lat21p00_lon54p25,2,532.0423875,111.25,0.493174297,21324482.63,0.283217266,-68.75
RubAlKhali,21,54.25,RubAlKhali_lat21p00_lon54p25,3,1513.785733,128.75,0.087909261,3801129.762,0.38488249,-51.25
RubAlKhali,21,54.25,RubAlKhali_lat21p00_lon54p25,4,3834.64361,126.25,0.001729447,74779.95909,0.748666673,-53.75
RubAlKhali,21,54.25,RubAlKhali_lat21p00_lon54p25,5,5433.725959,143.75,0.00030622,13240.70623,0.226157055,-36.25
RubAlKhali,21,54.25,RubAlKhali_lat21p00_lon54p25,6,7699.640646,148.75,0.000114681,4958.722197,1,-31.25
RubAlKhali,21,54.5,RubAlKhali_lat21p00_lon54p50,1,93.12850046,243.75,1,16039651.13,0.950219801,63.75
RubAlKhali,21,54.5,RubAlKhali_lat21p00_lon54p50,2,421.7266867,186.25,0.456848152,7327684.968,0.235259766,6.25
RubAlKhali,21,54.5,RubAlKhali_lat21p00_lon54p50,3,2868.012698,116.25,0.005604707,89897.54381,0.409400107,-63.75
RubAlKhali,21,54.5,RubAlKhali_lat21p00_lon54p50,4,4307.076464,216.25,0.000865071,13875.44357,0.430423455,36.25
RubAlKhali,21,54.5,RubAlKhali_lat21p00_lon54p50,5,6468.209741,166.25,0.000132839,2130.696835,0.789508855,-13.75
RubAlKhali,21,54.5,RubAlKhali_lat21p00_lon54p50,6,8648.245934,196.25,0.000148307,2378.793156,0.941171517,16.25
RubAlKhali,21,54.75,RubAlKhali_lat21p00_lon54p75,1,117.4891495,236.25,1,17996713.83,0.949578613,56.25
RubAlKhali,21,54.75,RubAlKhali_lat21p00_lon54p75,2,4307.076464,251.25,0.001269396,22844.94794,0.35478366,71.25
RubAlKhali,21,54.75,RubAlKhali_lat21p00_lon54p75,3,6855.085589,256.25,0.000513288,9237.504687,0.730393534,76.25
RubAlKhali,21,55,RubAlKhali_lat21p00_lon55p00,1,104.6020474,231.25,1,26407102.68,0.958311029,51.25
RubAlKhali,21,55,RubAlKhali_lat21p00_lon55p00,2,532.0423875,93.75,0.373829321,9871749.269,0.215412843,-86.25
RubAlKhali,21,55,RubAlKhali_lat21p00_lon55p00,3,2145.048581,121.25,0.012599931,332727.6838,0.354626598,-58.75
RubAlKhali,21,55,RubAlKhali_lat21p00_lon55p00,4,5127.066427,181.25,0.000531797,14043.21289,0.778593385,1.25
RubAlKhali,21,55,RubAlKhali_lat21p00_lon55p00,5,8648.245934,181.25,0.000106365,2808.791634,0.874865416,1.25
RubAlKhali,21,55.5,RubAlKhali_lat21p00_lon55p50,1,98.69869206,263.75,1,13153913.26,0.964933238,83.75
RubAlKhali,21,55.5,RubAlKhali_lat21p00_lon55p50,2,633.3336976,266.25,0.797939568,10496027.87,0.433076941,86.25
RubAlKhali,21,55.5,RubAlKhali_lat21p00_lon55p50,3,846.7915844,228.75,0.593744682,7810066.053,0.211938128,48.75
RubAlKhali,21,55.5,RubAlKhali_lat21p00_lon55p50,4,1132.193013,91.25,0.573714176,7546586.506,0.419939773,-88.75
RubAlKhali,21,55.5,RubAlKhali_lat21p00_lon55p50,5,1513.785733,91.25,0.251891388,3313357.47,0.485458947,-88.75
RubAlKhali,21,55.5,RubAlKhali_lat21p00_lon55p50,6,2553.427285,91.25,0.023122173,304147.0538,0.475020228,-88.75
RubAlKhali,21,55.5,RubAlKhali_lat21p00_lon55p50,7,3414.030779,261.25,0.018276049,240401.5594,0.786675653,81.25
RubAlKhali,21,55.5,RubAlKhali_lat21p00_lon55p50,8,6468.209741,193.75,0.000487564,6413.368715,0.971430083,13.75
RubAlKhali,21,55.75,RubAlKhali_lat21p00_lon55p75,1,93.12850046,228.75,0.824087567,9989922.871,0.492290531,48.75
RubAlKhali,21,55.75,RubAlKhali_lat21p00_lon55p75,2,711.3611955,238.75,1,12122404.55,0.973770222,58.75
RubAlKhali,21,55.75,RubAlKhali_lat21p00_lon55p75,3,2273.34799,263.75,0.102765359,1245763.257,0.524728091,83.75
RubAlKhali,21,55.75,RubAlKhali_lat21p00_lon55p75,4,3414.030779,256.25,0.018405363,223117.2533,0.329462067,76.25
RubAlKhali,21,55.75,RubAlKhali_lat21p00_lon55p75,5,6468.209741,166.25,0.000304091,3686.308988,0.98193257,-13.75
RubAlKhali,21,55.75,RubAlKhali_lat21p00_lon55p75,6,8648.245934,181.25,0.000215243,2609.263278,0.908190809,1.25
RubAlKhali,21.25,53.25,RubAlKhali_lat21p25_lon53p25,1,87.87267,231.25,1,50006557.89,0.975476021,51.25
RubAlKhali,21.25,53.25,RubAlKhali_lat21p25_lon53p25,2,2409.32123,188.75,0.004261712,213113.5401,0.258390159,8.75
RubAlKhali,21.25,53.25,RubAlKhali_lat21p25_lon53p25,3,3834.64361,106.25,0.00017402,8702.127606,0.307081094,-73.75
RubAlKhali,21.25,53.25,RubAlKhali_lat21p25_lon53p25,4,5127.066427,113.75,6.34E-05,3172.46553,0.3741536,-66.25
RubAlKhali,21.25,53.25,RubAlKhali_lat21p25_lon53p25,5,6855.085589,256.25,2.39E-05,1194.380386,0.864875397,76.25
RubAlKhali,21.25,53.5,RubAlKhali_lat21p25_lon53p50,1,73.81888146,231.25,1,55897197.99,0.95773849,51.25
RubAlKhali,21.25,53.5,RubAlKhali_lat21p25_lon53p50,2,1513.785733,198.75,0.033179585,1854645.857,0.251734414,18.75
RubAlKhali,21.25,53.5,RubAlKhali_lat21p25_lon53p50,3,2868.012698,123.75,0.002220195,124102.6662,0.337199433,-56.25
RubAlKhali,21.25,53.5,RubAlKhali_lat21p25_lon53p50,4,4307.076464,171.25,0.000276739,15468.93181,0.50284945,-8.75
RubAlKhali,21.25,53.5,RubAlKhali_lat21p25_lon53p50,5,6468.209741,193.75,4.44E-05,2480.417426,0.86931014,13.75
RubAlKhali,21.25,53.5,RubAlKhali_lat21p25_lon53p50,6,9165.513867,91.25,6.64E-06,371.3095373,0.280890546,-88.75
RubAlKhali,21.25,53.75,RubAlKhali_lat21p25_lon53p75,1,98.69869206,216.25,1,70714137.02,0.968312789,36.25
RubAlKhali,21.25,53.75,RubAlKhali_lat21p25_lon53p75,2,597.5906703,96.25,0.474504089,33554147.16,0.312621858,-83.75
RubAlKhali,21.25,53.75,RubAlKhali_lat21p25_lon53p75,3,1008.005486,251.25,0.358234523,25332245.12,0.207637619,71.25
RubAlKhali,21.25,53.75,RubAlKhali_lat21p25_lon53p75,4,2273.34799,96.25,0.084716345,5990643.196,0.326920537,-83.75
RubAlKhali,21.25,53.75,RubAlKhali_lat21p25_lon53p75,5,3414.030779,98.75,0.010774094,761880.7614,0.22715097,-81.25
RubAlKhali,21.25,53.75,RubAlKhali_lat21p25_lon53p75,6,4837.713633,236.25,0.001372811,97077.13167,0.673307948,56.25
RubAlKhali,21.25,53.75,RubAlKhali_lat21p25_lon53p75,7,6468.209741,136.25,0.000216412,15303.37945,0.808513131,-43.75
RubAlKhali,21.25,53.75,RubAlKhali_lat21p25_lon53p75,8,8648.245934,108.75,6.56E-05,4640.859333,0.944329183,-71.25
RubAlKhali,21.25,54.25,RubAlKhali_lat21p25_lon54p25,1,98.69869206,233.75,1,46687056.19,0.970523473,53.75
RubAlKhali,21.25,54.25,RubAlKhali_lat21p25_lon54p25,2,532.0423875,211.25,0.530235243,24755122.59,0.375880954,31.25
RubAlKhali,21.25,54.25,RubAlKhali_lat21p25_lon54p25,3,1132.193013,113.75,0.194996262,9103801.43,0.220769716,-66.25
RubAlKhali,21.25,54.25,RubAlKhali_lat21p25_lon54p25,4,2023.989919,111.25,0.046076549,2151178.454,0.336863204,-68.75
RubAlKhali,21.25,54.25,RubAlKhali_lat21p25_lon54p25,5,3414.030779,103.75,0.008987309,419591.0111,0.591551198,-76.25
RubAlKhali,21.25,54.25,RubAlKhali_lat21p25_lon54p25,6,5433.725959,181.25,0.000210957,9848.966274,0.233557917,1.25
RubAlKhali,21.25,54.25,RubAlKhali_lat21p25_lon54p25,7,8648.245934,163.75,0.000100917,4711.524812,0.766468893,-16.25
RubAlKhali,21.25,54.5,RubAlKhali_lat21p25_lon54p50,1,87.87267,228.75,0.928507984,34578957.16,0.601056162,48.75
RubAlKhali,21.25,54.5,RubAlKhali_lat21p25_lon54p50,2,473.6839381,128.75,0.767065165,28566597.06,0.211584046,-51.25
RubAlKhali,21.25,54.5,RubAlKhali_lat21p25_lon54p50,3,633.3336976,126.25,1,37241421.44,0.961780421,-53.75
RubAlKhali,21.25,54.5,RubAlKhali_lat21p25_lon54p50,4,897.4397893,126.25,0.719793931,26806149.14,0.234182159,-53.75
RubAlKhali,21.25,54.5,RubAlKhali_lat21p25_lon54p50,5,2553.427285,126.25,0.204179055,7603918.225,0.556085433,-53.75
RubAlKhali,21.25,54.5,RubAlKhali_lat21p25_lon54p50,6,3834.64361,148.75,0.015798597,588362.2,0.65401399,-31.25
RubAlKhali,21.25,54.5,RubAlKhali_lat21p25_lon54p50,7,5433.725959,258.75,0.00276542,102988.1728,0.471139207,78.75
RubAlKhali,21.25,54.5,RubAlKhali_lat21p25_lon54p50,8,8648.245934,251.25,0.000473249,17624.47606,0.695542927,71.25
RubAlKhali,21.25,54.75,RubAlKhali_lat21p25_lon54p75,1,87.87267,251.25,1,22731693.3,0.957734074,71.25
RubAlKhali,21.25,54.75,RubAlKhali_lat21p25_lon54p75,2,397.9259817,121.25,0.403629292,9175177.277,0.205231513,-58.75
RubAlKhali,21.25,54.75,RubAlKhali_lat21p25_lon54p75,3,1909.763363,161.25,0.030187158,686205.2217,0.229257152,-18.75
RubAlKhali,21.25,54.75,RubAlKhali_lat21p25_lon54p75,4,3414.030779,103.75,0.004344191,98750.81681,0.405600563,-76.25
RubAlKhali,21.25,54.75,RubAlKhali_lat21p25_lon54p75,5,5127.066427,246.25,0.000762532,17333.64425,0.216781588,66.25
RubAlKhali,21.25,54.75,RubAlKhali_lat21p25_lon54p75,6,6855.085589,103.75,0.000284959,6477.608482,0.70473203,-76.25
RubAlKhali,21.25,54.75,RubAlKhali_lat21p25_lon54p75,7,9165.513867,91.25,5.15E-05,1171.393736,0.764683296,-88.75
RubAlKhali,21.25,55,RubAlKhali_lat21p25_lon55p00,1,93.12850046,246.25,1,29679203.6,0.958566751,66.25
RubAlKhali,21.25,55,RubAlKhali_lat21p25_lon55p00,2,563.8648481,131.25,0.572374041,16987605.7,0.279451833,-48.75
RubAlKhali,21.25,55,RubAlKhali_lat21p25_lon55p00,3,3834.64361,106.25,0.001620761,48102.88455,0.277361822,-73.75
RubAlKhali,21.25,55,RubAlKhali_lat21p25_lon55p00,4,6468.209741,193.75,0.000189615,5627.607444,0.469386501,13.75
RubAlKhali,21.25,55,RubAlKhali_lat21p25_lon55p00,5,8648.245934,251.25,4.58E-05,1360.543812,0.503629834,71.25
RubAlKhali,21.25,55.5,RubAlKhali_lat21p25_lon55p50,1,87.87267,226.25,1,11207766.3,0.946507285,46.25
RubAlKhali,21.25,55.5,RubAlKhali_lat21p25_lon55p50,2,633.3336976,148.75,0.850453568,9531684.833,0.38124385,-31.25
RubAlKhali,21.25,55.5,RubAlKhali_lat21p25_lon55p50,3,951.1173591,233.75,0.582997191,6534096.266,0.255025042,53.75
RubAlKhali,21.25,55.5,RubAlKhali_lat21p25_lon55p50,4,1700.286015,91.25,0.160507219,1798927.396,0.40733733,-88.75
RubAlKhali,21.25,55.5,RubAlKhali_lat21p25_lon55p50,5,3221.355423,181.25,0.007743435,86786.6089,0.331331501,1.25
RubAlKhali,21.25,55.5,RubAlKhali_lat21p25_lon55p50,6,4307.076464,143.75,0.00148279,16618.76398,0.252955705,-36.25
RubAlKhali,21.25,55.5,RubAlKhali_lat21p25_lon55p50,7,6468.209741,136.25,0.000470263,5270.601371,0.910264215,-43.75
RubAlKhali,21.25,55.5,RubAlKhali_lat21p25_lon55p50,8,8648.245934,181.25,0.000240632,2696.941707,0.795866742,1.25
RubAlKhali,21.25,55.75,RubAlKhali_lat21p25_lon55p75,1,93.12850046,261.25,1,14273508.18,0.959863518,81.25
RubAlKhali,21.25,55.75,RubAlKhali_lat21p25_lon55p75,2,532.0423875,181.25,0.76925126,10979914.15,0.345427567,1.25
RubAlKhali,21.25,55.75,RubAlKhali_lat21p25_lon55p75,3,2409.32123,216.25,0.018336007,261719.1504,0.202330138,36.25
RubAlKhali,21.25,55.75,RubAlKhali_lat21p25_lon55p75,4,4837.713633,223.75,0.000759503,10840.77314,0.573289737,43.75
RubAlKhali,21.25,55.75,RubAlKhali_lat21p25_lon55p75,5,8648.245934,181.25,0.000239131,3413.236129,0.816285911,1.25
RubAlKhali,21.5,53.25,RubAlKhali_lat21p50_lon53p25,1,87.87267,238.75,1,58342648.32,0.970241369,58.75
RubAlKhali,21.5,53.25,RubAlKhali_lat21p50_lon53p25,2,2553.427285,211.25,0.003437426,200548.5212,0.308106595,31.25
RubAlKhali,21.5,53.25,RubAlKhali_lat21p50_lon53p25,3,3834.64361,136.25,0.000413606,24130.87953,0.524722894,-43.75
RubAlKhali,21.5,53.25,RubAlKhali_lat21p50_lon53p25,4,5433.725959,258.75,4.97E-05,2898.805288,0.3558359,78.75
RubAlKhali,21.5,53.25,RubAlKhali_lat21p50_lon53p25,5,8648.245934,108.75,1.51E-05,879.3695923,0.874322046,-71.25
RubAlKhali,21.5,53.5,RubAlKhali_lat21p50_lon53p50,1,73.81888146,246.25,1,48421747.07,0.949135652,66.25
RubAlKhali,21.5,53.5,RubAlKhali_lat21p50_lon53p50,2,1347.742218,173.75,0.017704353,857275.6964,0.244841248,-6.25
RubAlKhali,21.5,53.5,RubAlKhali_lat21p50_lon53p50,3,3834.64361,126.25,0.000189533,9177.498037,0.634994441,-53.75
RubAlKhali,21.5,53.5,RubAlKhali_lat21p50_lon53p50,4,8648.245934,181.25,2.44E-05,1182.12132,0.920731593,1.25
RubAlKhali,21.5,53.75,RubAlKhali_lat21p50_lon53p75,1,87.87267,236.25,1,67748495.03,0.963883412,56.25
RubAlKhali,21.5,53.75,RubAlKhali_lat21p50_lon53p75,2,502.0158696,108.75,0.746730125,50589842.19,0.428489741,-71.25
RubAlKhali,21.5,53.75,RubAlKhali_lat21p50_lon53p75,3,3834.64361,106.25,0.004561224,309016.0514,0.504783822,-73.75
RubAlKhali,21.5,53.75,RubAlKhali_lat21p50_lon53p75,4,5433.725959,128.75,0.000403845,27359.89436,0.24836595,-51.25
RubAlKhali,21.5,53.75,RubAlKhali_lat21p50_lon53p75,5,7265.101213,211.25,4.38E-05,2965.819656,0.447993771,31.25
RubAlKhali,21.5,55.5,RubAlKhali_lat21p50_lon55p50,1,98.69869206,248.75,0.687708357,27312036.95,0.391131062,68.75
RubAlKhali,21.5,55.5,RubAlKhali_lat21p50_lon55p50,2,563.8648481,211.25,1,39714563.11,0.961368868,31.25
RubAlKhali,21.5,55.5,RubAlKhali_lat21p50_lon55p50,3,951.1173591,206.25,0.820312946,32578370.26,0.544224479,26.25
RubAlKhali,21.5,55.5,RubAlKhali_lat21p50_lon55p50,4,2409.32123,188.75,0.057544655,2285360.833,0.309036235,8.75
RubAlKhali,21.5,55.5,RubAlKhali_lat21p50_lon55p50,5,5433.725959,143.75,0.000458514,18209.69138,0.650800344,-36.25
RubAlKhali,21.5,55.5,RubAlKhali_lat21p50_lon55p50,6,8648.245934,108.75,0.000199422,7919.945581,0.624698207,-71.25
RubAlKhali,21.5,55.75,RubAlKhali_lat21p50_lon55p75,1,82.91345931,241.25,1,2971041.372,0.959013815,61.25
RubAlKhali,21.5,55.75,RubAlKhali_lat21p50_lon55p75,2,2409.32123,123.75,0.011733275,34860.04538,0.291667106,-56.25
RubAlKhali,21.5,55.75,RubAlKhali_lat21p50_lon55p75,3,5433.725959,143.75,0.000799962,2376.719218,0.41516825,-36.25
RubAlKhali,21.5,55.75,RubAlKhali_lat21p50_lon55p75,4,9165.513867,91.25,0.000364098,1081.749414,0.808289055,-88.75
RubAlKhali,21.75,54.25,RubAlKhali_lat21p75_lon54p25,1,93.12850046,231.25,1,38495149.67,0.964627176,51.25
RubAlKhali,21.75,54.25,RubAlKhali_lat21p75_lon54p25,2,597.5906703,91.25,0.574087186,22099572.14,0.412424732,-88.75
RubAlKhali,21.75,54.25,RubAlKhali_lat21p75_lon54p25,3,1513.785733,103.75,0.157563885,6065445.351,0.326696048,-76.25
RubAlKhali,21.75,54.25,RubAlKhali_lat21p75_lon54p25,4,2409.32123,111.25,0.099785864,3841271.77,0.721080662,-68.75
RubAlKhali,21.75,54.25,RubAlKhali_lat21p75_lon54p25,5,3834.64361,253.75,0.002614793,100656.8311,0.430662899,73.75
RubAlKhali,21.75,54.25,RubAlKhali_lat21p75_lon54p25,6,6103.167745,153.75,0.000306669,11805.25822,0.933463938,-26.25
RubAlKhali,21.75,54.25,RubAlKhali_lat21p75_lon54p25,7,8648.245934,163.75,0.000219728,8458.47922,0.976274248,-16.25
RubAlKhali,21.75,54.5,RubAlKhali_lat21p75_lon54p50,1,117.4891495,241.25,1,21405959.6,0.968673207,61.25
RubAlKhali,21.75,54.5,RubAlKhali_lat21p75_lon54p50,2,502.0158696,116.25,0.515273949,11029933.32,0.249237404,-63.75
RubAlKhali,21.75,54.5,RubAlKhali_lat21p75_lon54p50,3,897.4397893,123.75,0.357041014,7642805.519,0.354303762,-56.25
RubAlKhali,21.75,54.5,RubAlKhali_lat21p75_lon54p50,4,1428.353227,118.75,0.243972119,5222457.314,0.340998136,-61.25
RubAlKhali,21.75,54.5,RubAlKhali_lat21p75_lon54p50,5,2273.34799,121.25,0.059149494,1266151.676,0.306342718,-58.75
RubAlKhali,21.75,54.5,RubAlKhali_lat21p75_lon54p50,6,3414.030779,121.25,0.01122299,240238.8799,0.476571691,-58.75
RubAlKhali,21.75,54.5,RubAlKhali_lat21p75_lon54p50,7,5433.725959,101.25,0.000312182,6682.555984,0.677059584,-78.75
RubAlKhali,21.75,54.5,RubAlKhali_lat21p75_lon54p50,8,7699.640646,148.75,6.36E-05,1362.425664,0.296564648,-31.25
RubAlKhali,21.75,54.75,RubAlKhali_lat21p75_lon54p75,1,93.12850046,238.75,1,39265744.24,0.968850454,58.75
RubAlKhali,21.75,54.75,RubAlKhali_lat21p75_lon54p75,2,633.3336976,106.25,0.638888896,25086448,0.390347244,-73.75
RubAlKhali,21.75,54.75,RubAlKhali_lat21p75_lon54p75,3,1604.328118,141.25,0.144490768,5673537.542,0.301328004,-38.75
RubAlKhali,21.75,54.75,RubAlKhali_lat21p75_lon54p75,4,2868.012698,263.75,0.014317804,562199.2332,0.450118665,83.75
RubAlKhali,21.75,54.75,RubAlKhali_lat21p75_lon54p75,5,3834.64361,106.25,0.003381726,132786.0044,0.344147964,-73.75
RubAlKhali,21.75,54.75,RubAlKhali_lat21p75_lon54p75,6,5433.725959,101.25,0.000435007,17080.882,0.360194374,-78.75
RubAlKhali,22,53.25,RubAlKhali_lat22p00_lon53p25,1,82.91345931,228.75,1,23039359.2,0.949673406,48.75
RubAlKhali,22,53.25,RubAlKhali_lat22p00_lon53p25,2,1068.296199,181.25,0.073246733,1687557.791,0.242542788,1.25
RubAlKhali,22,53.25,RubAlKhali_lat22p00_lon53p25,3,2409.32123,143.75,0.005590184,128794.2635,0.308127246,-36.25
RubAlKhali,22,53.25,RubAlKhali_lat22p00_lon53p25,4,3834.64361,136.25,0.000829589,19113.19949,0.665548755,-43.75
RubAlKhali,22,53.25,RubAlKhali_lat22p00_lon53p25,5,5433.725959,128.75,5.51E-05,1270.17365,0.206390966,-51.25
RubAlKhali,22,53.25,RubAlKhali_lat22p00_lon53p25,6,8648.245934,181.25,4.85E-05,1117.246833,0.98732794,1.25
RubAlKhali,22,53.5,RubAlKhali_lat22p00_lon53p50,1,78.23412826,228.75,1,40839838.59,0.955456006,48.75
RubAlKhali,22,53.5,RubAlKhali_lat22p00_lon53p50,2,421.7266867,178.75,0.243617511,9949299.808,0.299565728,-1.25
RubAlKhali,22,53.5,RubAlKhali_lat22p00_lon53p50,3,897.4397893,158.75,0.095906051,3916787.643,0.203552691,-21.25
RubAlKhali,22,53.5,RubAlKhali_lat22p00_lon53p50,4,2023.989919,146.25,0.014976841,611651.7741,0.249894359,-33.75
RubAlKhali,22,53.5,RubAlKhali_lat22p00_lon53p50,5,2868.012698,163.75,0.002281724,93185.25642,0.269185477,-16.25
RubAlKhali,22,53.5,RubAlKhali_lat22p00_lon53p50,6,4837.713633,158.75,0.00010829,4422.534401,0.592791645,-21.25
RubAlKhali,22,53.5,RubAlKhali_lat22p00_lon53p50,7,8648.245934,181.25,1.77E-05,724.485251,0.712507443,1.25
RubAlKhali,22,53.75,RubAlKhali_lat22p00_lon53p75,1,87.87267,233.75,0.680410202,25457792.55,0.496338856,53.75
RubAlKhali,22,53.75,RubAlKhali_lat22p00_lon53p75,2,633.3336976,136.25,1,37415359.84,0.969880957,-43.75
RubAlKhali,22,53.75,RubAlKhali_lat22p00_lon53p75,3,1068.296199,126.25,0.669354744,25044148.59,0.249555047,-53.75
RubAlKhali,22,53.75,RubAlKhali_lat22p00_lon53p75,4,4307.076464,171.25,0.004204054,157296.2099,0.890543281,-8.75
RubAlKhali,22,53.75,RubAlKhali_lat22p00_lon53p75,5,6468.209741,193.75,0.000735939,27535.41726,0.96639374,13.75
RubAlKhali,22,54.25,RubAlKhali_lat22p00_lon54p25,1,87.87267,228.75,1,34918142.78,0.959972176,48.75
RubAlKhali,22,54.25,RubAlKhali_lat22p00_lon54p25,2,532.0423875,98.75,0.744116523,25983167,0.530574922,-81.25
RubAlKhali,22,54.25,RubAlKhali_lat22p00_lon54p25,3,846.7915844,103.75,0.525307866,18342775.07,0.251571982,-76.25
RubAlKhali,22,54.25,RubAlKhali_lat22p00_lon54p25,4,1271.680598,108.75,0.327648627,11440881.52,0.38328264,-71.25
RubAlKhali,22,54.25,RubAlKhali_lat22p00_lon54p25,5,2145.048581,113.75,0.07005409,2446158.706,0.309557517,-66.25
RubAlKhali,22,54.25,RubAlKhali_lat22p00_lon54p25,6,2868.012698,96.25,0.03914744,1366955.892,0.539576915,-83.75
RubAlKhali,22,54.25,RubAlKhali_lat22p00_lon54p25,7,4307.076464,163.75,0.003794037,132480.7415,0.554406119,-16.25
RubAlKhali,22,54.25,RubAlKhali_lat22p00_lon54p25,8,6468.209741,166.25,0.000180146,6290.377778,0.609573236,-13.75
RubAlKhali,22,54.25,RubAlKhali_lat22p00_lon54p25,9,8648.245934,251.25,5.48E-05,1915.011589,0.927735963,71.25
RubAlKhali,22,54.5,RubAlKhali_lat22p00_lon54p50,1,104.6020474,258.75,1,20958244.41,0.961385998,78.75
RubAlKhali,22,54.5,RubAlKhali_lat22p00_lon54p50,2,846.7915844,168.75,0.773720729,16215828.14,0.234771848,-11.25
RubAlKhali,22,54.5,RubAlKhali_lat22p00_lon54p50,3,1801.983335,158.75,0.252620467,5294481.48,0.319220859,-21.25
RubAlKhali,22,54.5,RubAlKhali_lat22p00_lon54p50,4,4307.076464,188.75,0.003375234,70738.98336,0.496995681,8.75
RubAlKhali,22,54.5,RubAlKhali_lat22p00_lon54p50,5,6103.167745,241.25,0.000203345,4261.745327,0.683016524,61.25
RubAlKhali,22,54.5,RubAlKhali_lat22p00_lon54p50,6,8648.245934,181.25,6.75E-05,1414.704936,1,1.25
RubAlKhali,22,54.75,RubAlKhali_lat22p00_lon54p75,1,104.6020474,226.25,1,60125451.69,0.964953206,46.25
RubAlKhali,22,54.75,RubAlKhali_lat22p00_lon54p75,2,532.0423875,131.25,0.700681355,42128782.96,0.36759821,-48.75
RubAlKhali,22,54.75,RubAlKhali_lat22p00_lon54p75,3,2273.34799,121.25,0.064936417,3904331.398,0.433588308,-58.75
RubAlKhali,22,54.75,RubAlKhali_lat22p00_lon54p75,4,4307.076464,181.25,0.002048798,123184.8842,0.514113593,1.25
RubAlKhali,22,54.75,RubAlKhali_lat22p00_lon54p75,5,6468.209741,181.25,0.000199534,11997.0834,0.954305421,1.25
RubAlKhali,22,55.5,RubAlKhali_lat22p00_lon55p50,1,78.23412826,231.25,1,23374212.16,0.941749942,51.25
RubAlKhali,22,55.5,RubAlKhali_lat22p00_lon55p50,2,446.9509568,98.75,0.273397895,6390460.397,0.238295319,-81.25
RubAlKhali,22,55.5,RubAlKhali_lat22p00_lon55p50,3,2409.32123,143.75,0.008421052,196835.4459,0.248591661,-36.25
RubAlKhali,22,55.5,RubAlKhali_lat22p00_lon55p50,4,3414.030779,131.25,0.003556278,83125.19113,0.226550742,-48.75
RubAlKhali,22,55.5,RubAlKhali_lat22p00_lon55p50,5,5433.725959,258.75,0.000551116,12881.90936,0.340244099,78.75
RubAlKhali,22,55.5,RubAlKhali_lat22p00_lon55p50,6,8648.245934,181.25,0.000221882,5186.316817,0.580205855,1.25
RubAlKhali,22.25,53.25,RubAlKhali_lat22p25_lon53p25,1,87.87267,243.75,1,70920044.02,0.942609421,63.75
RubAlKhali,22.25,53.25,RubAlKhali_lat22p25_lon53p25,2,1700.286015,151.25,0.002767628,196280.2929,0.253490876,-28.75
RubAlKhali,22.25,53.25,RubAlKhali_lat22p25_lon53p25,3,3414.030779,256.25,0.000100356,7117.264074,0.250064647,76.25
RubAlKhali,22.25,53.25,RubAlKhali_lat22p25_lon53p25,4,5433.725959,128.75,2.37E-05,1677.711225,0.220797052,-51.25
RubAlKhali,22.25,53.25,RubAlKhali_lat22p25_lon53p25,5,8648.245934,181.25,2.69E-05,1909.978369,0.970892434,1.25
RubAlKhali,22.25,53.5,RubAlKhali_lat22p25_lon53p50,1,82.91345931,233.75,1,48389520.44,0.947410661,53.75
RubAlKhali,22.25,53.5,RubAlKhali_lat22p25_lon53p50,2,375.4685011,133.75,0.186934981,9045694.086,0.361693392,-46.25
RubAlKhali,22.25,53.5,RubAlKhali_lat22p25_lon53p50,3,2868.012698,163.75,0.001597828,77318.11871,0.490134462,-16.25
RubAlKhali,22.25,53.5,RubAlKhali_lat22p25_lon53p50,4,4064.000891,153.75,0.000346986,16790.46221,0.37906654,-26.25
RubAlKhali,22.25,53.5,RubAlKhali_lat22p25_lon53p50,5,6103.167745,153.75,4.14E-05,2003.259439,0.947889011,-26.25
RubAlKhali,22.25,53.5,RubAlKhali_lat22p25_lon53p50,6,8648.245934,181.25,2.07E-05,1002.989463,0.698649162,1.25
RubAlKhali,22.25,54.25,RubAlKhali_lat22p25_lon54p25,1,93.12850046,238.75,1,35047533.11,0.962924453,58.75
RubAlKhali,22.25,54.25,RubAlKhali_lat22p25_lon54p25,2,532.0423875,91.25,0.58915881,20648562.92,0.477221561,-88.75
RubAlKhali,22.25,54.25,RubAlKhali_lat22p25_lon54p25,3,2553.427285,91.25,0.074668318,2616940.342,0.55945724,-88.75
RubAlKhali,22.25,54.25,RubAlKhali_lat22p25_lon54p25,4,4307.076464,143.75,0.001348034,47245.25157,0.340909672,-36.25
RubAlKhali,22.25,54.25,RubAlKhali_lat22p25_lon54p25,5,6468.209741,223.75,0.00017464,6120.685007,0.961561609,43.75
RubAlKhali,22.25,54.25,RubAlKhali_lat22p25_lon54p25,6,8648.245934,108.75,2.02E-05,709.0674348,0.515424002,-71.25
RubAlKhali,22.25,54.5,RubAlKhali_lat22p25_lon54p50,1,104.6020474,238.75,1,43007509.48,0.955421618,58.75
RubAlKhali,22.25,54.5,RubAlKhali_lat22p25_lon54p50,2,563.8648481,123.75,0.874997051,37631443.99,0.467053562,-56.25
RubAlKhali,22.25,54.5,RubAlKhali_lat22p25_lon54p50,3,2553.427285,91.25,0.097908738,4210810.976,0.507207509,-88.75
RubAlKhali,22.25,54.5,RubAlKhali_lat22p25_lon54p50,4,3834.64361,136.25,0.003962086,170399.469,0.286806106,-43.75
RubAlKhali,22.25,54.5,RubAlKhali_lat22p25_lon54p50,5,5433.725959,231.25,0.000396684,17060.38454,0.657416035,51.25
RubAlKhali,22.25,54.5,RubAlKhali_lat22p25_lon54p50,6,8648.245934,181.25,5.93E-05,2548.593852,1,1.25
RubAlKhali,22.25,54.75,RubAlKhali_lat22p25_lon54p75,1,110.8584935,231.25,0.916703551,42010678.4,0.507668046,51.25
RubAlKhali,22.25,54.75,RubAlKhali_lat22p25_lon54p75,2,563.8648481,268.75,1,45827986.98,0.960515124,88.75
RubAlKhali,22.25,54.75,RubAlKhali_lat22p25_lon54p75,3,2273.34799,256.25,0.116096685,5320477.366,0.401038509,76.25
RubAlKhali,22.25,54.75,RubAlKhali_lat22p25_lon54p75,4,4837.713633,136.25,0.000414789,19008.93804,0.29136273,-43.75
RubAlKhali,22.25,54.75,RubAlKhali_lat22p25_lon54p75,5,6468.209741,181.25,6.54E-05,2995.108325,0.603839399,1.25
RubAlKhali,22.25,54.75,RubAlKhali_lat22p25_lon54p75,6,8648.245934,181.25,6.49E-05,2974.63695,0.996686036,1.25
RubAlKhali,22.5,54.25,RubAlKhali_lat22p50_lon54p25,1,93.12850046,228.75,1,71547590.24,0.960225095,48.75
RubAlKhali,22.5,54.25,RubAlKhali_lat22p50_lon54p25,2,502.0158696,111.25,0.584502628,41819754.53,0.500354737,-68.75
RubAlKhali,22.5,54.25,RubAlKhali_lat22p50_lon54p25,3,897.4397893,131.25,0.336597646,24082750.48,0.242928284,-48.75
RubAlKhali,22.5,54.25,RubAlKhali_lat22p50_lon54p25,4,1347.742218,131.25,0.17103971,12237479.07,0.260538502,-48.75
RubAlKhali,22.5,54.25,RubAlKhali_lat22p50_lon54p25,5,2023.989919,108.75,0.076462646,5470718.084,0.297207211,-71.25
RubAlKhali,22.5,54.25,RubAlKhali_lat22p50_lon54p25,6,3039.553957,256.25,0.031725492,2269882.523,0.255414025,76.25
RubAlKhali,22.5,54.25,RubAlKhali_lat22p50_lon54p25,7,4064.000891,261.25,0.001854539,132687.8024,0.22496716,81.25
RubAlKhali,22.5,54.25,RubAlKhali_lat22p50_lon54p25,8,7265.101213,91.25,0.000409282,29283.15983,0.94774802,-88.75
RubAlKhali,22.5,54.5,RubAlKhali_lat22p50_lon54p50,1,93.12850046,91.25,0.839779051,41415174.91,0.569582274,-88.75
RubAlKhali,22.5,54.5,RubAlKhali_lat22p50_lon54p50,2,597.5906703,108.75,1,49316751.68,0.965450748,-71.25
RubAlKhali,22.5,54.5,RubAlKhali_lat22p50_lon54p50,3,799.0017781,91.25,0.666987034,32893633.93,0.219047797,-88.75
RubAlKhali,22.5,54.5,RubAlKhali_lat22p50_lon54p50,4,1068.296199,91.25,0.432197879,21314595.48,0.210801058,-88.75
RubAlKhali,22.5,54.5,RubAlKhali_lat22p50_lon54p50,5,2145.048581,91.25,0.144760606,7139122.842,0.503247816,-88.75
RubAlKhali,22.5,54.5,RubAlKhali_lat22p50_lon54p50,6,2868.012698,263.75,0.017407559,858484.2754,0.252484277,83.75
RubAlKhali,22.5,54.5,RubAlKhali_lat22p50_lon54p50,7,4837.713633,91.25,0.002281469,112514.6555,0.387049044,-88.75
RubAlKhali,22.5,54.5,RubAlKhali_lat22p50_lon54p50,8,7265.101213,91.25,0.000603088,29742.32834,0.926661499,-88.75
RubAlKhali,22.75,53.5,RubAlKhali_lat22p75_lon53p50,1,78.23412826,246.25,1,48883473.06,0.965913384,66.25
RubAlKhali,22.75,53.5,RubAlKhali_lat22p75_lon53p50,2,502.0158696,186.25,0.486986641,23805598.32,0.402379394,6.25
RubAlKhali,22.75,53.5,RubAlKhali_lat22p75_lon53p50,3,671.2145829,176.25,0.457845748,22381090.29,0.237807248,-3.75
RubAlKhali,22.75,53.5,RubAlKhali_lat22p75_lon53p50,4,5433.725959,101.25,0.000122446,5985.577262,0.385152797,-78.75
RubAlKhali,22.75,53.5,RubAlKhali_lat22p75_lon53p50,5,8648.245934,181.25,2.75E-05,1345.581273,0.828297117,1.25
RubAlKhali,22.75,53.75,RubAlKhali_lat22p75_lon53p75,1,87.87267,268.75,1,30468917.48,0.969218161,88.75
RubAlKhali,22.75,53.75,RubAlKhali_lat22p75_lon53p75,2,532.0423875,103.75,0.555967368,16939723.84,0.424999524,-76.25
RubAlKhali,22.75,53.75,RubAlKhali_lat22p75_lon53p75,3,753.9090529,231.25,0.393671948,11994758.11,0.200933354,51.25
RubAlKhali,22.75,53.75,RubAlKhali_lat22p75_lon53p75,4,2868.012698,141.25,0.011308671,344562.9545,0.275304466,-38.75
RubAlKhali,22.75,53.75,RubAlKhali_lat22p75_lon53p75,5,4064.000891,163.75,0.000898324,27370.95304,0.458011991,-16.25
RubAlKhali,22.75,53.75,RubAlKhali_lat22p75_lon53p75,6,5433.725959,213.75,0.000161963,4934.832106,0.364834487,33.75
RubAlKhali,22.75,53.75,RubAlKhali_lat22p75_lon53p75,7,8648.245934,181.25,4.69E-05,1430.459126,0.884310616,1.25
RubAlKhali,22.75,54.5,RubAlKhali_lat22p75_lon54p50,1,82.91345931,251.25,1,25355837.85,0.959569884,71.25
RubAlKhali,22.75,54.5,RubAlKhali_lat22p75_lon54p50,2,473.6839381,176.25,0.969550546,24583766.42,0.426941824,-3.75
RubAlKhali,22.75,54.5,RubAlKhali_lat22p75_lon54p50,3,1068.296199,156.25,0.382400929,9696095.943,0.244557597,-23.75
RubAlKhali,22.75,54.5,RubAlKhali_lat22p75_lon54p50,4,2145.048581,91.25,0.107344324,2721805.264,0.314519601,-88.75
RubAlKhali,22.75,54.5,RubAlKhali_lat22p75_lon54p50,5,4064.000891,261.25,0.001842668,46722.3967,0.436823462,81.25
RubAlKhali,22.75,54.5,RubAlKhali_lat22p75_lon54p50,6,5433.725959,101.25,0.000300076,7608.673955,0.364698774,-78.75
RubAlKhali,22.75,54.5,RubAlKhali_lat22p75_lon54p50,7,8648.245934,108.75,0.000113825,2886.123887,0.873919596,-71.25
RubAlKhali,22.75,54.75,RubAlKhali_lat22p75_lon54p75,1,73.81888146,236.25,1,16327979.89,0.935770391,56.25
RubAlKhali,22.75,54.75,RubAlKhali_lat22p75_lon54p75,2,2553.427285,113.75,0.016467034,268873.3926,0.306890631,-66.25
RubAlKhali,22.75,54.75,RubAlKhali_lat22p75_lon54p75,3,4307.076464,181.25,0.000787122,12852.10567,0.318340157,1.25
RubAlKhali,22.75,54.75,RubAlKhali_lat22p75_lon54p75,4,6855.085589,253.75,8.95E-05,1460.623177,0.213030596,73.75
RubAlKhali,22.75,54.75,RubAlKhali_lat22p75_lon54p75,5,9165.513867,91.25,0.00016484,2691.496327,0.791793114,-88.75
RubAlKhali,22.75,55,RubAlKhali_lat22p75_lon55p00,1,104.6020474,268.75,0.746903178,8245516.789,0.277800045,88.75
RubAlKhali,22.75,55,RubAlKhali_lat22p75_lon55p00,2,532.0423875,113.75,1,11039605.97,0.963284452,-66.25
RubAlKhali,22.75,55,RubAlKhali_lat22p75_lon55p00,3,1008.005486,156.25,0.651591291,7193311.111,0.304694496,-23.75
RubAlKhali,22.75,55,RubAlKhali_lat22p75_lon55p00,4,2706.152597,108.75,0.059545765,657361.7803,0.315886883,-71.25
RubAlKhali,22.75,55,RubAlKhali_lat22p75_lon55p00,5,3834.64361,106.25,0.009897599,109265.5969,0.521357812,-73.75
RubAlKhali,22.75,55,RubAlKhali_lat22p75_lon55p00,6,5433.725959,258.75,0.00127802,14108.84153,0.252444508,78.75
RubAlKhali,22.75,55,RubAlKhali_lat22p75_lon55p00,7,8648.245934,108.75,0.000331323,3657.678769,0.536729737,-71.25
RubAlKhali,23,53.75,RubAlKhali_lat23p00_lon53p75,1,93.12850046,248.75,1,20299319.01,0.973148518,68.75
RubAlKhali,23,53.75,RubAlKhali_lat23p00_lon53p75,2,375.4685011,93.75,0.287511028,5836278.082,0.207225536,-86.25
RubAlKhali,23,53.75,RubAlKhali_lat23p00_lon53p75,3,2023.989919,98.75,0.021916014,444880.1613,0.34030232,-81.25
RubAlKhali,23,53.75,RubAlKhali_lat23p00_lon53p75,4,4307.076464,131.25,0.00036452,7399.501126,0.401035267,-48.75
RubAlKhali,23,53.75,RubAlKhali_lat23p00_lon53p75,5,6103.167745,203.75,3.26E-05,661.1154264,0.907440505,23.75
RubAlKhali,23,53.75,RubAlKhali_lat23p00_lon53p75,6,8648.245934,181.25,2.83E-05,575.0730429,0.750001771,1.25
Taklamakan,37.25,80.25,Taklamakan_lat37p25_lon80p25,1,375.4685011,253.75,1,21337339.56,0.966080583,73.75
Taklamakan,37.25,80.25,Taklamakan_lat37p25_lon80p25,2,633.3336976,233.75,0.797420395,17014829.73,0.251566152,53.75
Taklamakan,37.25,80.25,Taklamakan_lat37p25_lon80p25,3,1513.785733,136.25,0.137903638,2942496.749,0.224919984,-43.75
Taklamakan,37.25,80.25,Taklamakan_lat37p25_lon80p25,4,3039.553957,253.75,0.008948494,190937.0548,0.350299676,73.75
Taklamakan,37.25,80.25,Taklamakan_lat37p25_lon80p25,5,4307.076464,246.25,0.004508136,96191.62324,0.459692072,66.25
Taklamakan,37.25,80.25,Taklamakan_lat37p25_lon80p25,6,5758.727378,238.75,0.002370024,50570.00412,0.268308015,58.75
Taklamakan,37.25,80.25,Taklamakan_lat37p25_lon80p25,7,8648.245934,246.25,0.000802067,17113.98393,1,66.25
Taklamakan,37.25,80.5,Taklamakan_lat37p25_lon80p50,1,41.29329946,91.25,1,27932240.32,0.909671434,-88.75
Taklamakan,37.25,80.5,Taklamakan_lat37p25_lon80p50,2,633.3336976,241.25,0.528007214,14748424.39,0.202254264,61.25
Taklamakan,37.25,80.5,Taklamakan_lat37p25_lon80p50,3,3039.553957,198.75,0.002753133,76901.17438,0.215707054,18.75
Taklamakan,37.25,80.5,Taklamakan_lat37p25_lon80p50,4,4307.076464,171.25,0.000684076,19107.77504,0.55787549,-8.75
Taklamakan,37.25,80.5,Taklamakan_lat37p25_lon80p50,5,6468.209741,208.75,0.000165189,4614.093668,1,28.75
Taklamakan,37.25,80.5,Taklamakan_lat37p25_lon80p50,6,8648.245934,218.75,9.46E-05,2643.660636,1,38.75
Taklamakan,37.25,80.75,Taklamakan_lat37p25_lon80p75,1,41.29329946,91.25,1,24926003.3,0.920491975,-88.75
Taklamakan,37.25,80.75,Taklamakan_lat37p25_lon80p75,2,846.7915844,258.75,0.014190323,353708.0349,0.211211015,78.75
Taklamakan,37.25,80.75,Taklamakan_lat37p25_lon80p75,3,1428.353227,258.75,0.003736215,93128.90258,0.36818862,78.75
Taklamakan,37.25,80.75,Taklamakan_lat37p25_lon80p75,4,5433.725959,181.25,4.43E-05,1105.203936,0.857018227,1.25
Taklamakan,37.25,80.75,Taklamakan_lat37p25_lon80p75,5,7265.101213,181.25,9.14E-05,2279.464839,1,1.25
Taklamakan,37.25,81.5,Taklamakan_lat37p25_lon81p50,1,41.29329946,266.25,0.490557937,16056202.75,0.209883222,86.25
Taklamakan,37.25,81.5,Taklamakan_lat37p25_lon81p50,2,502.0158696,153.75,1,32730492.25,0.947798447,-26.25
Taklamakan,37.25,81.5,Taklamakan_lat37p25_lon81p50,3,3834.64361,133.75,0.012106245,396243.3553,0.65308729,-46.25
Taklamakan,37.25,81.5,Taklamakan_lat37p25_lon81p50,4,5127.066427,133.75,0.005263375,172272.8591,0.523413743,-46.25
Taklamakan,37.25,81.5,Taklamakan_lat37p25_lon81p50,5,7265.101213,166.25,0.001627747,53276.97012,1,-13.75
Taklamakan,37.25,81.75,Taklamakan_lat37p25_lon81p75,1,41.29329946,91.25,1,47610021.37,0.883520646,-88.75
Taklamakan,37.25,81.75,Taklamakan_lat37p25_lon81p75,2,671.2145829,196.25,0.289442429,13780360.23,0.657360921,16.25
Taklamakan,37.25,81.75,Taklamakan_lat37p25_lon81p75,3,1347.742218,131.25,0.078306977,3728196.849,0.363427214,-48.75
Taklamakan,37.25,81.75,Taklamakan_lat37p25_lon81p75,4,5127.066427,243.75,3.15E-05,1501.877233,0.546193625,63.75
Taklamakan,37.25,81.75,Taklamakan_lat37p25_lon81p75,5,7265.101213,181.25,6.07E-05,2891.307229,1,1.25
Taklamakan,37.25,82,Taklamakan_lat37p25_lon82p00,1,41.29329946,266.25,1,37842289.22,0.89114062,86.25
Taklamakan,37.25,82,Taklamakan_lat37p25_lon82p00,2,671.2145829,166.25,0.398369744,15075223.07,0.675129225,-13.75
Taklamakan,37.25,82,Taklamakan_lat37p25_lon82p00,3,1428.353227,108.75,0.210431395,7963205.693,0.44360615,-71.25
Taklamakan,37.25,82,Taklamakan_lat37p25_lon82p00,4,3039.553957,131.25,0.002964197,112172.0127,0.215757927,-48.75
Taklamakan,37.25,82,Taklamakan_lat37p25_lon82p00,5,4564.690847,188.75,0.000383843,14525.48395,0.629280723,8.75
Taklamakan,37.25,82,Taklamakan_lat37p25_lon82p00,6,7265.101213,193.75,0.000172141,6514.205206,0.939610379,13.75
Taklamakan,37.25,82.5,Taklamakan_lat37p25_lon82p50,1,41.29329946,183.75,1,15416300.88,0.897205498,3.75
Taklamakan,37.25,82.5,Taklamakan_lat37p25_lon82p50,2,502.0158696,211.25,0.831852059,12824081.63,0.449740752,31.25
Taklamakan,37.25,82.5,Taklamakan_lat37p25_lon82p50,3,1271.680598,146.25,0.355823301,5485479.062,0.229330607,-33.75
Taklamakan,37.25,82.5,Taklamakan_lat37p25_lon82p50,4,2023.989919,128.75,0.080938272,1247768.756,0.356700278,-51.25
Taklamakan,37.25,82.5,Taklamakan_lat37p25_lon82p50,5,4564.690847,188.75,0.002798941,43149.31253,0.299283723,8.75
Taklamakan,37.25,82.5,Taklamakan_lat37p25_lon82p50,6,6855.085589,253.75,0.001043274,16083.43209,0.786259062,73.75
Taklamakan,37.25,82.75,Taklamakan_lat37p25_lon82p75,1,397.9259817,203.75,1,40905007.28,0.973889037,23.75
Taklamakan,37.25,82.75,Taklamakan_lat37p25_lon82p75,2,1604.328118,171.25,0.186369959,7623464.526,0.245219655,-8.75
Taklamakan,37.25,82.75,Taklamakan_lat37p25_lon82p75,3,2273.34799,156.25,0.055155954,2256154.713,0.29436228,-23.75
Taklamakan,37.25,82.75,Taklamakan_lat37p25_lon82p75,4,3221.355423,181.25,0.010260142,419691.1942,0.388805594,1.25
Taklamakan,37.25,82.75,Taklamakan_lat37p25_lon82p75,5,4564.690847,91.25,0.002743613,112227.524,0.240712475,-88.75
Taklamakan,37.25,82.75,Taklamakan_lat37p25_lon82p75,6,7699.640646,181.25,0.000954612,39048.40544,1,1.25
Taklamakan,37.25,83,Taklamakan_lat37p25_lon83p00,1,563.8648481,146.25,1,31722889.05,0.975602989,-33.75
Taklamakan,37.25,83,Taklamakan_lat37p25_lon83p00,2,2273.34799,141.25,0.043749084,1387847.325,0.227092069,-38.75
Taklamakan,37.25,83,Taklamakan_lat37p25_lon83p00,3,3039.553957,141.25,0.015229192,483113.9632,0.554852066,-38.75
Taklamakan,37.25,83,Taklamakan_lat37p25_lon83p00,4,4564.690847,126.25,0.001365757,43325.74482,0.498592842,-53.75
Taklamakan,37.25,83,Taklamakan_lat37p25_lon83p00,5,6855.085589,106.25,0.001350905,42854.60199,1,-73.75
Taklamakan,37.5,79,Taklamakan_lat37p50_lon79p00,1,65.72186596,96.25,1,15748226.18,0.909679006,-83.75
Taklamakan,37.5,79,Taklamakan_lat37p50_lon79p00,2,2273.34799,188.75,0.009740056,153388.6103,0.226210884,8.75
Taklamakan,37.5,79,Taklamakan_lat37p50_lon79p00,3,3618.230411,218.75,0.000408899,6439.437616,0.265129657,38.75
Taklamakan,37.5,79,Taklamakan_lat37p50_lon79p00,4,5127.066427,226.25,0.000162416,2557.770492,0.339192015,46.25
Taklamakan,37.5,79,Taklamakan_lat37p50_lon79p00,5,7699.640646,181.25,0.000102466,1613.660574,1,1.25
Taklamakan,37.5,79.25,Taklamakan_lat37p50_lon79p25,1,58.51299261,96.25,1,15323168.32,0.912863396,-83.75
Taklamakan,37.5,79.25,Taklamakan_lat37p50_lon79p25,2,532.0423875,256.25,0.45955327,7041812.115,0.405783196,76.25
Taklamakan,37.5,79.25,Taklamakan_lat37p50_lon79p25,3,1513.785733,248.75,0.11295314,1730799.975,0.448790401,68.75
Taklamakan,37.5,79.25,Taklamakan_lat37p50_lon79p25,4,5127.066427,243.75,0.000109832,1682.969529,0.870287599,63.75
Taklamakan,37.5,79.25,Taklamakan_lat37p50_lon79p25,5,7265.101213,193.75,9.47E-05,1451.20856,0.612310805,13.75
Taklamakan,37.5,79.5,Taklamakan_lat37p50_lon79p50,1,502.0158696,116.25,1,25768536.15,0.965160993,-63.75
Taklamakan,37.5,79.5,Taklamakan_lat37p50_lon79p50,2,2023.989919,96.25,0.048723702,1255538.466,0.224584111,-83.75
Taklamakan,37.5,79.5,Taklamakan_lat37p50_lon79p50,3,3618.230411,193.75,0.004929255,127019.6875,0.217602191,13.75
Taklamakan,37.5,79.5,Taklamakan_lat37p50_lon79p50,4,5127.066427,243.75,0.002075674,53487.07435,0.888346254,63.75
Taklamakan,37.5,79.5,Taklamakan_lat37p50_lon79p50,5,7265.101213,231.25,0.001396343,35981.70547,0.709393201,51.25
Taklamakan,37.5,80.25,Taklamakan_lat37p50_lon80p25,1,65.72186596,236.25,0.903835407,10873816.9,0.261230128,56.25
Taklamakan,37.5,80.25,Taklamakan_lat37p50_lon80p25,2,446.9509568,193.75,1,12030748.98,0.932127306,13.75
Taklamakan,37.5,80.25,Taklamakan_lat37p50_lon80p25,3,711.3611955,201.25,0.950869691,11439674.57,0.296939867,21.25
Taklamakan,37.5,80.25,Taklamakan_lat37p50_lon80p25,4,1008.005486,246.25,0.424040719,5101527.453,0.231098285,66.25
Taklamakan,37.5,80.25,Taklamakan_lat37p50_lon80p25,5,2706.152597,191.25,0.044767013,538580.6931,0.31886229,11.25
Taklamakan,37.5,80.25,Taklamakan_lat37p50_lon80p25,6,3618.230411,241.25,0.022766128,273893.5657,0.2691858,61.25
Taklamakan,37.5,80.25,Taklamakan_lat37p50_lon80p25,7,5127.066427,243.75,0.007787433,93688.6544,0.888540474,63.75
Taklamakan,37.5,80.25,Taklamakan_lat37p50_lon80p25,8,6855.085589,253.75,0.003829915,46076.74333,1,73.75
Taklamakan,37.5,80.5,Taklamakan_lat37p50_lon80p50,1,41.29329946,96.25,1,18260529.69,0.889743845,-83.75
Taklamakan,37.5,80.5,Taklamakan_lat37p50_lon80p50,2,315.4184887,223.75,0.197786844,3611692.541,0.224400575,43.75
Taklamakan,37.5,80.5,Taklamakan_lat37p50_lon80p50,3,532.0423875,171.25,0.171321908,3128428.79,0.262071962,-8.75
Taklamakan,37.5,80.5,Taklamakan_lat37p50_lon80p50,4,2706.152597,163.75,0.002599561,47469.35495,0.456218792,-16.25
Taklamakan,37.5,80.5,Taklamakan_lat37p50_lon80p50,5,3834.64361,213.75,0.000759062,13860.87073,0.303395763,33.75
Taklamakan,37.5,80.5,Taklamakan_lat37p50_lon80p50,6,5433.725959,181.25,0.000238892,4362.300915,0.570949336,1.25
Taklamakan,37.5,80.5,Taklamakan_lat37p50_lon80p50,7,7265.101213,193.75,6.07E-05,1107.728307,1,13.75
Taklamakan,37.5,80.75,Taklamakan_lat37p50_lon80p75,1,41.29329946,256.25,1,35630709.36,0.878875692,76.25
Taklamakan,37.5,80.75,Taklamakan_lat37p50_lon80p75,2,502.0158696,168.75,0.04485458,1598200.508,0.202926562,-11.25
Taklamakan,37.5,80.75,Taklamakan_lat37p50_lon80p75,3,711.3611955,158.75,0.04177725,1488553.061,0.23934219,-21.25
Taklamakan,37.5,80.75,Taklamakan_lat37p50_lon80p75,4,2023.989919,171.25,0.00221064,78766.66384,0.48849681,-8.75
Taklamakan,37.5,80.75,Taklamakan_lat37p50_lon80p75,5,2706.152597,168.75,0.000285683,10179.07372,0.388348563,-11.25
Taklamakan,37.5,80.75,Taklamakan_lat37p50_lon80p75,6,4307.076464,161.25,2.25E-05,801.5108572,0.835523552,-18.75
Taklamakan,37.5,80.75,Taklamakan_lat37p50_lon80p75,7,7265.101213,181.25,5.50E-05,1958.006566,1,1.25
Taklamakan,37.5,81.5,Taklamakan_lat37p50_lon81p50,1,41.29329946,91.25,1,43340289.55,0.884970576,-88.75
Taklamakan,37.5,81.5,Taklamakan_lat37p50_lon81p50,2,753.9090529,171.25,0.240601003,10427717.14,0.593433668,-8.75
Taklamakan,37.5,81.5,Taklamakan_lat37p50_lon81p50,3,2553.427285,116.25,0.022210405,962605.4019,0.346703758,-63.75
Taklamakan,37.5,81.5,Taklamakan_lat37p50_lon81p50,4,4307.076464,161.25,0.00065461,28370.99046,0.714437458,-18.75
Taklamakan,37.5,81.5,Taklamakan_lat37p50_lon81p50,5,5758.727378,141.25,6.56E-05,2845.13781,0.201770028,-38.75
Taklamakan,37.5,81.5,Taklamakan_lat37p50_lon81p50,6,9165.513867,91.25,1.78E-05,771.8659273,1,-88.75
Taklamakan,37.5,81.75,Taklamakan_lat37p50_lon81p75,1,41.29329946,93.75,1,51874645.69,0.89494361,-86.25
Taklamakan,37.5,81.75,Taklamakan_lat37p50_lon81p75,2,671.2145829,148.75,0.223524232,11595240.35,0.477470508,-31.25
Taklamakan,37.5,81.75,Taklamakan_lat37p50_lon81p75,3,1347.742218,126.25,0.113854292,5906151.035,0.244174213,-53.75
Taklamakan,37.5,81.75,Taklamakan_lat37p50_lon81p75,4,2553.427285,133.75,0.072777574,3775310.865,0.639005154,-46.25
Taklamakan,37.5,81.75,Taklamakan_lat37p50_lon81p75,5,5127.066427,158.75,0.000525488,27259.4788,0.768721934,-21.25
Taklamakan,37.5,81.75,Taklamakan_lat37p50_lon81p75,6,8648.245934,218.75,3.06E-05,1586.762252,1,38.75
Taklamakan,37.5,82,Taklamakan_lat37p50_lon82p00,1,41.29329946,91.25,1,44309853.47,0.86642152,-88.75
Taklamakan,37.5,82,Taklamakan_lat37p50_lon82p00,2,563.8648481,138.75,0.188830595,8367055.99,0.228554804,-41.25
Taklamakan,37.5,82,Taklamakan_lat37p50_lon82p00,3,846.7915844,131.25,0.208721661,9248426.223,0.615533552,-48.75
Taklamakan,37.5,82,Taklamakan_lat37p50_lon82p00,4,1271.680598,148.75,0.096360619,4269724.887,0.205983502,-31.25
Taklamakan,37.5,82,Taklamakan_lat37p50_lon82p00,5,2553.427285,173.75,0.002889658,128040.3348,0.204487958,-6.25
Taklamakan,37.5,82,Taklamakan_lat37p50_lon82p00,6,5127.066427,158.75,7.66E-05,3392.001832,0.75247991,-21.25
Taklamakan,37.5,82,Taklamakan_lat37p50_lon82p00,7,7265.101213,181.25,1.88E-05,834.2632248,0.889244917,1.25
Taklamakan,37.5,82.5,Taklamakan_lat37p50_lon82p50,1,41.29329946,93.75,1,29506677.9,0.87063459,-86.25
Taklamakan,37.5,82.5,Taklamakan_lat37p50_lon82p50,2,597.5906703,101.25,0.524173757,15466626.2,0.673847232,-78.75
Taklamakan,37.5,82.5,Taklamakan_lat37p50_lon82p50,3,951.1173591,123.75,0.378492243,11168048.71,0.29528045,-56.25
Taklamakan,37.5,82.5,Taklamakan_lat37p50_lon82p50,4,1347.742218,106.25,0.12950183,3821168.777,0.396339288,-73.75
Taklamakan,37.5,82.5,Taklamakan_lat37p50_lon82p50,5,2553.427285,153.75,0.005215723,153898.6604,0.360926925,-26.25
Taklamakan,37.5,82.5,Taklamakan_lat37p50_lon82p50,6,4064.000891,91.25,0.001328585,39202.14108,0.727588436,-88.75
Taklamakan,37.5,82.5,Taklamakan_lat37p50_lon82p50,7,5433.725959,103.75,0.000201976,5959.637811,0.941651521,-76.25
Taklamakan,37.5,82.5,Taklamakan_lat37p50_lon82p50,8,8648.245934,246.25,8.45E-05,2494.332094,1,66.25
Taklamakan,37.5,82.75,Taklamakan_lat37p50_lon82p75,1,87.87267,181.25,0.885158115,31993801.81,0.246232027,1.25
Taklamakan,37.5,82.75,Taklamakan_lat37p50_lon82p75,2,397.9259817,178.75,1,36144730.82,0.93679273,-1.25
Taklamakan,37.5,82.75,Taklamakan_lat37p50_lon82p75,3,1271.680598,173.75,0.35923511,12984456.34,0.214734294,-6.25
Taklamakan,37.5,82.75,Taklamakan_lat37p50_lon82p75,4,2273.34799,183.75,0.07057947,2551075.949,0.406494148,3.75
Taklamakan,37.5,82.75,Taklamakan_lat37p50_lon82p75,5,3221.355423,173.75,0.027741142,1002696.106,0.547538626,-6.25
Taklamakan,37.5,82.75,Taklamakan_lat37p50_lon82p75,6,4564.690847,181.25,0.011843304,428073.0519,0.797660538,1.25
Taklamakan,37.5,82.75,Taklamakan_lat37p50_lon82p75,7,7699.640646,181.25,0.002360988,85337.27853,0.953967338,1.25
Taklamakan,37.5,83,Taklamakan_lat37p50_lon83p00,1,58.51299261,201.25,1,20386991.23,0.930844764,21.25
Taklamakan,37.5,83,Taklamakan_lat37p50_lon83p00,2,563.8648481,171.25,0.445839215,9089320.178,0.327928392,-8.75
Taklamakan,37.5,83,Taklamakan_lat37p50_lon83p00,3,1008.005486,163.75,0.183982442,3750848.427,0.246101058,-16.25
Taklamakan,37.5,83,Taklamakan_lat37p50_lon83p00,4,3221.355423,181.25,0.002813874,57366.43359,0.513458656,1.25
Taklamakan,37.5,83,Taklamakan_lat37p50_lon83p00,5,5127.066427,158.75,0.000193588,3946.674441,0.314544796,-21.25
Taklamakan,37.5,83,Taklamakan_lat37p50_lon83p00,6,6855.085589,208.75,4.74E-05,966.7579875,1,28.75
Taklamakan,37.5,83,Taklamakan_lat37p50_lon83p00,7,9165.513867,91.25,7.76E-05,1582.456505,1,-88.75
Taklamakan,37.75,81.5,Taklamakan_lat37p75_lon81p50,1,65.72186596,251.25,1,55338152.68,0.88980075,71.25
Taklamakan,37.75,81.5,Taklamakan_lat37p75_lon81p50,2,532.0423875,208.75,0.376262751,20821685.58,0.483763107,28.75
Taklamakan,37.75,81.5,Taklamakan_lat37p75_lon81p50,3,753.9090529,206.25,0.324680166,17967200.59,0.24457844,26.25
Taklamakan,37.75,81.5,Taklamakan_lat37p75_lon81p50,4,3039.553957,198.75,0.007715601,426967.1201,0.234328243,18.75
Taklamakan,37.75,81.5,Taklamakan_lat37p75_lon81p50,5,5127.066427,201.25,0.000722615,39988.1925,0.50173425,21.25
Taklamakan,37.75,81.5,Taklamakan_lat37p75_lon81p50,6,7265.101213,193.75,0.000120584,6672.909315,0.957874171,13.75
Taklamakan,37.75,81.75,Taklamakan_lat37p75_lon81p75,1,62.01276528,103.75,1,89404560.11,0.90465062,-76.25
Taklamakan,37.75,81.75,Taklamakan_lat37p75_lon81p75,2,633.3336976,261.25,0.115419032,10318987.75,0.377614715,81.25
Taklamakan,37.75,81.75,Taklamakan_lat37p75_lon81p75,3,1132.193013,123.75,0.117406836,10496706.51,0.417172415,-56.25
Taklamakan,37.75,81.75,Taklamakan_lat37p75_lon81p75,4,2145.048581,118.75,0.067393426,6025279.646,0.437975288,-61.25
Taklamakan,37.75,81.75,Taklamakan_lat37p75_lon81p75,5,3039.553957,131.25,0.002784675,248962.6349,0.329961634,-48.75
Taklamakan,37.75,81.75,Taklamakan_lat37p75_lon81p75,6,5433.725959,168.75,7.85E-05,7014.814192,0.464711328,-11.25
Taklamakan,37.75,81.75,Taklamakan_lat37p75_lon81p75,7,7265.101213,181.25,3.28E-05,2934.427352,1,1.25
Taklamakan,37.75,82,Taklamakan_lat37p75_lon82p00,1,65.72186596,251.25,1,77222923.88,0.90498799,71.25
Taklamakan,37.75,82,Taklamakan_lat37p75_lon82p00,2,421.7266867,193.75,0.145800908,11259172.42,0.258765378,13.75
Taklamakan,37.75,82,Taklamakan_lat37p75_lon82p00,3,1513.785733,93.75,0.053614149,4140241.37,0.438412253,-86.25
Taklamakan,37.75,82,Taklamakan_lat37p75_lon82p00,4,2553.427285,141.25,0.027211977,2101388.455,0.245283902,-38.75
Taklamakan,37.75,82,Taklamakan_lat37p75_lon82p00,5,4064.000891,153.75,0.000471636,36421.07673,0.263370179,-26.25
Taklamakan,37.75,82,Taklamakan_lat37p75_lon82p00,6,7265.101213,193.75,7.69E-05,5941.443612,0.96102976,13.75
Taklamakan,38,78,Taklamakan_lat38p00_lon78p00,1,82.91345931,256.25,1,247894557,0.97640456,76.25
Taklamakan,38,78,Taklamakan_lat38p00_lon78p00,2,597.5906703,196.25,0.013439378,3331548.588,0.276953995,16.25
Taklamakan,38,78,Taklamakan_lat38p00_lon78p00,3,1199.911617,196.25,0.005963437,1478303.57,0.213066947,16.25
Taklamakan,38,78,Taklamakan_lat38p00_lon78p00,4,2023.989919,196.25,0.001858197,460636.8301,0.668928348,16.25
Taklamakan,38,78,Taklamakan_lat38p00_lon78p00,5,2706.152597,196.25,0.000687345,170389.1285,0.592826026,16.25
Taklamakan,38,78,Taklamakan_lat38p00_lon78p00,6,3618.230411,196.25,0.000560186,138867.0557,0.997514059,16.25
Taklamakan,38,78,Taklamakan_lat38p00_lon78p00,7,5758.727378,191.25,0.000191952,47583.80475,0.998060843,11.25
Taklamakan,38,78,Taklamakan_lat38p00_lon78p00,8,9165.513867,218.75,9.61E-06,2382.768161,0.82922173,38.75
Taklamakan,38,78.25,Taklamakan_lat38p00_lon78p25,1,41.29329946,228.75,1,92207645.32,0.730594896,48.75
Taklamakan,38,78.25,Taklamakan_lat38p00_lon78p25,2,597.5906703,96.25,0.030167768,2781698.897,0.54475437,-83.75
Taklamakan,38,78.25,Taklamakan_lat38p00_lon78p25,3,2023.989919,248.75,0.000534971,49328.38565,0.231360857,68.75
Taklamakan,38,78.25,Taklamakan_lat38p00_lon78p25,4,3221.355423,186.25,5.68E-05,5233.178015,0.303611018,6.25
Taklamakan,38,78.25,Taklamakan_lat38p00_lon78p25,5,7265.101213,193.75,7.86E-06,725.1976285,1,13.75
Taklamakan,38,78.5,Taklamakan_lat38p00_lon78p50,1,41.29329946,103.75,1,48490458.84,0.7922351,-76.25
Taklamakan,38,78.5,Taklamakan_lat38p00_lon78p50,2,446.9509568,256.25,0.043359256,2102510.194,0.244760402,76.25
Taklamakan,38,78.5,Taklamakan_lat38p00_lon78p50,3,671.2145829,258.75,0.045212291,2192364.719,0.43509106,78.75
Taklamakan,38,78.5,Taklamakan_lat38p00_lon78p50,4,1199.911617,243.75,0.015120169,733183.9401,0.347545785,63.75
Taklamakan,38,78.5,Taklamakan_lat38p00_lon78p50,5,3221.355423,173.75,0.000126537,6135.85954,0.560314872,-6.25
Taklamakan,38,78.5,Taklamakan_lat38p00_lon78p50,6,4564.690847,188.75,2.64E-05,1280.601994,0.268876847,8.75
Taklamakan,38,78.5,Taklamakan_lat38p00_lon78p50,7,7265.101213,193.75,3.29E-05,1596.312025,1,13.75
Taklamakan,38,79.25,Taklamakan_lat38p00_lon79p25,1,41.29329946,263.75,1,42754739.94,0.845528126,83.75
Taklamakan,38,79.25,Taklamakan_lat38p00_lon79p25,2,597.5906703,161.25,0.081906894,3501907.971,0.562752948,-18.75
Taklamakan,38,79.25,Taklamakan_lat38p00_lon79p25,3,1132.193013,158.75,0.046519831,1988943.27,0.364979725,-21.25
Taklamakan,38,79.25,Taklamakan_lat38p00_lon79p25,4,3618.230411,171.25,9.52E-05,4069.333616,0.528184094,-8.75
Taklamakan,38,79.25,Taklamakan_lat38p00_lon79p25,5,5758.727378,181.25,2.03E-05,867.1783466,0.698119501,1.25
Taklamakan,38,79.25,Taklamakan_lat38p00_lon79p25,6,7699.640646,181.25,2.87E-05,1226.268965,0.965207933,1.25
Taklamakan,38,79.5,Taklamakan_lat38p00_lon79p50,1,41.29329946,261.25,1,33768658.9,0.815562035,81.25
Taklamakan,38,79.5,Taklamakan_lat38p00_lon79p50,2,597.5906703,178.75,0.068171261,2302052.072,0.436835055,-1.25
Taklamakan,38,79.5,Taklamakan_lat38p00_lon79p50,3,2553.427285,181.25,0.001205522,40708.85207,0.286510912,1.25
Taklamakan,38,79.5,Taklamakan_lat38p00_lon79p50,4,3618.230411,193.75,0.000107055,3615.119652,0.271292466,13.75
Taklamakan,38,79.5,Taklamakan_lat38p00_lon79p50,5,7265.101213,181.25,8.46E-05,2856.49434,0.96119134,1.25
Taklamakan,38,79.75,Taklamakan_lat38p00_lon79p75,1,41.29329946,98.75,1,69782778.96,0.843867053,-81.25
Taklamakan,38,79.75,Taklamakan_lat38p00_lon79p75,2,563.8648481,111.25,0.05662113,3951179.813,0.472732622,-68.75
Taklamakan,38,79.75,Taklamakan_lat38p00_lon79p75,3,3618.230411,188.75,8.35E-05,5826.352907,0.542473688,8.75
Taklamakan,38,79.75,Taklamakan_lat38p00_lon79p75,4,5127.066427,201.25,2.82E-05,1967.753762,0.289412569,21.25
Taklamakan,38,79.75,Taklamakan_lat38p00_lon79p75,5,7265.101213,181.25,3.92E-05,2738.392059,0.977283676,1.25
Taklamakan,38,80.25,Taklamakan_lat38p00_lon80p25,1,41.29329946,181.25,1,7766427.523,0.863697341,1.25
Taklamakan,38,80.25,Taklamakan_lat38p00_lon80p25,2,753.9090529,196.25,0.111426917,865389.0765,0.274113033,16.25
Taklamakan,38,80.25,Taklamakan_lat38p00_lon80p25,3,2273.34799,258.75,0.010409502,80844.64538,0.253285132,78.75
Taklamakan,38,80.25,Taklamakan_lat38p00_lon80p25,4,3834.64361,108.75,0.001283768,9970.289699,0.829952738,-71.25
Taklamakan,38,80.25,Taklamakan_lat38p00_lon80p25,5,5127.066427,226.25,0.000282338,2192.755042,0.824721935,46.25
Taklamakan,38,80.25,Taklamakan_lat38p00_lon80p25,6,7265.101213,181.25,0.000223375,1734.829284,1,1.25
Taklamakan,38,80.5,Taklamakan_lat38p00_lon80p50,1,473.6839381,203.75,1,35411599.53,0.980719135,23.75
Taklamakan,38,80.5,Taklamakan_lat38p00_lon80p50,2,1008.005486,263.75,0.499612347,17692072.36,0.211624197,83.75
Taklamakan,38,80.5,Taklamakan_lat38p00_lon80p50,3,1700.286015,158.75,0.132624836,4696457.572,0.300796594,-21.25
Taklamakan,38,80.5,Taklamakan_lat38p00_lon80p50,4,3414.030779,218.75,0.016947897,600152.1498,0.614578369,38.75
Taklamakan,38,80.5,Taklamakan_lat38p00_lon80p50,5,5758.727378,218.75,0.008408993,297775.887,0.686340093,38.75
Taklamakan,38,80.5,Taklamakan_lat38p00_lon80p50,6,8648.245934,218.75,0.002377956,84207.22302,1,38.75
Taklamakan,38,80.75,Taklamakan_lat38p00_lon80p75,1,41.29329946,238.75,1,10249851.18,0.871632364,58.75
Taklamakan,38,80.75,Taklamakan_lat38p00_lon80p75,2,563.8648481,178.75,0.139155981,1426328.098,0.294250166,-1.25
Taklamakan,38,80.75,Taklamakan_lat38p00_lon80p75,3,951.1173591,186.25,0.091381063,936642.3009,0.214269909,6.25
Taklamakan,38,80.75,Taklamakan_lat38p00_lon80p75,4,1271.680598,238.75,0.048604158,498185.3895,0.292323271,58.75
Taklamakan,38,80.75,Taklamakan_lat38p00_lon80p75,5,2409.32123,181.25,0.008937926,91612.41554,0.257684549,1.25
Taklamakan,38,80.75,Taklamakan_lat38p00_lon80p75,6,3414.030779,241.25,0.003064065,31406.2137,0.592375324,61.25
Taklamakan,38,80.75,Taklamakan_lat38p00_lon80p75,7,5433.725959,91.25,0.000347995,3566.896594,0.618904331,-88.75
Taklamakan,38,80.75,Taklamakan_lat38p00_lon80p75,8,7265.101213,181.25,0.000373862,3832.030653,1,1.25
Taklamakan,38,81.25,Taklamakan_lat38p00_lon81p25,1,41.29329946,98.75,1,98561580.02,0.880489651,-81.25
Taklamakan,38,81.25,Taklamakan_lat38p00_lon81p25,2,563.8648481,208.75,0.035210455,3470398.065,0.412789698,28.75
Taklamakan,38,81.25,Taklamakan_lat38p00_lon81p25,3,2706.152597,186.25,0.000283432,27935.49248,0.389260454,6.25
Taklamakan,38,81.25,Taklamakan_lat38p00_lon81p25,4,4307.076464,198.75,1.95E-05,1926.751337,0.649396237,18.75
Taklamakan,38,81.25,Taklamakan_lat38p00_lon81p25,5,7265.101213,193.75,2.15E-05,2116.53304,1,13.75
Taklamakan,38,82.25,Taklamakan_lat38p00_lon82p25,1,58.51299261,243.75,1,39595624.58,0.899987682,63.75
Taklamakan,38,82.25,Taklamakan_lat38p00_lon82p25,2,597.5906703,211.25,0.190062298,7525635.387,0.470094815,31.25
Taklamakan,38,82.25,Taklamakan_lat38p00_lon82p25,3,951.1173591,213.75,0.13469243,5333230.881,0.239700813,33.75
Taklamakan,38,82.25,Taklamakan_lat38p00_lon82p25,4,1271.680598,173.75,0.120270418,4762182.311,0.283966807,-6.25
Taklamakan,38,82.25,Taklamakan_lat38p00_lon82p25,5,2023.989919,188.75,0.101310003,4011432.854,0.572876429,8.75
Taklamakan,38,82.25,Taklamakan_lat38p00_lon82p25,6,3039.553957,166.25,0.032619249,1291579.552,0.549080353,-13.75
Taklamakan,38,82.25,Taklamakan_lat38p00_lon82p25,7,4307.076464,171.25,0.00131285,51983.1332,0.343197796,-8.75
Taklamakan,38,82.25,Taklamakan_lat38p00_lon82p25,8,6103.167745,121.25,0.00011391,4510.339776,0.712033146,-58.75
Taklamakan,38,82.25,Taklamakan_lat38p00_lon82p25,9,8648.245934,246.25,5.70E-05,2255.742727,1,66.25
Taklamakan,38,82.5,Taklamakan_lat38p00_lon82p50,1,69.65281496,251.25,1,21088636.7,0.895404671,71.25
Taklamakan,38,82.5,Taklamakan_lat38p00_lon82p50,2,711.3611955,216.25,0.113329176,2389957.823,0.287411196,36.25
Taklamakan,38,82.5,Taklamakan_lat38p00_lon82p50,3,951.1173591,161.25,0.111848988,2358742.664,0.342697071,-18.75
Taklamakan,38,82.5,Taklamakan_lat38p00_lon82p50,4,3039.553957,161.25,0.043619727,919880.5788,0.585367623,-18.75
Taklamakan,38,82.5,Taklamakan_lat38p00_lon82p50,5,4307.076464,161.25,0.001254755,26461.06313,0.490381449,-18.75
Taklamakan,38,82.5,Taklamakan_lat38p00_lon82p50,6,7265.101213,181.25,0.000139456,2940.927082,0.915312213,1.25
Taklamakan,38,82.75,Taklamakan_lat38p00_lon82p75,1,41.29329946,263.75,1,19035341.59,0.8769279,83.75
Taklamakan,38,82.75,Taklamakan_lat38p00_lon82p75,2,1347.742218,206.25,0.068110443,1296505.542,0.232897605,26.25
Taklamakan,38,82.75,Taklamakan_lat38p00_lon82p75,3,1909.763363,188.75,0.03293192,626870.3403,0.297982604,8.75
Taklamakan,38,82.75,Taklamakan_lat38p00_lon82p75,4,2868.012698,186.25,0.012737909,242470.4427,0.235125097,6.25
Taklamakan,38,82.75,Taklamakan_lat38p00_lon82p75,5,4564.690847,188.75,0.002285555,43506.31351,0.683936096,8.75
Taklamakan,38,82.75,Taklamakan_lat38p00_lon82p75,6,7265.101213,166.25,0.000467182,8892.97169,0.915518279,-13.75
Taklamakan,38,83,Taklamakan_lat38p00_lon83p00,1,73.81888146,236.25,1,19564401.71,0.89475992,56.25
Taklamakan,38,83,Taklamakan_lat38p00_lon83p00,2,2409.32123,191.25,0.028487781,557346.3825,0.551096958,11.25
Taklamakan,38,83,Taklamakan_lat38p00_lon83p00,3,3221.355423,186.25,0.006110524,119548.7554,0.686804354,6.25
Taklamakan,38,83,Taklamakan_lat38p00_lon83p00,4,4564.690847,188.75,0.00056867,11125.69531,0.543841937,8.75
Taklamakan,38,83,Taklamakan_lat38p00_lon83p00,5,7265.101213,166.25,3.63E-05,710.5986597,0.435582862,-13.75
Taklamakan,38,83.25,Taklamakan_lat38p00_lon83p25,1,73.81888146,238.75,1,23456045.18,0.917977025,58.75
Taklamakan,38,83.25,Taklamakan_lat38p00_lon83p25,2,563.8648481,186.25,0.500259475,11734108.85,0.221191524,6.25
Taklamakan,38,83.25,Taklamakan_lat38p00_lon83p25,3,2553.427285,186.25,0.014025971,328993.808,0.420765068,6.25
Taklamakan,38,83.25,Taklamakan_lat38p00_lon83p25,4,3834.64361,188.75,0.004257346,99860.4966,0.775349347,8.75
Taklamakan,38,83.25,Taklamakan_lat38p00_lon83p25,5,5433.725959,168.75,0.000348089,8164.793384,0.719212617,-11.25
Taklamakan,38,83.25,Taklamakan_lat38p00_lon83p25,6,7699.640646,181.25,0.000123571,2898.48572,0.866447966,1.25
Taklamakan,38,83.75,Taklamakan_lat38p00_lon83p75,1,62.01276528,248.75,1,15274596.27,0.915382529,68.75
Taklamakan,38,83.75,Taklamakan_lat38p00_lon83p75,2,421.7266867,218.75,0.378952833,5788351.535,0.257547201,38.75
Taklamakan,38,83.75,Taklamakan_lat38p00_lon83p75,3,2868.012698,151.25,0.004561931,69681.65891,0.437602181,-28.75
Taklamakan,38,83.75,Taklamakan_lat38p00_lon83p75,4,4064.000891,226.25,0.001748386,26705.89638,0.37972298,46.25
Taklamakan,38,83.75,Taklamakan_lat38p00_lon83p75,5,5433.725959,158.75,0.000390621,5966.580232,0.788055433,-21.25
Taklamakan,38,83.75,Taklamakan_lat38p00_lon83p75,6,7265.101213,163.75,0.000211642,3232.744396,1,-16.25
Taklamakan,38,84,Taklamakan_lat38p00_lon84p00,1,58.51299261,241.25,1,23484187.52,0.911328879,61.25
Taklamakan,38,84,Taklamakan_lat38p00_lon84p00,2,1008.005486,188.75,0.104310743,2449653.051,0.241883464,8.75
Taklamakan,38,84,Taklamakan_lat38p00_lon84p00,3,2868.012698,128.75,0.003753411,88145.80962,0.434182921,-51.25
Taklamakan,38,84,Taklamakan_lat38p00_lon84p00,4,4064.000891,121.25,0.000850649,19976.79467,0.622368885,-58.75
Taklamakan,38,84,Taklamakan_lat38p00_lon84p00,5,7265.101213,163.75,8.46E-05,1987.443844,1,-16.25
Taklamakan,38,84.25,Taklamakan_lat38p00_lon84p25,1,69.65281496,256.25,1,3684497.135,0.914671855,76.25
Taklamakan,38,84.25,Taklamakan_lat38p00_lon84p25,2,1604.328118,243.75,0.110455239,406972.0116,0.248696429,63.75
Taklamakan,38,84.25,Taklamakan_lat38p00_lon84p25,3,3039.553957,203.75,0.016641204,61314.46828,0.247028581,23.75
Taklamakan,38,84.25,Taklamakan_lat38p00_lon84p25,4,4064.000891,206.25,0.003112377,11467.54343,0.244854308,26.25
Taklamakan,38,84.25,Taklamakan_lat38p00_lon84p25,5,5433.725959,201.25,0.001846445,6803.221333,0.712992766,21.25
Taklamakan,38,84.25,Taklamakan_lat38p00_lon84p25,6,8648.245934,218.75,0.000173007,637.4429242,1,38.75
Taklamakan,38,84.5,Taklamakan_lat38p00_lon84p50,1,41.29329946,173.75,1,23259413.85,0.88204773,-6.25
Taklamakan,38,84.5,Taklamakan_lat38p00_lon84p50,2,2023.989919,163.75,0.030893146,718556.4576,0.327470224,-16.25
Taklamakan,38,84.5,Taklamakan_lat38p00_lon84p50,3,3618.230411,118.75,0.00236198,54938.27988,0.491515766,-61.25
Taklamakan,38,84.5,Taklamakan_lat38p00_lon84p50,4,5127.066427,243.75,0.000585861,13626.77351,0.74387681,63.75
Taklamakan,38,84.5,Taklamakan_lat38p00_lon84p50,5,7265.101213,128.75,0.000217096,5049.52567,1,-51.25
Taklamakan,38.25,77.75,Taklamakan_lat38p25_lon77p75,1,87.87267,223.75,1,46932019.56,0.947216975,43.75
Taklamakan,38.25,77.75,Taklamakan_lat38p25_lon77p75,2,846.7915844,208.75,0.074936563,3516924.222,0.253234853,28.75
Taklamakan,38.25,77.75,Taklamakan_lat38p25_lon77p75,3,1909.763363,93.75,0.008960109,420516.0083,0.306858089,-86.25
Taklamakan,38.25,77.75,Taklamakan_lat38p25_lon77p75,4,2868.012698,246.25,0.001298878,60958.97765,0.27232921,66.25
Taklamakan,38.25,77.75,Taklamakan_lat38p25_lon77p75,5,4564.690847,218.75,0.000276585,12980.67278,0.669605222,38.75
Taklamakan,38.25,77.75,Taklamakan_lat38p25_lon77p75,6,7265.101213,193.75,5.43E-05,2549.596611,1,13.75
Taklamakan,38.25,78.25,Taklamakan_lat38p25_lon78p25,1,41.29329946,231.25,1,139123351.2,0.866156379,51.25
Taklamakan,38.25,78.25,Taklamakan_lat38p25_lon78p25,2,563.8648481,91.25,0.064196962,8931296.476,0.702003593,-88.75
Taklamakan,38.25,78.25,Taklamakan_lat38p25_lon78p25,3,4564.690847,171.25,5.92E-06,823.9445159,0.545592189,-8.75
Taklamakan,38.25,78.25,Taklamakan_lat38p25_lon78p25,4,7699.640646,181.25,1.24E-05,1718.635901,1,1.25
Taklamakan,38.25,78.5,Taklamakan_lat38p25_lon78p50,1,41.29329946,93.75,1,100064042.8,0.778185929,-86.25
Taklamakan,38.25,78.5,Taklamakan_lat38p25_lon78p50,2,502.0158696,93.75,0.171643526,17175345.08,0.824546791,-86.25
Taklamakan,38.25,78.5,Taklamakan_lat38p25_lon78p50,3,3618.230411,241.25,1.84E-05,1837.576103,0.239601628,61.25
Taklamakan,38.25,78.5,Taklamakan_lat38p25_lon78p50,4,5127.066427,243.75,3.23E-06,323.6475593,0.639621979,63.75
Taklamakan,38.25,78.5,Taklamakan_lat38p25_lon78p50,5,7699.640646,181.25,6.72E-06,672.469621,1,1.25
Taklamakan,38.25,78.75,Taklamakan_lat38p25_lon78p75,1,41.29329946,91.25,1,108253609.1,0.881237483,-88.75
Taklamakan,38.25,78.75,Taklamakan_lat38p25_lon78p75,2,421.7266867,181.25,0.041496023,4492094.213,0.287634828,1.25
Taklamakan,38.25,78.75,Taklamakan_lat38p25_lon78p75,3,671.2145829,181.25,0.062369594,6751733.603,0.549354783,1.25
Taklamakan,38.25,78.75,Taklamakan_lat38p25_lon78p75,4,1909.763363,181.25,0.003398991,367953.083,0.821930439,1.25
Taklamakan,38.25,78.75,Taklamakan_lat38p25_lon78p75,5,2553.427285,181.25,0.001722683,186486.6061,0.941313813,1.25
Taklamakan,38.25,78.75,Taklamakan_lat38p25_lon78p75,6,3834.64361,181.25,0.000867111,93867.87232,0.991365946,1.25
Taklamakan,38.25,78.75,Taklamakan_lat38p25_lon78p75,7,5758.727378,181.25,0.000327106,35410.37677,0.995978999,1.25
Taklamakan,38.25,78.75,Taklamakan_lat38p25_lon78p75,8,7699.640646,181.25,0.000199854,21634.87696,0.999159639,1.25
Taklamakan,38.25,79.25,Taklamakan_lat38p25_lon79p25,1,41.29329946,96.25,1,63485550.46,0.86688091,-83.75
Taklamakan,38.25,79.25,Taklamakan_lat38p25_lon79p25,2,671.2145829,256.25,0.050588242,3211622.391,0.3928762,76.25
Taklamakan,38.25,79.25,Taklamakan_lat38p25_lon79p25,3,1604.328118,166.25,0.014310759,908526.3814,0.24849815,-13.75
Taklamakan,38.25,79.25,Taklamakan_lat38p25_lon79p25,4,3618.230411,193.75,9.89E-05,6276.626045,0.473628606,13.75
Taklamakan,38.25,79.25,Taklamakan_lat38p25_lon79p25,5,7265.101213,181.25,2.78E-05,1767.581864,0.947555259,1.25
Taklamakan,38.25,79.5,Taklamakan_lat38p25_lon79p50,1,41.29329946,268.75,1,69499713.47,0.854290296,88.75
Taklamakan,38.25,79.5,Taklamakan_lat38p25_lon79p50,2,532.0423875,196.25,0.019639173,1364916.892,0.31955193,16.25
Taklamakan,38.25,79.5,Taklamakan_lat38p25_lon79p50,3,753.9090529,223.75,0.017661111,1227442.13,0.239251981,43.75
Taklamakan,38.25,79.5,Taklamakan_lat38p25_lon79p50,4,1513.785733,193.75,0.004433763,308145.2582,0.303491071,13.75
Taklamakan,38.25,79.5,Taklamakan_lat38p25_lon79p50,5,2145.048581,198.75,0.001888511,131250.9611,0.406446953,18.75
Taklamakan,38.25,79.5,Taklamakan_lat38p25_lon79p50,6,3039.553957,198.75,0.000210608,14637.22425,0.574932184,18.75
Taklamakan,38.25,79.5,Taklamakan_lat38p25_lon79p50,7,4064.000891,121.25,2.99E-05,2076.614934,0.65635239,-58.75
Taklamakan,38.25,79.5,Taklamakan_lat38p25_lon79p50,8,7265.101213,181.25,2.28E-05,1583.1322,0.905335984,1.25
Taklamakan,38.25,79.75,Taklamakan_lat38p25_lon79p75,1,41.29329946,91.25,1,60500000.11,0.837094553,-88.75
Taklamakan,38.25,79.75,Taklamakan_lat38p25_lon79p75,2,2273.34799,181.25,0.000548209,33166.66863,0.374544915,1.25
Taklamakan,38.25,79.75,Taklamakan_lat38p25_lon79p75,3,3221.355423,186.25,0.000155599,9413.719723,0.415437508,6.25
Taklamakan,38.25,79.75,Taklamakan_lat38p25_lon79p75,4,4307.076464,161.25,7.36E-05,4453.313867,0.661807413,-18.75
Taklamakan,38.25,79.75,Taklamakan_lat38p25_lon79p75,5,7265.101213,181.25,5.08E-05,3071.397321,0.952796466,1.25
Taklamakan,38.25,80.25,Taklamakan_lat38p25_lon80p25,1,41.29329946,198.75,1,10701158.07,0.854319426,18.75
Taklamakan,38.25,80.25,Taklamakan_lat38p25_lon80p25,2,532.0423875,201.25,0.196362398,2101305.062,0.351964525,21.25
Taklamakan,38.25,80.25,Taklamakan_lat38p25_lon80p25,3,3039.553957,238.75,0.003516237,37627.81207,0.557544355,58.75
Taklamakan,38.25,80.25,Taklamakan_lat38p25_lon80p25,4,4307.076464,246.25,0.000494699,5293.848248,0.531055397,66.25
Taklamakan,38.25,80.25,Taklamakan_lat38p25_lon80p25,5,7265.101213,193.75,0.000121813,1303.5361,1,13.75
Taklamakan,38.25,80.5,Taklamakan_lat38p25_lon80p50,1,41.29329946,196.25,1,9287670.747,0.874797491,16.25
Taklamakan,38.25,80.5,Taklamakan_lat38p25_lon80p50,2,633.3336976,198.75,0.126970374,1179259.028,0.217868251,18.75
Taklamakan,38.25,80.5,Taklamakan_lat38p25_lon80p50,3,1068.296199,171.25,0.055326928,513858.2871,0.250223985,-8.75
Taklamakan,38.25,80.5,Taklamakan_lat38p25_lon80p50,4,3039.553957,261.25,0.003809113,35377.78308,0.658301684,81.25
Taklamakan,38.25,80.5,Taklamakan_lat38p25_lon80p50,5,4307.076464,198.75,0.000982544,9125.549405,0.773552062,18.75
Taklamakan,38.25,80.5,Taklamakan_lat38p25_lon80p50,6,7265.101213,181.25,0.000279592,2596.756498,1,1.25
Taklamakan,38.25,80.75,Taklamakan_lat38p25_lon80p75,1,421.7266867,211.25,1,15334197.67,0.950956958,31.25
Taklamakan,38.25,80.75,Taklamakan_lat38p25_lon80p75,2,1700.286015,241.25,0.110858436,1699925.173,0.308076651,61.25
Taklamakan,38.25,80.75,Taklamakan_lat38p25_lon80p75,3,3221.355423,243.75,0.009425939,144539.2142,0.599052818,63.75
Taklamakan,38.25,80.75,Taklamakan_lat38p25_lon80p75,4,4307.076464,218.75,0.006221374,95399.77289,0.800444187,38.75
Taklamakan,38.25,80.75,Taklamakan_lat38p25_lon80p75,5,7265.101213,228.75,0.005070566,77753.05592,1,48.75
Taklamakan,38.25,81.25,Taklamakan_lat38p25_lon81p25,1,41.29329946,266.25,1,77885183.29,0.904009603,86.25
Taklamakan,38.25,81.25,Taklamakan_lat38p25_lon81p25,2,563.8648481,208.75,0.027200405,2118508.516,0.542677818,28.75
Taklamakan,38.25,81.25,Taklamakan_lat38p25_lon81p25,3,951.1173591,216.25,0.010158604,791204.7216,0.243169609,36.25
Taklamakan,38.25,81.25,Taklamakan_lat38p25_lon81p25,4,1700.286015,203.75,0.001869833,145632.2701,0.264014629,23.75
Taklamakan,38.25,81.25,Taklamakan_lat38p25_lon81p25,5,3414.030779,261.25,2.84E-05,2215.465807,0.256392294,81.25
Taklamakan,38.25,81.25,Taklamakan_lat38p25_lon81p25,6,5433.725959,191.25,2.16E-05,1682.461844,0.899204173,11.25
Taklamakan,38.25,81.25,Taklamakan_lat38p25_lon81p25,7,7265.101213,181.25,1.28E-05,999.235032,1,1.25
Taklamakan,38.25,81.75,Taklamakan_lat38p25_lon81p75,1,73.81888146,223.75,0.961253975,12347619.38,0.289359147,43.75
Taklamakan,38.25,81.75,Taklamakan_lat38p25_lon81p75,2,421.7266867,208.75,1,12845324.65,0.916134778,28.75
Taklamakan,38.25,81.75,Taklamakan_lat38p25_lon81p75,3,2409.32123,171.25,0.032929166,422985.8232,0.490760335,-8.75
Taklamakan,38.25,81.75,Taklamakan_lat38p25_lon81p75,4,3618.230411,166.25,0.007575979,97315.90508,0.372157055,-13.75
Taklamakan,38.25,81.75,Taklamakan_lat38p25_lon81p75,5,5127.066427,226.25,0.000746445,9588.32335,0.787119536,46.25
Taklamakan,38.25,81.75,Taklamakan_lat38p25_lon81p75,6,7265.101213,228.75,0.000347216,4460.099922,1,48.75
Taklamakan,38.25,82,Taklamakan_lat38p25_lon82p00,1,41.29329946,208.75,0.726008898,5621400.245,0.657921658,28.75
Taklamakan,38.25,82,Taklamakan_lat38p25_lon82p00,2,711.3611955,193.75,1,7742880.647,0.931428285,13.75
Taklamakan,38.25,82,Taklamakan_lat38p25_lon82p00,3,951.1173591,208.75,0.930218175,7202568.306,0.301534674,28.75
Taklamakan,38.25,82,Taklamakan_lat38p25_lon82p00,4,1513.785733,186.25,0.43384759,3359230.105,0.330735647,6.25
Taklamakan,38.25,82,Taklamakan_lat38p25_lon82p00,5,2706.152597,136.25,0.055326066,428383.1238,0.320981914,-43.75
Taklamakan,38.25,82,Taklamakan_lat38p25_lon82p00,6,3618.230411,118.75,0.008821912,68307.01317,0.58535967,-61.25
Taklamakan,38.25,82,Taklamakan_lat38p25_lon82p00,7,5433.725959,191.25,0.001213716,9397.654382,0.632587936,11.25
Taklamakan,38.25,82,Taklamakan_lat38p25_lon82p00,8,8648.245934,218.75,0.000229496,1776.956308,1,38.75
Taklamakan,38.25,82.25,Taklamakan_lat38p25_lon82p25,1,41.29329946,268.75,1,60270735.56,0.888141183,88.75
Taklamakan,38.25,82.25,Taklamakan_lat38p25_lon82p25,2,563.8648481,201.25,0.152642002,9199845.709,0.519614189,21.25
Taklamakan,38.25,82.25,Taklamakan_lat38p25_lon82p25,3,951.1173591,211.25,0.142133046,8566463.255,0.291785559,31.25
Taklamakan,38.25,82.25,Taklamakan_lat38p25_lon82p25,4,1347.742218,213.75,0.112870274,6802774.45,0.285635708,33.75
Taklamakan,38.25,82.25,Taklamakan_lat38p25_lon82p25,5,1909.763363,198.75,0.058122535,3503087.956,0.313271815,18.75
Taklamakan,38.25,82.25,Taklamakan_lat38p25_lon82p25,6,2706.152597,191.25,0.025013263,1507567.76,0.298906084,11.25
Taklamakan,38.25,82.25,Taklamakan_lat38p25_lon82p25,7,3618.230411,193.75,0.007348676,442910.1279,0.409648472,13.75
Taklamakan,38.25,82.25,Taklamakan_lat38p25_lon82p25,8,4837.713633,211.25,0.00115708,69738.06619,0.673584974,31.25
Taklamakan,38.25,82.25,Taklamakan_lat38p25_lon82p25,9,6468.209741,208.75,0.000184765,11135.91779,0.671068905,28.75
Taklamakan,38.25,82.25,Taklamakan_lat38p25_lon82p25,10,8648.245934,218.75,3.28E-05,1977.678785,1,38.75
Taklamakan,38.25,82.5,Taklamakan_lat38p25_lon82p50,1,41.29329946,98.75,1,31172310.86,0.885767638,-81.25
Taklamakan,38.25,82.5,Taklamakan_lat38p25_lon82p50,2,502.0158696,208.75,0.201684429,6286969.713,0.482068086,28.75
Taklamakan,38.25,82.5,Taklamakan_lat38p25_lon82p50,3,1132.193013,188.75,0.155449689,4845726.019,0.308726073,8.75
Taklamakan,38.25,82.5,Taklamakan_lat38p25_lon82p50,4,2409.32123,198.75,0.010384056,323695.0344,0.259031957,18.75
Taklamakan,38.25,82.5,Taklamakan_lat38p25_lon82p50,5,3221.355423,186.25,0.004320272,134672.866,0.624644968,6.25
Taklamakan,38.25,82.5,Taklamakan_lat38p25_lon82p50,6,5433.725959,181.25,0.000296042,9228.327378,0.961364778,1.25
Taklamakan,38.25,82.5,Taklamakan_lat38p25_lon82p50,7,7265.101213,166.25,8.12E-05,2530.751538,0.9126038,-13.75
Taklamakan,38.25,82.75,Taklamakan_lat38p25_lon82p75,1,41.29329946,96.25,1,32668786.37,0.896746773,-83.75
Taklamakan,38.25,82.75,Taklamakan_lat38p25_lon82p75,2,633.3336976,208.75,0.163661695,5346628.944,0.421404344,28.75
Taklamakan,38.25,82.75,Taklamakan_lat38p25_lon82p75,3,3039.553957,193.75,0.004964663,162189.5058,0.407330025,13.75
Taklamakan,38.25,82.75,Taklamakan_lat38p25_lon82p75,4,4064.000891,206.25,0.001428126,46655.14359,0.525499815,26.25
Taklamakan,38.25,82.75,Taklamakan_lat38p25_lon82p75,5,5758.727378,218.75,0.000215258,7032.216433,0.733311221,38.75
Taklamakan,38.25,82.75,Taklamakan_lat38p25_lon82p75,6,8648.245934,218.75,2.98E-05,972.1275149,1,38.75
Taklamakan,38.25,83,Taklamakan_lat38p25_lon83p00,1,69.65281496,226.25,1,20511071.59,0.895474989,46.25
Taklamakan,38.25,83,Taklamakan_lat38p25_lon83p00,2,671.2145829,208.75,0.081440202,1670425.811,0.346277371,28.75
Taklamakan,38.25,83,Taklamakan_lat38p25_lon83p00,3,1068.296199,221.25,0.052745389,1081864.448,0.258669762,41.25
Taklamakan,38.25,83,Taklamakan_lat38p25_lon83p00,4,1909.763363,196.25,0.011192381,229567.7182,0.244837838,16.25
Taklamakan,38.25,83,Taklamakan_lat38p25_lon83p00,5,2706.152597,191.25,0.00712947,146233.0702,0.267403992,11.25
Taklamakan,38.25,83,Taklamakan_lat38p25_lon83p00,6,3618.230411,188.75,0.004023834,82533.13884,0.77615673,8.75
Taklamakan,38.25,83,Taklamakan_lat38p25_lon83p00,7,5433.725959,191.25,0.000392192,8044.282874,0.768425828,11.25
Taklamakan,38.25,83,Taklamakan_lat38p25_lon83p00,8,7265.101213,166.25,9.63E-05,1974.635108,0.67922568,-13.75
Taklamakan,38.25,83.25,Taklamakan_lat38p25_lon83p25,1,69.65281496,231.25,1,21199075.13,0.911075995,51.25
Taklamakan,38.25,83.25,Taklamakan_lat38p25_lon83p25,2,711.3611955,206.25,0.09302718,1972090.183,0.253206959,26.25
Taklamakan,38.25,83.25,Taklamakan_lat38p25_lon83p25,3,1428.353227,203.75,0.043336313,918689.7648,0.337561081,23.75
Taklamakan,38.25,83.25,Taklamakan_lat38p25_lon83p25,4,2023.989919,196.25,0.019640151,416353.0316,0.4182113,16.25
Taklamakan,38.25,83.25,Taklamakan_lat38p25_lon83p25,5,2868.012698,203.75,0.00843394,178791.7358,0.481036595,23.75
Taklamakan,38.25,83.25,Taklamakan_lat38p25_lon83p25,6,4564.690847,181.25,0.000727757,15427.77592,0.447516911,1.25
Taklamakan,38.25,83.25,Taklamakan_lat38p25_lon83p25,7,7265.101213,128.75,5.58E-05,1182.770182,0.449523528,-51.25
Taklamakan,38.25,83.75,Taklamakan_lat38p25_lon83p75,1,65.72186596,238.75,1,20529958.51,0.914792974,58.75
Taklamakan,38.25,83.75,Taklamakan_lat38p25_lon83p75,2,315.4184887,223.75,0.434503515,8920339.142,0.200088866,43.75
Taklamakan,38.25,83.75,Taklamakan_lat38p25_lon83p75,3,502.0158696,221.25,0.495473413,10172048.62,0.474031271,41.25
Taklamakan,38.25,83.75,Taklamakan_lat38p25_lon83p75,4,846.7915844,211.25,0.407165511,8359091.045,0.268299903,31.25
Taklamakan,38.25,83.75,Taklamakan_lat38p25_lon83p75,5,2023.989919,208.75,0.094508346,1940252.428,0.465224168,28.75
Taklamakan,38.25,83.75,Taklamakan_lat38p25_lon83p75,6,3618.230411,201.25,0.002968664,60946.55564,0.305098093,21.25
Taklamakan,38.25,83.75,Taklamakan_lat38p25_lon83p75,7,6103.167745,218.75,0.000140404,2882.47913,0.447837661,38.75
Taklamakan,38.25,83.75,Taklamakan_lat38p25_lon83p75,8,9165.513867,218.75,2.49E-05,510.7252334,0.867642339,38.75
Taklamakan,38.25,84,Taklamakan_lat38p25_lon84p00,1,69.65281496,241.25,1,23986522.81,0.922941166,61.25
Taklamakan,38.25,84,Taklamakan_lat38p25_lon84p00,2,297.6174279,223.75,0.295831516,7095969.413,0.220031887,43.75
Taklamakan,38.25,84,Taklamakan_lat38p25_lon84p00,3,633.3336976,213.75,0.347834832,8343348.143,0.372556116,33.75
Taklamakan,38.25,84,Taklamakan_lat38p25_lon84p00,4,897.4397893,206.25,0.301182952,7224331.738,0.363516309,26.25
Taklamakan,38.25,84,Taklamakan_lat38p25_lon84p00,5,1271.680598,196.25,0.15963816,3829164.375,0.2586546,16.25
Taklamakan,38.25,84,Taklamakan_lat38p25_lon84p00,6,3618.230411,166.25,0.001165295,27951.38393,0.370553153,-13.75
Taklamakan,38.25,84,Taklamakan_lat38p25_lon84p00,7,5433.725959,103.75,0.000160463,3848.955503,0.3431936,-76.25
Taklamakan,38.25,84,Taklamakan_lat38p25_lon84p00,8,8648.245934,141.25,1.77E-05,424.2288911,1,-38.75
Taklamakan,38.25,84.25,Taklamakan_lat38p25_lon84p25,1,73.81888146,91.25,1,22941135.86,0.94082952,-88.75
Taklamakan,38.25,84.25,Taklamakan_lat38p25_lon84p25,2,3618.230411,166.25,0.000536732,12313.24551,0.574495276,-13.75
Taklamakan,38.25,84.25,Taklamakan_lat38p25_lon84p25,3,5127.066427,226.25,0.000102909,2360.844635,0.688356815,46.25
Taklamakan,38.25,84.25,Taklamakan_lat38p25_lon84p25,4,7265.101213,166.25,7.74E-05,1776.560085,1,-13.75
Taklamakan,38.25,84.5,Taklamakan_lat38p25_lon84p50,1,58.51299261,238.75,1,28688113.72,0.916022715,58.75
Taklamakan,38.25,84.5,Taklamakan_lat38p25_lon84p50,2,315.4184887,218.75,0.329943706,9465462.549,0.219941344,38.75
Taklamakan,38.25,84.5,Taklamakan_lat38p25_lon84p50,3,633.3336976,213.75,0.392870588,11270716.12,0.346540274,33.75
Taklamakan,38.25,84.5,Taklamakan_lat38p25_lon84p50,4,2273.34799,188.75,0.011945873,342704.5733,0.424044517,8.75
Taklamakan,38.25,84.5,Taklamakan_lat38p25_lon84p50,5,3221.355423,186.25,0.002703952,77571.29003,0.468399702,6.25
Taklamakan,38.25,84.5,Taklamakan_lat38p25_lon84p50,6,7265.101213,193.75,8.49E-05,2435.450677,1,13.75
Taklamakan,38.25,84.75,Taklamakan_lat38p25_lon84p75,1,563.8648481,181.25,0.181510584,3549541.948,0.392914173,1.25
Taklamakan,38.25,84.75,Taklamakan_lat38p25_lon84p75,2,799.0017781,181.25,0.153736461,3006403.285,0.381721711,1.25
Taklamakan,38.25,84.75,Taklamakan_lat38p25_lon84p75,3,1909.763363,181.25,0.022901768,447856.9998,0.658562309,1.25
Taklamakan,38.25,84.75,Taklamakan_lat38p25_lon84p75,4,2868.012698,181.25,0.017109584,334587.5678,0.891142799,1.25
Taklamakan,38.25,84.75,Taklamakan_lat38p25_lon84p75,5,3834.64361,181.25,0.003931779,76888.15045,0.944917254,1.25
Taklamakan,38.25,84.75,Taklamakan_lat38p25_lon84p75,6,5758.727378,181.25,0.002015537,39414.95524,0.991241738,1.25
Taklamakan,38.25,84.75,Taklamakan_lat38p25_lon84p75,7,7699.640646,181.25,0.000986359,19288.80819,0.998317456,1.25
Taklamakan,38.25,85,Taklamakan_lat38p25_lon85p00,1,58.51299261,253.75,1,6810457.743,0.897157232,73.75
Taklamakan,38.25,85,Taklamakan_lat38p25_lon85p00,2,563.8648481,248.75,0.621787785,4234659.438,0.258312464,68.75
Taklamakan,38.25,85,Taklamakan_lat38p25_lon85p00,3,799.0017781,91.25,0.463070153,3153719.706,0.24319631,-88.75
Taklamakan,38.25,85,Taklamakan_lat38p25_lon85p00,4,2553.427285,91.25,0.025590177,174280.82,0.44376978,-88.75
Taklamakan,38.25,85,Taklamakan_lat38p25_lon85p00,5,3618.230411,91.25,0.004611051,31403.36932,0.486414771,-88.75
Taklamakan,38.25,85,Taklamakan_lat38p25_lon85p00,6,5758.727378,91.25,0.000777837,5297.426852,0.52847887,-88.75
Taklamakan,38.25,85,Taklamakan_lat38p25_lon85p00,7,9165.513867,91.25,0.000224658,1530.025412,1,-88.75
Taklamakan,38.5,77.75,Taklamakan_lat38p50_lon77p75,1,93.12850046,213.75,1,18174369.97,0.94102798,33.75
Taklamakan,38.5,77.75,Taklamakan_lat38p50_lon77p75,2,375.4685011,221.25,0.591787919,10755372.59,0.295947555,41.25
Taklamakan,38.5,77.75,Taklamakan_lat38p50_lon77p75,3,532.0423875,253.75,0.410854939,7467029.665,0.21102591,73.75
Taklamakan,38.5,77.75,Taklamakan_lat38p50_lon77p75,4,897.4397893,181.25,0.30202617,5489135.361,0.349653578,1.25
Taklamakan,38.5,77.75,Taklamakan_lat38p50_lon77p75,5,1271.680598,166.25,0.104562531,1900358.119,0.218336193,-13.75
Taklamakan,38.5,77.75,Taklamakan_lat38p50_lon77p75,6,2868.012698,231.25,0.012567229,228401.4652,0.281943432,51.25
Taklamakan,38.5,77.75,Taklamakan_lat38p50_lon77p75,7,4564.690847,181.25,0.003057419,55566.66996,0.764953883,1.25
Taklamakan,38.5,77.75,Taklamakan_lat38p50_lon77p75,8,6103.167745,218.75,0.001243416,22598.29783,0.610392249,38.75
Taklamakan,38.5,77.75,Taklamakan_lat38p50_lon77p75,9,9165.513867,218.75,0.000119252,2167.335586,0.853442546,38.75
Taklamakan,38.5,78.25,Taklamakan_lat38p50_lon78p25,1,52.09484324,256.25,1,170254847.7,0.925555568,76.25
Taklamakan,38.5,78.25,Taklamakan_lat38p50_lon78p25,2,473.6839381,173.75,0.068117126,11597270.88,0.222184708,-6.25
Taklamakan,38.5,78.25,Taklamakan_lat38p50_lon78p25,3,671.2145829,173.75,0.086480094,14723655.28,0.728612668,-6.25
Taklamakan,38.5,78.25,Taklamakan_lat38p50_lon78p25,4,1428.353227,186.25,0.002029928,345605.0812,0.350722612,6.25
Taklamakan,38.5,78.25,Taklamakan_lat38p50_lon78p25,5,2868.012698,156.25,4.27E-05,7278.14171,0.221173335,-23.75
Taklamakan,38.5,78.25,Taklamakan_lat38p50_lon78p25,6,4564.690847,171.25,3.64E-06,619.6639714,0.335492372,-8.75
Taklamakan,38.5,78.25,Taklamakan_lat38p50_lon78p25,7,7699.640646,181.25,6.37E-06,1084.914267,1,1.25
Taklamakan,38.5,78.5,Taklamakan_lat38p50_lon78p50,1,41.29329946,96.25,1,177184507.5,0.898123537,-83.75
Taklamakan,38.5,78.5,Taklamakan_lat38p50_lon78p50,2,711.3611955,168.75,0.043685068,7740317.23,0.551154695,-11.25
Taklamakan,38.5,78.5,Taklamakan_lat38p50_lon78p50,3,2868.012698,173.75,5.25E-05,9303.131631,0.24078282,-6.25
Taklamakan,38.5,78.5,Taklamakan_lat38p50_lon78p50,4,3834.64361,181.25,1.44E-05,2558.660529,0.705504307,1.25
Taklamakan,38.5,78.5,Taklamakan_lat38p50_lon78p50,5,5758.727378,181.25,2.83E-06,501.2010627,0.822159085,1.25
Taklamakan,38.5,78.5,Taklamakan_lat38p50_lon78p50,6,7699.640646,181.25,4.02E-06,711.8953235,0.949613691,1.25
Taklamakan,38.5,78.75,Taklamakan_lat38p50_lon78p75,1,52.09484324,246.25,1,117323724,0.908612957,66.25
Taklamakan,38.5,78.75,Taklamakan_lat38p50_lon78p75,2,671.2145829,181.25,0.049300486,5784116.593,0.439890119,1.25
Taklamakan,38.5,78.75,Taklamakan_lat38p50_lon78p75,3,1909.763363,181.25,0.003111433,365044.9074,0.900156497,1.25
Taklamakan,38.5,78.75,Taklamakan_lat38p50_lon78p75,4,2553.427285,181.25,0.001948538,228609.7116,0.976393521,1.25
Taklamakan,38.5,78.75,Taklamakan_lat38p50_lon78p75,5,4564.690847,181.25,0.00064519,75696.1055,0.996908434,1.25
Taklamakan,38.5,78.75,Taklamakan_lat38p50_lon78p75,6,7699.640646,181.25,0.000223813,26258.51802,0.999701475,1.25
Taklamakan,38.5,79.25,Taklamakan_lat38p50_lon79p25,1,55.21073426,253.75,1,92648842.41,0.894637583,73.75
Taklamakan,38.5,79.25,Taklamakan_lat38p50_lon79p25,2,563.8648481,196.25,0.025959656,2405132.104,0.204326711,16.25
Taklamakan,38.5,79.25,Taklamakan_lat38p50_lon79p25,3,753.9090529,201.25,0.020187583,1870356.21,0.21714626,21.25
Taklamakan,38.5,79.25,Taklamakan_lat38p50_lon79p25,4,1347.742218,186.25,0.004106201,380434.7955,0.342252761,6.25
Taklamakan,38.5,79.25,Taklamakan_lat38p50_lon79p25,5,1909.763363,181.25,0.001033808,95781.12778,0.244928969,1.25
Taklamakan,38.5,79.25,Taklamakan_lat38p50_lon79p25,6,2706.152597,186.25,0.000443996,41135.73147,0.504792488,6.25
Taklamakan,38.5,79.25,Taklamakan_lat38p50_lon79p25,7,4307.076464,198.75,4.03E-05,3730.607577,0.247088207,18.75
Taklamakan,38.5,79.25,Taklamakan_lat38p50_lon79p25,8,7265.101213,193.75,1.07E-05,991.5321922,0.983014846,13.75
Taklamakan,38.5,79.5,Taklamakan_lat38p50_lon79p50,1,41.29329946,261.25,1,45109089.69,0.870696207,81.25
Taklamakan,38.5,79.5,Taklamakan_lat38p50_lon79p50,2,1801.983335,193.75,0.006763881,305112.5305,0.386434727,13.75
Taklamakan,38.5,79.5,Taklamakan_lat38p50_lon79p50,3,2706.152597,196.25,0.001449689,65394.16442,0.322391017,16.25
Taklamakan,38.5,79.5,Taklamakan_lat38p50_lon79p50,4,3618.230411,193.75,0.000475193,21435.53049,0.648180298,13.75
Taklamakan,38.5,79.5,Taklamakan_lat38p50_lon79p50,5,5433.725959,191.25,3.53E-05,1594.184421,0.214493077,11.25
Taklamakan,38.5,79.5,Taklamakan_lat38p50_lon79p50,6,7265.101213,181.25,2.96E-05,1333.985133,0.761021314,1.25
Taklamakan,38.5,79.75,Taklamakan_lat38p50_lon79p75,1,41.29329946,93.75,1,38825688.44,0.866607929,-86.25
Taklamakan,38.5,79.75,Taklamakan_lat38p50_lon79p75,2,502.0158696,181.25,0.064182515,2491930.338,0.221317621,1.25
Taklamakan,38.5,79.75,Taklamakan_lat38p50_lon79p75,3,711.3611955,226.25,0.051318964,1992494.118,0.237696785,46.25
Taklamakan,38.5,79.75,Taklamakan_lat38p50_lon79p75,4,2023.989919,188.75,0.002724807,105792.5179,0.463559122,8.75
Taklamakan,38.5,79.75,Taklamakan_lat38p50_lon79p75,5,3039.553957,198.75,0.000523191,20313.26261,0.509299498,18.75
Taklamakan,38.5,79.75,Taklamakan_lat38p50_lon79p75,6,4307.076464,198.75,0.000220309,8553.663004,0.679695409,18.75
Taklamakan,38.5,79.75,Taklamakan_lat38p50_lon79p75,7,6855.085589,91.25,4.53E-05,1757.00034,0.861366292,-88.75
Taklamakan,38.5,79.75,Taklamakan_lat38p50_lon79p75,8,9165.513867,91.25,2.08E-05,809.4482172,1,-88.75
Taklamakan,38.5,80.25,Taklamakan_lat38p50_lon80p25,1,41.29329946,91.25,1,24504181.95,0.881543219,-88.75
Taklamakan,38.5,80.25,Taklamakan_lat38p50_lon80p25,2,532.0423875,191.25,0.071860666,1760886.83,0.389960025,11.25
Taklamakan,38.5,80.25,Taklamakan_lat38p50_lon80p25,3,2145.048581,236.25,0.006610564,161986.473,0.436879384,56.25
Taklamakan,38.5,80.25,Taklamakan_lat38p50_lon80p25,4,3039.553957,106.25,0.003337132,81773.68394,0.291326536,-73.75
Taklamakan,38.5,80.25,Taklamakan_lat38p50_lon80p25,5,4307.076464,188.75,0.001077177,26395.34586,0.718033192,8.75
Taklamakan,38.5,80.25,Taklamakan_lat38p50_lon80p25,6,7265.101213,181.25,0.000335331,8217.023932,1,1.25
Taklamakan,38.5,80.5,Taklamakan_lat38p50_lon80p50,1,41.29329946,226.25,1,8807998.447,0.904654745,46.25
Taklamakan,38.5,80.5,Taklamakan_lat38p50_lon80p50,2,671.2145829,221.25,0.0678535,597653.5247,0.31251127,41.25
Taklamakan,38.5,80.5,Taklamakan_lat38p50_lon80p50,3,1271.680598,216.25,0.034905684,307449.2079,0.262798198,36.25
Taklamakan,38.5,80.5,Taklamakan_lat38p50_lon80p50,4,2145.048581,218.75,0.00636342,56048.99214,0.223571425,38.75
Taklamakan,38.5,80.5,Taklamakan_lat38p50_lon80p50,5,3414.030779,98.75,0.00201271,17727.94224,0.627026627,-81.25
Taklamakan,38.5,80.5,Taklamakan_lat38p50_lon80p50,6,5758.727378,218.75,0.00052414,4616.620117,0.635549174,38.75
Taklamakan,38.5,80.5,Taklamakan_lat38p50_lon80p50,7,8648.245934,218.75,0.000185218,1631.400676,1,38.75
Taklamakan,38.5,80.75,Taklamakan_lat38p50_lon80p75,1,69.65281496,246.25,0.921621433,7207495.446,0.553639016,66.25
Taklamakan,38.5,80.75,Taklamakan_lat38p50_lon80p75,2,711.3611955,131.25,1,7820451.202,0.939099809,-48.75
Taklamakan,38.5,80.75,Taklamakan_lat38p50_lon80p75,3,2145.048581,163.75,0.055219818,431843.8932,0.439531616,-16.25
Taklamakan,38.5,80.75,Taklamakan_lat38p50_lon80p75,4,3834.64361,258.75,0.008484823,66355.14263,0.366249041,78.75
Taklamakan,38.5,80.75,Taklamakan_lat38p50_lon80p75,5,5433.725959,103.75,0.002794288,21852.59203,0.46755575,-76.25
Taklamakan,38.5,80.75,Taklamakan_lat38p50_lon80p75,6,7265.101213,228.75,0.001250719,9781.185805,1,48.75
Taklamakan,38.5,81.25,Taklamakan_lat38p50_lon81p25,1,41.29329946,268.75,1,72840206.82,0.903134394,88.75
Taklamakan,38.5,81.25,Taklamakan_lat38p50_lon81p25,2,563.8648481,206.25,0.035781471,2606329.74,0.502509118,26.25
Taklamakan,38.5,81.25,Taklamakan_lat38p50_lon81p25,3,799.0017781,208.75,0.032326131,2354642.063,0.384400896,28.75
Taklamakan,38.5,81.25,Taklamakan_lat38p50_lon81p25,4,2023.989919,201.25,0.003217127,234336.1809,0.634701576,21.25
Taklamakan,38.5,81.25,Taklamakan_lat38p50_lon81p25,5,3039.553957,193.75,0.000453909,33062.79501,0.650866132,13.75
Taklamakan,38.5,81.25,Taklamakan_lat38p50_lon81p25,6,4064.000891,206.25,3.90E-05,2842.66186,0.367100234,26.25
Taklamakan,38.5,81.25,Taklamakan_lat38p50_lon81p25,7,7265.101213,181.25,9.79E-06,712.8679,1,1.25
Taklamakan,38.5,81.75,Taklamakan_lat38p50_lon81p75,1,41.29329946,98.75,1,7571520.977,0.898720995,-81.25
Taklamakan,38.5,81.75,Taklamakan_lat38p50_lon81p75,2,502.0158696,201.25,0.225796496,1709622.903,0.357774646,21.25
Taklamakan,38.5,81.75,Taklamakan_lat38p50_lon81p75,3,846.7915844,198.75,0.178749693,1353407.049,0.358688267,18.75
Taklamakan,38.5,81.75,Taklamakan_lat38p50_lon81p75,4,1271.680598,198.75,0.111875734,847069.4697,0.413845995,18.75
Taklamakan,38.5,81.75,Taklamakan_lat38p50_lon81p75,5,1909.763363,198.75,0.027409688,207533.0271,0.214497327,18.75
Taklamakan,38.5,81.75,Taklamakan_lat38p50_lon81p75,6,2706.152597,196.25,0.009871891,74745.23212,0.205140366,16.25
Taklamakan,38.5,81.75,Taklamakan_lat38p50_lon81p75,7,4307.076464,198.75,0.001327153,10048.57007,0.651404757,18.75
Taklamakan,38.5,81.75,Taklamakan_lat38p50_lon81p75,8,6468.209741,208.75,0.000650074,4922.051086,1,28.75
Taklamakan,38.5,81.75,Taklamakan_lat38p50_lon81p75,9,8648.245934,218.75,0.00019094,1445.709105,1,38.75
Taklamakan,38.5,82,Taklamakan_lat38p50_lon82p00,1,446.9509568,163.75,1,31306895.14,0.93207673,-16.25
Taklamakan,38.5,82,Taklamakan_lat38p50_lon82p00,2,671.2145829,146.25,0.935469709,29286652.07,0.23661357,-33.75
Taklamakan,38.5,82,Taklamakan_lat38p50_lon82p00,3,1271.680598,153.75,0.227342904,7117400.456,0.321878503,-26.25
Taklamakan,38.5,82,Taklamakan_lat38p50_lon82p00,4,2706.152597,181.25,0.00549124,171913.6866,0.270906235,1.25
Taklamakan,38.5,82,Taklamakan_lat38p50_lon82p00,5,4307.076464,171.25,0.000908452,28440.82331,0.774064275,-8.75
Taklamakan,38.5,82,Taklamakan_lat38p50_lon82p00,6,7265.101213,193.75,0.000132434,4146.091298,1,13.75
Taklamakan,38.5,82.25,Taklamakan_lat38p50_lon82p25,1,41.29329946,91.25,1,24071223.14,0.895689949,-88.75
Taklamakan,38.5,82.25,Taklamakan_lat38p50_lon82p25,2,671.2145829,203.75,0.177435288,4271084.403,0.391427353,23.75
Taklamakan,38.5,82.25,Taklamakan_lat38p50_lon82p25,3,1132.193013,206.25,0.184101387,4431545.568,0.610129061,26.25
Taklamakan,38.5,82.25,Taklamakan_lat38p50_lon82p25,4,1700.286015,203.75,0.101900355,2452866.183,0.321981714,23.75
Taklamakan,38.5,82.25,Taklamakan_lat38p50_lon82p25,5,2273.34799,203.75,0.074223139,1786641.74,0.708401848,23.75
Taklamakan,38.5,82.25,Taklamakan_lat38p50_lon82p25,6,3039.553957,198.75,0.018269142,439760.5831,0.600640922,18.75
Taklamakan,38.5,82.25,Taklamakan_lat38p50_lon82p25,7,5433.725959,181.25,0.000518427,12479.18229,0.598314378,1.25
Taklamakan,38.5,82.25,Taklamakan_lat38p50_lon82p25,8,8648.245934,141.25,5.50E-05,1323.932086,1,-38.75
Taklamakan,38.5,82.5,Taklamakan_lat38p50_lon82p50,1,41.29329946,91.25,1,26086857.86,0.890796991,-88.75
Taklamakan,38.5,82.5,Taklamakan_lat38p50_lon82p50,2,897.4397893,208.75,0.163094466,4254622.144,0.227041067,28.75
Taklamakan,38.5,82.5,Taklamakan_lat38p50_lon82p50,3,1801.983335,193.75,0.034389631,897117.4069,0.200408806,13.75
Taklamakan,38.5,82.5,Taklamakan_lat38p50_lon82p50,4,2409.32123,193.75,0.007211454,188124.1794,0.218768339,13.75
Taklamakan,38.5,82.5,Taklamakan_lat38p50_lon82p50,5,3618.230411,228.75,0.001470188,38352.57702,0.716475425,48.75
Taklamakan,38.5,82.5,Taklamakan_lat38p50_lon82p50,6,7265.101213,228.75,0.000252328,6582.432841,0.887135077,48.75
Taklamakan,38.5,82.75,Taklamakan_lat38p50_lon82p75,1,41.29329946,98.75,1,31767690.57,0.899082497,-81.25
Taklamakan,38.5,82.75,Taklamakan_lat38p50_lon82p75,2,532.0423875,206.25,0.167228052,5312448.998,0.354372289,26.25
Taklamakan,38.5,82.75,Taklamakan_lat38p50_lon82p75,3,1604.328118,208.75,0.032472574,1031578.668,0.213527147,28.75
Taklamakan,38.5,82.75,Taklamakan_lat38p50_lon82p75,4,2706.152597,208.75,0.008336523,264832.081,0.333656639,28.75
Taklamakan,38.5,82.75,Taklamakan_lat38p50_lon82p75,5,3618.230411,193.75,0.000740911,23537.0451,0.312786866,13.75
Taklamakan,38.5,82.75,Taklamakan_lat38p50_lon82p75,6,5127.066427,226.25,0.000108329,3441.376059,0.54123924,46.25
Taklamakan,38.5,82.75,Taklamakan_lat38p50_lon82p75,7,7265.101213,181.25,3.50E-05,1111.368538,0.881150963,1.25
Taklamakan,38.5,83,Taklamakan_lat38p50_lon83p00,1,73.81888146,91.25,1,34191419.44,0.909759719,-88.75
Taklamakan,38.5,83,Taklamakan_lat38p50_lon83p00,2,671.2145829,203.75,0.103584434,3541698.813,0.282462184,23.75
Taklamakan,38.5,83,Taklamakan_lat38p50_lon83p00,3,1513.785733,206.25,0.036205108,1237904.036,0.368125311,26.25
Taklamakan,38.5,83,Taklamakan_lat38p50_lon83p00,4,3039.553957,198.75,0.012166654,415995.1847,0.822010015,18.75
Taklamakan,38.5,83,Taklamakan_lat38p50_lon83p00,5,5127.066427,133.75,0.000121414,4151.300765,0.406892314,-46.25
Taklamakan,38.5,83,Taklamakan_lat38p50_lon83p00,6,7265.101213,193.75,4.31E-05,1473.466284,0.777981272,13.75
Taklamakan,38.5,83.25,Taklamakan_lat38p50_lon83p25,1,65.72186596,233.75,1,21381670.96,0.913266062,53.75
Taklamakan,38.5,83.25,Taklamakan_lat38p50_lon83p25,2,1132.193013,198.75,0.089592513,1915637.632,0.278030657,18.75
Taklamakan,38.5,83.25,Taklamakan_lat38p50_lon83p25,3,1909.763363,203.75,0.031407156,671537.4708,0.309835919,23.75
Taklamakan,38.5,83.25,Taklamakan_lat38p50_lon83p25,4,2868.012698,203.75,0.005593438,119597.0483,0.565771208,23.75
Taklamakan,38.5,83.25,Taklamakan_lat38p50_lon83p25,5,4564.690847,188.75,0.000455996,9749.954917,0.714883333,8.75
Taklamakan,38.5,83.25,Taklamakan_lat38p50_lon83p25,6,7265.101213,193.75,7.93E-05,1695.842949,0.79100974,13.75
Taklamakan,38.5,83.75,Taklamakan_lat38p50_lon83p75,1,69.65281496,238.75,1,19878100.32,0.913556476,58.75
Taklamakan,38.5,83.75,Taklamakan_lat38p50_lon83p75,2,597.5906703,208.75,0.395756647,7866890.325,0.540566351,28.75
Taklamakan,38.5,83.75,Taklamakan_lat38p50_lon83p75,3,799.0017781,208.75,0.313653264,6234831.047,0.219700946,28.75
Taklamakan,38.5,83.75,Taklamakan_lat38p50_lon83p75,4,1271.680598,203.75,0.328106881,6522141.501,0.481245913,23.75
Taklamakan,38.5,83.75,Taklamakan_lat38p50_lon83p75,5,3618.230411,231.25,0.0006971,13857.02209,0.382833071,51.25
Taklamakan,38.5,83.75,Taklamakan_lat38p50_lon83p75,6,6103.167745,218.75,6.66E-05,1323.967411,0.526120481,38.75
Taklamakan,38.5,83.75,Taklamakan_lat38p50_lon83p75,7,8648.245934,246.25,2.51E-05,498.4312334,0.733444175,66.25
Taklamakan,38.5,84,Taklamakan_lat38p50_lon84p00,1,69.65281496,241.25,1,28747566.94,0.935965315,61.25
Taklamakan,38.5,84,Taklamakan_lat38p50_lon84p00,2,210.0320805,223.75,0.268181673,7709570.597,0.211255956,43.75
Taklamakan,38.5,84,Taklamakan_lat38p50_lon84p00,3,421.7266867,226.25,0.242778072,6979278.869,0.236427292,46.25
Taklamakan,38.5,84,Taklamakan_lat38p50_lon84p00,4,897.4397893,206.25,0.222940188,6408987.97,0.442017325,26.25
Taklamakan,38.5,84,Taklamakan_lat38p50_lon84p00,5,1604.328118,201.25,0.072034662,2070821.259,0.364814644,21.25
Taklamakan,38.5,84,Taklamakan_lat38p50_lon84p00,6,3618.230411,201.25,0.001437705,41330.51458,0.58100092,21.25
Taklamakan,38.5,84,Taklamakan_lat38p50_lon84p00,7,5127.066427,226.25,0.000266548,7662.607748,0.772373076,46.25
Taklamakan,38.5,84,Taklamakan_lat38p50_lon84p00,8,7265.101213,166.25,0.000107463,3089.290435,1,-13.75
Taklamakan,38.5,84.25,Taklamakan_lat38p50_lon84p25,1,69.65281496,241.25,1,27755519.14,0.929342668,61.25
Taklamakan,38.5,84.25,Taklamakan_lat38p50_lon84p25,2,210.0320805,231.25,0.349727074,9706856.504,0.359759074,51.25
Taklamakan,38.5,84.25,Taklamakan_lat38p50_lon84p25,3,597.5906703,213.75,0.303621997,8427186.147,0.265244677,33.75
Taklamakan,38.5,84.25,Taklamakan_lat38p50_lon84p25,4,1132.193013,193.75,0.21710898,6025972.449,0.225833637,13.75
Taklamakan,38.5,84.25,Taklamakan_lat38p50_lon84p25,5,1513.785733,196.25,0.195337793,5421701.841,0.330962688,16.25
Taklamakan,38.5,84.25,Taklamakan_lat38p50_lon84p25,6,2023.989919,191.25,0.041938568,1164026.732,0.478932335,11.25
Taklamakan,38.5,84.25,Taklamakan_lat38p50_lon84p25,7,4564.690847,171.25,0.000236614,6567.334319,0.407226995,-8.75
Taklamakan,38.5,84.25,Taklamakan_lat38p50_lon84p25,8,7265.101213,231.25,0.000144366,4006.952519,1,51.25
Taklamakan,38.5,84.5,Taklamakan_lat38p50_lon84p50,1,73.81888146,251.25,1,30549874.18,0.95174386,71.25
Taklamakan,38.5,84.5,Taklamakan_lat38p50_lon84p50,2,250.0184145,226.25,0.527974415,16129551.93,0.573185946,46.25
Taklamakan,38.5,84.5,Taklamakan_lat38p50_lon84p50,3,1008.005486,196.25,0.135840827,4149920.166,0.268188821,16.25
Taklamakan,38.5,84.5,Taklamakan_lat38p50_lon84p50,4,1604.328118,186.25,0.098033744,2994918.555,0.45582382,6.25
Taklamakan,38.5,84.5,Taklamakan_lat38p50_lon84p50,5,3414.030779,261.25,0.000670474,20482.90549,0.349450411,81.25
Taklamakan,38.5,84.5,Taklamakan_lat38p50_lon84p50,6,4564.690847,258.75,0.000100504,3070.384309,0.265393615,78.75
Taklamakan,38.5,84.5,Taklamakan_lat38p50_lon84p50,7,7265.101213,231.25,4.57E-05,1397.367566,0.931386322,51.25
Taklamakan,38.5,84.75,Taklamakan_lat38p50_lon84p75,1,73.81888146,258.75,1,42434232.26,0.955882816,78.75
Taklamakan,38.5,84.75,Taklamakan_lat38p50_lon84p75,2,222.5944962,238.75,0.936682236,39747391.57,0.744198657,58.75
Taklamakan,38.5,84.75,Taklamakan_lat38p50_lon84p75,3,753.9090529,181.25,0.317972984,13492939.45,0.274990649,1.25
Taklamakan,38.5,84.75,Taklamakan_lat38p50_lon84p75,4,1909.763363,181.25,0.041948193,1780039.379,0.549001944,1.25
Taklamakan,38.5,84.75,Taklamakan_lat38p50_lon84p75,5,2553.427285,181.25,0.019615733,832378.5779,0.714676742,1.25
Taklamakan,38.5,84.75,Taklamakan_lat38p50_lon84p75,6,3834.64361,181.25,0.003235259,137285.7109,0.678521013,1.25
Taklamakan,38.5,84.75,Taklamakan_lat38p50_lon84p75,7,5758.727378,181.25,0.001469618,62362.10612,0.969257363,1.25
Taklamakan,38.5,84.75,Taklamakan_lat38p50_lon84p75,8,7699.640646,181.25,0.001097868,46587.19237,0.993613444,1.25
Taklamakan,38.5,85,Taklamakan_lat38p50_lon85p00,1,65.72186596,241.25,1,38097855.4,0.942594187,61.25
Taklamakan,38.5,85,Taklamakan_lat38p50_lon85p00,2,473.6839381,148.75,0.149425298,5692783.412,0.555052551,-31.25
Taklamakan,38.5,85,Taklamakan_lat38p50_lon85p00,3,671.2145829,143.75,0.143529235,5468156.03,0.308813578,-36.25
Taklamakan,38.5,85,Taklamakan_lat38p50_lon85p00,4,1271.680598,158.75,0.056925569,2168742.105,0.279755092,-21.25
Taklamakan,38.5,85,Taklamakan_lat38p50_lon85p00,5,3221.355423,186.25,0.001012391,38569.93077,0.339656695,6.25
Taklamakan,38.5,85,Taklamakan_lat38p50_lon85p00,6,7265.101213,91.25,4.81E-05,1832.911877,0.744215212,-88.75
Taklamakan,38.5,85.25,Taklamakan_lat38p50_lon85p25,1,73.81888146,253.75,1,68115081.41,0.956555504,73.75
Taklamakan,38.5,85.25,Taklamakan_lat38p50_lon85p25,2,473.6839381,143.75,0.071269007,4854494.212,0.304037955,-36.25
Taklamakan,38.5,85.25,Taklamakan_lat38p50_lon85p25,3,1347.742218,188.75,0.013701296,933264.8706,0.360944513,8.75
Taklamakan,38.5,85.25,Taklamakan_lat38p50_lon85p25,4,4064.000891,258.75,0.00032918,22422.10617,0.644201075,78.75
Taklamakan,38.5,85.25,Taklamakan_lat38p50_lon85p25,5,7265.101213,181.25,8.22E-05,5598.683615,0.962333811,1.25
Taklamakan,38.5,85.5,Taklamakan_lat38p50_lon85p50,1,82.91345931,251.25,1,15010313.09,0.956906041,71.25
Taklamakan,38.5,85.5,Taklamakan_lat38p50_lon85p50,2,473.6839381,248.75,0.594564228,8924595.22,0.30780068,68.75
Taklamakan,38.5,85.5,Taklamakan_lat38p50_lon85p50,3,4064.000891,153.75,0.001707715,25633.33849,0.605062707,-26.25
Taklamakan,38.5,85.5,Taklamakan_lat38p50_lon85p50,4,7265.101213,181.25,0.000344872,5176.62947,0.738070289,1.25
Taklamakan,38.5,85.75,Taklamakan_lat38p50_lon85p75,1,58.51299261,171.25,1,33154846.85,0.979646586,-8.75
Taklamakan,38.5,85.75,Taklamakan_lat38p50_lon85p75,2,473.6839381,223.75,0.854053752,28316021.33,0.427377361,43.75
Taklamakan,38.5,85.75,Taklamakan_lat38p50_lon85p75,3,2553.427285,248.75,0.014411274,477803.571,0.556346142,68.75
Taklamakan,38.5,85.75,Taklamakan_lat38p50_lon85p75,4,6855.085589,251.25,0.001187895,39384.46464,0.969251153,71.25
Taklamakan,38.75,78.5,Taklamakan_lat38p75_lon78p50,1,65.72186596,241.25,1,178661131,0.944797728,61.25
Taklamakan,38.75,78.5,Taklamakan_lat38p75_lon78p50,2,711.3611955,91.25,0.041580643,7428844.774,0.472899751,-88.75
Taklamakan,38.75,78.5,Taklamakan_lat38p75_lon78p50,3,951.1173591,91.25,0.022521,4023627.342,0.43691684,-88.75
Taklamakan,38.75,78.5,Taklamakan_lat38p75_lon78p50,4,2409.32123,91.25,0.000971847,173631.3053,0.963032089,-88.75
Taklamakan,38.75,78.5,Taklamakan_lat38p75_lon78p50,5,4064.000891,91.25,0.000360186,64351.28872,0.994912638,-88.75
Taklamakan,38.75,78.5,Taklamakan_lat38p75_lon78p50,6,5758.727378,91.25,0.000122282,21846.96271,0.993025239,-88.75
Taklamakan,38.75,78.5,Taklamakan_lat38p75_lon78p50,7,8648.245934,113.75,3.07E-05,5493.238317,1,-66.25
Taklamakan,38.75,79.5,Taklamakan_lat38p75_lon79p50,1,41.29329946,266.25,1,12262813.22,0.885478814,86.25
Taklamakan,38.75,79.5,Taklamakan_lat38p75_lon79p50,2,563.8648481,91.25,0.130534505,1600720.251,0.36878531,-88.75
Taklamakan,38.75,79.5,Taklamakan_lat38p75_lon79p50,3,799.0017781,91.25,0.109285637,1340149.351,0.262750744,-88.75
Taklamakan,38.75,79.5,Taklamakan_lat38p75_lon79p50,4,1513.785733,91.25,0.032706885,401078.4184,0.370552696,-88.75
Taklamakan,38.75,79.5,Taklamakan_lat38p75_lon79p50,5,2868.012698,91.25,0.004710568,57764.81087,0.519437913,-88.75
Taklamakan,38.75,79.5,Taklamakan_lat38p75_lon79p50,6,4064.000891,91.25,0.001927775,23639.94852,0.79268294,-88.75
Taklamakan,38.75,79.5,Taklamakan_lat38p75_lon79p50,7,5758.727378,91.25,0.000518337,6356.268469,0.985940941,-88.75
Taklamakan,38.75,79.5,Taklamakan_lat38p75_lon79p50,8,9165.513867,91.25,8.01E-05,982.7869002,1,-88.75
Taklamakan,38.75,79.75,Taklamakan_lat38p75_lon79p75,1,41.29329946,261.25,1,41245868.95,0.882617859,81.25
Taklamakan,38.75,79.75,Taklamakan_lat38p75_lon79p75,2,532.0423875,91.25,0.061461975,2535052.576,0.511877632,-88.75
Taklamakan,38.75,79.75,Taklamakan_lat38p75_lon79p75,3,1513.785733,91.25,0.007396654,305081.4354,0.224723415,-88.75
Taklamakan,38.75,79.75,Taklamakan_lat38p75_lon79p75,4,2553.427285,91.25,0.001557928,64258.11123,0.652647651,-88.75
Taklamakan,38.75,79.75,Taklamakan_lat38p75_lon79p75,5,3414.030779,91.25,0.000560038,23099.24512,0.80664246,-88.75
Taklamakan,38.75,79.75,Taklamakan_lat38p75_lon79p75,6,4564.690847,91.25,0.00046656,19243.68676,0.883515114,-88.75
Taklamakan,38.75,79.75,Taklamakan_lat38p75_lon79p75,7,6855.085589,91.25,0.000223896,9234.793232,1,-88.75
Taklamakan,38.75,81.25,Taklamakan_lat38p75_lon81p25,1,41.29329946,96.25,1,88907118.52,0.898591138,-83.75
Taklamakan,38.75,81.25,Taklamakan_lat38p75_lon81p25,2,753.9090529,203.75,0.022118895,1966527.253,0.464400708,23.75
Taklamakan,38.75,81.25,Taklamakan_lat38p75_lon81p25,3,1428.353227,91.25,0.004179654,371600.9999,0.281606164,-88.75
Taklamakan,38.75,81.25,Taklamakan_lat38p75_lon81p25,4,2553.427285,91.25,0.000226537,20140.74209,0.629991543,-88.75
Taklamakan,38.75,81.25,Taklamakan_lat38p75_lon81p25,5,3414.030779,91.25,7.13E-05,6338.046457,0.644453398,-88.75
Taklamakan,38.75,81.25,Taklamakan_lat38p75_lon81p25,6,4564.690847,91.25,5.07E-05,4508.749399,0.861229896,-88.75
Taklamakan,38.75,81.25,Taklamakan_lat38p75_lon81p25,7,6855.085589,91.25,1.31E-05,1161.400446,1,-88.75
Taklamakan,38.75,81.25,Taklamakan_lat38p75_lon81p25,8,9165.513867,91.25,3.86E-06,343.6079873,1,-88.75
Taklamakan,38.75,81.5,Taklamakan_lat38p75_lon81p50,1,41.29329946,96.25,1,65261400.5,0.877138367,-83.75
Taklamakan,38.75,81.5,Taklamakan_lat38p75_lon81p50,2,633.3336976,91.25,0.034512224,2252316.05,0.391331258,-88.75
Taklamakan,38.75,81.5,Taklamakan_lat38p75_lon81p50,3,2023.989919,91.25,0.001645942,107416.4581,0.336641851,-88.75
Taklamakan,38.75,81.5,Taklamakan_lat38p75_lon81p50,4,3414.030779,91.25,0.000279581,18245.84141,0.637145484,-88.75
Taklamakan,38.75,81.5,Taklamakan_lat38p75_lon81p50,5,4564.690847,91.25,0.000211141,13779.35404,0.846372848,-88.75
Taklamakan,38.75,81.5,Taklamakan_lat38p75_lon81p50,6,6855.085589,91.25,5.24E-05,3420.88994,1,-88.75
Taklamakan,38.75,81.5,Taklamakan_lat38p75_lon81p50,7,9165.513867,91.25,1.19E-05,775.0890475,1,-88.75
Taklamakan,38.75,82.25,Taklamakan_lat38p75_lon82p25,1,62.01276528,216.25,1,18028190.98,0.890614925,36.25
Taklamakan,38.75,82.25,Taklamakan_lat38p75_lon82p25,2,597.5906703,181.25,0.92352117,16649416.02,0.463306341,1.25
Taklamakan,38.75,82.25,Taklamakan_lat38p75_lon82p25,3,951.1173591,208.75,0.674986125,12168778.77,0.297080272,28.75
Taklamakan,38.75,82.25,Taklamakan_lat38p75_lon82p25,4,1604.328118,208.75,0.134358045,2422232.488,0.209687275,28.75
Taklamakan,38.75,82.25,Taklamakan_lat38p75_lon82p25,5,4307.076464,218.75,0.003087708,55665.7971,0.423370452,38.75
Taklamakan,38.75,82.25,Taklamakan_lat38p75_lon82p25,6,5758.727378,91.25,0.000890336,16051.14389,0.279726521,-88.75
Taklamakan,38.75,82.25,Taklamakan_lat38p75_lon82p25,7,8648.245934,113.75,6.17E-05,1112.059652,1,-66.25
Taklamakan,38.75,82.5,Taklamakan_lat38p75_lon82p50,1,62.01276528,93.75,1,27157749.79,0.900625566,-86.25
Taklamakan,38.75,82.5,Taklamakan_lat38p75_lon82p50,2,799.0017781,221.25,0.148954323,4045264.231,0.362615794,41.25
Taklamakan,38.75,82.5,Taklamakan_lat38p75_lon82p50,3,1132.193013,203.75,0.17794198,4832503.782,0.55330509,23.75
Taklamakan,38.75,82.5,Taklamakan_lat38p75_lon82p50,4,2023.989919,181.25,0.011926632,323900.5004,0.251253787,1.25
Taklamakan,38.75,82.5,Taklamakan_lat38p75_lon82p50,5,3039.553957,213.75,0.002763592,75052.9392,0.368857955,33.75
Taklamakan,38.75,82.5,Taklamakan_lat38p75_lon82p50,6,4064.000891,91.25,0.000725315,19697.9243,0.621239835,-88.75
Taklamakan,38.75,82.5,Taklamakan_lat38p75_lon82p50,7,5433.725959,181.25,0.000196144,5326.8273,0.896232368,1.25
Taklamakan,38.75,82.5,Taklamakan_lat38p75_lon82p50,8,9165.513867,91.25,3.25E-05,881.5447218,1,-88.75
Taklamakan,38.75,82.75,Taklamakan_lat38p75_lon82p75,1,62.01276528,93.75,1,26540440.47,0.904225852,-86.25
Taklamakan,38.75,82.75,Taklamakan_lat38p75_lon82p75,2,671.2145829,208.75,0.165685524,4397366.782,0.414365765,28.75
Taklamakan,38.75,82.75,Taklamakan_lat38p75_lon82p75,3,1199.911617,203.75,0.078060877,2071770.061,0.32543615,23.75
Taklamakan,38.75,82.75,Taklamakan_lat38p75_lon82p75,4,1909.763363,198.75,0.02753725,730850.732,0.46639267,18.75
Taklamakan,38.75,82.75,Taklamakan_lat38p75_lon82p75,5,2553.427285,201.25,0.00667583,177179.4658,0.440748014,21.25
Taklamakan,38.75,82.75,Taklamakan_lat38p75_lon82p75,6,3618.230411,91.25,0.001062938,28210.85287,0.412363635,-88.75
Taklamakan,38.75,82.75,Taklamakan_lat38p75_lon82p75,7,5127.066427,226.25,0.000231787,6151.719329,0.755987708,46.25
Taklamakan,38.75,82.75,Taklamakan_lat38p75_lon82p75,8,7265.101213,181.25,0.000148376,3937.958729,0.746438229,1.25
Taklamakan,38.75,83,Taklamakan_lat38p75_lon83p00,1,62.01276528,96.25,1,30173171.34,0.902787697,-83.75
Taklamakan,38.75,83,Taklamakan_lat38p75_lon83p00,2,753.9090529,213.75,0.225974773,6818375.53,0.375033242,33.75
Taklamakan,38.75,83,Taklamakan_lat38p75_lon83p00,3,1428.353227,193.75,0.050856145,1534491.171,0.233110532,13.75
Taklamakan,38.75,83,Taklamakan_lat38p75_lon83p00,4,2409.32123,211.25,0.013239416,399475.1719,0.32959756,31.25
Taklamakan,38.75,83,Taklamakan_lat38p75_lon83p00,5,4064.000891,206.25,0.001812427,54686.66707,0.58572963,26.25
Taklamakan,38.75,83,Taklamakan_lat38p75_lon83p00,6,5758.727378,91.25,0.00033952,10244.38262,0.612524028,-88.75
Taklamakan,38.75,83,Taklamakan_lat38p75_lon83p00,7,9165.513867,91.25,7.46E-05,2252.374799,1,-88.75
Taklamakan,38.75,84.5,Taklamakan_lat38p75_lon84p50,1,69.65281496,91.25,1,21017374.58,0.925784921,-88.75
Taklamakan,38.75,84.5,Taklamakan_lat38p75_lon84p50,2,421.7266867,91.25,0.53009269,11141156.63,0.538165617,-88.75
Taklamakan,38.75,84.5,Taklamakan_lat38p75_lon84p50,3,671.2145829,91.25,0.462407275,9718586.918,0.309519971,-88.75
Taklamakan,38.75,84.5,Taklamakan_lat38p75_lon84p50,4,951.1173591,91.25,0.348178034,7317788.16,0.273866751,-88.75
Taklamakan,38.75,84.5,Taklamakan_lat38p75_lon84p50,5,1909.763363,91.25,0.088504516,1860132.562,0.432434848,-88.75
Taklamakan,38.75,84.5,Taklamakan_lat38p75_lon84p50,6,2868.012698,186.25,0.027770979,583673.0671,0.637203845,6.25
Taklamakan,38.75,84.5,Taklamakan_lat38p75_lon84p50,7,4064.000891,91.25,0.004097208,86112.55349,0.819580634,-88.75
Taklamakan,38.75,84.5,Taklamakan_lat38p75_lon84p50,8,5758.727378,91.25,0.002121391,44586.07262,0.956662762,-88.75
Taklamakan,38.75,84.5,Taklamakan_lat38p75_lon84p50,9,8648.245934,246.25,0.000391389,8225.961838,1,66.25
Taklamakan,39,78,Taklamakan_lat39p00_lon78p00,1,250.0184145,181.25,0.982435401,23140406.69,0.277093732,1.25
Taklamakan,39,78,Taklamakan_lat39p00_lon78p00,2,446.9509568,193.75,1,23554125.47,0.976332609,13.75
Taklamakan,39,78,Taklamakan_lat39p00_lon78p00,3,3221.355423,193.75,0.022566349,531530.6106,0.707792915,13.75
Taklamakan,39,78,Taklamakan_lat39p00_lon78p00,4,4564.690847,181.25,0.003696004,87056.13504,0.470291655,1.25
Taklamakan,39,78,Taklamakan_lat39p00_lon78p00,5,7265.101213,193.75,0.001017402,23964.00967,1,13.75
Taklamakan,39,78.25,Taklamakan_lat39p00_lon78p25,1,62.01276528,246.25,1,50134815.67,0.952710003,66.25
Taklamakan,39,78.25,Taklamakan_lat39p00_lon78p25,2,354.2784382,186.25,0.358257576,17961177.53,0.263158791,6.25
Taklamakan,39,78.25,Taklamakan_lat39p00_lon78p25,3,951.1173591,186.25,0.147105079,7375085.997,0.275531995,6.25
Taklamakan,39,78.25,Taklamakan_lat39p00_lon78p25,4,1909.763363,183.75,0.037657838,1887968.761,0.572144187,3.75
Taklamakan,39,78.25,Taklamakan_lat39p00_lon78p25,5,2553.427285,181.25,0.009183551,460415.6377,0.39214734,1.25
Taklamakan,39,78.25,Taklamakan_lat39p00_lon78p25,6,3618.230411,171.25,0.002782034,139476.743,0.728816767,-8.75
Taklamakan,39,78.25,Taklamakan_lat39p00_lon78p25,7,5127.066427,158.75,0.000258179,12943.75587,0.80241526,-21.25
Taklamakan,39,78.25,Taklamakan_lat39p00_lon78p25,8,7265.101213,193.75,8.64E-05,4332.081129,0.77261632,13.75
Taklamakan,39,78.5,Taklamakan_lat39p00_lon78p50,1,65.72186596,246.25,1,81035298.45,0.948859791,66.25
Taklamakan,39,78.5,Taklamakan_lat39p00_lon78p50,2,597.5906703,191.25,0.014230335,1153159.412,0.232030279,11.25
Taklamakan,39,78.5,Taklamakan_lat39p00_lon78p50,3,1428.353227,183.75,0.010572389,856736.7267,0.485757973,3.75
Taklamakan,39,78.5,Taklamakan_lat39p00_lon78p50,4,2273.34799,183.75,0.001142511,92583.7108,0.784993707,3.75
Taklamakan,39,78.5,Taklamakan_lat39p00_lon78p50,5,3221.355423,181.25,0.000289163,23432.44736,0.622705701,1.25
Taklamakan,39,78.5,Taklamakan_lat39p00_lon78p50,6,4307.076464,188.75,0.000117509,9522.403724,0.82705524,8.75
Taklamakan,39,78.5,Taklamakan_lat39p00_lon78p50,7,7265.101213,193.75,4.42E-05,3584.959206,0.97960454,13.75
Taklamakan,39,79,Taklamakan_lat39p00_lon79p00,1,104.6020474,256.25,1,74607570.35,0.969732948,76.25
Taklamakan,39,79,Taklamakan_lat39p00_lon79p00,2,897.4397893,91.25,0.023848412,1779272.099,0.455306213,-88.75
Taklamakan,39,79,Taklamakan_lat39p00_lon79p00,3,4064.000891,136.25,1.81E-05,1350.375197,0.463364948,-43.75
Taklamakan,39,79,Taklamakan_lat39p00_lon79p00,4,7265.101213,181.25,2.22E-05,1657.290257,0.97240537,1.25
Taklamakan,39,79.25,Taklamakan_lat39p00_lon79p25,1,87.87267,248.75,1,74294700.15,0.946219437,68.75
Taklamakan,39,79.25,Taklamakan_lat39p00_lon79p25,2,597.5906703,91.25,0.028026356,2082209.706,0.367300738,-88.75
Taklamakan,39,79.25,Taklamakan_lat39p00_lon79p25,3,1068.296199,103.75,0.012927275,960428.0268,0.297577657,-76.25
Taklamakan,39,79.25,Taklamakan_lat39p00_lon79p25,4,3039.553957,131.25,3.60E-05,2672.379275,0.292731329,-48.75
Taklamakan,39,79.25,Taklamakan_lat39p00_lon79p25,5,4307.076464,163.75,1.08E-05,800.1928158,0.603145938,-16.25
Taklamakan,39,79.25,Taklamakan_lat39p00_lon79p25,6,7265.101213,181.25,1.54E-05,1141.358555,0.984974708,1.25
Taklamakan,39,79.5,Taklamakan_lat39p00_lon79p50,1,58.51299261,258.75,1,91624781.09,0.919186008,78.75
Taklamakan,39,79.5,Taklamakan_lat39p00_lon79p50,2,2553.427285,201.25,6.56E-05,6014.09558,0.322339109,21.25
Taklamakan,39,79.5,Taklamakan_lat39p00_lon79p50,3,4307.076464,188.75,6.54E-06,598.9498402,0.854970768,8.75
Taklamakan,39,79.5,Taklamakan_lat39p00_lon79p50,4,7265.101213,181.25,1.14E-05,1042.112419,0.97327052,1.25
Taklamakan,39,80,Taklamakan_lat39p00_lon80p00,1,41.29329946,93.75,1,168713694.8,0.908347586,-86.25
Taklamakan,39,80,Taklamakan_lat39p00_lon80p00,2,753.9090529,126.25,0.011343711,1913839.376,0.309441146,-53.75
Taklamakan,39,80,Taklamakan_lat39p00_lon80p00,3,2706.152597,208.75,2.76E-05,4664.029106,0.214452014,28.75
Taklamakan,39,80,Taklamakan_lat39p00_lon80p00,4,4307.076464,181.25,1.15E-05,1934.374256,0.760316731,1.25
Taklamakan,39,80,Taklamakan_lat39p00_lon80p00,5,6468.209741,208.75,3.17E-06,534.5866955,1,28.75
Taklamakan,39,80,Taklamakan_lat39p00_lon80p00,6,9165.513867,91.25,3.04E-06,512.7190779,1,-88.75
Taklamakan,39,80.25,Taklamakan_lat39p00_lon80p25,1,41.29329946,93.75,1,135769409.2,0.903927446,-86.25
Taklamakan,39,80.25,Taklamakan_lat39p00_lon80p25,2,597.5906703,111.25,0.036494804,4954878.028,0.733193091,-68.75
Taklamakan,39,80.25,Taklamakan_lat39p00_lon80p25,3,1428.353227,93.75,0.004947841,671765.397,0.344207449,-86.25
Taklamakan,39,80.25,Taklamakan_lat39p00_lon80p25,4,5433.725959,91.25,1.39E-05,1891.397976,0.630129112,-88.75
Taklamakan,39,80.25,Taklamakan_lat39p00_lon80p25,5,7265.101213,181.25,1.82E-05,2467.26782,1,1.25
Taklamakan,39,80.5,Taklamakan_lat39p00_lon80p50,1,46.38068523,261.25,1,159613231.1,0.909068453,81.25
Taklamakan,39,80.5,Taklamakan_lat39p00_lon80p50,2,711.3611955,196.25,0.009213167,1470543.303,0.542156411,16.25
Taklamakan,39,80.5,Taklamakan_lat39p00_lon80p50,3,3039.553957,213.75,5.40E-05,8614.391997,0.335234982,33.75
Taklamakan,39,80.5,Taklamakan_lat39p00_lon80p50,4,4307.076464,218.75,3.75E-05,5993.0299,0.616310852,38.75
Taklamakan,39,80.5,Taklamakan_lat39p00_lon80p50,5,7265.101213,181.25,1.14E-05,1825.180659,1,1.25
Taklamakan,39,80.75,Taklamakan_lat39p00_lon80p75,1,41.29329946,98.75,1,73232546.74,0.911450965,-81.25
Taklamakan,39,80.75,Taklamakan_lat39p00_lon80p75,2,846.7915844,188.75,0.006589375,482556.6862,0.256036858,8.75
Taklamakan,39,80.75,Taklamakan_lat39p00_lon80p75,3,1199.911617,181.25,0.003003293,219938.821,0.382440159,1.25
Taklamakan,39,80.75,Taklamakan_lat39p00_lon80p75,4,3039.553957,186.25,3.84E-05,2815.506301,0.27738267,6.25
Taklamakan,39,80.75,Taklamakan_lat39p00_lon80p75,5,6855.085589,193.75,1.08E-05,791.1966669,1,13.75
Taklamakan,39,80.75,Taklamakan_lat39p00_lon80p75,6,9165.513867,91.25,4.16E-06,304.5339246,1,-88.75
Taklamakan,39,81,Taklamakan_lat39p00_lon81p00,1,52.09484324,98.75,1,54708237.61,0.914477461,-81.25
Taklamakan,39,81,Taklamakan_lat39p00_lon81p00,2,1801.983335,191.25,0.000984983,53886.69565,0.225622108,11.25
Taklamakan,39,81,Taklamakan_lat39p00_lon81p00,3,2409.32123,188.75,0.000536226,29336.00415,0.263503782,8.75
Taklamakan,39,81,Taklamakan_lat39p00_lon81p00,4,5433.725959,191.25,0.000214228,11720.0401,0.990768496,11.25
Taklamakan,39,81,Taklamakan_lat39p00_lon81p00,5,7265.101213,181.25,7.80E-05,4269.41619,1,1.25
Taklamakan,39,81.25,Taklamakan_lat39p00_lon81p25,1,41.29329946,96.25,1,99638120.17,0.901894019,-83.75
Taklamakan,39,81.25,Taklamakan_lat39p00_lon81p25,2,753.9090529,111.25,0.022211227,2213084.942,0.518296819,-68.75
Taklamakan,39,81.25,Taklamakan_lat39p00_lon81p25,3,3039.553957,186.25,2.44E-05,2426.251937,0.253850808,6.25
Taklamakan,39,81.25,Taklamakan_lat39p00_lon81p25,4,5433.725959,181.25,5.61E-06,559.4515918,0.943363451,1.25
Taklamakan,39,81.25,Taklamakan_lat39p00_lon81p25,5,7265.101213,181.25,6.09E-06,606.9187875,1,1.25
Taklamakan,39,81.5,Taklamakan_lat39p00_lon81p50,1,41.29329946,211.25,1,24389344.19,0.785055135,31.25
Taklamakan,39,81.5,Taklamakan_lat39p00_lon81p50,2,397.9259817,186.25,0.156074264,3806548.953,0.248781076,6.25
Taklamakan,39,81.5,Taklamakan_lat39p00_lon81p50,3,1068.296199,181.25,0.062995883,1536428.262,0.311486876,1.25
Taklamakan,39,81.5,Taklamakan_lat39p00_lon81p50,4,2409.32123,176.25,0.002251216,54905.67659,0.449205018,-3.75
Taklamakan,39,81.5,Taklamakan_lat39p00_lon81p50,5,3618.230411,211.25,0.000377584,9209.021411,0.389872352,31.25
Taklamakan,39,81.5,Taklamakan_lat39p00_lon81p50,6,5433.725959,191.25,3.35E-05,816.2727755,0.850215911,11.25
Taklamakan,39,81.5,Taklamakan_lat39p00_lon81p50,7,8648.245934,113.75,3.04E-05,741.2031952,1,-66.25
Taklamakan,39,82,Taklamakan_lat39p00_lon82p00,1,41.29329946,93.75,1,28380281.17,0.873828958,-86.25
Taklamakan,39,82,Taklamakan_lat39p00_lon82p00,2,315.4184887,206.25,0.124389531,3530209.868,0.266695242,26.25
Taklamakan,39,82,Taklamakan_lat39p00_lon82p00,3,597.5906703,216.25,0.112735351,3199460.947,0.252507753,36.25
Taklamakan,39,82,Taklamakan_lat39p00_lon82p00,4,1271.680598,201.25,0.034610217,982247.6894,0.243843735,21.25
Taklamakan,39,82,Taklamakan_lat39p00_lon82p00,5,1700.286015,191.25,0.017662245,501259.4828,0.262136976,11.25
Taklamakan,39,82,Taklamakan_lat39p00_lon82p00,6,4307.076464,196.25,0.001070626,30384.67199,0.699278731,16.25
Taklamakan,39,82,Taklamakan_lat39p00_lon82p00,7,7265.101213,193.75,0.00020048,5689.667314,1,13.75
Taklamakan,39,82.25,Taklamakan_lat39p00_lon82p25,1,41.29329946,268.75,1,11974611.11,0.877583936,88.75
Taklamakan,39,82.25,Taklamakan_lat39p00_lon82p25,2,671.2145829,206.25,0.339132694,4060982.12,0.356530122,26.25
Taklamakan,39,82.25,Taklamakan_lat39p00_lon82p25,3,951.1173591,196.25,0.298945033,3579750.518,0.283842913,16.25
Taklamakan,39,82.25,Taklamakan_lat39p00_lon82p25,4,1428.353227,193.75,0.125765352,1505991.181,0.276210928,13.75
Taklamakan,39,82.25,Taklamakan_lat39p00_lon82p25,5,2145.048581,193.75,0.037646492,450802.0987,0.497952968,13.75
Taklamakan,39,82.25,Taklamakan_lat39p00_lon82p25,6,3039.553957,186.25,0.011221174,134369.1978,0.627480495,6.25
Taklamakan,39,82.25,Taklamakan_lat39p00_lon82p25,7,4307.076464,181.25,0.002780379,33293.96273,0.981428724,1.25
Taklamakan,39,82.25,Taklamakan_lat39p00_lon82p25,8,7265.101213,181.25,0.000336522,4029.72244,1,1.25
Taklamakan,39,82.5,Taklamakan_lat39p00_lon82p50,1,62.01276528,101.25,1,26726223.22,0.896515129,-78.75
Taklamakan,39,82.5,Taklamakan_lat39p00_lon82p50,2,502.0158696,218.75,0.12691378,3391926.01,0.260806799,38.75
Taklamakan,39,82.5,Taklamakan_lat39p00_lon82p50,3,799.0017781,201.25,0.163256242,4363222.762,0.458056761,21.25
Taklamakan,39,82.5,Taklamakan_lat39p00_lon82p50,4,1068.296199,196.25,0.091267997,2439248.86,0.330657556,16.25
Taklamakan,39,82.5,Taklamakan_lat39p00_lon82p50,5,3039.553957,213.75,0.003012572,80514.66275,0.304172575,33.75
Taklamakan,39,82.5,Taklamakan_lat39p00_lon82p50,6,4064.000891,238.75,0.000313554,8380.109328,0.212306007,58.75
Taklamakan,39,82.5,Taklamakan_lat39p00_lon82p50,7,7265.101213,131.25,3.75E-05,1002.839535,0.714227039,-48.75
Taklamakan,39,82.75,Taklamakan_lat39p00_lon82p75,1,58.51299261,263.75,1,31328361.22,0.903936296,83.75
Taklamakan,39,82.75,Taklamakan_lat39p00_lon82p75,2,671.2145829,216.25,0.172758863,5412252.05,0.428960364,36.25
Taklamakan,39,82.75,Taklamakan_lat39p00_lon82p75,3,1068.296199,203.75,0.14778074,4629728.41,0.24343734,23.75
Taklamakan,39,82.75,Taklamakan_lat39p00_lon82p75,4,1513.785733,198.75,0.037416055,1172183.69,0.547758889,18.75
Taklamakan,39,82.75,Taklamakan_lat39p00_lon82p75,5,2553.427285,218.75,0.010655523,333820.0773,0.355708881,38.75
Taklamakan,39,82.75,Taklamakan_lat39p00_lon82p75,6,5127.066427,243.75,7.70E-05,2411.859529,0.788645515,63.75
Taklamakan,39,82.75,Taklamakan_lat39p00_lon82p75,7,7265.101213,228.75,0.000125766,3940.035521,0.932055091,48.75
Taklamakan,39,83,Taklamakan_lat39p00_lon83p00,1,41.29329946,91.25,1,31730067.47,0.90267395,-88.75
Taklamakan,39,83,Taklamakan_lat39p00_lon83p00,2,753.9090529,211.25,0.200675356,6367442.57,0.449701976,31.25
Taklamakan,39,83,Taklamakan_lat39p00_lon83p00,3,1008.005486,206.25,0.132868506,4215926.66,0.293469776,26.25
Taklamakan,39,83,Taklamakan_lat39p00_lon83p00,4,1909.763363,211.25,0.019834995,629365.7346,0.248687286,31.25
Taklamakan,39,83,Taklamakan_lat39p00_lon83p00,5,2706.152597,208.75,0.004766473,151240.5245,0.544500349,28.75
Taklamakan,39,83,Taklamakan_lat39p00_lon83p00,6,4307.076464,198.75,0.000958007,30397.61619,0.647778744,18.75
Taklamakan,39,83,Taklamakan_lat39p00_lon83p00,7,5758.727378,218.75,0.00025969,8239.987551,0.671758598,38.75
Taklamakan,39,83,Taklamakan_lat39p00_lon83p00,8,8648.245934,218.75,9.09E-05,2883.900032,1,38.75
Taklamakan,39,83.75,Taklamakan_lat39p00_lon83p75,1,69.65281496,233.75,1,19778702.97,0.922150456,53.75
Taklamakan,39,83.75,Taklamakan_lat39p00_lon83p75,2,473.6839381,201.25,0.2407776,4762268.643,0.220121529,21.25
Taklamakan,39,83.75,Taklamakan_lat39p00_lon83p75,3,846.7915844,203.75,0.145798645,2883708.098,0.261389793,23.75
Taklamakan,39,83.75,Taklamakan_lat39p00_lon83p75,4,1199.911617,203.75,0.071587164,1415901.258,0.217786127,23.75
Taklamakan,39,83.75,Taklamakan_lat39p00_lon83p75,5,1909.763363,203.75,0.033608423,664731.0209,0.577293418,23.75
Taklamakan,39,83.75,Taklamakan_lat39p00_lon83p75,6,2553.427285,206.25,0.007893751,156128.1603,0.248511274,26.25
Taklamakan,39,83.75,Taklamakan_lat39p00_lon83p75,7,4064.000891,206.25,0.000554428,10965.87425,0.362618286,26.25
Taklamakan,39,83.75,Taklamakan_lat39p00_lon83p75,8,5758.727378,181.25,0.000161633,3196.891589,0.438914685,1.25
Taklamakan,39,83.75,Taklamakan_lat39p00_lon83p75,9,8648.245934,218.75,2.88E-05,570.3500568,1,38.75
Taklamakan,39,84,Taklamakan_lat39p00_lon84p00,1,69.65281496,236.25,1,40456125.8,0.921552617,56.25
Taklamakan,39,84,Taklamakan_lat39p00_lon84p00,2,473.6839381,211.25,0.137910101,5579308.398,0.364001673,31.25
Taklamakan,39,84,Taklamakan_lat39p00_lon84p00,3,753.9090529,213.75,0.121073523,4898165.684,0.29752849,33.75
Taklamakan,39,84,Taklamakan_lat39p00_lon84p00,4,1068.296199,213.75,0.079335457,3209605.219,0.37704976,33.75
Taklamakan,39,84,Taklamakan_lat39p00_lon84p00,5,1700.286015,208.75,0.0690917,2795182.493,0.60319862,28.75
Taklamakan,39,84,Taklamakan_lat39p00_lon84p00,6,3221.355423,213.75,0.002306331,93305.19685,0.705532717,33.75
Taklamakan,39,84,Taklamakan_lat39p00_lon84p00,7,4307.076464,198.75,0.000358688,14511.12557,0.283763501,18.75
Taklamakan,39,84,Taklamakan_lat39p00_lon84p00,8,7265.101213,193.75,3.30E-05,1333.667022,1,13.75
Taklamakan,39,84.5,Taklamakan_lat39p00_lon84p50,1,73.81888146,248.75,1,30682918.38,0.910380428,68.75
Taklamakan,39,84.5,Taklamakan_lat39p00_lon84p50,2,473.6839381,188.75,0.180192176,5528821.82,0.553938246,8.75
Taklamakan,39,84.5,Taklamakan_lat39p00_lon84p50,3,1008.005486,108.75,0.138882338,4261315.453,0.374164895,-71.25
Taklamakan,39,84.5,Taklamakan_lat39p00_lon84p50,4,2409.32123,193.75,0.018683968,573278.6683,0.368452561,13.75
Taklamakan,39,84.5,Taklamakan_lat39p00_lon84p50,5,3618.230411,228.75,0.001152534,35363.10097,0.606829792,48.75
Taklamakan,39,84.5,Taklamakan_lat39p00_lon84p50,6,5127.066427,226.25,0.000115282,3537.184501,0.648362788,46.25
Taklamakan,39,84.5,Taklamakan_lat39p00_lon84p50,7,7265.101213,181.25,8.00E-05,2453.41017,0.953275421,1.25
Taklamakan,39,85,Taklamakan_lat39p00_lon85p00,1,78.23412826,266.25,1,60462693.98,0.948831502,86.25
Taklamakan,39,85,Taklamakan_lat39p00_lon85p00,2,597.5906703,203.75,0.092797893,5610810.604,0.402900012,23.75
Taklamakan,39,85,Taklamakan_lat39p00_lon85p00,3,1132.193013,101.25,0.048674524,2942992.875,0.248271654,-78.75
Taklamakan,39,85,Taklamakan_lat39p00_lon85p00,4,2023.989919,176.25,0.020754426,1254868.519,0.44380384,-3.75
Taklamakan,39,85,Taklamakan_lat39p00_lon85p00,5,2706.152597,191.25,0.00382262,231125.9114,0.613931396,11.25
Taklamakan,39,85,Taklamakan_lat39p00_lon85p00,6,3618.230411,173.75,0.000705229,42640.06762,0.362957187,-6.25
Taklamakan,39,85,Taklamakan_lat39p00_lon85p00,7,5127.066427,243.75,7.98E-05,4824.932949,0.6313225,63.75
Taklamakan,39,85,Taklamakan_lat39p00_lon85p00,8,7265.101213,181.25,8.47E-05,5122.983295,0.984944464,1.25
Taklamakan,39,85.25,Taklamakan_lat39p00_lon85p25,1,78.23412826,248.75,1,45920489.15,0.96383904,68.75
Taklamakan,39,85.25,Taklamakan_lat39p00_lon85p25,2,563.8648481,178.75,0.097078588,4457896.236,0.294737622,-1.25
Taklamakan,39,85.25,Taklamakan_lat39p00_lon85p25,3,2023.989919,91.25,0.008987209,412697.0258,0.308585097,-88.75
Taklamakan,39,85.25,Taklamakan_lat39p00_lon85p25,4,2706.152597,186.25,0.003333572,153079.2693,0.269566681,6.25
Taklamakan,39,85.25,Taklamakan_lat39p00_lon85p25,5,4064.000891,258.75,0.00047348,21742.42527,0.454927837,78.75
Taklamakan,39,85.25,Taklamakan_lat39p00_lon85p25,6,5433.725959,256.25,0.000108672,4990.283633,0.954143187,76.25
Taklamakan,39,85.25,Taklamakan_lat39p00_lon85p25,7,8648.245934,246.25,5.84E-06,268.0736618,1,66.25
Taklamakan,39,85.5,Taklamakan_lat39p00_lon85p50,1,87.87267,246.25,1,65540029.25,0.95947836,66.25
Taklamakan,39,85.5,Taklamakan_lat39p00_lon85p50,2,597.5906703,111.25,0.083524261,5474182.478,0.216988386,-68.75
Taklamakan,39,85.5,Taklamakan_lat39p00_lon85p50,3,2145.048581,176.25,0.011805274,773718.007,0.488002022,-3.75
Taklamakan,39,85.5,Taklamakan_lat39p00_lon85p50,4,3039.553957,161.25,0.001377845,90304.02256,0.311040836,-18.75
Taklamakan,39,85.5,Taklamakan_lat39p00_lon85p50,5,4064.000891,101.25,0.00027268,17871.46508,0.447042141,-78.75
Taklamakan,39,85.5,Taklamakan_lat39p00_lon85p50,6,6855.085589,251.25,4.95E-05,3240.959269,0.960318658,71.25
Taklamakan,39,86.25,Taklamakan_lat39p00_lon86p25,1,82.91345931,253.75,1,95755552.16,0.96029077,73.75
Taklamakan,39,86.25,Taklamakan_lat39p00_lon86p25,2,2706.152597,191.25,0.003398607,325435.5286,0.645335755,11.25
Taklamakan,39,86.25,Taklamakan_lat39p00_lon86p25,3,3834.64361,258.75,0.000181139,17345.02028,0.286817474,78.75
Taklamakan,39,86.25,Taklamakan_lat39p00_lon86p25,4,5433.725959,91.25,2.86E-05,2734.850602,0.263710653,-88.75
Taklamakan,39,86.25,Taklamakan_lat39p00_lon86p25,5,7265.101213,228.75,1.66E-05,1591.782062,1,48.75
Taklamakan,39,86.5,Taklamakan_lat39p00_lon86p50,1,82.91345931,251.25,1,72767476.52,0.961885308,71.25
Taklamakan,39,86.5,Taklamakan_lat39p00_lon86p50,2,1801.983335,261.25,0.00498219,362541.3916,0.217794457,81.25
Taklamakan,39,86.5,Taklamakan_lat39p00_lon86p50,3,2409.32123,176.25,0.002725503,198327.977,0.290295901,-3.75
Taklamakan,39,86.5,Taklamakan_lat39p00_lon86p50,4,3414.030779,218.75,0.000273327,19889.32174,0.217694231,38.75
Taklamakan,39,86.5,Taklamakan_lat39p00_lon86p50,5,5433.725959,256.25,4.43E-05,3221.120621,0.745784699,76.25
Taklamakan,39,86.5,Taklamakan_lat39p00_lon86p50,6,7265.101213,181.25,9.42E-06,685.2729001,1,1.25
Taklamakan,39,86.75,Taklamakan_lat39p00_lon86p75,1,87.87267,258.75,1,61173986.14,0.968749358,78.75
Taklamakan,39,86.75,Taklamakan_lat39p00_lon86p75,2,2023.989919,253.75,0.004597461,281245.0299,0.284604841,73.75
Taklamakan,39,86.75,Taklamakan_lat39p00_lon86p75,3,4307.076464,218.75,3.55E-05,2169.584139,0.593777597,38.75
Taklamakan,39,86.75,Taklamakan_lat39p00_lon86p75,4,6855.085589,166.25,1.82E-05,1111.611884,1,-13.75
Taklamakan,39,87,Taklamakan_lat39p00_lon87p00,1,82.91345931,251.25,1,49466884.85,0.968147435,71.25
Taklamakan,39,87,Taklamakan_lat39p00_lon87p00,2,597.5906703,188.75,0.2863986,14167246.57,0.287181996,8.75
Taklamakan,39,87,Taklamakan_lat39p00_lon87p00,3,2553.427285,91.25,0.002419139,119667.2752,0.286274491,-88.75
Taklamakan,39,87,Taklamakan_lat39p00_lon87p00,4,3834.64361,236.25,0.000619799,30659.54947,0.461564039,56.25
Taklamakan,39,87,Taklamakan_lat39p00_lon87p00,5,5433.725959,191.25,0.0001068,5283.045082,0.766296765,11.25
Taklamakan,39,87,Taklamakan_lat39p00_lon87p00,6,8648.245934,218.75,6.40E-05,3165.14131,1,38.75
Taklamakan,39.25,78.25,Taklamakan_lat39p25_lon78p25,1,65.72186596,241.25,1,22938017.64,0.94670128,61.25
Taklamakan,39.25,78.25,Taklamakan_lat39p25_lon78p25,2,1909.763363,176.25,0.026123238,599215.2993,0.201193517,-3.75
Taklamakan,39.25,78.25,Taklamakan_lat39p25_lon78p25,3,3618.230411,193.75,0.003123716,71651.8449,0.651031989,13.75
Taklamakan,39.25,78.25,Taklamakan_lat39p25_lon78p25,4,5127.066427,133.75,0.000457928,10503.96491,0.545930916,-46.25
Taklamakan,39.25,78.25,Taklamakan_lat39p25_lon78p25,5,7265.101213,228.75,0.000228694,5245.798189,0.635028711,48.75
Taklamakan,39.25,78.5,Taklamakan_lat39p25_lon78p50,1,78.23412826,221.25,1,69787193.14,0.95613125,41.25
Taklamakan,39.25,78.5,Taklamakan_lat39p25_lon78p50,2,1801.983335,191.25,0.005521993,385364.4059,0.302289572,11.25
Taklamakan,39.25,78.5,Taklamakan_lat39p25_lon78p50,3,2706.152597,163.75,0.001004445,70097.42661,0.596788087,-16.25
Taklamakan,39.25,78.5,Taklamakan_lat39p25_lon78p50,4,3618.230411,186.25,0.000295048,20590.58295,0.657760658,6.25
Taklamakan,39.25,78.5,Taklamakan_lat39p25_lon78p50,5,7265.101213,181.25,2.40E-05,1674.591211,0.938322866,1.25
Taklamakan,39.25,78.75,Taklamakan_lat39p25_lon78p75,1,98.69869206,248.75,1,67347149.47,0.960643247,68.75
Taklamakan,39.25,78.75,Taklamakan_lat39p25_lon78p75,2,532.0423875,181.25,0.06891498,4641227.463,0.255970538,1.25
Taklamakan,39.25,78.75,Taklamakan_lat39p25_lon78p75,3,846.7915844,181.25,0.056797744,3825166.124,0.418862561,1.25
Taklamakan,39.25,78.75,Taklamakan_lat39p25_lon78p75,4,2023.989919,181.25,0.009797271,659818.2839,0.559463925,1.25
Taklamakan,39.25,78.75,Taklamakan_lat39p25_lon78p75,5,2706.152597,181.25,0.005633558,379404.084,0.943483611,1.25
Taklamakan,39.25,78.75,Taklamakan_lat39p25_lon78p75,6,3618.230411,181.25,0.002999975,202039.7725,0.971805587,1.25
Taklamakan,39.25,78.75,Taklamakan_lat39p25_lon78p75,7,5433.725959,181.25,0.001623803,109358.4965,0.996449766,1.25
Taklamakan,39.25,78.75,Taklamakan_lat39p25_lon78p75,8,7265.101213,181.25,0.001168765,78712.97041,0.999745338,1.25
Taklamakan,39.25,79,Taklamakan_lat39p25_lon79p00,1,78.23412826,256.25,1,58150225.95,0.938198208,76.25
Taklamakan,39.25,79,Taklamakan_lat39p25_lon79p00,2,3039.553957,213.75,0.000140253,8155.725491,0.260336068,33.75
Taklamakan,39.25,79,Taklamakan_lat39p25_lon79p00,3,5433.725959,256.25,5.53E-05,3213.241318,0.66586999,76.25
Taklamakan,39.25,79,Taklamakan_lat39p25_lon79p00,4,7265.101213,181.25,4.25E-05,2473.878762,0.928648131,1.25
Taklamakan,39.25,79.25,Taklamakan_lat39p25_lon79p25,1,98.69869206,253.75,1,82149228.94,0.957389265,73.75
Taklamakan,39.25,79.25,Taklamakan_lat39p25_lon79p25,2,633.3336976,266.25,0.020888092,1715940.646,0.202927991,86.25
Taklamakan,39.25,79.25,Taklamakan_lat39p25_lon79p25,3,1068.296199,96.25,0.007853588,645166.2105,0.405623399,-83.75
Taklamakan,39.25,79.25,Taklamakan_lat39p25_lon79p25,4,5433.725959,181.25,6.73E-06,553.0410197,0.585783063,1.25
Taklamakan,39.25,79.25,Taklamakan_lat39p25_lon79p25,5,7265.101213,181.25,1.23E-05,1011.306946,0.973416663,1.25
Taklamakan,39.25,79.5,Taklamakan_lat39p25_lon79p50,1,82.91345931,256.25,1,86064198.74,0.962014953,76.25
Taklamakan,39.25,79.5,Taklamakan_lat39p25_lon79p50,2,597.5906703,101.25,0.026552532,2285222.386,0.257066731,-78.75
Taklamakan,39.25,79.5,Taklamakan_lat39p25_lon79p50,3,951.1173591,91.25,0.010207459,878496.8169,0.309284895,-88.75
Taklamakan,39.25,79.5,Taklamakan_lat39p25_lon79p50,4,2706.152597,151.25,9.26E-05,7970.952249,0.252020607,-28.75
Taklamakan,39.25,79.5,Taklamakan_lat39p25_lon79p50,5,5433.725959,181.25,2.98E-06,256.7707376,0.258551728,1.25
Taklamakan,39.25,79.5,Taklamakan_lat39p25_lon79p50,6,7265.101213,181.25,7.66E-06,659.6403344,1,1.25
Taklamakan,39.25,80,Taklamakan_lat39p25_lon80p00,1,58.51299261,91.25,1,172254841.6,0.923569554,-88.75
Taklamakan,39.25,80,Taklamakan_lat39p25_lon80p00,2,2023.989919,183.75,8.37E-05,14410.96557,0.221065147,3.75
Taklamakan,39.25,80,Taklamakan_lat39p25_lon80p00,3,2706.152597,181.25,3.19E-05,5492.827206,0.237123473,1.25
Taklamakan,39.25,80,Taklamakan_lat39p25_lon80p00,4,5433.725959,191.25,1.84E-05,3172.416678,0.917498557,11.25
Taklamakan,39.25,80,Taklamakan_lat39p25_lon80p00,5,7265.101213,193.75,2.93E-05,5048.49852,1,13.75
Taklamakan,39.25,80.25,Taklamakan_lat39p25_lon80p25,1,62.01276528,261.25,1,279646914.5,0.938605626,81.25
Taklamakan,39.25,80.25,Taklamakan_lat39p25_lon80p25,2,711.3611955,108.75,0.005900602,1650085.164,0.49252601,-71.25
Taklamakan,39.25,80.25,Taklamakan_lat39p25_lon80p25,3,3834.64361,236.25,1.15E-05,3227.643777,0.619888891,56.25
Taklamakan,39.25,80.25,Taklamakan_lat39p25_lon80p25,4,5758.727378,236.25,4.39E-06,1226.392089,0.894166016,56.25
Taklamakan,39.25,80.25,Taklamakan_lat39p25_lon80p25,5,8648.245934,246.25,1.46E-06,406.942088,1,66.25
Taklamakan,39.25,80.5,Taklamakan_lat39p25_lon80p50,1,73.81888146,101.25,1,278076201.2,0.959704282,-78.75
Taklamakan,39.25,80.5,Taklamakan_lat39p25_lon80p50,2,1008.005486,198.75,0.000867546,241244.0217,0.252655953,18.75
Taklamakan,39.25,80.5,Taklamakan_lat39p25_lon80p50,3,1347.742218,206.25,0.000569976,158496.8557,0.201144798,26.25
Taklamakan,39.25,80.5,Taklamakan_lat39p25_lon80p50,4,1801.983335,203.75,0.000285116,79283.85491,0.531292712,23.75
Taklamakan,39.25,80.5,Taklamakan_lat39p25_lon80p50,5,3039.553957,193.75,2.40E-05,6664.668094,0.25675998,13.75
Taklamakan,39.25,80.5,Taklamakan_lat39p25_lon80p50,6,4307.076464,218.75,1.52E-05,4232.618933,0.746118653,38.75
Taklamakan,39.25,80.5,Taklamakan_lat39p25_lon80p50,7,6468.209741,108.75,3.27E-06,910.4425024,1,-71.25
Taklamakan,39.25,80.5,Taklamakan_lat39p25_lon80p50,8,8648.245934,246.25,8.74E-07,243.0951642,1,66.25
Taklamakan,39.25,80.75,Taklamakan_lat39p25_lon80p75,1,82.91345931,268.75,1,221659779.7,0.970952013,88.75
Taklamakan,39.25,80.75,Taklamakan_lat39p25_lon80p75,2,4307.076464,218.75,7.84E-06,1738.297329,0.824957962,38.75
Taklamakan,39.25,80.75,Taklamakan_lat39p25_lon80p75,3,7265.101213,181.25,6.19E-06,1371.645701,1,1.25
Taklamakan,39.25,81,Taklamakan_lat39p25_lon81p00,1,49.15480166,96.25,1,81590959.27,0.913865496,-83.75
Taklamakan,39.25,81,Taklamakan_lat39p25_lon81p00,2,1801.983335,183.75,0.001934776,157860.2381,0.351299913,3.75
Taklamakan,39.25,81,Taklamakan_lat39p25_lon81p00,3,2409.32123,176.25,0.000818609,66791.10567,0.498266841,-3.75
Taklamakan,39.25,81,Taklamakan_lat39p25_lon81p00,4,3618.230411,181.25,0.000391076,31908.23509,0.911374582,1.25
Taklamakan,39.25,81,Taklamakan_lat39p25_lon81p00,5,5433.725959,181.25,0.000204323,16670.94708,0.991904845,1.25
Taklamakan,39.25,81,Taklamakan_lat39p25_lon81p00,6,7265.101213,181.25,0.000115078,9389.362208,1,1.25
Taklamakan,39.25,81.25,Taklamakan_lat39p25_lon81p25,1,41.29329946,93.75,1,87586132.71,0.907623177,-86.25
Taklamakan,39.25,81.25,Taklamakan_lat39p25_lon81p25,2,597.5906703,201.25,0.014752837,1292143.91,0.299182376,21.25
Taklamakan,39.25,81.25,Taklamakan_lat39p25_lon81p25,3,799.0017781,198.75,0.027009315,2365641.481,0.627979169,18.75
Taklamakan,39.25,81.25,Taklamakan_lat39p25_lon81p25,4,1132.193013,198.75,0.010325935,904408.7056,0.435282075,18.75
Taklamakan,39.25,81.25,Taklamakan_lat39p25_lon81p25,5,2409.32123,206.25,0.000102773,9001.50869,0.30182961,26.25
Taklamakan,39.25,81.25,Taklamakan_lat39p25_lon81p25,6,3414.030779,201.25,2.02E-05,1769.93779,0.419484789,21.25
Taklamakan,39.25,81.25,Taklamakan_lat39p25_lon81p25,7,5433.725959,181.25,1.31E-05,1145.090486,0.906941671,1.25
Taklamakan,39.25,81.25,Taklamakan_lat39p25_lon81p25,8,7265.101213,181.25,1.29E-05,1130.246171,1,1.25
Taklamakan,39.25,81.5,Taklamakan_lat39p25_lon81p50,1,41.29329946,266.25,1,63964337.87,0.851298526,86.25
Taklamakan,39.25,81.5,Taklamakan_lat39p25_lon81p50,2,633.3336976,201.25,0.065579428,4194744.713,0.285177485,21.25
Taklamakan,39.25,81.5,Taklamakan_lat39p25_lon81p50,3,846.7915844,196.25,0.063561708,4065682.543,0.276371624,16.25
Taklamakan,39.25,81.5,Taklamakan_lat39p25_lon81p50,4,2706.152597,221.25,0.000217243,13895.79816,0.246142856,41.25
Taklamakan,39.25,81.5,Taklamakan_lat39p25_lon81p50,5,4307.076464,181.25,1.97E-05,1262.560977,0.85926343,1.25
Taklamakan,39.25,81.5,Taklamakan_lat39p25_lon81p50,6,7265.101213,181.25,1.70E-05,1084.804959,1,1.25
Taklamakan,39.25,82,Taklamakan_lat39p25_lon82p00,1,41.29329946,91.25,1,53770827.96,0.854822386,-88.75
Taklamakan,39.25,82,Taklamakan_lat39p25_lon82p00,2,532.0423875,236.25,0.13353094,7180069.201,0.338378646,56.25
Taklamakan,39.25,82,Taklamakan_lat39p25_lon82p00,3,897.4397893,173.75,0.078530534,4222651.819,0.335051151,-6.25
Taklamakan,39.25,82,Taklamakan_lat39p25_lon82p00,4,1199.911617,181.25,0.042697548,2295882.481,0.256880858,1.25
Taklamakan,39.25,82,Taklamakan_lat39p25_lon82p00,5,2409.32123,211.25,0.004988023,268210.1369,0.399756513,31.25
Taklamakan,39.25,82,Taklamakan_lat39p25_lon82p00,6,3414.030779,201.25,0.001670752,89837.69285,0.589521703,21.25
Taklamakan,39.25,82,Taklamakan_lat39p25_lon82p00,7,5127.066427,116.25,0.000271649,14606.81615,0.371724689,-63.75
Taklamakan,39.25,82,Taklamakan_lat39p25_lon82p00,8,8648.245934,218.75,2.08E-05,1118.033583,1,38.75
Taklamakan,39.25,82.25,Taklamakan_lat39p25_lon82p25,1,41.29329946,98.75,1,20313219.44,0.869619962,-81.25
Taklamakan,39.25,82.25,Taklamakan_lat39p25_lon82p25,2,397.9259817,181.25,0.458165112,9306808.455,0.367932759,1.25
Taklamakan,39.25,82.25,Taklamakan_lat39p25_lon82p25,3,2409.32123,181.25,0.018294734,371624.9509,0.341939326,1.25
Taklamakan,39.25,82.25,Taklamakan_lat39p25_lon82p25,4,3618.230411,181.25,0.003005044,61042.12649,0.354717096,1.25
Taklamakan,39.25,82.25,Taklamakan_lat39p25_lon82p25,5,5127.066427,201.25,0.000600165,12191.28632,0.600101297,21.25
Taklamakan,39.25,82.25,Taklamakan_lat39p25_lon82p25,6,7265.101213,193.75,0.000830682,16873.81625,1,13.75
Taklamakan,39.25,82.5,Taklamakan_lat39p25_lon82p50,1,41.29329946,266.25,1,20827550.91,0.892553663,86.25
Taklamakan,39.25,82.5,Taklamakan_lat39p25_lon82p50,2,473.6839381,208.75,0.144512996,3009851.78,0.232143615,28.75
Taklamakan,39.25,82.5,Taklamakan_lat39p25_lon82p50,3,753.9090529,206.25,0.240798485,5015242.704,0.563011699,26.25
Taklamakan,39.25,82.5,Taklamakan_lat39p25_lon82p50,4,1132.193013,206.25,0.149428672,3112233.273,0.500803199,26.25
Taklamakan,39.25,82.5,Taklamakan_lat39p25_lon82p50,5,1700.286015,201.25,0.040546158,844477.1795,0.251692062,21.25
Taklamakan,39.25,82.5,Taklamakan_lat39p25_lon82p50,6,2409.32123,206.25,0.011691477,243504.8379,0.386742359,26.25
Taklamakan,39.25,82.5,Taklamakan_lat39p25_lon82p50,7,3221.355423,208.75,0.007961449,165817.475,0.276707374,28.75
Taklamakan,39.25,82.5,Taklamakan_lat39p25_lon82p50,8,4837.713633,211.25,0.000586597,12217.38196,0.880576689,31.25
Taklamakan,39.25,82.5,Taklamakan_lat39p25_lon82p50,9,6468.209741,208.75,0.000104694,2180.512762,1,28.75
Taklamakan,39.25,82.5,Taklamakan_lat39p25_lon82p50,10,8648.245934,113.75,3.94E-05,819.6693724,1,-66.25
Taklamakan,39.25,82.75,Taklamakan_lat39p25_lon82p75,1,65.72186596,98.75,1,19049063.99,0.901158511,-81.25
Taklamakan,39.25,82.75,Taklamakan_lat39p25_lon82p75,2,563.8648481,211.25,0.151112523,2878552.127,0.243393645,31.25
Taklamakan,39.25,82.75,Taklamakan_lat39p25_lon82p75,3,799.0017781,211.25,0.163677713,3117907.23,0.38685249,31.25
Taklamakan,39.25,82.75,Taklamakan_lat39p25_lon82p75,4,1068.296199,188.75,0.125900269,2398282.276,0.228251896,8.75
Taklamakan,39.25,82.75,Taklamakan_lat39p25_lon82p75,5,1513.785733,221.25,0.041770687,795692.4974,0.249062957,41.25
Taklamakan,39.25,82.75,Taklamakan_lat39p25_lon82p75,6,3039.553957,213.75,0.008014572,152670.098,0.502473717,33.75
Taklamakan,39.25,82.75,Taklamakan_lat39p25_lon82p75,7,4307.076464,218.75,0.000533078,10154.62855,0.374532042,38.75
Taklamakan,39.25,82.75,Taklamakan_lat39p25_lon82p75,8,5758.727378,218.75,0.00017317,3298.729902,0.835981416,38.75
Taklamakan,39.25,82.75,Taklamakan_lat39p25_lon82p75,9,9165.513867,91.25,1.85E-05,353.1207449,1,-88.75
Taklamakan,39.25,83,Taklamakan_lat39p25_lon83p00,1,73.81888146,91.25,1,16450863.83,0.913991967,-88.75
Taklamakan,39.25,83,Taklamakan_lat39p25_lon83p00,2,711.3611955,213.75,0.088127213,1449768.787,0.342146358,33.75
Taklamakan,39.25,83,Taklamakan_lat39p25_lon83p00,3,1068.296199,223.75,0.061296423,1008379.105,0.439740201,43.75
Taklamakan,39.25,83,Taklamakan_lat39p25_lon83p00,4,1604.328118,211.25,0.026961181,443534.7217,0.428389759,31.25
Taklamakan,39.25,83,Taklamakan_lat39p25_lon83p00,5,3039.553957,213.75,0.002724099,44813.78055,0.375397943,33.75
Taklamakan,39.25,83,Taklamakan_lat39p25_lon83p00,6,5433.725959,181.25,0.000119274,1962.166553,0.639351332,1.25
Taklamakan,39.25,83,Taklamakan_lat39p25_lon83p00,7,8648.245934,218.75,6.80E-05,1118.177338,1,38.75
Taklamakan,39.25,83.75,Taklamakan_lat39p25_lon83p75,1,69.65281496,233.75,1,20837355.45,0.927140088,53.75
Taklamakan,39.25,83.75,Taklamakan_lat39p25_lon83p75,2,1132.193013,216.25,0.048127686,1002853.694,0.235738023,36.25
Taklamakan,39.25,83.75,Taklamakan_lat39p25_lon83p75,3,2409.32123,211.25,0.007544645,157210.4524,0.309842101,31.25
Taklamakan,39.25,83.75,Taklamakan_lat39p25_lon83p75,4,3618.230411,186.25,0.000502501,10470.78773,0.48957198,6.25
Taklamakan,39.25,83.75,Taklamakan_lat39p25_lon83p75,5,5758.727378,181.25,5.79E-05,1206.054517,0.649986436,1.25
Taklamakan,39.25,83.75,Taklamakan_lat39p25_lon83p75,6,8648.245934,141.25,7.10E-06,147.952971,1,-38.75
Taklamakan,39.25,84,Taklamakan_lat39p25_lon84p00,1,62.01276528,236.25,1,54875404.79,0.916931846,56.25
Taklamakan,39.25,84,Taklamakan_lat39p25_lon84p00,2,315.4184887,213.75,0.120831428,6630673.497,0.241647902,33.75
Taklamakan,39.25,84,Taklamakan_lat39p25_lon84p00,3,563.8648481,221.25,0.109312086,5998544.994,0.265490243,41.25
Taklamakan,39.25,84,Taklamakan_lat39p25_lon84p00,4,753.9090529,211.25,0.105436506,5785870.936,0.262299774,31.25
Taklamakan,39.25,84,Taklamakan_lat39p25_lon84p00,5,1700.286015,203.75,0.03905659,2143246.181,0.437143049,23.75
Taklamakan,39.25,84,Taklamakan_lat39p25_lon84p00,6,2409.32123,198.75,0.011039897,605818.8208,0.298084548,18.75
Taklamakan,39.25,84,Taklamakan_lat39p25_lon84p00,7,4064.000891,223.75,0.000223151,12245.50337,0.489975451,43.75
Taklamakan,39.25,84,Taklamakan_lat39p25_lon84p00,8,5758.727378,181.25,6.58E-05,3611.992881,0.47526521,1.25
Taklamakan,39.25,84,Taklamakan_lat39p25_lon84p00,9,8648.245934,218.75,2.21E-05,1214.631138,1,38.75
Taklamakan,39.25,84.25,Taklamakan_lat39p25_lon84p25,1,633.3336976,193.75,0.394700804,14246396.91,0.604143353,13.75
Taklamakan,39.25,84.25,Taklamakan_lat39p25_lon84p25,2,1068.296199,193.75,0.197450172,7126799.58,0.377656187,13.75
Taklamakan,39.25,84.25,Taklamakan_lat39p25_lon84p25,3,1700.286015,193.75,0.096814174,3494427.02,0.490977258,13.75
Taklamakan,39.25,84.25,Taklamakan_lat39p25_lon84p25,4,2409.32123,193.75,0.042197231,1523073.93,0.499740612,13.75
Taklamakan,39.25,84.25,Taklamakan_lat39p25_lon84p25,5,3221.355423,193.75,0.015000604,541434.3043,0.595639517,13.75
Taklamakan,39.25,84.25,Taklamakan_lat39p25_lon84p25,6,5433.725959,191.25,0.003271792,118092.6022,0.950546294,11.25
Taklamakan,39.25,84.25,Taklamakan_lat39p25_lon84p25,7,7265.101213,193.75,0.002331666,84159.55562,1,13.75
Taklamakan,39.25,84.5,Taklamakan_lat39p25_lon84p50,1,69.65281496,246.25,1,49218287.1,0.915251052,66.25
Taklamakan,39.25,84.5,Taklamakan_lat39p25_lon84p50,2,563.8648481,211.25,0.180288553,8873493.782,0.499335134,31.25
Taklamakan,39.25,84.5,Taklamakan_lat39p25_lon84p50,3,951.1173591,218.75,0.128755764,6337138.174,0.243606414,38.75
Taklamakan,39.25,84.5,Taklamakan_lat39p25_lon84p50,4,2145.048581,211.25,0.028139359,1384971.035,0.453505255,31.25
Taklamakan,39.25,84.5,Taklamakan_lat39p25_lon84p50,5,3618.230411,193.75,0.002533506,124694.8016,0.516807351,13.75
Taklamakan,39.25,84.5,Taklamakan_lat39p25_lon84p50,6,5127.066427,243.75,0.000141328,6955.918421,0.446813828,63.75
Taklamakan,39.25,84.5,Taklamakan_lat39p25_lon84p50,7,7265.101213,181.25,0.000101297,4985.64826,0.91802125,1.25
Taklamakan,39.25,85,Taklamakan_lat39p25_lon85p00,1,69.65281496,238.75,1,87850021.99,0.920036158,58.75
Taklamakan,39.25,85,Taklamakan_lat39p25_lon85p00,2,711.3611955,226.25,0.173567373,15247897.55,0.60606197,46.25
Taklamakan,39.25,85,Taklamakan_lat39p25_lon85p00,3,1068.296199,106.25,0.133366627,11716261.11,0.278471935,-73.75
Taklamakan,39.25,85,Taklamakan_lat39p25_lon85p00,4,1513.785733,108.75,0.038946399,3421442.052,0.292775386,-71.25
Taklamakan,39.25,85,Taklamakan_lat39p25_lon85p00,5,2553.427285,201.25,0.003921712,344522.4894,0.238890266,21.25
Taklamakan,39.25,85,Taklamakan_lat39p25_lon85p00,6,4064.000891,101.25,0.000417637,36689.37898,0.622275548,-78.75
Taklamakan,39.25,85,Taklamakan_lat39p25_lon85p00,7,7265.101213,181.25,2.26E-05,1989.474524,0.9230248,1.25
Taklamakan,39.25,85.25,Taklamakan_lat39p25_lon85p25,1,73.81888146,246.25,1,81797445.08,0.935167505,66.25
Taklamakan,39.25,85.25,Taklamakan_lat39p25_lon85p25,2,633.3336976,228.75,0.160899559,13161172.88,0.268749674,48.75
Taklamakan,39.25,85.25,Taklamakan_lat39p25_lon85p25,3,951.1173591,253.75,0.183614047,15019159.91,0.568763453,73.75
Taklamakan,39.25,85.25,Taklamakan_lat39p25_lon85p25,4,3618.230411,241.25,0.000750037,61351.0892,0.58779306,61.25
Taklamakan,39.25,85.25,Taklamakan_lat39p25_lon85p25,5,5433.725959,256.25,0.000108129,8844.713732,0.847486831,76.25
Taklamakan,39.25,85.25,Taklamakan_lat39p25_lon85p25,6,9165.513867,91.25,1.40E-05,1144.675395,1,-88.75
Taklamakan,39.25,85.5,Taklamakan_lat39p25_lon85p50,1,78.23412826,246.25,1,91730990.44,0.944019291,66.25
Taklamakan,39.25,85.5,Taklamakan_lat39p25_lon85p50,2,799.0017781,241.25,0.142044831,13029913.08,0.485837784,61.25
Taklamakan,39.25,85.5,Taklamakan_lat39p25_lon85p50,3,3618.230411,193.75,0.000697311,63965.01404,0.458319888,13.75
Taklamakan,39.25,85.5,Taklamakan_lat39p25_lon85p50,4,5127.066427,116.25,0.000101376,9299.275858,0.800908356,-63.75
Taklamakan,39.25,85.5,Taklamakan_lat39p25_lon85p50,5,7265.101213,181.25,2.14E-05,1964.192925,1,1.25
Taklamakan,39.25,86.25,Taklamakan_lat39p25_lon86p25,1,73.81888146,243.75,1,60545659.52,0.940462062,63.75
Taklamakan,39.25,86.25,Taklamakan_lat39p25_lon86p25,2,2553.427285,243.75,0.000851186,51535.60754,0.335406336,63.75
Taklamakan,39.25,86.25,Taklamakan_lat39p25_lon86p25,3,3834.64361,236.25,9.09E-05,5504.030654,0.308288738,56.25
Taklamakan,39.25,86.25,Taklamakan_lat39p25_lon86p25,4,5433.725959,91.25,1.90E-05,1152.80211,0.758256677,-88.75
Taklamakan,39.25,86.25,Taklamakan_lat39p25_lon86p25,5,7265.101213,181.25,2.78E-05,1680.798081,1,1.25
Taklamakan,39.25,86.5,Taklamakan_lat39p25_lon86p50,1,65.72186596,238.75,1,36104214.14,0.916399102,58.75
Taklamakan,39.25,86.5,Taklamakan_lat39p25_lon86p50,2,502.0158696,186.25,0.107427646,3878590.739,0.213460039,6.25
Taklamakan,39.25,86.5,Taklamakan_lat39p25_lon86p50,3,2706.152597,221.25,0.000922668,33312.19557,0.617285993,41.25
Taklamakan,39.25,86.5,Taklamakan_lat39p25_lon86p50,4,4307.076464,218.75,0.000153083,5526.95513,0.929701957,38.75
Taklamakan,39.25,86.5,Taklamakan_lat39p25_lon86p50,5,7265.101213,181.25,1.41E-05,508.7398899,1,1.25
Taklamakan,39.25,86.75,Taklamakan_lat39p25_lon86p75,1,69.65281496,91.25,1,34798187.92,0.937508168,-88.75
Taklamakan,39.25,86.75,Taklamakan_lat39p25_lon86p75,2,563.8648481,226.25,0.135644963,4720198.896,0.252427833,46.25
Taklamakan,39.25,86.75,Taklamakan_lat39p25_lon86p75,3,846.7915844,196.25,0.098315269,3421193.211,0.287850109,16.25
Taklamakan,39.25,86.75,Taklamakan_lat39p25_lon86p75,4,2706.152597,181.25,0.001160275,40375.47553,0.301136753,1.25
Taklamakan,39.25,86.75,Taklamakan_lat39p25_lon86p75,5,4307.076464,181.25,0.000128149,4459.352513,0.663381988,1.25
Taklamakan,39.25,86.75,Taklamakan_lat39p25_lon86p75,6,6855.085589,91.25,3.10E-05,1077.939518,1,-88.75
Taklamakan,39.25,86.75,Taklamakan_lat39p25_lon86p75,7,9165.513867,91.25,1.10E-05,383.7147087,1,-88.75
Taklamakan,39.25,87,Taklamakan_lat39p25_lon87p00,1,73.81888146,241.25,1,35588469.2,0.918063721,61.25
Taklamakan,39.25,87,Taklamakan_lat39p25_lon87p00,2,502.0158696,186.25,0.142210294,5061046.665,0.262523607,6.25
Taklamakan,39.25,87,Taklamakan_lat39p25_lon87p00,3,1347.742218,96.25,0.027064248,963175.1447,0.292905273,-83.75
Taklamakan,39.25,87,Taklamakan_lat39p25_lon87p00,4,2145.048581,176.25,0.006325536,225116.1353,0.327920078,-3.75
Taklamakan,39.25,87,Taklamakan_lat39p25_lon87p00,5,3039.553957,166.25,0.00251068,89351.25395,0.492624648,-13.75
Taklamakan,39.25,87,Taklamakan_lat39p25_lon87p00,6,5433.725959,181.25,6.65E-05,2367.18141,0.833376233,1.25
Taklamakan,39.25,87,Taklamakan_lat39p25_lon87p00,7,9165.513867,91.25,1.61E-05,571.3704063,1,-88.75
Taklamakan,39.25,87.25,Taklamakan_lat39p25_lon87p25,1,69.65281496,256.25,1,62081818.98,0.925327,76.25
Taklamakan,39.25,87.25,Taklamakan_lat39p25_lon87p25,2,532.0423875,201.25,0.061266976,3803565.301,0.207519136,21.25
Taklamakan,39.25,87.25,Taklamakan_lat39p25_lon87p25,3,2273.34799,203.75,0.002314677,143699.3383,0.339566635,23.75
Taklamakan,39.25,87.25,Taklamakan_lat39p25_lon87p25,4,3618.230411,181.25,0.000294492,18282.57542,0.40490172,1.25
Taklamakan,39.25,87.25,Taklamakan_lat39p25_lon87p25,5,5433.725959,181.25,4.67E-05,2901.524409,0.690658116,1.25
Taklamakan,39.25,87.25,Taklamakan_lat39p25_lon87p25,6,8648.245934,246.25,1.10E-05,685.2086505,1,66.25
Taklamakan,39.25,87.5,Taklamakan_lat39p25_lon87p50,1,69.65281496,241.25,1,42661651.3,0.89094502,61.25
Taklamakan,39.25,87.5,Taklamakan_lat39p25_lon87p50,2,354.2784382,241.25,0.450117886,19202772.31,0.309665211,61.25
Taklamakan,39.25,87.5,Taklamakan_lat39p25_lon87p50,3,563.8648481,251.25,0.429381334,18318116.75,0.234453305,71.25
Taklamakan,39.25,87.5,Taklamakan_lat39p25_lon87p50,4,4307.076464,218.75,0.001072389,45749.86545,0.934850838,38.75
Taklamakan,39.25,87.5,Taklamakan_lat39p25_lon87p50,5,5758.727378,218.75,0.000718599,30656.6291,0.822372071,38.75
Taklamakan,39.25,87.5,Taklamakan_lat39p25_lon87p50,6,8648.245934,218.75,0.000245709,10482.35514,1,38.75
Taklamakan,39.25,91,Taklamakan_lat39p25_lon91p00,1,98.69869206,261.25,1,13198145.52,0.971651693,81.25
Taklamakan,39.25,91,Taklamakan_lat39p25_lon91p00,2,799.0017781,133.75,0.088019118,1161689.122,0.201935921,-46.25
Taklamakan,39.25,91,Taklamakan_lat39p25_lon91p00,3,2706.152597,181.25,0.003054016,40307.34274,0.459033273,1.25
Taklamakan,39.25,91,Taklamakan_lat39p25_lon91p00,4,3618.230411,173.75,0.001120989,14794.97785,0.250047197,-6.25
Taklamakan,39.25,91,Taklamakan_lat39p25_lon91p00,5,4837.713633,211.25,0.0002093,2762.371074,0.307001899,31.25
Taklamakan,39.25,91,Taklamakan_lat39p25_lon91p00,6,7265.101213,166.25,9.95E-05,1313.356964,0.928467172,-13.75
Taklamakan,39.25,91.25,Taklamakan_lat39p25_lon91p25,1,82.91345931,261.25,1,6420095.36,0.965434286,81.25
Taklamakan,39.25,91.25,Taklamakan_lat39p25_lon91p25,2,1132.193013,101.25,0.140712838,903389.8371,0.20557412,-78.75
Taklamakan,39.25,91.25,Taklamakan_lat39p25_lon91p25,3,2023.989919,101.25,0.024200427,155369.0464,0.525709494,-78.75
Taklamakan,39.25,91.25,Taklamakan_lat39p25_lon91p25,4,2868.012698,96.25,0.013285895,85296.70983,0.613537463,-83.75
Taklamakan,39.25,91.25,Taklamakan_lat39p25_lon91p25,5,4064.000891,101.25,0.001111666,7137.003995,0.711039269,-78.75
Taklamakan,39.25,91.25,Taklamakan_lat39p25_lon91p25,6,6855.085589,108.75,0.000524123,3364.920983,0.969511644,-71.25
Taklamakan,39.25,91.5,Taklamakan_lat39p25_lon91p50,1,73.81888146,223.75,1,25657159.9,0.954386134,43.75
Taklamakan,39.25,91.5,Taklamakan_lat39p25_lon91p50,2,951.1173591,193.75,0.126435322,3243971.277,0.221388014,13.75
Taklamakan,39.25,91.5,Taklamakan_lat39p25_lon91p50,3,2023.989919,138.75,0.011760225,301733.9803,0.223373752,-41.25
Taklamakan,39.25,91.5,Taklamakan_lat39p25_lon91p50,4,2706.152597,163.75,0.002649051,67967.11711,0.478221866,-16.25
Taklamakan,39.25,91.5,Taklamakan_lat39p25_lon91p50,5,3834.64361,148.75,0.001367,35073.33873,0.254985372,-31.25
Taklamakan,39.25,91.5,Taklamakan_lat39p25_lon91p50,6,5127.066427,116.25,0.000492706,12641.42407,0.367156635,-63.75
Taklamakan,39.25,91.5,Taklamakan_lat39p25_lon91p50,7,8648.245934,141.25,0.000235006,6029.598024,1,-38.75
Taklamakan,39.25,91.75,Taklamakan_lat39p25_lon91p75,1,87.87267,266.25,1,23245475.96,0.953813954,86.25
Taklamakan,39.25,91.75,Taklamakan_lat39p25_lon91p75,2,446.9509568,116.25,0.363082808,8440032.694,0.219287672,-63.75
Taklamakan,39.25,91.75,Taklamakan_lat39p25_lon91p75,3,3039.553957,91.25,0.004451061,103467.0297,0.309557641,-88.75
Taklamakan,39.25,91.75,Taklamakan_lat39p25_lon91p75,4,4307.076464,181.25,0.001419844,33004.94356,0.762790174,1.25
Taklamakan,39.25,91.75,Taklamakan_lat39p25_lon91p75,5,7265.101213,166.25,0.000183142,4257.225406,1,-13.75
Taklamakan,39.5,78.75,Taklamakan_lat39p50_lon78p75,1,124.5163975,178.75,1,38311890.51,0.969020766,-1.25
Taklamakan,39.5,78.75,Taklamakan_lat39p50_lon78p75,2,2145.048581,91.25,0.035676678,1366840.993,0.281548228,-88.75
Taklamakan,39.5,78.75,Taklamakan_lat39p50_lon78p75,3,3221.355423,181.25,0.008396389,321681.5299,0.552350567,1.25
Taklamakan,39.5,78.75,Taklamakan_lat39p50_lon78p75,4,5433.725959,181.25,0.003298739,126380.9235,0.850518974,1.25
Taklamakan,39.5,78.75,Taklamakan_lat39p50_lon78p75,5,7265.101213,166.25,0.002287416,87635.23755,0.793985017,-13.75
Taklamakan,39.5,79,Taklamakan_lat39p50_lon79p00,1,502.0158696,161.25,1,6081666.002,0.978247785,-18.75
Taklamakan,39.5,79,Taklamakan_lat39p50_lon79p00,2,711.3611955,148.75,0.733643536,4461774.95,0.26517334,-31.25
Taklamakan,39.5,79,Taklamakan_lat39p50_lon79p00,3,2706.152597,173.75,0.021787609,132504.9616,0.23745449,-6.25
Taklamakan,39.5,79,Taklamakan_lat39p50_lon79p00,4,4307.076464,163.75,0.038652082,235069.0544,0.919451809,-16.25
Taklamakan,39.5,79,Taklamakan_lat39p50_lon79p00,5,6468.209741,151.25,0.010836193,65902.10794,0.961893205,-28.75
Taklamakan,39.5,79,Taklamakan_lat39p50_lon79p00,6,8648.245934,141.25,0.002654073,16141.18475,1,-38.75
Taklamakan,39.5,79.25,Taklamakan_lat39p50_lon79p25,1,104.6020474,121.25,1,59719603,0.958375847,-58.75
Taklamakan,39.5,79.25,Taklamakan_lat39p50_lon79p25,2,3039.553957,198.75,4.99E-05,2981.820701,0.417435369,18.75
Taklamakan,39.5,79.25,Taklamakan_lat39p50_lon79p25,3,5433.725959,181.25,1.05E-05,629.3880845,0.608532964,1.25
Taklamakan,39.5,79.25,Taklamakan_lat39p50_lon79p25,4,7265.101213,181.25,2.25E-05,1344.656318,0.993856136,1.25
Taklamakan,39.5,79.5,Taklamakan_lat39p50_lon79p50,1,117.4891495,253.75,1,94953475.78,0.971616694,73.75
Taklamakan,39.5,79.5,Taklamakan_lat39p50_lon79p50,2,2706.152597,191.25,3.32E-05,3155.341532,0.243281601,11.25
Taklamakan,39.5,79.5,Taklamakan_lat39p50_lon79p50,3,3618.230411,193.75,7.19E-06,682.4124098,0.613112815,13.75
Taklamakan,39.5,79.5,Taklamakan_lat39p50_lon79p50,4,7265.101213,181.25,1.78E-05,1689.101274,1,1.25
Taklamakan,39.5,80,Taklamakan_lat39p50_lon80p00,1,69.65281496,268.75,1,202826417.8,0.954173754,88.75
Taklamakan,39.5,80,Taklamakan_lat39p50_lon80p00,2,633.3336976,91.25,0.027644135,5606960.821,0.541201122,-88.75
Taklamakan,39.5,80,Taklamakan_lat39p50_lon80p00,3,2706.152597,181.25,9.16E-05,18579.60096,0.231333688,1.25
Taklamakan,39.5,80,Taklamakan_lat39p50_lon80p00,4,3618.230411,186.25,5.71E-05,11579.32083,0.275580166,6.25
Taklamakan,39.5,80,Taklamakan_lat39p50_lon80p00,5,5433.725959,168.75,1.93E-05,3906.793726,0.899496052,-11.25
Taklamakan,39.5,80,Taklamakan_lat39p50_lon80p00,6,8648.245934,113.75,1.29E-05,2606.616994,1,-66.25
Taklamakan,39.5,80.25,Taklamakan_lat39p50_lon80p25,1,73.81888146,106.25,1,297723928.5,0.956745404,-73.75
Taklamakan,39.5,80.25,Taklamakan_lat39p50_lon80p25,2,1008.005486,193.75,0.001195962,356066.4908,0.21261445,13.75
Taklamakan,39.5,80.25,Taklamakan_lat39p50_lon80p25,3,1909.763363,196.25,0.00018325,54557.82761,0.309215009,16.25
Taklamakan,39.5,80.25,Taklamakan_lat39p50_lon80p25,4,3414.030779,218.75,4.11E-05,12231.75728,0.277911444,38.75
Taklamakan,39.5,80.25,Taklamakan_lat39p50_lon80p25,5,5127.066427,226.25,8.42E-06,2507.429832,0.570439457,46.25
Taklamakan,39.5,80.25,Taklamakan_lat39p50_lon80p25,6,6855.085589,193.75,9.01E-06,2682.120161,1,13.75
Taklamakan,39.5,80.5,Taklamakan_lat39p50_lon80p50,1,69.65281496,98.75,1,224679877.1,0.952224999,-81.25
Taklamakan,39.5,80.5,Taklamakan_lat39p50_lon80p50,2,4307.076464,188.75,1.47E-05,3308.582525,0.224138848,8.75
Taklamakan,39.5,80.5,Taklamakan_lat39p50_lon80p50,3,6855.085589,193.75,6.24E-06,1402.216333,1,13.75
Taklamakan,39.5,80.75,Taklamakan_lat39p50_lon80p75,1,73.81888146,251.25,1,114098355,0.959248095,71.25
Taklamakan,39.5,80.75,Taklamakan_lat39p50_lon80p75,2,1801.983335,191.25,0.000563245,64265.37162,0.232730205,11.25
Taklamakan,39.5,80.75,Taklamakan_lat39p50_lon80p75,3,3221.355423,206.25,5.04E-05,5749.553823,0.594774495,26.25
Taklamakan,39.5,80.75,Taklamakan_lat39p50_lon80p75,4,4564.690847,91.25,1.23E-05,1401.798143,0.747659156,-88.75
Taklamakan,39.5,80.75,Taklamakan_lat39p50_lon80p75,5,7265.101213,181.25,8.31E-06,948.4942943,1,1.25
Taklamakan,39.5,81,Taklamakan_lat39p50_lon81p00,1,55.21073426,93.75,1,62484909.37,0.927929964,-86.25
Taklamakan,39.5,81,Taklamakan_lat39p50_lon81p00,2,2145.048581,183.75,0.002170482,135622.3457,0.309986318,3.75
Taklamakan,39.5,81,Taklamakan_lat39p50_lon81p00,3,3039.553957,181.25,0.000655628,40966.86884,0.501336322,1.25
Taklamakan,39.5,81,Taklamakan_lat39p50_lon81p00,4,4307.076464,188.75,0.000104983,6559.829588,0.368332506,8.75
Taklamakan,39.5,81,Taklamakan_lat39p50_lon81p00,5,6855.085589,193.75,0.000149617,9348.810866,1,13.75
Taklamakan,39.5,81.25,Taklamakan_lat39p50_lon81p25,1,41.29329946,93.75,1,96855895.09,0.90860538,-86.25
Taklamakan,39.5,81.25,Taklamakan_lat39p50_lon81p25,2,633.3336976,198.75,0.014090273,1364726.036,0.255404385,18.75
Taklamakan,39.5,81.25,Taklamakan_lat39p50_lon81p25,3,951.1173591,221.25,0.006421904,621999.2677,0.209613402,41.25
Taklamakan,39.5,81.25,Taklamakan_lat39p50_lon81p25,4,3414.030779,201.25,1.16E-05,1121.091326,0.356684658,21.25
Taklamakan,39.5,81.25,Taklamakan_lat39p50_lon81p25,5,5433.725959,181.25,7.78E-06,753.6686312,0.872891999,1.25
Taklamakan,39.5,81.25,Taklamakan_lat39p50_lon81p25,6,7265.101213,181.25,7.11E-06,689.1196033,1,1.25
Taklamakan,39.5,81.5,Taklamakan_lat39p50_lon81p50,1,41.29329946,98.75,1,80897901.59,0.891545948,-81.25
Taklamakan,39.5,81.5,Taklamakan_lat39p50_lon81p50,2,563.8648481,198.75,0.020634827,1669314.203,0.259027026,18.75
Taklamakan,39.5,81.5,Taklamakan_lat39p50_lon81p50,3,1700.286015,181.25,0.001486697,120270.659,0.266253934,1.25
Taklamakan,39.5,81.5,Taklamakan_lat39p50_lon81p50,4,3834.64361,101.25,9.19E-06,743.4016651,0.22518052,-78.75
Taklamakan,39.5,81.5,Taklamakan_lat39p50_lon81p50,5,5433.725959,181.25,4.27E-06,345.0464653,0.984640696,1.25
Taklamakan,39.5,81.5,Taklamakan_lat39p50_lon81p50,6,7265.101213,181.25,9.45E-06,764.8389995,1,1.25
Taklamakan,39.5,81.75,Taklamakan_lat39p50_lon81p75,1,41.29329946,91.25,1,34603066.71,0.772939954,-88.75
Taklamakan,39.5,81.75,Taklamakan_lat39p50_lon81p75,2,421.7266867,186.25,0.12145246,4202627.559,0.22279428,6.25
Taklamakan,39.5,81.75,Taklamakan_lat39p50_lon81p75,3,633.3336976,186.25,0.146949925,5084918.049,0.383775576,6.25
Taklamakan,39.5,81.75,Taklamakan_lat39p50_lon81p75,4,1008.005486,181.25,0.055479678,1919766.993,0.278684339,1.25
Taklamakan,39.5,81.75,Taklamakan_lat39p50_lon81p75,5,1801.983335,168.75,0.005724237,198076.1388,0.301931194,-11.25
Taklamakan,39.5,81.75,Taklamakan_lat39p50_lon81p75,6,3039.553957,173.75,0.000220103,7616.250112,0.581640882,-6.25
Taklamakan,39.5,81.75,Taklamakan_lat39p50_lon81p75,7,4307.076464,188.75,5.50E-05,1903.157017,0.794161732,8.75
Taklamakan,39.5,81.75,Taklamakan_lat39p50_lon81p75,8,7265.101213,181.25,2.07E-05,715.5669141,1,1.25
Taklamakan,39.5,82.25,Taklamakan_lat39p50_lon82p25,1,41.29329946,96.25,1,26136768.53,0.871647622,-83.75
Taklamakan,39.5,82.25,Taklamakan_lat39p50_lon82p25,2,563.8648481,181.25,0.223406862,5839133.442,0.379967167,1.25
Taklamakan,39.5,82.25,Taklamakan_lat39p50_lon82p25,3,1068.296199,181.25,0.13100366,3424012.348,0.25857046,1.25
Taklamakan,39.5,82.25,Taklamakan_lat39p50_lon82p25,4,2023.989919,206.25,0.0463492,1211418.312,0.44981631,26.25
Taklamakan,39.5,82.25,Taklamakan_lat39p50_lon82p25,5,3039.553957,198.75,0.009780625,255633.944,0.724308487,18.75
Taklamakan,39.5,82.25,Taklamakan_lat39p50_lon82p25,6,4307.076464,188.75,0.002981513,77927.11308,0.743255571,8.75
Taklamakan,39.5,82.25,Taklamakan_lat39p50_lon82p25,7,7265.101213,181.25,0.000688174,17986.6437,1,1.25
Taklamakan,39.5,82.5,Taklamakan_lat39p50_lon82p50,1,41.29329946,91.25,1,24091627.91,0.883338352,-88.75
Taklamakan,39.5,82.5,Taklamakan_lat39p50_lon82p50,2,711.3611955,206.25,0.2318227,5584986.223,0.513613369,26.25
Taklamakan,39.5,82.5,Taklamakan_lat39p50_lon82p50,3,3039.553957,198.75,0.004784251,115260.3975,0.571789021,18.75
Taklamakan,39.5,82.5,Taklamakan_lat39p50_lon82p50,4,4307.076464,218.75,0.000564184,13592.11432,0.313233404,38.75
Taklamakan,39.5,82.5,Taklamakan_lat39p50_lon82p50,5,5758.727378,141.25,0.000113698,2739.162585,0.366655299,-38.75
Taklamakan,39.5,82.5,Taklamakan_lat39p50_lon82p50,6,8648.245934,246.25,2.74E-05,660.8109082,1,66.25
Taklamakan,39.5,82.75,Taklamakan_lat39p50_lon82p75,1,65.72186596,261.25,1,20402485.81,0.893858994,81.25
Taklamakan,39.5,82.75,Taklamakan_lat39p50_lon82p75,2,446.9509568,216.25,0.082825559,1689847.287,0.260362517,36.25
Taklamakan,39.5,82.75,Taklamakan_lat39p50_lon82p75,3,753.9090529,213.75,0.145338923,2965275.318,0.629094131,33.75
Taklamakan,39.5,82.75,Taklamakan_lat39p50_lon82p75,4,1068.296199,213.75,0.064724113,1320532.806,0.313445526,33.75
Taklamakan,39.5,82.75,Taklamakan_lat39p50_lon82p75,5,1604.328118,203.75,0.041866471,854180.0784,0.306420955,23.75
Taklamakan,39.5,82.75,Taklamakan_lat39p50_lon82p75,6,2553.427285,213.75,0.028807842,587751.5914,0.799161552,33.75
Taklamakan,39.5,82.75,Taklamakan_lat39p50_lon82p75,7,3834.64361,211.25,0.001532481,31266.42455,0.548897638,31.25
Taklamakan,39.5,82.75,Taklamakan_lat39p50_lon82p75,8,7265.101213,193.75,8.21E-05,1675.88776,0.903014844,13.75
Taklamakan,39.5,83,Taklamakan_lat39p50_lon83p00,1,69.65281496,231.25,1,19371813.46,0.904503805,51.25
Taklamakan,39.5,83,Taklamakan_lat39p50_lon83p00,2,532.0423875,201.25,0.169703147,3287457.704,0.255246527,21.25
Taklamakan,39.5,83,Taklamakan_lat39p50_lon83p00,3,951.1173591,201.25,0.090648551,1756026.812,0.304414608,21.25
Taklamakan,39.5,83,Taklamakan_lat39p50_lon83p00,4,2023.989919,213.75,0.016124534,312361.4708,0.437006253,33.75
Taklamakan,39.5,83,Taklamakan_lat39p50_lon83p00,5,4064.000891,223.75,0.000259615,5029.211121,0.340105296,43.75
Taklamakan,39.5,83,Taklamakan_lat39p50_lon83p00,6,7265.101213,181.25,8.62E-05,1670.369004,0.947232293,1.25
Taklamakan,39.5,83.75,Taklamakan_lat39p50_lon83p75,1,69.65281496,243.75,1,46147245.08,0.927671467,63.75
Taklamakan,39.5,83.75,Taklamakan_lat39p50_lon83p75,2,597.5906703,216.25,0.116057042,5355712.76,0.351903076,36.25
Taklamakan,39.5,83.75,Taklamakan_lat39p50_lon83p75,3,1008.005486,223.75,0.065791441,3036093.745,0.256203746,43.75
Taklamakan,39.5,83.75,Taklamakan_lat39p50_lon83p75,4,1604.328118,211.25,0.044884262,2071285.022,0.426745168,31.25
Taklamakan,39.5,83.75,Taklamakan_lat39p50_lon83p75,5,2706.152597,191.25,0.006210984,286619.798,0.50337888,11.25
Taklamakan,39.5,83.75,Taklamakan_lat39p50_lon83p75,6,3618.230411,228.75,0.000683026,31519.774,0.470773154,48.75
Taklamakan,39.5,83.75,Taklamakan_lat39p50_lon83p75,7,5127.066427,116.25,0.000111342,5138.145179,0.619017035,-63.75
Taklamakan,39.5,83.75,Taklamakan_lat39p50_lon83p75,8,7265.101213,181.25,2.84E-05,1308.539675,0.896637908,1.25
Taklamakan,39.5,84,Taklamakan_lat39p50_lon84p00,1,65.72186596,241.25,1,38518377.94,0.924335789,61.25
Taklamakan,39.5,84,Taklamakan_lat39p50_lon84p00,2,473.6839381,208.75,0.189646271,7304866.728,0.214841751,28.75
Taklamakan,39.5,84,Taklamakan_lat39p50_lon84p00,3,799.0017781,208.75,0.119273312,4594214.505,0.21570602,28.75
Taklamakan,39.5,84,Taklamakan_lat39p50_lon84p00,4,1271.680598,216.25,0.112726659,4342048.053,0.529360009,36.25
Taklamakan,39.5,84,Taklamakan_lat39p50_lon84p00,5,1909.763363,211.25,0.019661679,757336.0011,0.275527205,31.25
Taklamakan,39.5,84,Taklamakan_lat39p50_lon84p00,6,2553.427285,206.25,0.02322103,894436.4092,0.644892419,26.25
Taklamakan,39.5,84,Taklamakan_lat39p50_lon84p00,7,3618.230411,218.75,0.000574083,22112.73516,0.790820562,38.75
Taklamakan,39.5,84,Taklamakan_lat39p50_lon84p00,8,5127.066427,116.25,4.82E-05,1855.148777,0.561027986,-63.75
Taklamakan,39.5,84,Taklamakan_lat39p50_lon84p00,9,7265.101213,193.75,5.13E-05,1975.742289,0.816403481,13.75
Taklamakan,39.5,84.25,Taklamakan_lat39p50_lon84p25,1,65.72186596,246.25,1,46841886,0.913660348,66.25
Taklamakan,39.5,84.25,Taklamakan_lat39p50_lon84p25,2,532.0423875,213.75,0.210512591,9860806.804,0.606762193,33.75
Taklamakan,39.5,84.25,Taklamakan_lat39p50_lon84p25,3,799.0017781,216.25,0.141283764,6617997.989,0.25462209,36.25
Taklamakan,39.5,84.25,Taklamakan_lat39p50_lon84p25,4,1909.763363,221.25,0.043511528,2038162.04,0.44106457,41.25
Taklamakan,39.5,84.25,Taklamakan_lat39p50_lon84p25,5,2868.012698,208.75,0.003174818,148714.4821,0.201163142,28.75
Taklamakan,39.5,84.25,Taklamakan_lat39p50_lon84p25,6,5127.066427,133.75,6.42E-05,3007.082891,0.747026985,-46.25
Taklamakan,39.5,84.25,Taklamakan_lat39p50_lon84p25,7,7265.101213,193.75,2.57E-05,1202.555604,0.64000191,13.75
Taklamakan,39.5,85,Taklamakan_lat39p50_lon85p00,1,41.29329946,243.75,1,86892615.79,0.900576151,63.75
Taklamakan,39.5,85,Taklamakan_lat39p50_lon85p00,2,711.3611955,216.25,0.319872483,27794556.78,0.751819021,36.25
Taklamakan,39.5,85,Taklamakan_lat39p50_lon85p00,3,4064.000891,236.25,0.000129753,11274.58472,0.696676379,56.25
Taklamakan,39.5,85,Taklamakan_lat39p50_lon85p00,4,7265.101213,181.25,3.16E-05,2748.546482,0.913133853,1.25
Taklamakan,39.5,85.25,Taklamakan_lat39p50_lon85p25,1,41.29329946,246.25,1,57352645.37,0.908608575,66.25
Taklamakan,39.5,85.25,Taklamakan_lat39p50_lon85p25,2,671.2145829,216.25,0.293869685,16854203.82,0.710802325,36.25
Taklamakan,39.5,85.25,Taklamakan_lat39p50_lon85p25,3,1199.911617,91.25,0.159781389,9163885.357,0.336611037,-88.75
Taklamakan,39.5,85.25,Taklamakan_lat39p50_lon85p25,4,3039.553957,228.75,0.000601104,34474.88737,0.592428658,48.75
Taklamakan,39.5,85.25,Taklamakan_lat39p50_lon85p25,5,4564.690847,91.25,0.00013694,7853.846924,0.447946319,-88.75
Taklamakan,39.5,85.25,Taklamakan_lat39p50_lon85p25,6,6855.085589,91.25,4.55E-05,2607.373518,0.962536824,-88.75
Taklamakan,39.5,85.25,Taklamakan_lat39p50_lon85p25,7,9165.513867,91.25,8.43E-06,483.5382823,1,-88.75
Taklamakan,39.5,85.5,Taklamakan_lat39p50_lon85p50,1,65.72186596,246.25,1,44601548.23,0.91347656,66.25
Taklamakan,39.5,85.5,Taklamakan_lat39p50_lon85p50,2,633.3336976,206.25,0.298997791,13335764.41,0.674279136,26.25
Taklamakan,39.5,85.5,Taklamakan_lat39p50_lon85p50,3,1199.911617,253.75,0.209541172,9345860.688,0.210754562,73.75
Taklamakan,39.5,85.5,Taklamakan_lat39p50_lon85p50,4,3039.553957,228.75,0.006523554,290960.613,0.515542378,48.75
Taklamakan,39.5,85.5,Taklamakan_lat39p50_lon85p50,5,5127.066427,201.25,0.000854081,38093.3363,0.564581686,21.25
Taklamakan,39.5,85.5,Taklamakan_lat39p50_lon85p50,6,7265.101213,193.75,0.000170564,7607.404877,1,13.75
Taklamakan,39.5,85.75,Taklamakan_lat39p50_lon85p75,1,65.72186596,253.75,1,65878838.57,0.934595864,73.75
Taklamakan,39.5,85.75,Taklamakan_lat39p50_lon85p75,2,397.9259817,193.75,0.182695755,12035784.14,0.224216942,13.75
Taklamakan,39.5,85.75,Taklamakan_lat39p50_lon85p75,3,711.3611955,186.25,0.255509355,16832659.58,0.653332683,6.25
Taklamakan,39.5,85.75,Taklamakan_lat39p50_lon85p75,4,1008.005486,113.75,0.178400611,11752825.06,0.209902581,-66.25
Taklamakan,39.5,85.75,Taklamakan_lat39p50_lon85p75,5,3039.553957,198.75,0.003503391,230799.3245,0.291268076,18.75
Taklamakan,39.5,85.75,Taklamakan_lat39p50_lon85p75,6,5127.066427,243.75,0.000214208,14111.75438,0.736918685,63.75
Taklamakan,39.5,85.75,Taklamakan_lat39p50_lon85p75,7,7265.101213,166.25,5.21E-05,3433.430143,1,-13.75
Taklamakan,39.5,86.25,Taklamakan_lat39p50_lon86p25,1,69.65281496,251.25,1,57641614.07,0.93205413,71.25
Taklamakan,39.5,86.25,Taklamakan_lat39p50_lon86p25,2,1271.680598,223.75,0.021743717,1253342.923,0.505656865,43.75
Taklamakan,39.5,86.25,Taklamakan_lat39p50_lon86p25,3,2409.32123,211.25,0.005196548,299537.3999,0.596874466,31.25
Taklamakan,39.5,86.25,Taklamakan_lat39p50_lon86p25,4,4307.076464,246.25,8.90E-05,5128.789664,0.648322812,66.25
Taklamakan,39.5,86.25,Taklamakan_lat39p50_lon86p25,5,6855.085589,91.25,5.04E-05,2904.86705,1,-88.75
Taklamakan,39.5,86.5,Taklamakan_lat39p50_lon86p50,1,69.65281496,248.75,1,49566473.27,0.926321596,68.75
Taklamakan,39.5,86.5,Taklamakan_lat39p50_lon86p50,2,3221.355423,206.25,0.000259453,12860.19496,0.37142324,26.25
Taklamakan,39.5,86.5,Taklamakan_lat39p50_lon86p50,3,6855.085589,91.25,3.11E-05,1541.696513,1,-88.75
Taklamakan,39.5,86.75,Taklamakan_lat39p50_lon86p75,1,65.72186596,241.25,1,31815640.6,0.912202991,61.25
Taklamakan,39.5,86.75,Taklamakan_lat39p50_lon86p75,2,375.4685011,191.25,0.114506347,3643092.79,0.238189585,11.25
Taklamakan,39.5,86.75,Taklamakan_lat39p50_lon86p75,3,951.1173591,211.25,0.068533659,2180442.275,0.328851508,31.25
Taklamakan,39.5,86.75,Taklamakan_lat39p50_lon86p75,4,1604.328118,243.75,0.019544983,621836.1683,0.340540415,63.75
Taklamakan,39.5,86.75,Taklamakan_lat39p50_lon86p75,5,3039.553957,168.75,0.002851852,90733.49721,0.758381561,-11.25
Taklamakan,39.5,86.75,Taklamakan_lat39p50_lon86p75,6,4307.076464,181.25,0.00034768,11061.66435,0.329192236,1.25
Taklamakan,39.5,86.75,Taklamakan_lat39p50_lon86p75,7,7265.101213,181.25,5.90E-05,1876.3898,1,1.25
Taklamakan,39.5,87,Taklamakan_lat39p50_lon87p00,1,65.72186596,268.75,1,53294095.67,0.926214729,88.75
Taklamakan,39.5,87,Taklamakan_lat39p50_lon87p00,2,563.8648481,166.25,0.158673226,8456346.089,0.350215804,-13.75
Taklamakan,39.5,87,Taklamakan_lat39p50_lon87p00,3,846.7915844,186.25,0.116107062,6187820.892,0.278341502,6.25
Taklamakan,39.5,87,Taklamakan_lat39p50_lon87p00,4,2145.048581,166.25,0.007632509,406767.6422,0.251540811,-13.75
Taklamakan,39.5,87,Taklamakan_lat39p50_lon87p00,5,3039.553957,166.25,0.00238054,126868.729,0.563136968,-13.75
Taklamakan,39.5,87,Taklamakan_lat39p50_lon87p00,6,4307.076464,181.25,0.000250937,13373.47956,0.831457239,1.25
Taklamakan,39.5,87,Taklamakan_lat39p50_lon87p00,7,6855.085589,166.25,2.37E-05,1264.137415,1,-13.75
Taklamakan,39.5,87.25,Taklamakan_lat39p50_lon87p25,1,69.65281496,248.75,1,72319746.4,0.941891147,68.75
Taklamakan,39.5,87.25,Taklamakan_lat39p50_lon87p25,2,446.9509568,188.75,0.069456708,5023091.507,0.336320959,8.75
Taklamakan,39.5,87.25,Taklamakan_lat39p50_lon87p25,3,1801.983335,206.25,0.00660749,477852.0173,0.447990183,26.25
Taklamakan,39.5,87.25,Taklamakan_lat39p50_lon87p25,4,3039.553957,186.25,0.000678238,49049.98506,0.540285611,6.25
Taklamakan,39.5,87.25,Taklamakan_lat39p50_lon87p25,5,4307.076464,171.25,6.20E-05,4483.775256,0.415337245,-8.75
Taklamakan,39.5,87.25,Taklamakan_lat39p50_lon87p25,6,6855.085589,91.25,9.88E-06,714.4062725,1,-88.75
Taklamakan,39.5,87.25,Taklamakan_lat39p50_lon87p25,7,9165.513867,91.25,3.73E-06,269.4680398,1,-88.75
Taklamakan,39.5,87.5,Taklamakan_lat39p50_lon87p50,1,65.72186596,248.75,1,77837552.25,0.949932681,68.75
Taklamakan,39.5,87.5,Taklamakan_lat39p50_lon87p50,2,473.6839381,193.75,0.068590076,5338883.623,0.437329094,13.75
Taklamakan,39.5,87.5,Taklamakan_lat39p50_lon87p50,3,1428.353227,201.25,0.0157715,1227614.945,0.329507899,21.25
Taklamakan,39.5,87.5,Taklamakan_lat39p50_lon87p50,4,3414.030779,201.25,0.000423613,32973.0033,0.730652495,21.25
Taklamakan,39.5,87.5,Taklamakan_lat39p50_lon87p50,5,5433.725959,256.25,3.23E-05,2512.544307,0.800848727,76.25
Taklamakan,39.5,87.5,Taklamakan_lat39p50_lon87p50,6,8648.245934,246.25,5.90E-06,458.9809688,1,66.25
Taklamakan,39.5,87.75,Taklamakan_lat39p50_lon87p75,1,65.72186596,258.75,0.816923707,49302469.77,0.621319042,78.75
Taklamakan,39.5,87.75,Taklamakan_lat39p50_lon87p75,2,421.7266867,158.75,0.854658953,51579843.77,0.206387076,-21.25
Taklamakan,39.5,87.75,Taklamakan_lat39p50_lon87p75,3,671.2145829,176.25,1,60351375.97,0.955648836,-3.75
Taklamakan,39.5,87.75,Taklamakan_lat39p50_lon87p75,4,3414.030779,158.75,0.016714302,1008731.1,0.291444662,-21.25
Taklamakan,39.5,87.75,Taklamakan_lat39p50_lon87p75,5,5127.066427,158.75,0.002734293,165018.3391,0.965779395,-21.25
Taklamakan,39.5,87.75,Taklamakan_lat39p50_lon87p75,6,8648.245934,141.25,0.000339246,20473.97533,1,-38.75
Taklamakan,39.5,88,Taklamakan_lat39p50_lon88p00,1,671.2145829,181.25,1,49989773.22,0.976911654,1.25
Taklamakan,39.5,88,Taklamakan_lat39p50_lon88p00,2,2409.32123,218.75,0.071938225,3596175.566,0.302456857,38.75
Taklamakan,39.5,88,Taklamakan_lat39p50_lon88p00,3,3618.230411,173.75,0.017488542,874248.2704,0.629636803,-6.25
Taklamakan,39.5,88,Taklamakan_lat39p50_lon88p00,4,5127.066427,201.25,0.005911368,295507.9515,0.805876471,21.25
Taklamakan,39.5,88,Taklamakan_lat39p50_lon88p00,5,6855.085589,251.25,0.003960716,197995.2998,1,71.25
Taklamakan,39.5,88.5,Taklamakan_lat39p50_lon88p50,1,41.29329946,243.75,1,13205834.01,0.892740856,63.75
Taklamakan,39.5,88.5,Taklamakan_lat39p50_lon88p50,2,1199.911617,236.25,0.096254854,1271125.628,0.256133359,56.25
Taklamakan,39.5,88.5,Taklamakan_lat39p50_lon88p50,3,1700.286015,161.25,0.024136167,318738.216,0.254811003,-18.75
Taklamakan,39.5,88.5,Taklamakan_lat39p50_lon88p50,4,4307.076464,188.75,0.00130432,17224.63692,0.5134907,8.75
Taklamakan,39.5,88.5,Taklamakan_lat39p50_lon88p50,5,7265.101213,181.25,0.000812452,10729.10853,1,1.25
Taklamakan,39.5,88.75,Taklamakan_lat39p50_lon88p75,1,87.87267,238.75,1,19592313.58,0.93404739,58.75
Taklamakan,39.5,88.75,Taklamakan_lat39p50_lon88p75,2,897.4397893,228.75,0.325792795,6383034.608,0.242359822,48.75
Taklamakan,39.5,88.75,Taklamakan_lat39p50_lon88p75,3,2023.989919,106.25,0.019076453,373751.8546,0.207326543,-73.75
Taklamakan,39.5,88.75,Taklamakan_lat39p50_lon88p75,4,4064.000891,258.75,0.001341433,26281.7687,0.469410902,78.75
Taklamakan,39.5,88.75,Taklamakan_lat39p50_lon88p75,5,6855.085589,251.25,0.001249845,24487.3576,0.861087638,71.25
Taklamakan,39.5,89,Taklamakan_lat39p50_lon89p00,1,46.38068523,233.75,1,8808989.872,0.885240834,53.75
Taklamakan,39.5,89,Taklamakan_lat39p50_lon89p00,2,1513.785733,236.25,0.059298702,522361.6632,0.326990275,56.25
Taklamakan,39.5,89,Taklamakan_lat39p50_lon89p00,3,2023.989919,236.25,0.017679827,155741.4175,0.357810022,56.25
Taklamakan,39.5,89,Taklamakan_lat39p50_lon89p00,4,4064.000891,223.75,0.001252102,11029.75345,0.282184671,43.75
Taklamakan,39.5,89,Taklamakan_lat39p50_lon89p00,5,7265.101213,91.25,0.000527572,4647.373156,0.681684567,-88.75
Taklamakan,39.5,90.75,Taklamakan_lat39p50_lon90p75,1,93.12850046,223.75,1,42595178.89,0.976461156,43.75
Taklamakan,39.5,90.75,Taklamakan_lat39p50_lon90p75,2,897.4397893,181.25,0.059693344,2542648.663,0.244229845,1.25
Taklamakan,39.5,90.75,Taklamakan_lat39p50_lon90p75,3,1199.911617,181.25,0.041277606,1758227.029,0.464636829,1.25
Taklamakan,39.5,90.75,Taklamakan_lat39p50_lon90p75,4,1801.983335,181.25,0.015754343,671059.0734,0.26740334,1.25
Taklamakan,39.5,90.75,Taklamakan_lat39p50_lon90p75,5,2706.152597,181.25,0.00616621,262650.8101,0.897249484,1.25
Taklamakan,39.5,90.75,Taklamakan_lat39p50_lon90p75,6,3618.230411,181.25,0.001410815,60093.90677,0.82268678,1.25
Taklamakan,39.5,90.75,Taklamakan_lat39p50_lon90p75,7,5433.725959,181.25,0.000967947,41229.85957,0.922521328,1.25
Taklamakan,39.5,90.75,Taklamakan_lat39p50_lon90p75,8,7265.101213,181.25,0.000583155,24839.60382,0.991241041,1.25
Taklamakan,39.5,91,Taklamakan_lat39p50_lon91p00,1,117.4891495,198.75,1,14652244.24,0.980825453,18.75
Taklamakan,39.5,91,Taklamakan_lat39p50_lon91p00,2,421.7266867,203.75,0.668163512,9790094.974,0.252421891,23.75
Taklamakan,39.5,91,Taklamakan_lat39p50_lon91p00,3,2023.989919,181.25,0.009636226,141192.336,0.528623627,1.25
Taklamakan,39.5,91,Taklamakan_lat39p50_lon91p00,4,2706.152597,181.25,0.006047354,88607.30188,0.771262495,1.25
Taklamakan,39.5,91,Taklamakan_lat39p50_lon91p00,5,3618.230411,173.75,0.001440664,21108.96661,0.611432198,-6.25
Taklamakan,39.5,91,Taklamakan_lat39p50_lon91p00,6,5433.725959,181.25,0.000355429,5207.838921,0.819147724,1.25
Taklamakan,39.5,91,Taklamakan_lat39p50_lon91p00,7,7265.101213,181.25,0.00051401,7531.402955,0.957840592,1.25
Taklamakan,39.5,91.25,Taklamakan_lat39p50_lon91p25,1,124.5163975,258.75,1,20645030.2,0.982004258,78.75
Taklamakan,39.5,91.25,Taklamakan_lat39p50_lon91p25,2,1801.983335,193.75,0.069183774,1428301.102,0.351499672,13.75
Taklamakan,39.5,91.25,Taklamakan_lat39p50_lon91p25,3,2409.32123,171.25,0.034722191,716840.6884,0.741924097,-8.75
Taklamakan,39.5,91.25,Taklamakan_lat39p50_lon91p25,4,3618.230411,131.25,0.002097395,43300.78193,0.458717476,-48.75
Taklamakan,39.5,91.25,Taklamakan_lat39p50_lon91p25,5,5433.725959,168.75,0.000707412,14604.53551,0.843738724,-11.25
Taklamakan,39.5,91.25,Taklamakan_lat39p50_lon91p25,6,7265.101213,166.25,0.000490388,10124.07854,0.936025038,-13.75
Taklamakan,39.5,91.5,Taklamakan_lat39p50_lon91p50,1,117.4891495,223.75,1,20272487.17,0.980975808,43.75
Taklamakan,39.5,91.5,Taklamakan_lat39p50_lon91p50,2,1199.911617,178.75,0.09246295,1874453.97,0.249566794,-1.25
Taklamakan,39.5,91.5,Taklamakan_lat39p50_lon91p50,3,1700.286015,168.75,0.035674606,723212.9951,0.301365524,-11.25
Taklamakan,39.5,91.5,Taklamakan_lat39p50_lon91p50,4,2409.32123,171.25,0.013252988,268671.0378,0.32399,-8.75
Taklamakan,39.5,91.5,Taklamakan_lat39p50_lon91p50,5,3618.230411,181.25,0.012804451,259578.0725,0.914061908,1.25
Taklamakan,39.5,91.5,Taklamakan_lat39p50_lon91p50,6,5433.725959,168.75,0.000583615,11831.33681,0.86437703,-11.25
Taklamakan,39.5,91.5,Taklamakan_lat39p50_lon91p50,7,7265.101213,181.25,0.000390753,7921.525175,1,1.25
Taklamakan,39.5,91.75,Taklamakan_lat39p50_lon91p75,1,104.6020474,93.75,1,26380009.56,0.979437278,-86.25
Taklamakan,39.5,91.75,Taklamakan_lat39p50_lon91p75,2,951.1173591,158.75,0.103654362,2734403.052,0.297377369,-21.25
Taklamakan,39.5,91.75,Taklamakan_lat39p50_lon91p75,3,1700.286015,158.75,0.025536279,673647.2897,0.354702209,-21.25
Taklamakan,39.5,91.75,Taklamakan_lat39p50_lon91p75,4,2706.152597,168.75,0.005625387,148397.7738,0.300776868,-11.25
Taklamakan,39.5,91.75,Taklamakan_lat39p50_lon91p75,5,3618.230411,166.25,0.000892845,23553.26938,0.547029105,-13.75
Taklamakan,39.5,91.75,Taklamakan_lat39p50_lon91p75,6,5127.066427,158.75,0.000434363,11458.49021,0.793734993,-21.25
Taklamakan,39.5,91.75,Taklamakan_lat39p50_lon91p75,7,7265.101213,166.25,0.000144978,3824.52068,1,-13.75
Taklamakan,39.5,92.25,Taklamakan_lat39p50_lon92p25,1,87.87267,258.75,1,16797474.32,0.955223657,78.75
Taklamakan,39.5,92.25,Taklamakan_lat39p50_lon92p25,2,354.2784382,213.75,0.368013496,6181697.244,0.252390575,33.75
Taklamakan,39.5,92.25,Taklamakan_lat39p50_lon92p25,3,2553.427285,233.75,0.005040896,84674.32659,0.279425885,53.75
Taklamakan,39.5,92.25,Taklamakan_lat39p50_lon92p25,4,3834.64361,258.75,0.001427933,23985.6658,0.217953916,78.75
Taklamakan,39.5,92.25,Taklamakan_lat39p50_lon92p25,5,5127.066427,201.25,0.000418932,7037.006916,0.683992762,21.25
Taklamakan,39.5,92.25,Taklamakan_lat39p50_lon92p25,6,7265.101213,181.25,0.000186516,3132.989741,0.229786302,1.25
Taklamakan,39.75,86.25,Taklamakan_lat39p75_lon86p25,1,69.65281496,241.25,1,34130526.79,0.929169606,61.25
Taklamakan,39.75,86.25,Taklamakan_lat39p75_lon86p25,2,3039.553957,186.25,0.002669831,91122.73039,0.389612806,6.25
Taklamakan,39.75,86.25,Taklamakan_lat39p75_lon86p25,3,5433.725959,91.25,0.000503288,17177.48643,0.983775585,-88.75
Taklamakan,39.75,86.25,Taklamakan_lat39p75_lon86p25,4,9165.513867,91.25,2.12E-05,724.178833,1,-88.75
Taklamakan,39.75,86.5,Taklamakan_lat39p75_lon86p50,1,78.23412826,251.25,1,21207137.39,0.935403295,71.25
Taklamakan,39.75,86.5,Taklamakan_lat39p75_lon86p50,2,597.5906703,91.25,0.089139444,1890392.435,0.208051587,-88.75
Taklamakan,39.75,86.5,Taklamakan_lat39p75_lon86p50,3,1008.005486,181.25,0.047139842,999701.1049,0.223873417,1.25
Taklamakan,39.75,86.5,Taklamakan_lat39p75_lon86p50,4,1428.353227,91.25,0.020090742,426067.1313,0.242440513,-88.75
Taklamakan,39.75,86.5,Taklamakan_lat39p75_lon86p50,5,3039.553957,91.25,0.001869604,39648.9403,0.546763382,-88.75
Taklamakan,39.75,86.5,Taklamakan_lat39p75_lon86p50,6,4564.690847,91.25,0.000751822,15943.98796,0.640789991,-88.75
Taklamakan,39.75,86.5,Taklamakan_lat39p75_lon86p50,7,6855.085589,91.25,0.000108238,2295.420523,1,-88.75
Taklamakan,39.75,86.5,Taklamakan_lat39p75_lon86p50,8,9165.513867,91.25,4.73E-05,1002.823065,1,-88.75
Taklamakan,39.75,86.75,Taklamakan_lat39p75_lon86p75,1,69.65281496,238.75,1,52620626.06,0.939701226,58.75
Taklamakan,39.75,86.75,Taklamakan_lat39p75_lon86p75,2,502.0158696,91.25,0.077371992,4071362.641,0.265736006,-88.75
Taklamakan,39.75,86.75,Taklamakan_lat39p75_lon86p75,3,2145.048581,91.25,0.004884343,257017.2051,0.370210367,-88.75
Taklamakan,39.75,86.75,Taklamakan_lat39p75_lon86p75,4,3414.030779,91.25,0.000855459,45014.77875,0.619048692,-88.75
Taklamakan,39.75,86.75,Taklamakan_lat39p75_lon86p75,5,4564.690847,91.25,0.000414079,21789.07325,0.4736956,-88.75
Taklamakan,39.75,86.75,Taklamakan_lat39p75_lon86p75,6,6855.085589,91.25,0.000126146,6637.863489,1,-88.75
Taklamakan,39.75,86.75,Taklamakan_lat39p75_lon86p75,7,9165.513867,91.25,4.18E-05,2200.150927,1,-88.75
Taklamakan,39.75,87.25,Taklamakan_lat39p75_lon87p25,1,65.72186596,256.25,1,67692901.08,0.944939621,76.25
Taklamakan,39.75,87.25,Taklamakan_lat39p75_lon87p25,2,597.5906703,208.75,0.177812061,12036614.28,0.456193655,28.75
Taklamakan,39.75,87.25,Taklamakan_lat39p75_lon87p25,3,2706.152597,91.25,0.004291595,290510.5143,0.277857672,-88.75
Taklamakan,39.75,87.25,Taklamakan_lat39p75_lon87p25,4,3834.64361,101.25,0.000748256,50651.63504,0.446373791,-78.75
Taklamakan,39.75,87.25,Taklamakan_lat39p75_lon87p25,5,5433.725959,91.25,0.000366011,24776.34501,0.943657891,-88.75
Taklamakan,39.75,87.25,Taklamakan_lat39p75_lon87p25,6,9165.513867,91.25,5.04E-05,3409.846082,1,-88.75
Taklamakan,39.75,87.5,Taklamakan_lat39p75_lon87p50,1,78.23412826,243.75,1,65483313.62,0.945848041,63.75
Taklamakan,39.75,87.5,Taklamakan_lat39p75_lon87p50,2,532.0423875,91.25,0.132242901,8659703.346,0.221526896,-88.75
Taklamakan,39.75,87.5,Taklamakan_lat39p75_lon87p50,3,711.3611955,198.75,0.119578119,7830371.45,0.237689159,18.75
Taklamakan,39.75,87.5,Taklamakan_lat39p75_lon87p50,4,1132.193013,91.25,0.045458123,2976748.493,0.247291763,-88.75
Taklamakan,39.75,87.5,Taklamakan_lat39p75_lon87p50,5,1801.983335,211.25,0.012093264,791907.0225,0.285858357,31.25
Taklamakan,39.75,87.5,Taklamakan_lat39p75_lon87p50,6,2553.427285,213.75,0.00592082,387714.9058,0.355107257,33.75
Taklamakan,39.75,87.5,Taklamakan_lat39p75_lon87p50,7,3414.030779,91.25,0.00270177,176920.8701,0.847722499,-88.75
Taklamakan,39.75,87.5,Taklamakan_lat39p75_lon87p50,8,5433.725959,91.25,0.00042774,28009.81386,0.913175044,-88.75
Taklamakan,39.75,87.5,Taklamakan_lat39p75_lon87p50,9,8648.245934,246.25,3.80E-05,2489.292565,1,66.25
Taklamakan,39.75,87.75,Taklamakan_lat39p75_lon87p75,1,69.65281496,253.75,1,62809500.13,0.944621247,73.75
Taklamakan,39.75,87.75,Taklamakan_lat39p75_lon87p75,2,1700.286015,193.75,0.03151032,1979147.473,0.405377108,13.75
Taklamakan,39.75,87.75,Taklamakan_lat39p75_lon87p75,3,2273.34799,91.25,0.00912939,573412.4249,0.400600829,-88.75
Taklamakan,39.75,87.75,Taklamakan_lat39p75_lon87p75,4,3414.030779,91.25,0.001116743,70142.0461,0.391599443,-88.75
Taklamakan,39.75,87.75,Taklamakan_lat39p75_lon87p75,5,5433.725959,91.25,0.000444064,27891.40836,0.892034803,-88.75
Taklamakan,39.75,87.75,Taklamakan_lat39p75_lon87p75,6,9165.513867,91.25,3.60E-05,2262.92507,1,-88.75
Taklamakan,39.75,88,Taklamakan_lat39p75_lon88p00,1,82.91345931,236.25,0.829120304,19751447.94,0.424966256,56.25
Taklamakan,39.75,88,Taklamakan_lat39p75_lon88p00,2,532.0423875,171.25,1,23822173.74,0.959013675,-8.75
Taklamakan,39.75,88,Taklamakan_lat39p75_lon88p00,3,2706.152597,181.25,0.058560438,1395036.918,0.409319361,1.25
Taklamakan,39.75,88,Taklamakan_lat39p75_lon88p00,4,4307.076464,181.25,0.012224516,291214.5475,0.824645006,1.25
Taklamakan,39.75,88,Taklamakan_lat39p75_lon88p00,5,6855.085589,166.25,0.001915122,45622.36867,1,-13.75
Taklamakan,39.75,88.75,Taklamakan_lat39p75_lon88p75,1,41.29329946,241.25,1,36015377.58,0.912684873,61.25
Taklamakan,39.75,88.75,Taklamakan_lat39p75_lon88p75,2,2145.048581,206.25,0.002668174,96095.31203,0.252787705,26.25
Taklamakan,39.75,88.75,Taklamakan_lat39p75_lon88p75,3,4064.000891,91.25,0.000445172,16033.02863,0.621758125,-88.75
Taklamakan,39.75,88.75,Taklamakan_lat39p75_lon88p75,4,5758.727378,91.25,0.000104115,3749.753577,0.241283958,-88.75
Taklamakan,39.75,88.75,Taklamakan_lat39p75_lon88p75,5,8648.245934,218.75,1.60E-05,577.1423161,1,38.75
Taklamakan,39.75,89,Taklamakan_lat39p75_lon89p00,1,41.29329946,268.75,1,41168686.84,0.90908997,88.75
Taklamakan,39.75,89,Taklamakan_lat39p75_lon89p00,2,2409.32123,96.25,0.001767074,72748.1151,0.388316766,-83.75
Taklamakan,39.75,89,Taklamakan_lat39p75_lon89p00,3,4064.000891,91.25,0.000252846,10409.34257,0.258997414,-88.75
Taklamakan,39.75,89,Taklamakan_lat39p75_lon89p00,4,7265.101213,181.25,5.14E-05,2117.298802,0.921424601,1.25
Taklamakan,39.75,89.25,Taklamakan_lat39p75_lon89p25,1,69.65281496,236.25,1,41970044.61,0.903679117,56.25
Taklamakan,39.75,89.25,Taklamakan_lat39p75_lon89p25,2,1513.785733,241.25,0.027664766,1161091.474,0.33976829,61.25
Taklamakan,39.75,89.25,Taklamakan_lat39p75_lon89p25,3,3618.230411,241.25,0.00158843,66666.49191,0.744116148,61.25
Taklamakan,39.75,89.25,Taklamakan_lat39p75_lon89p25,4,5127.066427,243.75,0.000349315,14660.769,0.849893292,63.75
Taklamakan,39.75,89.25,Taklamakan_lat39p75_lon89p25,5,7265.101213,91.25,0.000200623,8420.146944,0.93891847,-88.75
Taklamakan,39.75,92.25,Taklamakan_lat39p75_lon92p25,1,104.6020474,256.25,1,39209324.99,0.974847581,76.25
Taklamakan,39.75,92.25,Taklamakan_lat39p75_lon92p25,2,2553.427285,111.25,0.000938037,36779.81413,0.274019258,-68.75
Taklamakan,39.75,92.25,Taklamakan_lat39p75_lon92p25,3,3414.030779,98.75,0.000228484,8958.70663,0.639476451,-81.25
Taklamakan,39.75,92.25,Taklamakan_lat39p75_lon92p25,4,4564.690847,91.25,0.000117754,4617.048626,0.773971929,-88.75
Taklamakan,39.75,92.25,Taklamakan_lat39p75_lon92p25,5,6855.085589,91.25,2.49E-05,977.8377144,1,-88.75
Taklamakan,39.75,92.5,Taklamakan_lat39p75_lon92p50,1,157.087525,246.25,1,46267039.65,0.981994186,66.25
Taklamakan,39.75,92.5,Taklamakan_lat39p75_lon92p50,2,2273.34799,91.25,0.003736616,172882.1548,0.365549221,-88.75
Taklamakan,39.75,92.5,Taklamakan_lat39p75_lon92p50,3,3039.553957,168.75,0.001934973,89525.47808,0.213251698,-11.25
Taklamakan,39.75,92.5,Taklamakan_lat39p75_lon92p50,4,5433.725959,91.25,0.000286038,13234.1488,0.939562888,-88.75
Taklamakan,39.75,92.5,Taklamakan_lat39p75_lon92p50,5,9165.513867,91.25,1.79E-05,829.1889553,1,-88.75
Taklamakan,39.75,92.75,Taklamakan_lat39p75_lon92p75,1,157.087525,96.25,1,9995368.309,0.974205573,-83.75
Taklamakan,39.75,92.75,Taklamakan_lat39p75_lon92p75,2,1428.353227,91.25,0.065283293,652530.5622,0.319652202,-88.75
Taklamakan,39.75,92.75,Taklamakan_lat39p75_lon92p75,3,2706.152597,91.25,0.004169027,41670.95605,0.308795561,-88.75
Taklamakan,39.75,92.75,Taklamakan_lat39p75_lon92p75,4,3834.64361,123.75,0.000577619,5773.513075,0.387927961,-56.25
Taklamakan,39.75,92.75,Taklamakan_lat39p75_lon92p75,5,5433.725959,91.25,0.000246886,2467.719886,0.904431791,-88.75
Taklamakan,39.75,92.75,Taklamakan_lat39p75_lon92p75,6,8648.245934,113.75,2.83E-05,283.0591634,1,-66.25
Taklamakan,39.75,93,Taklamakan_lat39p75_lon93p00,1,148.2220821,248.75,1,15052195.28,0.969692153,68.75
Taklamakan,39.75,93,Taklamakan_lat39p75_lon93p00,2,711.3611955,91.25,0.195841733,2947848.012,0.235736987,-88.75
Taklamakan,39.75,93,Taklamakan_lat39p75_lon93p00,3,2145.048581,188.75,0.005757065,86656.46383,0.306208661,8.75
Taklamakan,39.75,93,Taklamakan_lat39p75_lon93p00,4,3039.553957,91.25,0.001842736,27737.21491,0.682796712,-88.75
Taklamakan,39.75,93,Taklamakan_lat39p75_lon93p00,5,4564.690847,91.25,0.001121324,16878.38403,0.802840052,-88.75
Taklamakan,39.75,93,Taklamakan_lat39p75_lon93p00,6,6855.085589,91.25,0.000273799,4121.277714,1,-88.75
Taklamakan,39.75,93.25,Taklamakan_lat39p75_lon93p25,1,82.91345931,248.75,1,23919007.97,0.955256906,68.75
Taklamakan,39.75,93.25,Taklamakan_lat39p75_lon93p25,2,421.7266867,91.25,0.676918443,16191217.63,0.366862397,-88.75
Taklamakan,39.75,93.25,Taklamakan_lat39p75_lon93p25,3,2145.048581,91.25,0.010995937,263011.901,0.320681001,-88.75
Taklamakan,39.75,93.25,Taklamakan_lat39p75_lon93p25,4,3414.030779,91.25,0.00200231,47893.27419,0.587316773,-88.75
Taklamakan,39.75,93.25,Taklamakan_lat39p75_lon93p25,5,5433.725959,91.25,0.001246236,29808.72149,0.842642962,-88.75
Taklamakan,39.75,93.25,Taklamakan_lat39p75_lon93p25,6,8648.245934,218.75,0.000108575,2597.013289,1,38.75
Taklamakan,39.75,93.5,Taklamakan_lat39p75_lon93p50,1,82.91345931,258.75,1,20574359.48,0.957840749,78.75
Taklamakan,39.75,93.5,Taklamakan_lat39p75_lon93p50,2,297.6174279,96.25,0.8035571,16532672.64,0.283890397,-83.75
Taklamakan,39.75,93.5,Taklamakan_lat39p75_lon93p50,3,563.8648481,101.25,0.910518607,18733337.13,0.39586427,-78.75
Taklamakan,39.75,93.5,Taklamakan_lat39p75_lon93p50,4,1199.911617,103.75,0.310773323,6393962.055,0.307024163,-76.25
Taklamakan,39.75,93.5,Taklamakan_lat39p75_lon93p50,5,3414.030779,91.25,0.010388241,213731.4007,0.467522731,-88.75
Taklamakan,39.75,93.5,Taklamakan_lat39p75_lon93p50,6,4564.690847,101.25,0.002213481,45540.955,0.567069307,-78.75
Taklamakan,39.75,93.5,Taklamakan_lat39p75_lon93p50,7,6855.085589,91.25,0.000700481,14411.93981,1,-88.75
Taklamakan,39.75,93.5,Taklamakan_lat39p75_lon93p50,8,9165.513867,91.25,0.000153059,3149.089831,1,-88.75
Taklamakan,39.75,93.75,Taklamakan_lat39p75_lon93p75,1,354.2784382,98.75,1,36625976.39,0.973272695,-81.25
Taklamakan,39.75,93.75,Taklamakan_lat39p75_lon93p75,2,2145.048581,91.25,0.038334219,1404028.19,0.42954537,-88.75
Taklamakan,39.75,93.75,Taklamakan_lat39p75_lon93p75,3,3414.030779,91.25,0.006843396,250646.0507,0.584428579,-88.75
Taklamakan,39.75,93.75,Taklamakan_lat39p75_lon93p75,4,5433.725959,91.25,0.003194311,116994.7515,0.918836179,-88.75
Taklamakan,39.75,93.75,Taklamakan_lat39p75_lon93p75,5,8648.245934,218.75,0.000287332,10523.82701,1,38.75
Taklamakan,39.75,94,Taklamakan_lat39p75_lon94p00,1,98.69869206,98.75,1,16411288.96,0.972550965,-81.25
Taklamakan,39.75,94,Taklamakan_lat39p75_lon94p00,2,1008.005486,91.25,0.154727686,2539280.757,0.221300803,-88.75
Taklamakan,39.75,94,Taklamakan_lat39p75_lon94p00,3,3414.030779,251.25,0.001917867,31474.66557,0.403370896,71.25
Taklamakan,39.75,94,Taklamakan_lat39p75_lon94p00,4,6855.085589,91.25,0.000423536,6950.774286,1,-88.75
Taklamakan,40,80.25,Taklamakan_lat40p00_lon80p25,1,55.21073426,106.25,1,30449467.65,0.914115634,-73.75
Taklamakan,40,80.25,Taklamakan_lat40p00_lon80p25,2,2145.048581,91.25,0.001290974,39309.45697,0.3687414,-88.75
Taklamakan,40,80.25,Taklamakan_lat40p00_lon80p25,3,3414.030779,261.25,0.000300418,9147.553403,0.722826786,81.25
Taklamakan,40,80.25,Taklamakan_lat40p00_lon80p25,4,5433.725959,168.75,3.20E-05,974.8242999,0.888658885,-11.25
Taklamakan,40,80.25,Taklamakan_lat40p00_lon80p25,5,7265.101213,181.25,4.71E-05,1434.29847,1,1.25
Taklamakan,40,80.5,Taklamakan_lat40p00_lon80p50,1,87.87267,116.25,1,69073962.88,0.944824176,-63.75
Taklamakan,40,80.5,Taklamakan_lat40p00_lon80p50,2,532.0423875,186.25,0.036999618,2555710.218,0.26662214,6.25
Taklamakan,40,80.5,Taklamakan_lat40p00_lon80p50,3,1347.742218,218.75,0.013387673,924739.5988,0.420679496,38.75
Taklamakan,40,80.5,Taklamakan_lat40p00_lon80p50,4,3834.64361,258.75,0.000470918,32528.15817,0.720905051,78.75
Taklamakan,40,80.5,Taklamakan_lat40p00_lon80p50,5,6855.085589,91.25,4.67E-05,3228.936662,1,-88.75
Taklamakan,40,80.75,Taklamakan_lat40p00_lon80p75,1,117.4891495,96.25,1,34229841.06,0.944598568,-83.75
Taklamakan,40,80.75,Taklamakan_lat40p00_lon80p75,2,1428.353227,168.75,0.053560403,1833364.078,0.290726292,-11.25
Taklamakan,40,80.75,Taklamakan_lat40p00_lon80p75,3,3414.030779,141.25,0.001601196,54808.69645,0.643974897,-38.75
Taklamakan,40,80.75,Taklamakan_lat40p00_lon80p75,4,5127.066427,133.75,0.000953826,32649.32,0.991546206,-46.25
Taklamakan,40,80.75,Taklamakan_lat40p00_lon80p75,5,6855.085589,131.25,0.000324438,11105.44912,1,-48.75
Taklamakan,40,81.25,Taklamakan_lat40p00_lon81p25,1,58.51299261,93.75,1,215737225.9,0.94626303,-86.25
Taklamakan,40,81.25,Taklamakan_lat40p00_lon81p25,2,671.2145829,191.25,0.001429245,308341.2616,0.22292021,11.25
Taklamakan,40,81.25,Taklamakan_lat40p00_lon81p25,3,1801.983335,138.75,0.000110076,23747.5245,0.302173402,-41.25
Taklamakan,40,81.25,Taklamakan_lat40p00_lon81p25,4,2706.152597,186.25,1.37E-05,2953.328176,0.537131692,6.25
Taklamakan,40,81.25,Taklamakan_lat40p00_lon81p25,5,3618.230411,186.25,4.67E-06,1008.233258,0.532869662,6.25
Taklamakan,40,81.25,Taklamakan_lat40p00_lon81p25,6,5433.725959,181.25,2.77E-06,598.417747,0.932894624,1.25
Taklamakan,40,81.25,Taklamakan_lat40p00_lon81p25,7,7265.101213,181.25,2.46E-06,530.0931633,1,1.25
Taklamakan,40,81.5,Taklamakan_lat40p00_lon81p50,1,41.29329946,91.25,1,163283184.8,0.917680115,-88.75
Taklamakan,40,81.5,Taklamakan_lat40p00_lon81p50,2,951.1173591,188.75,0.001378591,225100.802,0.201059057,8.75
Taklamakan,40,81.5,Taklamakan_lat40p00_lon81p50,3,3414.030779,193.75,4.58E-06,747.2252399,0.215185473,13.75
Taklamakan,40,81.5,Taklamakan_lat40p00_lon81p50,4,5433.725959,181.25,1.69E-06,276.2039083,0.973236969,1.25
Taklamakan,40,81.5,Taklamakan_lat40p00_lon81p50,5,7265.101213,181.25,4.96E-06,810.144976,1,1.25
Taklamakan,40,81.75,Taklamakan_lat40p00_lon81p75,1,41.29329946,268.75,1,180188687.8,0.915085635,88.75
Taklamakan,40,81.75,Taklamakan_lat40p00_lon81p75,2,897.4397893,193.75,0.000446675,80485.82462,0.261060133,13.75
Taklamakan,40,81.75,Taklamakan_lat40p00_lon81p75,3,1700.286015,201.25,5.38E-05,9694.569329,0.225692176,21.25
Taklamakan,40,81.75,Taklamakan_lat40p00_lon81p75,4,2868.012698,203.75,6.45E-06,1161.716648,0.390183245,23.75
Taklamakan,40,81.75,Taklamakan_lat40p00_lon81p75,5,5433.725959,181.25,4.20E-06,756.9018801,0.988617522,1.25
Taklamakan,40,81.75,Taklamakan_lat40p00_lon81p75,6,7265.101213,181.25,7.06E-06,1271.758005,1,1.25
Taklamakan,40,82.25,Taklamakan_lat40p00_lon82p25,1,41.29329946,91.25,1,21515753.01,0.875757653,-88.75
Taklamakan,40,82.25,Taklamakan_lat40p00_lon82p25,2,532.0423875,181.25,0.118705859,2554045.95,0.437503301,1.25
Taklamakan,40,82.25,Taklamakan_lat40p00_lon82p25,3,799.0017781,181.25,0.106154549,2283995.05,0.479543869,1.25
Taklamakan,40,82.25,Taklamakan_lat40p00_lon82p25,4,2023.989919,181.25,0.024883649,535390.4427,0.907243514,1.25
Taklamakan,40,82.25,Taklamakan_lat40p00_lon82p25,5,2706.152597,181.25,0.01049196,225742.414,0.953544649,1.25
Taklamakan,40,82.25,Taklamakan_lat40p00_lon82p25,6,3618.230411,181.25,0.005402383,116236.3473,0.981076982,1.25
Taklamakan,40,82.25,Taklamakan_lat40p00_lon82p25,7,5433.725959,181.25,0.003605599,77577.17552,0.999562752,1.25
Taklamakan,40,82.25,Taklamakan_lat40p00_lon82p25,8,7265.101213,181.25,0.001193127,25671.02335,1,1.25
Taklamakan,40,82.5,Taklamakan_lat40p00_lon82p50,1,41.29329946,91.25,1,15507881.41,0.87972608,-88.75
Taklamakan,40,82.5,Taklamakan_lat40p00_lon82p50,2,1801.983335,211.25,0.004696534,72833.29144,0.436989552,31.25
Taklamakan,40,82.5,Taklamakan_lat40p00_lon82p50,3,2409.32123,211.25,0.001182573,18339.20075,0.449249446,31.25
Taklamakan,40,82.5,Taklamakan_lat40p00_lon82p50,4,4307.076464,218.75,7.62E-05,1182.237338,0.759708175,38.75
Taklamakan,40,82.5,Taklamakan_lat40p00_lon82p50,5,7265.101213,181.25,7.49E-05,1161.757378,1,1.25
Taklamakan,40,82.75,Taklamakan_lat40p00_lon82p75,1,41.29329946,91.25,1,35673455.88,0.891730389,-88.75
Taklamakan,40,82.75,Taklamakan_lat40p00_lon82p75,2,1700.286015,221.25,0.003602823,128525.1421,0.21624436,41.25
Taklamakan,40,82.75,Taklamakan_lat40p00_lon82p75,3,2409.32123,218.75,0.002203526,78607.3935,0.536166193,38.75
Taklamakan,40,82.75,Taklamakan_lat40p00_lon82p75,4,4307.076464,218.75,4.62E-05,1649.292686,0.618093381,38.75
Taklamakan,40,82.75,Taklamakan_lat40p00_lon82p75,5,7265.101213,181.25,2.61E-05,930.3602612,1,1.25
Taklamakan,40,83,Taklamakan_lat40p00_lon83p00,1,41.29329946,266.25,1,21182992.88,0.897719997,86.25
Taklamakan,40,83,Taklamakan_lat40p00_lon83p00,2,3221.355423,206.25,0.000690624,14629.47865,0.380975345,26.25
Taklamakan,40,83,Taklamakan_lat40p00_lon83p00,3,4307.076464,218.75,0.000140309,2972.156633,0.358834721,38.75
Taklamakan,40,83,Taklamakan_lat40p00_lon83p00,4,7265.101213,181.25,5.45E-05,1153.446559,0.917998524,1.25
Taklamakan,40,83.5,Taklamakan_lat40p00_lon83p50,1,41.29329946,91.25,1,36034395.87,0.897441315,-88.75
Taklamakan,40,83.5,Taklamakan_lat40p00_lon83p50,2,532.0423875,216.25,0.108253441,3900847.333,0.492828845,36.25
Taklamakan,40,83.5,Taklamakan_lat40p00_lon83p50,3,1068.296199,218.75,0.107320281,3867221.497,0.538423174,38.75
Taklamakan,40,83.5,Taklamakan_lat40p00_lon83p50,4,2409.32123,211.25,0.007569046,272745.9847,0.44247462,31.25
Taklamakan,40,83.5,Taklamakan_lat40p00_lon83p50,5,4307.076464,218.75,0.000557314,20082.48258,0.624196647,38.75
Taklamakan,40,83.5,Taklamakan_lat40p00_lon83p50,6,7265.101213,181.25,4.11E-05,1481.31721,0.979184607,1.25
Taklamakan,40,83.75,Taklamakan_lat40p00_lon83p75,1,65.72186596,96.25,1,52761873.61,0.920554315,-83.75
Taklamakan,40,83.75,Taklamakan_lat40p00_lon83p75,2,897.4397893,226.25,0.123248649,6502829.655,0.468127062,46.25
Taklamakan,40,83.75,Taklamakan_lat40p00_lon83p75,3,1801.983335,208.75,0.02065425,1089756.939,0.222984326,28.75
Taklamakan,40,83.75,Taklamakan_lat40p00_lon83p75,4,3039.553957,198.75,0.002818618,148715.5592,0.636269308,18.75
Taklamakan,40,83.75,Taklamakan_lat40p00_lon83p75,5,4064.000891,223.75,0.001124197,59314.71454,0.652135865,43.75
Taklamakan,40,83.75,Taklamakan_lat40p00_lon83p75,6,8648.245934,246.25,3.15E-05,1659.939405,1,66.25
Taklamakan,40,84,Taklamakan_lat40p00_lon84p00,1,65.72186596,248.75,1,26275571.92,0.914174946,68.75
Taklamakan,40,84,Taklamakan_lat40p00_lon84p00,2,354.2784382,233.75,0.268339572,7050775.712,0.310495779,53.75
Taklamakan,40,84,Taklamakan_lat40p00_lon84p00,3,532.0423875,216.25,0.320448641,8419971.308,0.474665435,36.25
Taklamakan,40,84,Taklamakan_lat40p00_lon84p00,4,1199.911617,213.75,0.170908485,4490718.181,0.359301939,33.75
Taklamakan,40,84,Taklamakan_lat40p00_lon84p00,5,1604.328118,203.75,0.066449213,1745991.063,0.219280036,23.75
Taklamakan,40,84,Taklamakan_lat40p00_lon84p00,6,2706.152597,213.75,0.008598547,225931.7314,0.428977058,33.75
Taklamakan,40,84,Taklamakan_lat40p00_lon84p00,7,3618.230411,193.75,0.002063905,54230.27116,0.828616802,13.75
Taklamakan,40,84,Taklamakan_lat40p00_lon84p00,8,5127.066427,116.25,9.89E-05,2598.745893,0.694458314,-63.75
Taklamakan,40,84,Taklamakan_lat40p00_lon84p00,9,7265.101213,181.25,0.000200818,5276.606711,0.968142617,1.25
Taklamakan,40,84.25,Taklamakan_lat40p00_lon84p25,1,69.65281496,241.25,1,50517518.71,0.918196479,61.25
Taklamakan,40,84.25,Taklamakan_lat40p00_lon84p25,2,354.2784382,206.25,0.309267336,15623418.44,0.237128264,26.25
Taklamakan,40,84.25,Taklamakan_lat40p00_lon84p25,3,473.6839381,216.25,0.284526288,14373562.06,0.243141713,36.25
Taklamakan,40,84.25,Taklamakan_lat40p00_lon84p25,4,1428.353227,216.25,0.134441734,6791662.822,0.525500584,36.25
Taklamakan,40,84.25,Taklamakan_lat40p00_lon84p25,5,2145.048581,221.25,0.014370794,725976.8793,0.225130339,41.25
Taklamakan,40,84.25,Taklamakan_lat40p00_lon84p25,6,4064.000891,206.25,0.000657745,33227.66181,0.433707831,26.25
Taklamakan,40,84.25,Taklamakan_lat40p00_lon84p25,7,5758.727378,181.25,0.000103663,5236.774843,0.25010716,1.25
Taklamakan,40,84.25,Taklamakan_lat40p00_lon84p25,8,8648.245934,218.75,5.31E-06,268.0937102,1,38.75
Taklamakan,40,84.5,Taklamakan_lat40p00_lon84p50,1,62.01276528,238.75,1,30981144.54,0.892595206,58.75
Taklamakan,40,84.5,Taklamakan_lat40p00_lon84p50,2,421.7266867,196.25,0.523235601,16210437.79,0.243179775,16.25
Taklamakan,40,84.5,Taklamakan_lat40p00_lon84p50,3,563.8648481,213.75,0.629626023,19506534.82,0.813573245,33.75
Taklamakan,40,84.5,Taklamakan_lat40p00_lon84p50,4,951.1173591,216.25,0.310764049,9627825.936,0.270113793,36.25
Taklamakan,40,84.5,Taklamakan_lat40p00_lon84p50,5,1347.742218,218.75,0.166320001,5152783.978,0.289403421,38.75
Taklamakan,40,84.5,Taklamakan_lat40p00_lon84p50,6,2145.048581,201.25,0.028512602,883353.0482,0.492268103,21.25
Taklamakan,40,84.5,Taklamakan_lat40p00_lon84p50,7,2868.012698,208.75,0.014261563,441839.5465,0.580897495,28.75
Taklamakan,40,84.5,Taklamakan_lat40p00_lon84p50,8,5433.725959,191.25,0.000873523,27062.73594,0.92608674,11.25
Taklamakan,40,84.5,Taklamakan_lat40p00_lon84p50,9,7265.101213,193.75,0.00063358,19629.04806,0.945489003,13.75
Taklamakan,40,85,Taklamakan_lat40p00_lon85p00,1,65.72186596,246.25,1,27224854.32,0.902385558,66.25
Taklamakan,40,85,Taklamakan_lat40p00_lon85p00,2,563.8648481,216.25,0.738839436,20114796.01,0.78091956,36.25
Taklamakan,40,85,Taklamakan_lat40p00_lon85p00,3,1008.005486,223.75,0.426418877,11609191.8,0.29860563,43.75
Taklamakan,40,85,Taklamakan_lat40p00_lon85p00,4,2145.048581,218.75,0.06864608,1868879.539,0.350034321,38.75
Taklamakan,40,85,Taklamakan_lat40p00_lon85p00,5,3039.553957,186.25,0.005285053,143884.7966,0.475259838,6.25
Taklamakan,40,85,Taklamakan_lat40p00_lon85p00,6,5127.066427,201.25,0.000157139,4278.084159,0.304740919,21.25
Taklamakan,40,85,Taklamakan_lat40p00_lon85p00,7,7265.101213,181.25,0.000153415,4176.692636,0.893553369,1.25
Taklamakan,40,85.25,Taklamakan_lat40p00_lon85p25,1,65.72186596,208.75,1,20102878.6,0.911397792,28.75
Taklamakan,40,85.25,Taklamakan_lat40p00_lon85p25,2,563.8648481,216.25,0.890795807,17907559.97,0.839652664,36.25
Taklamakan,40,85.25,Taklamakan_lat40p00_lon85p25,3,1199.911617,211.25,0.290884281,5847611.383,0.216256782,31.25
Taklamakan,40,85.25,Taklamakan_lat40p00_lon85p25,4,2409.32123,221.25,0.04620686,928890.903,0.320843828,41.25
Taklamakan,40,85.25,Taklamakan_lat40p00_lon85p25,5,4064.000891,206.25,0.00113873,22891.7495,0.771407794,26.25
Taklamakan,40,85.25,Taklamakan_lat40p00_lon85p25,6,7265.101213,181.25,0.000114467,2301.122597,1,1.25
Taklamakan,40,85.5,Taklamakan_lat40p00_lon85p50,1,69.65281496,203.75,0.969282815,25868146.48,0.810035804,23.75
Taklamakan,40,85.5,Taklamakan_lat40p00_lon85p50,2,473.6839381,183.75,1,26687924.39,0.918693149,3.75
Taklamakan,40,85.5,Taklamakan_lat40p00_lon85p50,3,897.4397893,206.25,0.603252247,16099550.36,0.298400832,26.25
Taklamakan,40,85.5,Taklamakan_lat40p00_lon85p50,4,1700.286015,211.25,0.146216509,3902215.13,0.242100055,31.25
Taklamakan,40,85.5,Taklamakan_lat40p00_lon85p50,5,2409.32123,211.25,0.034464741,919792.3908,0.450121268,31.25
Taklamakan,40,85.5,Taklamakan_lat40p00_lon85p50,6,3414.030779,201.25,0.007862384,209830.71,0.610190887,21.25
Taklamakan,40,85.5,Taklamakan_lat40p00_lon85p50,7,5433.725959,256.25,0.000435164,11613.62836,0.750002821,76.25
Taklamakan,40,85.5,Taklamakan_lat40p00_lon85p50,8,9165.513867,91.25,2.19E-05,583.209365,1,-88.75
Taklamakan,40,86,Taklamakan_lat40p00_lon86p00,1,65.72186596,241.25,1,50379366.59,0.933398596,61.25
Taklamakan,40,86,Taklamakan_lat40p00_lon86p00,2,532.0423875,191.25,0.112134527,5649266.449,0.241704311,11.25
Taklamakan,40,86,Taklamakan_lat40p00_lon86p00,3,711.3611955,191.25,0.081027797,4082129.07,0.350506839,11.25
Taklamakan,40,86,Taklamakan_lat40p00_lon86p00,4,1008.005486,173.75,0.044366996,2235181.17,0.272317617,-6.25
Taklamakan,40,86,Taklamakan_lat40p00_lon86p00,5,2023.989919,228.75,0.009538973,480567.4406,0.385556282,48.75
Taklamakan,40,86,Taklamakan_lat40p00_lon86p00,6,2706.152597,208.75,0.003270734,164777.5223,0.299545007,28.75
Taklamakan,40,86,Taklamakan_lat40p00_lon86p00,7,5433.725959,256.25,3.82E-05,1924.852176,0.867803267,76.25
Taklamakan,40,86,Taklamakan_lat40p00_lon86p00,8,8648.245934,246.25,1.69E-05,852.971216,1,66.25
Taklamakan,40,86.25,Taklamakan_lat40p00_lon86p25,1,62.01276528,228.75,1,36194863.52,0.935197842,48.75
Taklamakan,40,86.25,Taklamakan_lat40p00_lon86p25,2,846.7915844,186.25,0.061188952,2214725.758,0.210973516,6.25
Taklamakan,40,86.25,Taklamakan_lat40p00_lon86p25,3,1700.286015,223.75,0.0153851,556861.5945,0.517746647,43.75
Taklamakan,40,86.25,Taklamakan_lat40p00_lon86p25,4,2273.34799,213.75,0.004979358,180227.1894,0.719889238,33.75
Taklamakan,40,86.25,Taklamakan_lat40p00_lon86p25,5,3414.030779,201.25,0.000410589,14861.20855,0.207496869,21.25
Taklamakan,40,86.25,Taklamakan_lat40p00_lon86p25,6,5127.066427,201.25,2.49E-05,900.0872319,0.707777808,21.25
Taklamakan,40,86.25,Taklamakan_lat40p00_lon86p25,7,6855.085589,166.25,2.27E-05,821.1968767,1,-13.75
Taklamakan,40,86.25,Taklamakan_lat40p00_lon86p25,8,9165.513867,91.25,5.48E-06,198.3061846,1,-88.75
Taklamakan,40,86.5,Taklamakan_lat40p00_lon86p50,1,69.65281496,248.75,1,31153682.95,0.948434965,68.75
Taklamakan,40,86.5,Taklamakan_lat40p00_lon86p50,2,597.5906703,181.25,0.114270268,3559939.705,0.303778187,1.25
Taklamakan,40,86.5,Taklamakan_lat40p00_lon86p50,3,1428.353227,208.75,0.031257911,973799.0523,0.395090456,28.75
Taklamakan,40,86.5,Taklamakan_lat40p00_lon86p50,4,2868.012698,218.75,0.002359993,73522.48352,0.299429496,38.75
Taklamakan,40,86.5,Taklamakan_lat40p00_lon86p50,5,5127.066427,158.75,8.27E-05,2577.593555,0.370575733,-21.25
Taklamakan,40,86.5,Taklamakan_lat40p00_lon86p50,6,6855.085589,228.75,2.96E-05,921.1213257,1,48.75
Taklamakan,40,86.75,Taklamakan_lat40p00_lon86p75,1,78.23412826,261.25,1,46576712.34,0.959889264,81.25
Taklamakan,40,86.75,Taklamakan_lat40p00_lon86p75,2,375.4685011,193.75,0.113350028,5279471.664,0.209000222,13.75
Taklamakan,40,86.75,Taklamakan_lat40p00_lon86p75,3,597.5906703,191.25,0.168262148,7837097.679,0.547538525,11.25
Taklamakan,40,86.75,Taklamakan_lat40p00_lon86p75,4,1801.983335,191.25,0.025169039,1172291.072,0.26700414,11.25
Taklamakan,40,86.75,Taklamakan_lat40p00_lon86p75,5,2706.152597,186.25,0.002060203,95957.49243,0.3978513,6.25
Taklamakan,40,86.75,Taklamakan_lat40p00_lon86p75,6,3834.64361,111.25,0.000471587,21964.99218,0.412222993,-68.75
Taklamakan,40,86.75,Taklamakan_lat40p00_lon86p75,7,5127.066427,168.75,3.95E-05,1838.74194,0.667408348,-11.25
Taklamakan,40,86.75,Taklamakan_lat40p00_lon86p75,8,6855.085589,193.75,4.34E-05,2019.22641,1,13.75
Taklamakan,40,87,Taklamakan_lat40p00_lon87p00,1,78.23412826,263.75,1,51872028.22,0.954647419,83.75
Taklamakan,40,87,Taklamakan_lat40p00_lon87p00,2,502.0158696,173.75,0.088831536,4607871.936,0.291327287,-6.25
Taklamakan,40,87,Taklamakan_lat40p00_lon87p00,3,1801.983335,191.25,0.015480179,802988.2999,0.450337912,11.25
Taklamakan,40,87,Taklamakan_lat40p00_lon87p00,4,2868.012698,198.75,0.001711139,88760.23485,0.277101563,18.75
Taklamakan,40,87,Taklamakan_lat40p00_lon87p00,5,5127.066427,158.75,0.000141921,7361.712422,0.748011076,-21.25
Taklamakan,40,87,Taklamakan_lat40p00_lon87p00,6,8648.245934,218.75,1.78E-05,921.6130526,0.575873747,38.75
Taklamakan,40,88,Taklamakan_lat40p00_lon88p00,1,69.65281496,248.75,1,32079561.6,0.944035164,68.75
Taklamakan,40,88,Taklamakan_lat40p00_lon88p00,2,2706.152597,103.75,0.003671635,117784.4365,0.547418978,-76.25
Taklamakan,40,88,Taklamakan_lat40p00_lon88p00,3,3834.64361,101.25,0.001032996,33138.05282,0.283344334,-78.75
Taklamakan,40,88,Taklamakan_lat40p00_lon88p00,4,6855.085589,108.75,0.000380367,12201.9924,1,-71.25
Taklamakan,40,88.75,Taklamakan_lat40p00_lon88p75,1,58.51299261,248.75,1,48335354.6,0.926659074,68.75
Taklamakan,40,88.75,Taklamakan_lat40p00_lon88p75,2,1068.296199,176.25,0.091081786,4402470.426,0.378719168,-3.75
Taklamakan,40,88.75,Taklamakan_lat40p00_lon88p75,3,2409.32123,138.75,0.00271687,131320.8986,0.505281059,-41.25
Taklamakan,40,88.75,Taklamakan_lat40p00_lon88p75,4,3618.230411,181.25,0.000794112,38383.70667,0.618790257,1.25
Taklamakan,40,88.75,Taklamakan_lat40p00_lon88p75,5,7265.101213,181.25,4.36E-05,2109.119419,1,1.25
Taklamakan,40,89,Taklamakan_lat40p00_lon89p00,1,41.29329946,248.75,1,37880947.14,0.916718593,68.75
Taklamakan,40,89,Taklamakan_lat40p00_lon89p00,2,897.4397893,138.75,0.10920333,4136725.588,0.206423102,-41.25
Taklamakan,40,89,Taklamakan_lat40p00_lon89p00,3,1604.328118,183.75,0.030005281,1136628.449,0.292423924,3.75
Taklamakan,40,89,Taklamakan_lat40p00_lon89p00,4,2706.152597,163.75,0.001740981,65950.01064,0.384482823,-16.25
Taklamakan,40,89,Taklamakan_lat40p00_lon89p00,5,4064.000891,153.75,0.000198713,7527.417817,0.214804962,-26.25
Taklamakan,40,89,Taklamakan_lat40p00_lon89p00,6,6103.167745,123.75,4.72E-05,1787.450271,0.262366997,-56.25
Taklamakan,40,89,Taklamakan_lat40p00_lon89p00,7,8648.245934,113.75,2.48E-05,938.8887476,1,-66.25
Taklamakan,40,89.25,Taklamakan_lat40p00_lon89p25,1,69.65281496,103.75,1,60289448.07,0.946795946,-76.25
Taklamakan,40,89.25,Taklamakan_lat40p00_lon89p25,2,1513.785733,196.25,0.014211818,856822.6689,0.365981408,16.25
Taklamakan,40,89.25,Taklamakan_lat40p00_lon89p25,3,3039.553957,123.75,0.000704559,42477.45304,0.544246304,-56.25
Taklamakan,40,89.25,Taklamakan_lat40p00_lon89p25,4,4064.000891,101.25,0.000199594,12033.38502,0.725579666,-78.75
Taklamakan,40,89.25,Taklamakan_lat40p00_lon89p25,5,5433.725959,181.25,9.05E-05,5456.022722,0.716561828,1.25
Taklamakan,40,89.25,Taklamakan_lat40p00_lon89p25,6,8648.245934,218.75,5.39E-06,324.7394302,1,38.75
Taklamakan,40,91.5,Taklamakan_lat40p00_lon91p50,1,110.8584935,231.25,1,46916205.44,0.966801069,51.25
Taklamakan,40,91.5,Taklamakan_lat40p00_lon91p50,2,633.3336976,241.25,0.473101429,22196123.82,0.243951446,61.25
Taklamakan,40,91.5,Taklamakan_lat40p00_lon91p50,3,1700.286015,221.25,0.099280248,4657852.489,0.325414352,41.25
Taklamakan,40,91.5,Taklamakan_lat40p00_lon91p50,4,3039.553957,236.25,0.002441634,114552.2114,0.30039412,56.25
Taklamakan,40,91.5,Taklamakan_lat40p00_lon91p50,5,4307.076464,246.25,0.000377067,17690.56452,0.248672704,66.25
Taklamakan,40,91.5,Taklamakan_lat40p00_lon91p50,6,5758.727378,236.25,8.46E-05,3968.367101,0.744537441,56.25
Taklamakan,40,91.5,Taklamakan_lat40p00_lon91p50,7,8648.245934,246.25,4.13E-05,1936.231056,1,66.25
Taklamakan,40,92,Taklamakan_lat40p00_lon92p00,1,264.9724883,198.75,1,70610982.39,0.97243556,18.75
Taklamakan,40,92,Taklamakan_lat40p00_lon92p00,2,1199.911617,198.75,0.134627514,9506181.012,0.252173276,18.75
Taklamakan,40,92,Taklamakan_lat40p00_lon92p00,3,2023.989919,213.75,0.027960038,1974285.762,0.401074019,33.75
Taklamakan,40,92,Taklamakan_lat40p00_lon92p00,4,3414.030779,158.75,0.001422206,100423.3645,0.24829348,-21.25
Taklamakan,40,92,Taklamakan_lat40p00_lon92p00,5,5127.066427,226.25,0.000304191,21479.20589,0.710228798,46.25
Taklamakan,40,92,Taklamakan_lat40p00_lon92p00,6,7265.101213,181.25,0.000137272,9692.876727,1,1.25
Taklamakan,40,92.5,Taklamakan_lat40p00_lon92p50,1,131.9639586,238.75,1,51861450.95,0.98149572,58.75
Taklamakan,40,92.5,Taklamakan_lat40p00_lon92p50,2,799.0017781,171.25,0.108875964,5646465.462,0.207262788,-8.75
Taklamakan,40,92.5,Taklamakan_lat40p00_lon92p50,3,1199.911617,198.75,0.054208151,2811313.367,0.304821186,18.75
Taklamakan,40,92.5,Taklamakan_lat40p00_lon92p50,4,1801.983335,206.25,0.01477198,766096.3397,0.224966708,26.25
Taklamakan,40,92.5,Taklamakan_lat40p00_lon92p50,5,2868.012698,203.75,0.008469809,439256.6061,0.53982499,23.75
Taklamakan,40,92.5,Taklamakan_lat40p00_lon92p50,6,4307.076464,218.75,0.000348782,18088.33367,0.964051003,38.75
Taklamakan,40,92.5,Taklamakan_lat40p00_lon92p50,7,6855.085589,228.75,6.57E-05,3404.958791,1,48.75
Taklamakan,40,92.75,Taklamakan_lat40p00_lon92p75,1,124.5163975,211.25,1,36550328.55,0.973186863,31.25
Taklamakan,40,92.75,Taklamakan_lat40p00_lon92p75,2,1801.983335,181.25,0.012437843,454607.2478,0.691778984,1.25
Taklamakan,40,92.75,Taklamakan_lat40p00_lon92p75,3,3414.030779,193.75,0.00045988,16808.77198,0.398245264,13.75
Taklamakan,40,92.75,Taklamakan_lat40p00_lon92p75,4,5127.066427,201.25,0.000112091,4096.951655,0.8681223,21.25
Taklamakan,40,92.75,Taklamakan_lat40p00_lon92p75,5,6855.085589,193.75,3.05E-05,1113.120078,1,13.75
Taklamakan,40,93,Taklamakan_lat40p00_lon93p00,1,117.4891495,221.25,1,19015549.11,0.959317718,41.25
Taklamakan,40,93,Taklamakan_lat40p00_lon93p00,2,1271.680598,218.75,0.050229802,955147.2724,0.380754307,38.75
Taklamakan,40,93,Taklamakan_lat40p00_lon93p00,3,4564.690847,211.25,0.000217548,4136.802803,0.451407981,31.25
Taklamakan,40,93,Taklamakan_lat40p00_lon93p00,4,6468.209741,206.25,0.000143468,2728.132239,1,26.25
Taklamakan,40,93,Taklamakan_lat40p00_lon93p00,5,8648.245934,218.75,0.000196928,3744.69992,0.933806912,38.75
Taklamakan,40.25,81.25,Taklamakan_lat40p25_lon81p25,1,69.65281496,258.75,1,157718018.1,0.957515114,78.75
Taklamakan,40.25,81.25,Taklamakan_lat40p25_lon81p25,2,1271.680598,181.25,0.000395533,62382.73881,0.286250011,1.25
Taklamakan,40.25,81.25,Taklamakan_lat40p25_lon81p25,3,1801.983335,181.25,0.000140972,22233.81732,0.348144175,1.25
Taklamakan,40.25,81.25,Taklamakan_lat40p25_lon81p25,4,3414.030779,166.25,9.98E-06,1573.926499,0.203902186,-13.75
Taklamakan,40.25,81.25,Taklamakan_lat40p25_lon81p25,5,5433.725959,181.25,5.39E-06,849.5965523,0.882454715,1.25
Taklamakan,40.25,81.25,Taklamakan_lat40p25_lon81p25,6,7265.101213,181.25,5.21E-06,822.3061978,1,1.25
Taklamakan,40.25,81.5,Taklamakan_lat40p25_lon81p50,1,58.51299261,96.25,1,227328562.6,0.942504914,-83.75
Taklamakan,40.25,81.5,Taklamakan_lat40p25_lon81p50,2,753.9090529,191.25,0.001973971,448740.0569,0.477908618,11.25
Taklamakan,40.25,81.5,Taklamakan_lat40p25_lon81p50,3,1801.983335,148.75,0.000159343,36223.30324,0.381231209,-31.25
Taklamakan,40.25,81.5,Taklamakan_lat40p25_lon81p50,4,3039.553957,98.75,7.63E-06,1733.685433,0.40881162,-81.25
Taklamakan,40.25,81.5,Taklamakan_lat40p25_lon81p50,5,5127.066427,191.25,1.45E-06,329.551194,0.722259182,11.25
Taklamakan,40.25,81.5,Taklamakan_lat40p25_lon81p50,6,7265.101213,181.25,3.66E-06,832.4643178,1,1.25
Taklamakan,40.25,81.75,Taklamakan_lat40p25_lon81p75,1,55.21073426,261.25,1,223971074.4,0.926910775,81.25
Taklamakan,40.25,81.75,Taklamakan_lat40p25_lon81p75,2,2409.32123,188.75,1.99E-05,4465.171956,0.247178714,8.75
Taklamakan,40.25,81.75,Taklamakan_lat40p25_lon81p75,3,3414.030779,218.75,7.79E-06,1744.608012,0.507625772,38.75
Taklamakan,40.25,81.75,Taklamakan_lat40p25_lon81p75,4,5433.725959,181.25,1.48E-06,332.4407259,0.972411035,1.25
Taklamakan,40.25,81.75,Taklamakan_lat40p25_lon81p75,5,9165.513867,91.25,2.67E-06,598.7415655,1,-88.75
Taklamakan,40.25,82,Taklamakan_lat40p25_lon82p00,1,55.21073426,98.75,1,212527669.5,0.921805571,-81.25
Taklamakan,40.25,82,Taklamakan_lat40p25_lon82p00,2,3834.64361,123.75,7.70E-06,1635.803148,0.58693133,-56.25
Taklamakan,40.25,82,Taklamakan_lat40p25_lon82p00,3,5433.725959,181.25,3.10E-06,659.6673892,0.755307342,1.25
Taklamakan,40.25,82,Taklamakan_lat40p25_lon82p00,4,7265.101213,181.25,3.77E-06,800.6664906,1,1.25
Taklamakan,40.25,82.25,Taklamakan_lat40p25_lon82p25,1,41.29329946,93.75,1,82166830.86,0.892892173,-86.25
Taklamakan,40.25,82.25,Taklamakan_lat40p25_lon82p25,2,502.0158696,181.25,0.038558544,3168233.368,0.355528161,1.25
Taklamakan,40.25,82.25,Taklamakan_lat40p25_lon82p25,3,846.7915844,181.25,0.029857282,2453278.209,0.35612022,1.25
Taklamakan,40.25,82.25,Taklamakan_lat40p25_lon82p25,4,1700.286015,181.25,0.008177562,671924.3576,0.828719395,1.25
Taklamakan,40.25,82.25,Taklamakan_lat40p25_lon82p25,5,2409.32123,181.25,0.004436605,364541.7644,0.974379143,1.25
Taklamakan,40.25,82.25,Taklamakan_lat40p25_lon82p25,6,3618.230411,181.25,0.00203543,167244.833,0.990876874,1.25
Taklamakan,40.25,82.25,Taklamakan_lat40p25_lon82p25,7,5433.725959,181.25,0.001206833,99161.61815,1,1.25
Taklamakan,40.25,82.25,Taklamakan_lat40p25_lon82p25,8,7265.101213,181.25,0.000474158,38960.05255,1,1.25
Taklamakan,40.25,82.5,Taklamakan_lat40p25_lon82p50,1,41.29329946,261.25,1,28847452.65,0.895781967,81.25
Taklamakan,40.25,82.5,Taklamakan_lat40p25_lon82p50,2,1132.193013,211.25,0.003444093,99353.3107,0.319251923,31.25
Taklamakan,40.25,82.5,Taklamakan_lat40p25_lon82p50,3,1604.328118,216.25,0.004546006,131140.6796,0.74574589,36.25
Taklamakan,40.25,82.5,Taklamakan_lat40p25_lon82p50,4,3039.553957,213.75,0.000341185,9842.322796,0.419096666,33.75
Taklamakan,40.25,82.5,Taklamakan_lat40p25_lon82p50,5,4307.076464,181.25,1.52E-05,437.1331198,0.250322992,1.25
Taklamakan,40.25,82.5,Taklamakan_lat40p25_lon82p50,6,7265.101213,181.25,2.85E-05,821.2261921,1,1.25
Taklamakan,40.25,82.75,Taklamakan_lat40p25_lon82p75,1,41.29329946,258.75,1,24403882.32,0.886540963,78.75
Taklamakan,40.25,82.75,Taklamakan_lat40p25_lon82p75,2,846.7915844,131.25,0.017339905,423160.9972,0.22095084,-48.75
Taklamakan,40.25,82.75,Taklamakan_lat40p25_lon82p75,3,1347.742218,131.25,0.00528661,129013.81,0.234434319,-48.75
Taklamakan,40.25,82.75,Taklamakan_lat40p25_lon82p75,4,2409.32123,211.25,0.002632524,64243.80198,0.508316611,31.25
Taklamakan,40.25,82.75,Taklamakan_lat40p25_lon82p75,5,4064.000891,203.75,7.32E-05,1785.959433,0.799074405,23.75
Taklamakan,40.25,82.75,Taklamakan_lat40p25_lon82p75,6,5433.725959,181.25,1.66E-05,404.7252438,0.513751417,1.25
Taklamakan,40.25,82.75,Taklamakan_lat40p25_lon82p75,7,7265.101213,181.25,3.59E-05,875.4534571,1,1.25
Taklamakan,40.25,83,Taklamakan_lat40p25_lon83p00,1,41.29329946,266.25,1,39734395.7,0.895834529,86.25
Taklamakan,40.25,83,Taklamakan_lat40p25_lon83p00,2,897.4397893,208.75,0.006543612,260006.4589,0.487468274,28.75
Taklamakan,40.25,83,Taklamakan_lat40p25_lon83p00,3,1909.763363,211.25,0.003297197,131012.1354,0.534514324,31.25
Taklamakan,40.25,83,Taklamakan_lat40p25_lon83p00,4,5433.725959,181.25,7.36E-05,2922.467673,0.592253936,1.25
Taklamakan,40.25,83,Taklamakan_lat40p25_lon83p00,5,7265.101213,181.25,5.37E-05,2132.388727,0.946108699,1.25
Taklamakan,40.25,83.5,Taklamakan_lat40p25_lon83p50,1,41.29329946,266.25,1,56113187.88,0.889967295,86.25
Taklamakan,40.25,83.5,Taklamakan_lat40p25_lon83p50,2,671.2145829,221.25,0.150633747,8452539.761,0.550897136,41.25
Taklamakan,40.25,83.5,Taklamakan_lat40p25_lon83p50,3,897.4397893,211.25,0.124073023,6962132.871,0.282597029,31.25
Taklamakan,40.25,83.5,Taklamakan_lat40p25_lon83p50,4,1271.680598,91.25,0.071634201,4019623.407,0.232658181,-88.75
Taklamakan,40.25,83.5,Taklamakan_lat40p25_lon83p50,5,2706.152597,208.75,0.009095237,510362.7661,0.613222393,28.75
Taklamakan,40.25,83.5,Taklamakan_lat40p25_lon83p50,6,4064.000891,206.25,0.001183898,66432.28212,0.770206225,26.25
Taklamakan,40.25,83.5,Taklamakan_lat40p25_lon83p50,7,5433.725959,181.25,0.000185255,10395.25077,0.385789411,1.25
Taklamakan,40.25,83.5,Taklamakan_lat40p25_lon83p50,8,7265.101213,181.25,3.36E-05,1886.457415,0.701531219,1.25
Taklamakan,40.25,83.75,Taklamakan_lat40p25_lon83p75,1,41.29329946,96.25,1,53667991.78,0.897190955,-83.75
Taklamakan,40.25,83.75,Taklamakan_lat40p25_lon83p75,2,633.3336976,208.75,0.251882658,13518036.44,0.595908863,28.75
Taklamakan,40.25,83.75,Taklamakan_lat40p25_lon83p75,3,1347.742218,208.75,0.080202632,4304314.207,0.302015936,28.75
Taklamakan,40.25,83.75,Taklamakan_lat40p25_lon83p75,4,2145.048581,196.25,0.032340296,1735638.766,0.454647324,16.25
Taklamakan,40.25,83.75,Taklamakan_lat40p25_lon83p75,5,3039.553957,198.75,0.011293589,606104.2542,0.470915181,18.75
Taklamakan,40.25,83.75,Taklamakan_lat40p25_lon83p75,6,5127.066427,158.75,0.000388812,20866.7697,0.763807614,-21.25
Taklamakan,40.25,83.75,Taklamakan_lat40p25_lon83p75,7,7265.101213,166.25,0.00012127,6508.302776,0.389537473,-13.75
Taklamakan,40.25,84,Taklamakan_lat40p25_lon84p00,1,41.29329946,91.25,1,33610836.04,0.878705257,-88.75
Taklamakan,40.25,84,Taklamakan_lat40p25_lon84p00,2,799.0017781,183.75,0.181219329,6090933.155,0.503503832,3.75
Taklamakan,40.25,84,Taklamakan_lat40p25_lon84p00,3,2706.152597,196.25,0.004458388,149850.1595,0.305743296,16.25
Taklamakan,40.25,84,Taklamakan_lat40p25_lon84p00,4,3618.230411,193.75,0.000684643,23011.41813,0.457482387,13.75
Taklamakan,40.25,84,Taklamakan_lat40p25_lon84p00,5,5127.066427,201.25,6.41E-05,2154.658295,0.331335892,21.25
Taklamakan,40.25,84,Taklamakan_lat40p25_lon84p00,6,7265.101213,181.25,0.00011746,3947.933719,0.973504683,1.25
Taklamakan,40.25,84.25,Taklamakan_lat40p25_lon84p25,1,41.29329946,93.75,1,19885931.38,0.884602775,-86.25
Taklamakan,40.25,84.25,Taklamakan_lat40p25_lon84p25,2,753.9090529,213.75,0.210210637,4180234.301,0.518378998,33.75
Taklamakan,40.25,84.25,Taklamakan_lat40p25_lon84p25,3,1513.785733,213.75,0.059180602,1176861.392,0.256784796,33.75
Taklamakan,40.25,84.25,Taklamakan_lat40p25_lon84p25,4,3618.230411,193.75,0.000677282,13468.3889,0.71923842,13.75
Taklamakan,40.25,84.25,Taklamakan_lat40p25_lon84p25,5,5127.066427,201.25,0.000184924,3677.390114,0.556928125,21.25
Taklamakan,40.25,84.25,Taklamakan_lat40p25_lon84p25,6,7265.101213,181.25,8.66E-05,1721.452321,0.959682296,1.25
Taklamakan,40.25,84.5,Taklamakan_lat40p25_lon84p50,1,41.29329946,98.75,1,44343732.34,0.890627162,-81.25
Taklamakan,40.25,84.5,Taklamakan_lat40p25_lon84p50,2,563.8648481,221.25,0.259437541,11504428.87,0.74934533,41.25
Taklamakan,40.25,84.5,Taklamakan_lat40p25_lon84p50,3,846.7915844,211.25,0.226897789,10061494.84,0.381498921,31.25
Taklamakan,40.25,84.5,Taklamakan_lat40p25_lon84p50,4,1700.286015,213.75,0.049594207,2199192.227,0.335838918,33.75
Taklamakan,40.25,84.5,Taklamakan_lat40p25_lon84p50,5,2409.32123,193.75,0.006019388,266922.1193,0.254076155,13.75
Taklamakan,40.25,84.5,Taklamakan_lat40p25_lon84p50,6,3221.355423,208.75,0.000910731,40385.21164,0.223835916,28.75
Taklamakan,40.25,84.5,Taklamakan_lat40p25_lon84p50,7,5127.066427,243.75,5.28E-05,2339.537803,0.729253728,63.75
Taklamakan,40.25,84.5,Taklamakan_lat40p25_lon84p50,8,8648.245934,113.75,2.92E-05,1295.691031,1,-66.25
Taklamakan,40.25,85,Taklamakan_lat40p25_lon85p00,1,41.29329946,96.25,1,22518391.93,0.873780115,-83.75
Taklamakan,40.25,85,Taklamakan_lat40p25_lon85p00,2,375.4685011,196.25,0.715217427,16105546.35,0.225486164,16.25
Taklamakan,40.25,85,Taklamakan_lat40p25_lon85p00,3,502.0158696,213.75,0.792696922,17850259.97,0.853757805,33.75
Taklamakan,40.25,85,Taklamakan_lat40p25_lon85p00,4,951.1173591,213.75,0.443948775,9997012.524,0.36786693,33.75
Taklamakan,40.25,85,Taklamakan_lat40p25_lon85p00,5,1428.353227,211.25,0.256185472,5768884.861,0.456216157,31.25
Taklamakan,40.25,85,Taklamakan_lat40p25_lon85p00,6,2409.32123,206.25,0.025068838,564509.9115,0.697422735,26.25
Taklamakan,40.25,85,Taklamakan_lat40p25_lon85p00,7,3618.230411,193.75,0.00388293,87437.33498,0.55420884,13.75
Taklamakan,40.25,85,Taklamakan_lat40p25_lon85p00,8,5127.066427,201.25,0.000137902,3105.325603,0.304666517,21.25
Taklamakan,40.25,85,Taklamakan_lat40p25_lon85p00,9,7265.101213,181.25,0.000141514,3186.676504,0.954895772,1.25
Taklamakan,40.25,85.25,Taklamakan_lat40p25_lon85p25,1,41.29329946,266.25,1,21291913.92,0.880535011,86.25
Taklamakan,40.25,85.25,Taklamakan_lat40p25_lon85p25,2,563.8648481,193.75,0.652241104,13887461.43,0.843809694,13.75
Taklamakan,40.25,85.25,Taklamakan_lat40p25_lon85p25,3,3039.553957,213.75,0.013689717,291480.2815,0.799152476,33.75
Taklamakan,40.25,85.25,Taklamakan_lat40p25_lon85p25,4,4064.000891,196.25,0.008594695,182997.505,0.981541319,16.25
Taklamakan,40.25,85.25,Taklamakan_lat40p25_lon85p25,5,6468.209741,153.75,4.17E-05,887.6528904,1,-26.25
Taklamakan,40.25,85.25,Taklamakan_lat40p25_lon85p25,6,8648.245934,141.25,2.43E-05,518.2239387,1,-38.75
Taklamakan,40.25,85.5,Taklamakan_lat40p25_lon85p50,1,69.65281496,243.75,0.575035942,25805052.77,0.844630296,63.75
Taklamakan,40.25,85.5,Taklamakan_lat40p25_lon85p50,2,563.8648481,208.75,1,44875547.59,0.950495714,28.75
Taklamakan,40.25,85.5,Taklamakan_lat40p25_lon85p50,3,951.1173591,213.75,0.494250453,22179759.72,0.283375609,33.75
Taklamakan,40.25,85.5,Taklamakan_lat40p25_lon85p50,4,1347.742218,208.75,0.185447782,8322070.782,0.300099845,28.75
Taklamakan,40.25,85.5,Taklamakan_lat40p25_lon85p50,5,2868.012698,218.75,0.044874681,2013775.868,0.751648761,38.75
Taklamakan,40.25,85.5,Taklamakan_lat40p25_lon85p50,6,5127.066427,201.25,0.00025807,11581.02559,0.545501296,21.25
Taklamakan,40.25,85.5,Taklamakan_lat40p25_lon85p50,7,7265.101213,181.25,3.17E-05,1424.294517,1,1.25
Taklamakan,40.25,86,Taklamakan_lat40p25_lon86p00,1,65.72186596,253.75,1,45551890.05,0.936579361,73.75
Taklamakan,40.25,86,Taklamakan_lat40p25_lon86p00,2,502.0158696,216.25,0.232376806,10585202.72,0.549034875,36.25
Taklamakan,40.25,86,Taklamakan_lat40p25_lon86p00,3,753.9090529,201.25,0.210721494,9598762.314,0.389463678,21.25
Taklamakan,40.25,86,Taklamakan_lat40p25_lon86p00,4,1008.005486,203.75,0.099143998,4516196.48,0.303248312,23.75
Taklamakan,40.25,86,Taklamakan_lat40p25_lon86p00,5,1428.353227,213.75,0.069532958,3167357.637,0.353406795,33.75
Taklamakan,40.25,86,Taklamakan_lat40p25_lon86p00,6,2706.152597,221.25,0.009246622,421201.0993,0.544690864,41.25
Taklamakan,40.25,86,Taklamakan_lat40p25_lon86p00,7,5433.725959,191.25,2.65E-05,1205.068297,0.858178765,11.25
Taklamakan,40.25,86,Taklamakan_lat40p25_lon86p00,8,9165.513867,91.25,8.65E-06,393.8637237,1,-88.75
Taklamakan,40.25,86.25,Taklamakan_lat40p25_lon86p25,1,69.65281496,241.25,1,54884906.68,0.941941588,61.25
Taklamakan,40.25,86.25,Taklamakan_lat40p25_lon86p25,2,532.0423875,213.75,0.16044098,8805788.226,0.505645985,33.75
Taklamakan,40.25,86.25,Taklamakan_lat40p25_lon86p25,3,799.0017781,203.75,0.142166805,7802811.82,0.238675179,23.75
Taklamakan,40.25,86.25,Taklamakan_lat40p25_lon86p25,4,2273.34799,213.75,0.02116407,1161587.983,0.42755689,33.75
Taklamakan,40.25,86.25,Taklamakan_lat40p25_lon86p25,5,3414.030779,251.25,0.000333638,18311.71739,0.357336214,71.25
Taklamakan,40.25,86.25,Taklamakan_lat40p25_lon86p25,6,5433.725959,91.25,1.44E-05,788.2871592,0.71549431,-88.75
Taklamakan,40.25,86.25,Taklamakan_lat40p25_lon86p25,7,9165.513867,91.25,5.21E-06,285.7723117,1,-88.75
Taklamakan,40.25,86.5,Taklamakan_lat40p25_lon86p50,1,69.65281496,241.25,1,56132092.67,0.948804798,61.25
Taklamakan,40.25,86.5,Taklamakan_lat40p25_lon86p50,2,563.8648481,193.75,0.138769414,7789417.634,0.577556638,13.75
Taklamakan,40.25,86.5,Taklamakan_lat40p25_lon86p50,3,1347.742218,211.25,0.050305683,2823763.248,0.437723884,31.25
Taklamakan,40.25,86.5,Taklamakan_lat40p25_lon86p50,4,1801.983335,233.75,0.010298135,578055.8796,0.351512085,53.75
Taklamakan,40.25,86.5,Taklamakan_lat40p25_lon86p50,5,2868.012698,203.75,0.002997971,168282.414,0.601093598,23.75
Taklamakan,40.25,86.5,Taklamakan_lat40p25_lon86p50,6,4307.076464,218.75,0.000106643,5986.117901,0.72092674,38.75
Taklamakan,40.25,86.5,Taklamakan_lat40p25_lon86p50,7,7265.101213,181.25,1.58E-05,885.7144329,1,1.25
Taklamakan,40.25,86.75,Taklamakan_lat40p25_lon86p75,1,78.23412826,263.75,1,58816973.04,0.958623891,83.75
Taklamakan,40.25,86.75,Taklamakan_lat40p25_lon86p75,2,597.5906703,201.25,0.084902702,4993719.924,0.240079744,21.25
Taklamakan,40.25,86.75,Taklamakan_lat40p25_lon86p75,3,897.4397893,206.25,0.068221404,4012576.469,0.251249913,26.25
Taklamakan,40.25,86.75,Taklamakan_lat40p25_lon86p75,4,1271.680598,216.25,0.025207287,1482616.33,0.334937913,36.25
Taklamakan,40.25,86.75,Taklamakan_lat40p25_lon86p75,5,2553.427285,191.25,0.001818345,106949.5428,0.473308347,11.25
Taklamakan,40.25,86.75,Taklamakan_lat40p25_lon86p75,6,4307.076464,188.75,9.81E-05,5770.158324,0.232867503,8.75
Taklamakan,40.25,86.75,Taklamakan_lat40p25_lon86p75,7,6468.209741,251.25,1.94E-05,1143.540259,1,71.25
Taklamakan,40.25,87,Taklamakan_lat40p25_lon87p00,1,73.81888146,266.25,1,55486785.62,0.954406663,86.25
Taklamakan,40.25,87,Taklamakan_lat40p25_lon87p00,2,532.0423875,198.75,0.096695887,5365343.972,0.359408038,18.75
Taklamakan,40.25,87,Taklamakan_lat40p25_lon87p00,3,1199.911617,218.75,0.0382594,2122891.102,0.367554918,38.75
Taklamakan,40.25,87,Taklamakan_lat40p25_lon87p00,4,1604.328118,221.25,0.021542169,1195305.693,0.458855503,41.25
Taklamakan,40.25,87,Taklamakan_lat40p25_lon87p00,5,2273.34799,198.75,0.005069847,281309.5,0.27157289,18.75
Taklamakan,40.25,87,Taklamakan_lat40p25_lon87p00,6,6855.085589,131.25,1.85E-05,1027.321265,1,-48.75
Taklamakan,40.25,87.5,Taklamakan_lat40p25_lon87p50,1,82.91345931,256.25,1,53329627.05,0.944120506,76.25
Taklamakan,40.25,87.5,Taklamakan_lat40p25_lon87p50,2,473.6839381,188.75,0.072961442,3891006.496,0.271997941,8.75
Taklamakan,40.25,87.5,Taklamakan_lat40p25_lon87p50,3,1801.983335,181.25,0.004623071,246546.6622,0.403359391,1.25
Taklamakan,40.25,87.5,Taklamakan_lat40p25_lon87p50,4,3414.030779,158.75,0.000355122,18938.5084,0.256679466,-21.25
Taklamakan,40.25,87.5,Taklamakan_lat40p25_lon87p50,5,5127.066427,191.25,7.19E-05,3835.926091,0.963686217,11.25
Taklamakan,40.25,87.5,Taklamakan_lat40p25_lon87p50,6,6855.085589,166.25,2.05E-05,1093.428288,1,-13.75
Taklamakan,40.25,87.75,Taklamakan_lat40p25_lon87p75,1,78.23412826,246.25,1,70616850.85,0.940162163,66.25
Taklamakan,40.25,87.75,Taklamakan_lat40p25_lon87p75,2,1909.763363,111.25,0.000745971,52678.14714,0.228980839,-68.75
Taklamakan,40.25,87.75,Taklamakan_lat40p25_lon87p75,3,3834.64361,248.75,5.27E-05,3718.024326,0.436079569,68.75
Taklamakan,40.25,87.75,Taklamakan_lat40p25_lon87p75,4,6855.085589,91.25,9.02E-06,636.9089627,1,-88.75
Taklamakan,40.25,87.75,Taklamakan_lat40p25_lon87p75,5,9165.513867,91.25,4.93E-06,348.2159055,1,-88.75
Taklamakan,40.25,88,Taklamakan_lat40p25_lon88p00,1,69.65281496,248.75,1,26041469.36,0.916501394,68.75
Taklamakan,40.25,88,Taklamakan_lat40p25_lon88p00,2,1909.763363,156.25,0.001749137,45550.10813,0.235377157,-23.75
Taklamakan,40.25,88,Taklamakan_lat40p25_lon88p00,3,3414.030779,201.25,8.47E-05,2205.113453,0.332891001,21.25
Taklamakan,40.25,88,Taklamakan_lat40p25_lon88p00,4,5433.725959,191.25,1.70E-05,443.7932929,0.935126098,11.25
Taklamakan,40.25,88,Taklamakan_lat40p25_lon88p00,5,7265.101213,181.25,1.11E-05,288.2112697,1,1.25
Taklamakan,40.25,88.5,Taklamakan_lat40p25_lon88p50,1,62.01276528,236.25,1,26178857.95,0.908346549,56.25
Taklamakan,40.25,88.5,Taklamakan_lat40p25_lon88p50,2,532.0423875,213.75,0.284969942,7460187.625,0.202246915,33.75
Taklamakan,40.25,88.5,Taklamakan_lat40p25_lon88p50,3,846.7915844,236.25,0.177381299,4643639.828,0.363515513,56.25
Taklamakan,40.25,88.5,Taklamakan_lat40p25_lon88p50,4,1604.328118,193.75,0.039548129,1035324.842,0.29056342,13.75
Taklamakan,40.25,88.5,Taklamakan_lat40p25_lon88p50,5,2409.32123,181.25,0.006536592,171120.5017,0.404358188,1.25
Taklamakan,40.25,88.5,Taklamakan_lat40p25_lon88p50,6,3618.230411,181.25,0.00160183,41934.08444,0.596895788,1.25
Taklamakan,40.25,88.5,Taklamakan_lat40p25_lon88p50,7,5127.066427,226.25,9.59E-05,2509.263024,0.2088393,46.25
Taklamakan,40.25,88.5,Taklamakan_lat40p25_lon88p50,8,7265.101213,181.25,0.000223558,5852.480298,1,1.25
Taklamakan,40.25,88.75,Taklamakan_lat40p25_lon88p75,1,55.21073426,241.25,1,27351723.83,0.925854281,61.25
Taklamakan,40.25,88.75,Taklamakan_lat40p25_lon88p75,2,3039.553957,236.25,0.002135841,58418.94674,0.650897692,56.25
Taklamakan,40.25,88.75,Taklamakan_lat40p25_lon88p75,3,5127.066427,243.75,0.000301502,8246.593317,0.853361813,63.75
Taklamakan,40.25,88.75,Taklamakan_lat40p25_lon88p75,4,7265.101213,228.75,8.24E-05,2254.694995,1,48.75
Taklamakan,40.25,89,Taklamakan_lat40p25_lon89p00,1,58.51299261,191.25,1,64676678.26,0.927966462,11.25
Taklamakan,40.25,89,Taklamakan_lat40p25_lon89p00,2,473.6839381,138.75,0.427682167,27661061.94,0.259050681,-41.25
Taklamakan,40.25,89,Taklamakan_lat40p25_lon89p00,3,3039.553957,146.25,0.000977787,63240.01143,0.376302811,-33.75
Taklamakan,40.25,89,Taklamakan_lat40p25_lon89p00,4,7265.101213,91.25,5.15E-05,3328.693735,0.737099518,-88.75
Taklamakan,40.25,89.25,Taklamakan_lat40p25_lon89p25,1,62.01276528,243.75,1,65918955.19,0.925170313,63.75
Taklamakan,40.25,89.25,Taklamakan_lat40p25_lon89p25,2,421.7266867,143.75,0.49944761,32923064.61,0.202995462,-36.25
Taklamakan,40.25,89.25,Taklamakan_lat40p25_lon89p25,3,753.9090529,133.75,0.291086886,19188143.37,0.235794776,-46.25
Taklamakan,40.25,89.25,Taklamakan_lat40p25_lon89p25,4,3039.553957,146.25,0.001166701,76907.71412,0.367717334,-33.75
Taklamakan,40.25,89.25,Taklamakan_lat40p25_lon89p25,5,4307.076464,113.75,0.000330717,21800.52768,0.273881179,-66.25
Taklamakan,40.25,89.25,Taklamakan_lat40p25_lon89p25,6,7265.101213,91.25,6.58E-05,4337.309846,0.924636651,-88.75
Taklamakan,40.25,90,Taklamakan_lat40p25_lon90p00,1,41.29329946,231.25,1,10821707.89,0.816583443,51.25
Taklamakan,40.25,90,Taklamakan_lat40p25_lon90p00,2,2145.048581,221.25,0.011742665,127075.6912,0.311671355,41.25
Taklamakan,40.25,90,Taklamakan_lat40p25_lon90p00,3,4064.000891,236.25,0.001357091,14686.0377,0.6912504,56.25
Taklamakan,40.25,90,Taklamakan_lat40p25_lon90p00,4,6855.085589,251.25,0.000570563,6174.464258,0.936068876,71.25
Taklamakan,40.25,92.5,Taklamakan_lat40p25_lon92p50,1,198.1786415,233.75,1,43457507.16,0.991753012,53.75
Taklamakan,40.25,92.5,Taklamakan_lat40p25_lon92p50,2,446.9509568,233.75,0.582867418,25329965,0.270502837,53.75
Taklamakan,40.25,92.5,Taklamakan_lat40p25_lon92p50,3,1068.296199,236.25,0.091775162,3988319.757,0.229059943,56.25
Taklamakan,40.25,92.5,Taklamakan_lat40p25_lon92p50,4,2553.427285,233.75,0.0020358,88470.7852,0.228624546,53.75
Taklamakan,40.25,92.5,Taklamakan_lat40p25_lon92p50,5,4307.076464,231.25,0.000211709,9200.324528,0.752613158,51.25
Taklamakan,40.25,92.5,Taklamakan_lat40p25_lon92p50,6,5758.727378,236.25,0.000164134,7132.841221,0.797877964,56.25
Taklamakan,40.25,92.5,Taklamakan_lat40p25_lon92p50,7,8648.245934,246.25,9.49E-05,4126.076375,1,66.25
Taklamakan,40.25,92.75,Taklamakan_lat40p25_lon92p75,1,280.8209936,246.25,1,44765615.18,0.987885944,66.25
Taklamakan,40.25,92.75,Taklamakan_lat40p25_lon92p75,2,502.0158696,256.25,0.642707633,28771202.57,0.249664397,76.25
Taklamakan,40.25,92.75,Taklamakan_lat40p25_lon92p75,3,2553.427285,226.25,0.001426436,63855.27898,0.356553467,46.25
Taklamakan,40.25,92.75,Taklamakan_lat40p25_lon92p75,4,3618.230411,211.25,0.000767813,34371.60079,0.310009066,31.25
Taklamakan,40.25,92.75,Taklamakan_lat40p25_lon92p75,5,5127.066427,168.75,6.86E-05,3070.614112,0.520046652,-11.25
Taklamakan,40.25,92.75,Taklamakan_lat40p25_lon92p75,6,8648.245934,216.25,4.02E-05,1797.343201,0.624370886,36.25
Taklamakan,40.5,82,Taklamakan_lat40p50_lon82p00,1,65.72186596,266.25,1,48917648.41,0.920211765,86.25
Taklamakan,40.5,82,Taklamakan_lat40p50_lon82p00,2,2145.048581,153.75,0.006070512,296955.1767,0.280063274,-26.25
Taklamakan,40.5,82,Taklamakan_lat40p50_lon82p00,3,3414.030779,201.25,0.000720991,35269.18974,0.686822511,21.25
Taklamakan,40.5,82,Taklamakan_lat40p50_lon82p00,4,5127.066427,201.25,0.000110891,5424.506503,0.664070029,21.25
Taklamakan,40.5,82,Taklamakan_lat40p50_lon82p00,5,6855.085589,193.75,5.84E-05,2856.60186,1,13.75
Taklamakan,40.5,82.25,Taklamakan_lat40p50_lon82p25,1,62.01276528,248.75,1,26098287.21,0.900530747,68.75
Taklamakan,40.5,82.25,Taklamakan_lat40p50_lon82p25,2,502.0158696,181.25,0.12793372,3338850.969,0.274484161,1.25
Taklamakan,40.5,82.25,Taklamakan_lat40p50_lon82p25,3,846.7915844,181.25,0.100342146,2618758.143,0.352450259,1.25
Taklamakan,40.5,82.25,Taklamakan_lat40p50_lon82p25,4,1700.286015,181.25,0.020347454,531033.6891,0.813838355,1.25
Taklamakan,40.5,82.25,Taklamakan_lat40p50_lon82p25,5,2409.32123,181.25,0.010972189,286355.3293,0.877975198,1.25
Taklamakan,40.5,82.25,Taklamakan_lat40p50_lon82p25,6,3618.230411,181.25,0.004770323,124497.2601,0.976858731,1.25
Taklamakan,40.5,82.25,Taklamakan_lat40p50_lon82p25,7,5433.725959,181.25,0.002733484,71339.26115,0.995482113,1.25
Taklamakan,40.5,82.25,Taklamakan_lat40p50_lon82p25,8,7265.101213,181.25,0.001362813,35567.08692,1,1.25
Taklamakan,40.5,82.5,Taklamakan_lat40p50_lon82p50,1,58.51299261,268.75,1,23963338.95,0.885117979,88.75
Taklamakan,40.5,82.5,Taklamakan_lat40p50_lon82p50,2,2023.989919,201.25,0.001783742,42744.42185,0.335747588,21.25
Taklamakan,40.5,82.5,Taklamakan_lat40p50_lon82p50,3,3834.64361,123.75,8.28E-05,1985.066715,0.520455846,-56.25
Taklamakan,40.5,82.5,Taklamakan_lat40p50_lon82p50,4,5433.725959,181.25,6.02E-05,1441.868594,1,1.25
Taklamakan,40.5,82.5,Taklamakan_lat40p50_lon82p50,5,9165.513867,91.25,4.54E-05,1087.319863,1,-88.75
Taklamakan,40.5,82.75,Taklamakan_lat40p50_lon82p75,1,41.29329946,261.25,1,10348742.44,0.88313124,81.25
Taklamakan,40.5,82.75,Taklamakan_lat40p50_lon82p75,2,846.7915844,186.25,0.01929622,199691.613,0.253563074,6.25
Taklamakan,40.5,82.75,Taklamakan_lat40p50_lon82p75,3,2023.989919,213.75,0.003856962,39914.70978,0.225616416,33.75
Taklamakan,40.5,82.75,Taklamakan_lat40p50_lon82p75,4,3618.230411,173.75,0.000356636,3690.73273,0.274780212,-6.25
Taklamakan,40.5,82.75,Taklamakan_lat40p50_lon82p75,5,5127.066427,133.75,4.86E-05,502.5609301,0.695624822,-46.25
Taklamakan,40.5,82.75,Taklamakan_lat40p50_lon82p75,6,6855.085589,91.25,0.000129422,1339.353439,1,-88.75
Taklamakan,40.5,82.75,Taklamakan_lat40p50_lon82p75,7,9165.513867,91.25,1.47E-05,152.4639461,1,-88.75
Taklamakan,40.5,83,Taklamakan_lat40p50_lon83p00,1,41.29329946,263.75,1,18425169.54,0.885631961,83.75
Taklamakan,40.5,83,Taklamakan_lat40p50_lon83p00,2,375.4685011,116.25,0.060335027,1111683.094,0.208164355,-63.75
Taklamakan,40.5,83,Taklamakan_lat40p50_lon83p00,3,502.0158696,153.75,0.060947147,1122961.512,0.225524638,-26.25
Taklamakan,40.5,83,Taklamakan_lat40p50_lon83p00,4,1700.286015,138.75,0.003872524,71351.91599,0.276394707,-41.25
Taklamakan,40.5,83,Taklamakan_lat40p50_lon83p00,5,2706.152597,118.75,0.000626929,11551.26494,0.255222772,-61.25
Taklamakan,40.5,83,Taklamakan_lat40p50_lon83p00,6,4064.000891,101.25,0.000102103,1881.273036,0.282370782,-78.75
Taklamakan,40.5,83,Taklamakan_lat40p50_lon83p00,7,5433.725959,103.75,5.36E-05,987.2104262,0.667659619,-76.25
Taklamakan,40.5,83,Taklamakan_lat40p50_lon83p00,8,7265.101213,181.25,4.97E-05,916.0928295,0.923231205,1.25
Taklamakan,40.5,83.5,Taklamakan_lat40p50_lon83p50,1,41.29329946,91.25,1,31483685.84,0.883787858,-88.75
Taklamakan,40.5,83.5,Taklamakan_lat40p50_lon83p50,2,446.9509568,121.25,0.593897799,18698091.74,0.276720755,-58.75
Taklamakan,40.5,83.5,Taklamakan_lat40p50_lon83p50,3,1347.742218,143.75,0.070113894,2207443.825,0.259700717,-36.25
Taklamakan,40.5,83.5,Taklamakan_lat40p50_lon83p50,4,2409.32123,123.75,0.013253377,417265.1441,0.443985875,-56.25
Taklamakan,40.5,83.5,Taklamakan_lat40p50_lon83p50,5,3618.230411,131.25,0.001910801,60159.05166,0.753175764,-48.75
Taklamakan,40.5,83.5,Taklamakan_lat40p50_lon83p50,6,5127.066427,116.25,0.000726865,22884.37936,0.892059473,-63.75
Taklamakan,40.5,83.5,Taklamakan_lat40p50_lon83p50,7,6855.085589,108.75,0.000272204,8569.996811,0.965344977,-71.25
Taklamakan,40.5,83.75,Taklamakan_lat40p50_lon83p75,1,41.29329946,93.75,1,45103712.87,0.874530104,-86.25
Taklamakan,40.5,83.75,Taklamakan_lat40p50_lon83p75,2,473.6839381,133.75,0.716592218,32320969.67,0.287601051,-46.25
Taklamakan,40.5,83.75,Taklamakan_lat40p50_lon83p75,3,2409.32123,131.25,0.006490917,292764.4517,0.202426026,-48.75
Taklamakan,40.5,83.75,Taklamakan_lat40p50_lon83p75,4,4064.000891,123.75,0.002087731,94164.41348,0.715465501,-56.25
Taklamakan,40.5,83.75,Taklamakan_lat40p50_lon83p75,5,7265.101213,131.25,0.000171592,7739.424893,0.985891394,-48.75
Taklamakan,40.5,84,Taklamakan_lat40p50_lon84p00,1,41.29329946,208.75,0.992162576,42219357.08,0.347778375,28.75
Taklamakan,40.5,84,Taklamakan_lat40p50_lon84p00,2,421.7266867,171.25,1,42552861.9,0.880965119,-8.75
Taklamakan,40.5,84,Taklamakan_lat40p50_lon84p00,3,597.5906703,166.25,0.890623989,37898599.59,0.236481252,-13.75
Taklamakan,40.5,84,Taklamakan_lat40p50_lon84p00,4,3039.553957,123.75,0.003003897,127824.4351,0.447084331,-56.25
Taklamakan,40.5,84,Taklamakan_lat40p50_lon84p00,5,4064.000891,91.25,0.002459855,104673.8875,0.780938962,-88.75
Taklamakan,40.5,84,Taklamakan_lat40p50_lon84p00,6,6855.085589,108.75,0.000427249,18180.68,0.935128942,-71.25
Taklamakan,40.5,84.25,Taklamakan_lat40p50_lon84p25,1,41.29329946,216.25,1,17666418.74,0.86742586,36.25
Taklamakan,40.5,84.25,Taklamakan_lat40p50_lon84p25,2,532.0423875,121.25,0.99861417,17641936.09,0.37639035,-58.75
Taklamakan,40.5,84.25,Taklamakan_lat40p50_lon84p25,3,1199.911617,108.75,0.288494492,5096664.507,0.20027129,-71.25
Taklamakan,40.5,84.25,Taklamakan_lat40p50_lon84p25,4,1604.328118,266.25,0.083108649,1468232.202,0.212135694,86.25
Taklamakan,40.5,84.25,Taklamakan_lat40p50_lon84p25,5,3221.355423,116.25,0.006634757,117212.4002,0.670699351,-63.75
Taklamakan,40.5,84.25,Taklamakan_lat40p50_lon84p25,6,4564.690847,101.25,0.001186138,20954.81384,0.403484106,-78.75
Taklamakan,40.5,84.25,Taklamakan_lat40p50_lon84p25,7,7265.101213,181.25,0.00021768,3845.618105,0.804854393,1.25
Taklamakan,40.5,84.5,Taklamakan_lat40p50_lon84p50,1,41.29329946,216.25,0.865188713,29781004.74,0.339384932,36.25
Taklamakan,40.5,84.5,Taklamakan_lat40p50_lon84p50,2,502.0158696,158.75,1,34421397.67,0.89011006,-21.25
Taklamakan,40.5,84.5,Taklamakan_lat40p50_lon84p50,3,3618.230411,91.25,0.002154598,74164.28058,0.500633665,-88.75
Taklamakan,40.5,84.5,Taklamakan_lat40p50_lon84p50,4,7265.101213,181.25,9.49E-05,3266.113931,0.876178434,1.25
Taklamakan,40.5,85,Taklamakan_lat40p50_lon85p00,1,41.29329946,263.75,1,19473592.83,0.86080062,83.75
Taklamakan,40.5,85,Taklamakan_lat40p50_lon85p00,2,502.0158696,131.25,0.505356359,9841103.962,0.31165692,-48.75
Taklamakan,40.5,85,Taklamakan_lat40p50_lon85p00,3,2273.34799,108.75,0.00364926,71064.19849,0.382549669,-71.25
Taklamakan,40.5,85,Taklamakan_lat40p50_lon85p00,4,4064.000891,163.75,0.000338311,6588.126461,0.480452528,-16.25
Taklamakan,40.5,85,Taklamakan_lat40p50_lon85p00,5,7265.101213,181.25,8.66E-05,1686.92477,0.920548415,1.25
Taklamakan,40.5,85.25,Taklamakan_lat40p50_lon85p25,1,41.29329946,91.25,1,20804010.17,0.852588711,-88.75
Taklamakan,40.5,85.25,Taklamakan_lat40p50_lon85p25,2,375.4685011,166.25,0.375375898,7809324.005,0.222517612,-13.75
Taklamakan,40.5,85.25,Taklamakan_lat40p50_lon85p25,3,3039.553957,213.75,0.001781526,37062.88366,0.201867566,33.75
Taklamakan,40.5,85.25,Taklamakan_lat40p50_lon85p25,4,4307.076464,218.75,0.000301685,6276.249242,0.205528576,38.75
Taklamakan,40.5,85.25,Taklamakan_lat40p50_lon85p25,5,7265.101213,181.25,9.37E-05,1948.817374,1,1.25
Taklamakan,40.5,85.5,Taklamakan_lat40p50_lon85p50,1,41.29329946,256.25,1,18825108.14,0.863083306,76.25
Taklamakan,40.5,85.5,Taklamakan_lat40p50_lon85p50,2,753.9090529,188.75,0.532891005,10031730.79,0.502548451,8.75
Taklamakan,40.5,85.5,Taklamakan_lat40p50_lon85p50,3,1199.911617,181.25,0.189353948,3564608.546,0.329959907,1.25
Taklamakan,40.5,85.5,Taklamakan_lat40p50_lon85p50,4,2023.989919,203.75,0.021330535,401549.6372,0.240433922,23.75
Taklamakan,40.5,85.5,Taklamakan_lat40p50_lon85p50,5,3414.030779,193.75,0.001317784,24807.42126,0.346675849,13.75
Taklamakan,40.5,85.5,Taklamakan_lat40p50_lon85p50,6,5127.066427,243.75,7.84E-05,1475.444875,1,63.75
Taklamakan,40.5,85.5,Taklamakan_lat40p50_lon85p50,7,8648.245934,246.25,5.23E-05,985.300126,1,66.25
Taklamakan,40.5,86,Taklamakan_lat40p50_lon86p00,1,41.29329946,261.25,1,32432586.06,0.901216738,81.25
Taklamakan,40.5,86,Taklamakan_lat40p50_lon86p00,2,563.8648481,221.25,0.241999587,7848672.418,0.623414972,41.25
Taklamakan,40.5,86,Taklamakan_lat40p50_lon86p00,3,1271.680598,228.75,0.065468107,2123300,0.208872331,48.75
Taklamakan,40.5,86,Taklamakan_lat40p50_lon86p00,4,2145.048581,203.75,0.005335257,173036.1806,0.330675083,23.75
Taklamakan,40.5,86,Taklamakan_lat40p50_lon86p00,5,3618.230411,186.25,0.000265164,8599.945935,0.220647169,6.25
Taklamakan,40.5,86,Taklamakan_lat40p50_lon86p00,6,5433.725959,181.25,1.69E-05,548.1972553,0.820256444,1.25
Taklamakan,40.5,86,Taklamakan_lat40p50_lon86p00,7,9165.513867,91.25,1.68E-05,545.3996758,1,-88.75
Taklamakan,40.5,86.25,Taklamakan_lat40p50_lon86p25,1,58.51299261,106.25,1,44137406.06,0.912988776,-73.75
Taklamakan,40.5,86.25,Taklamakan_lat40p50_lon86p25,2,446.9509568,203.75,0.211389889,9330201.376,0.589338848,23.75
Taklamakan,40.5,86.25,Taklamakan_lat40p50_lon86p25,3,846.7915844,203.75,0.12829553,5662631.883,0.231377215,23.75
Taklamakan,40.5,86.25,Taklamakan_lat40p50_lon86p25,4,2023.989919,228.75,0.014563203,642782.0258,0.354540118,48.75
Taklamakan,40.5,86.25,Taklamakan_lat40p50_lon86p25,5,3414.030779,201.25,0.000841025,37120.64035,0.212297258,21.25
Taklamakan,40.5,86.25,Taklamakan_lat40p50_lon86p25,6,7265.101213,181.25,3.23E-05,1424.36772,1,1.25
Taklamakan,40.5,86.5,Taklamakan_lat40p50_lon86p50,1,69.65281496,221.25,1,37467974.43,0.936540494,41.25
Taklamakan,40.5,86.5,Taklamakan_lat40p50_lon86p50,2,421.7266867,206.25,0.174793078,6549142.583,0.264606935,26.25
Taklamakan,40.5,86.5,Taklamakan_lat40p50_lon86p50,3,597.5906703,206.25,0.19928176,7466683.898,0.636110261,26.25
Taklamakan,40.5,86.5,Taklamakan_lat40p50_lon86p50,4,1604.328118,223.75,0.053792926,2015511.988,0.381802765,43.75
Taklamakan,40.5,86.5,Taklamakan_lat40p50_lon86p50,5,2553.427285,196.25,0.002213165,82922.80236,0.498769795,16.25
Taklamakan,40.5,86.5,Taklamakan_lat40p50_lon86p50,6,3414.030779,201.25,0.000706247,26461.62703,0.405630758,21.25
Taklamakan,40.5,86.5,Taklamakan_lat40p50_lon86p50,7,5433.725959,91.25,3.18E-05,1190.724748,0.351309477,-88.75
Taklamakan,40.5,86.5,Taklamakan_lat40p50_lon86p50,8,8648.245934,113.75,5.83E-06,218.5195978,0.333642301,-66.25
Taklamakan,40.5,86.75,Taklamakan_lat40p50_lon86p75,1,73.81888146,266.25,1,53560507.44,0.953477034,86.25
Taklamakan,40.5,86.75,Taklamakan_lat40p50_lon86p75,2,502.0158696,186.25,0.10814723,5792420.524,0.297984899,6.25
Taklamakan,40.5,86.75,Taklamakan_lat40p50_lon86p75,3,1428.353227,216.25,0.033816221,1811213.978,0.255710617,36.25
Taklamakan,40.5,86.75,Taklamakan_lat40p50_lon86p75,4,1909.763363,203.75,0.006612766,354183.1033,0.257415548,23.75
Taklamakan,40.5,86.75,Taklamakan_lat40p50_lon86p75,5,3039.553957,186.25,0.000435714,23337.07222,0.486708255,6.25
Taklamakan,40.5,86.75,Taklamakan_lat40p50_lon86p75,6,4307.076464,128.75,7.58E-05,4062.153808,0.615294271,-51.25
Taklamakan,40.5,86.75,Taklamakan_lat40p50_lon86p75,7,6855.085589,166.25,1.18E-05,633.565433,1,-13.75
Taklamakan,40.5,87,Taklamakan_lat40p50_lon87p00,1,78.23412826,261.25,1,68002959.98,0.965324622,81.25
Taklamakan,40.5,87,Taklamakan_lat40p50_lon87p00,2,397.9259817,213.75,0.098404841,6691820.494,0.277699226,33.75
Taklamakan,40.5,87,Taklamakan_lat40p50_lon87p00,3,897.4397893,213.75,0.080538712,5476870.831,0.360936358,33.75
Taklamakan,40.5,87,Taklamakan_lat40p50_lon87p00,4,1271.680598,228.75,0.030351535,2063994.218,0.242291111,48.75
Taklamakan,40.5,87,Taklamakan_lat40p50_lon87p00,5,1909.763363,223.75,0.010813681,735362.3274,0.230356455,43.75
Taklamakan,40.5,87,Taklamakan_lat40p50_lon87p00,6,3039.553957,186.25,0.000728516,49541.21507,0.363067553,6.25
Taklamakan,40.5,87,Taklamakan_lat40p50_lon87p00,7,5433.725959,181.25,4.64E-05,3155.772334,0.433911144,1.25
Taklamakan,40.5,87,Taklamakan_lat40p50_lon87p00,8,7265.101213,181.25,1.35E-05,917.7569682,1,1.25
Taklamakan,40.5,88.5,Taklamakan_lat40p50_lon88p50,1,41.29329946,178.75,1,36286617.89,0.899039282,-1.25
Taklamakan,40.5,88.5,Taklamakan_lat40p50_lon88p50,2,671.2145829,176.25,0.439718896,15955911.56,0.253165428,-3.75
Taklamakan,40.5,88.5,Taklamakan_lat40p50_lon88p50,3,2409.32123,176.25,0.019972858,724747.4782,0.344170912,-3.75
Taklamakan,40.5,88.5,Taklamakan_lat40p50_lon88p50,4,3414.030779,158.75,0.002975976,107988.1127,0.420400803,-21.25
Taklamakan,40.5,88.5,Taklamakan_lat40p50_lon88p50,5,5433.725959,168.75,0.000880986,31968.02026,1,-11.25
Taklamakan,40.5,88.5,Taklamakan_lat40p50_lon88p50,6,8648.245934,141.25,0.000186999,6785.549257,1,-38.75
Taklamakan,40.5,88.75,Taklamakan_lat40p50_lon88p75,1,58.51299261,233.75,1,63951065.22,0.926238574,53.75
Taklamakan,40.5,88.75,Taklamakan_lat40p50_lon88p75,2,473.6839381,203.75,0.26924703,17218634.4,0.227136756,23.75
Taklamakan,40.5,88.75,Taklamakan_lat40p50_lon88p75,3,2706.152597,128.75,0.002843595,181850.9533,0.23889649,-51.25
Taklamakan,40.5,88.75,Taklamakan_lat40p50_lon88p75,4,3618.230411,148.75,0.001018858,65157.04324,0.373903643,-31.25
Taklamakan,40.5,88.75,Taklamakan_lat40p50_lon88p75,5,5127.066427,133.75,0.000128086,8191.252346,0.7384433,-46.25
Taklamakan,40.5,88.75,Taklamakan_lat40p50_lon88p75,6,6855.085589,108.75,9.07E-05,5803.31266,1,-71.25
Taklamakan,40.5,89,Taklamakan_lat40p50_lon89p00,1,62.01276528,148.75,1,57495516.84,0.93911192,-31.25
Taklamakan,40.5,89,Taklamakan_lat40p50_lon89p00,2,473.6839381,211.25,0.426047613,24495827.72,0.240759386,31.25
Taklamakan,40.5,89,Taklamakan_lat40p50_lon89p00,3,4064.000891,101.25,0.000463645,26657.48099,0.692384276,-78.75
Taklamakan,40.5,89,Taklamakan_lat40p50_lon89p00,4,6855.085589,108.75,6.54E-05,3760.622556,0.370771569,-71.25
Taklamakan,40.75,87.75,Taklamakan_lat40p75_lon87p75,1,41.29329946,253.75,1,13849441.4,0.881816606,73.75
Taklamakan,40.75,87.75,Taklamakan_lat40p75_lon87p75,2,375.4685011,248.75,0.594186347,8229148.992,0.228548693,68.75
Taklamakan,40.75,87.75,Taklamakan_lat40p75_lon87p75,3,2273.34799,146.25,0.016677964,230980.4846,0.250389045,-33.75
Taklamakan,40.75,87.75,Taklamakan_lat40p75_lon87p75,4,3414.030779,91.25,0.004508978,62446.82286,0.493077007,-88.75
Taklamakan,40.75,87.75,Taklamakan_lat40p75_lon87p75,5,6468.209741,108.75,0.000772009,10691.88982,1,-71.25
Taklamakan,40.75,87.75,Taklamakan_lat40p75_lon87p75,6,8648.245934,113.75,0.000424754,5882.609371,0.854163917,-66.25
Taklamakan,40.75,88,Taklamakan_lat40p75_lon88p00,1,41.29329946,241.25,1,33731632.27,0.901909219,61.25
Taklamakan,40.75,88,Taklamakan_lat40p75_lon88p00,2,633.3336976,238.75,0.095593648,3224529.795,0.305974197,58.75
Taklamakan,40.75,88,Taklamakan_lat40p75_lon88p00,3,1199.911617,123.75,0.028676351,967300.1244,0.219707796,-56.25
Taklamakan,40.75,88,Taklamakan_lat40p75_lon88p00,4,2868.012698,133.75,0.002070315,69835.08847,0.500113995,-46.25
Taklamakan,40.75,88,Taklamakan_lat40p75_lon88p00,5,4307.076464,171.25,0.000270927,9138.814995,0.506136936,-8.75
Taklamakan,40.75,88,Taklamakan_lat40p75_lon88p00,6,5758.727378,123.75,0.00012406,4184.751579,0.723967711,-56.25
Taklamakan,40.75,88,Taklamakan_lat40p75_lon88p00,7,8648.245934,246.25,2.64E-05,891.6793336,1,66.25
Tengger,38.25,105,Tengger_lat38p25_lon105p00,1,62.01276528,216.25,1,13976327.78,0.919547492,36.25
Tengger,38.25,105,Tengger_lat38p25_lon105p00,2,563.8648481,256.25,0.194662884,2720672.271,0.300537001,76.25
Tengger,38.25,105,Tengger_lat38p25_lon105p00,3,1008.005486,93.75,0.109001578,1523441.783,0.258240399,-86.25
Tengger,38.25,105,Tengger_lat38p25_lon105p00,4,2706.152597,263.75,0.005004965,69951.0247,0.542247963,83.75
Tengger,38.25,105,Tengger_lat38p25_lon105p00,5,4307.076464,218.75,0.000439953,6148.924213,0.634501069,38.75
Tengger,38.25,105,Tengger_lat38p25_lon105p00,6,7265.101213,181.25,0.000174066,2432.803472,1,1.25
Tengger,38.5,104.75,Tengger_lat38p50_lon104p75,1,49.15480166,228.75,1,7529456.865,0.844675535,48.75
Tengger,38.5,104.75,Tengger_lat38p50_lon104p75,2,711.3611955,131.25,0.229319198,1726649.006,0.307928606,-48.75
Tengger,38.5,104.75,Tengger_lat38p50_lon104p75,3,2409.32123,131.25,0.012478786,93958.48022,0.294283506,-48.75
Tengger,38.5,104.75,Tengger_lat38p50_lon104p75,4,3834.64361,251.25,0.001396463,10514.60639,0.329108048,71.25
Tengger,38.5,104.75,Tengger_lat38p50_lon104p75,5,7265.101213,181.25,0.000105271,792.6340354,1,1.25
Tengger,38.5,105,Tengger_lat38p50_lon105p00,1,69.65281496,228.75,1,9235627.072,0.926977217,48.75
Tengger,38.5,105,Tengger_lat38p50_lon105p00,2,473.6839381,201.25,0.442817811,4089700.163,0.505256653,21.25
Tengger,38.5,105,Tengger_lat38p50_lon105p00,3,1008.005486,218.75,0.289585718,2674505.695,0.207281513,38.75
Tengger,38.5,105,Tengger_lat38p50_lon105p00,4,2553.427285,213.75,0.01975109,182413.697,0.425768302,33.75
Tengger,38.5,105,Tengger_lat38p50_lon105p00,5,3618.230411,193.75,0.003744715,34584.79484,0.539205308,13.75
Tengger,38.5,105,Tengger_lat38p50_lon105p00,6,5433.725959,181.25,0.00020798,1920.82484,0.627789445,1.25
Tengger,38.5,105,Tengger_lat38p50_lon105p00,7,9165.513867,91.25,6.00E-05,554.5559508,1,-88.75
Tengger,38.5,105.25,Tengger_lat38p50_lon105p25,1,62.01276528,236.25,1,14587663.56,0.915009511,56.25
Tengger,38.5,105.25,Tengger_lat38p50_lon105p25,2,633.3336976,171.25,0.265350799,3870848.176,0.395270195,-8.75
Tengger,38.5,105.25,Tengger_lat38p50_lon105p25,3,1132.193013,91.25,0.130097011,1897811.423,0.210446253,-88.75
Tengger,38.5,105.25,Tengger_lat38p50_lon105p25,4,2409.32123,176.25,0.020766582,302935.9155,0.311708554,-3.75
Tengger,38.5,105.25,Tengger_lat38p50_lon105p25,5,3618.230411,173.75,0.006160184,89862.69106,0.78521774,-6.25
Tengger,38.5,105.25,Tengger_lat38p50_lon105p25,6,5433.725959,181.25,0.000649418,9473.4901,0.789840475,1.25
Tengger,38.5,105.25,Tengger_lat38p50_lon105p25,7,7265.101213,181.25,0.00027268,3977.769563,1,1.25
Tengger,38.5,105.5,Tengger_lat38p50_lon105p50,1,69.65281496,238.75,1,13160551.47,0.949269728,58.75
Tengger,38.5,105.5,Tengger_lat38p50_lon105p50,2,354.2784382,163.75,0.493984975,6501114.691,0.277667914,-16.25
Tengger,38.5,105.5,Tengger_lat38p50_lon105p50,3,2023.989919,181.25,0.027523126,362219.5101,0.341314516,1.25
Tengger,38.5,105.5,Tengger_lat38p50_lon105p50,4,2706.152597,191.25,0.012551888,165189.7718,0.249591861,11.25
Tengger,38.5,105.5,Tengger_lat38p50_lon105p50,5,3618.230411,228.75,0.003960119,52117.34805,0.289901428,48.75
Tengger,38.5,105.5,Tengger_lat38p50_lon105p50,6,5127.066427,201.25,0.001154783,15197.57851,0.934061266,21.25
Tengger,38.5,105.5,Tengger_lat38p50_lon105p50,7,7265.101213,181.25,0.00060944,8020.569507,1,1.25
Tengger,38.75,104.5,Tengger_lat38p75_lon104p50,1,41.29329946,213.75,1,21730394.97,0.836322947,33.75
Tengger,38.75,104.5,Tengger_lat38p75_lon104p50,2,563.8648481,91.25,0.235111005,5109054.998,0.468348442,-88.75
Tengger,38.75,104.5,Tengger_lat38p75_lon104p50,3,3039.553957,213.75,0.005998052,130340.0429,0.347866297,33.75
Tengger,38.75,104.5,Tengger_lat38p75_lon104p50,4,5433.725959,91.25,0.000631662,13726.25541,0.656228311,-88.75
Tengger,38.75,104.5,Tengger_lat38p75_lon104p50,5,8648.245934,218.75,4.12E-05,894.8642393,1,38.75
Tengger,38.75,104.75,Tengger_lat38p75_lon104p75,1,65.72186596,223.75,1,4116320.584,0.920410427,43.75
Tengger,38.75,104.75,Tengger_lat38p75_lon104p75,2,397.9259817,203.75,0.764589738,3147296.478,0.376699319,23.75
Tengger,38.75,104.75,Tengger_lat38p75_lon104p75,3,671.2145829,213.75,0.753108318,3100035.273,0.281391209,33.75
Tengger,38.75,104.75,Tengger_lat38p75_lon104p75,4,2409.32123,131.25,0.033771968,139016.2474,0.274986961,-48.75
Tengger,38.75,104.75,Tengger_lat38p75_lon104p75,5,3221.355423,233.75,0.021178257,87176.49463,0.47944358,53.75
Tengger,38.75,104.75,Tengger_lat38p75_lon104p75,6,5433.725959,91.25,0.001277397,5258.175012,0.838693614,-88.75
Tengger,38.75,104.75,Tengger_lat38p75_lon104p75,7,8648.245934,246.25,3.17E-05,130.4686423,1,66.25
Tengger,38.75,105,Tengger_lat38p75_lon105p00,1,62.01276528,231.25,1,10650958.47,0.92767328,51.25
Tengger,38.75,105,Tengger_lat38p75_lon105p00,2,354.2784382,203.75,0.402268671,4284546.902,0.419977724,23.75
Tengger,38.75,105,Tengger_lat38p75_lon105p00,3,2409.32123,228.75,0.015225648,162167.743,0.471774471,48.75
Tengger,38.75,105,Tengger_lat38p75_lon105p00,4,3414.030779,218.75,0.005394223,57453.64976,0.583367177,38.75
Tengger,38.75,105,Tengger_lat38p75_lon105p00,5,4564.690847,211.25,0.001405327,14968.07545,0.973374839,31.25
Tengger,38.75,105,Tengger_lat38p75_lon105p00,6,6468.209741,208.75,8.89E-05,946.7153123,1,28.75
Tengger,38.75,105,Tengger_lat38p75_lon105p00,7,8648.245934,141.25,2.06E-05,219.869384,1,-38.75
Tengger,39,105.25,Tengger_lat39p00_lon105p25,1,354.2784382,228.75,1,20233382.26,0.980187938,48.75
Tengger,39,105.25,Tengger_lat39p00_lon105p25,2,2409.32123,251.25,0.00899679,182035.4846,0.259204664,71.25
Tengger,39,105.25,Tengger_lat39p00_lon105p25,3,3414.030779,118.75,0.002667092,53964.29465,0.367433169,-61.25
Tengger,39,105.25,Tengger_lat39p00_lon105p25,4,5758.727378,141.25,0.000746423,15102.65202,0.652783868,-38.75
Tengger,39,105.25,Tengger_lat39p00_lon105p25,5,8648.245934,218.75,9.47E-05,1915.454491,1,38.75
Tengger,39.75,106.5,Tengger_lat39p75_lon106p50,1,82.91345931,208.75,1,37083739.19,0.963246456,28.75
Tengger,39.75,106.5,Tengger_lat39p75_lon106p50,2,951.1173591,253.75,0.069764986,2587146.54,0.228192909,73.75
Tengger,39.75,106.5,Tengger_lat39p75_lon106p50,3,1700.286015,91.25,0.015859443,588127.4582,0.337997315,-88.75
Tengger,39.75,106.5,Tengger_lat39p75_lon106p50,4,3039.553957,226.25,0.002927087,108547.3175,0.587045778,46.25
Tengger,39.75,106.5,Tengger_lat39p75_lon106p50,5,4064.000891,101.25,0.000582029,21583.81699,0.538979401,-78.75
Tengger,39.75,106.5,Tengger_lat39p75_lon106p50,6,5433.725959,181.25,0.000160631,5956.800885,0.756432609,1.25
Tengger,39.75,106.5,Tengger_lat39p75_lon106p50,7,7265.101213,181.25,3.95E-05,1464.088967,1,1.25
Tengger,40,100.5,Tengger_lat40p00_lon100p50,1,98.69869206,231.25,1,7774401.096,0.953841705,51.25
Tengger,40,100.5,Tengger_lat40p00_lon100p50,2,354.2784382,231.25,0.685012214,5325559.705,0.315725642,51.25
Tengger,40,100.5,Tengger_lat40p00_lon100p50,3,5758.727378,123.75,0.000226161,1758.263959,0.768697427,-56.25
Tengger,40,100.5,Tengger_lat40p00_lon100p50,4,8648.245934,113.75,0.000174466,1356.367498,1,-66.25
Tengger,40,100.75,Tengger_lat40p00_lon100p75,1,98.69869206,211.25,1,14998466.85,0.960895988,31.25
Tengger,40,100.75,Tengger_lat40p00_lon100p75,2,3618.230411,241.25,0.000927819,13915.86177,0.632234377,61.25
Tengger,40,100.75,Tengger_lat40p00_lon100p75,3,5433.725959,181.25,5.98E-05,896.9080229,0.239527381,1.25
Tengger,40,100.75,Tengger_lat40p00_lon100p75,4,7265.101213,181.25,6.84E-05,1025.878819,1,1.25
Tengger,40,101,Tengger_lat40p00_lon101p00,1,98.69869206,246.25,1,18271904.97,0.960607099,66.25
Tengger,40,101,Tengger_lat40p00_lon101p00,2,1132.193013,148.75,0.071126715,1299620.578,0.236585563,-31.25
Tengger,40,101,Tengger_lat40p00_lon101p00,3,1513.785733,133.75,0.042578586,777991.8762,0.329042233,-46.25
Tengger,40,101,Tengger_lat40p00_lon101p00,4,5127.066427,133.75,0.000199562,3646.377424,0.530972932,-46.25
Tengger,40,101,Tengger_lat40p00_lon101p00,5,7265.101213,181.25,4.47E-05,816.8187863,0.798003084,1.25
Tengger,40,101.25,Tengger_lat40p00_lon101p25,1,148.2220821,236.25,1,5796864.05,0.972891781,56.25
Tengger,40,101.25,Tengger_lat40p00_lon101p25,2,3039.553957,253.75,0.003295919,19105.99269,0.426925536,73.75
Tengger,40,101.25,Tengger_lat40p00_lon101p25,3,4307.076464,196.25,0.000277288,1607.401693,0.444565626,16.25
Tengger,40,101.25,Tengger_lat40p00_lon101p25,4,7265.101213,181.25,5.91E-05,342.3179629,0.851409029,1.25
Tengger,40,101.75,Tengger_lat40p00_lon101p75,1,93.12850046,226.25,1,16303103.2,0.977900641,46.25
Tengger,40,101.75,Tengger_lat40p00_lon101p75,2,2706.152597,196.25,0.008499363,138565.9952,0.560239051,16.25
Tengger,40,101.75,Tengger_lat40p00_lon101p75,3,7265.101213,91.25,7.51E-05,1224.126197,0.935119634,-88.75
Tengger,40,102,Tengger_lat40p00_lon102p00,1,98.69869206,223.75,1,19893090.67,0.976264945,43.75
Tengger,40,102,Tengger_lat40p00_lon102p00,2,2145.048581,246.25,0.012897706,256575.2426,0.254361702,66.25
Tengger,40,102,Tengger_lat40p00_lon102p00,3,3221.355423,208.75,0.002792258,55546.63635,0.28100271,28.75
Tengger,40,102,Tengger_lat40p00_lon102p00,4,5127.066427,133.75,3.51E-05,698.1668744,0.865538958,-46.25
Tengger,40,102,Tengger_lat40p00_lon102p00,5,7265.101213,181.25,5.02E-05,999.146624,0.937970485,1.25
Tengger,40,103,Tengger_lat40p00_lon103p00,1,87.87267,231.25,1,10135546.54,0.970539898,51.25
Tengger,40,103,Tengger_lat40p00_lon103p00,2,397.9259817,91.25,0.181659441,1841217.72,0.218991199,-88.75
Tengger,40,103,Tengger_lat40p00_lon103p00,3,563.8648481,241.25,0.118766251,1203760.863,0.286049644,61.25
Tengger,40,103,Tengger_lat40p00_lon103p00,4,1068.296199,263.75,0.024373572,247039.4764,0.216332414,83.75
Tengger,40,103,Tengger_lat40p00_lon103p00,5,2706.152597,248.75,0.001350806,13691.15991,0.498711482,68.75
Tengger,40,103,Tengger_lat40p00_lon103p00,6,5127.066427,226.25,4.80E-05,486.112896,0.79681654,46.25
Tengger,40,103,Tengger_lat40p00_lon103p00,7,7265.101213,181.25,7.70E-05,780.3288004,0.985505019,1.25
Tengger,40.25,100,Tengger_lat40p25_lon100p00,1,110.8584935,91.25,1,15417253.7,0.977652041,-88.75
Tengger,40.25,100,Tengger_lat40p25_lon100p00,2,1428.353227,108.75,0.049262831,759497.5662,0.26927405,-71.25
Tengger,40.25,100,Tengger_lat40p25_lon100p00,3,3414.030779,108.75,0.001293755,19946.14413,0.203479072,-71.25
Tengger,40.25,100,Tengger_lat40p25_lon100p00,4,6855.085589,193.75,0.000184611,2846.190346,1,13.75
Tengger,40.25,100.25,Tengger_lat40p25_lon100p25,1,87.87267,258.75,1,18067037.85,0.970061673,78.75
Tengger,40.25,100.25,Tengger_lat40p25_lon100p25,2,473.6839381,181.25,0.650040656,11744309.13,0.284502322,1.25
Tengger,40.25,100.25,Tengger_lat40p25_lon100p25,3,1132.193013,116.25,0.153150207,2766970.586,0.241806683,-63.75
Tengger,40.25,100.25,Tengger_lat40p25_lon100p25,4,2409.32123,181.25,0.013434482,242721.2948,0.266254025,1.25
Tengger,40.25,100.25,Tengger_lat40p25_lon100p25,5,3618.230411,181.25,0.003167357,57224.76069,0.500505497,1.25
Tengger,40.25,100.25,Tengger_lat40p25_lon100p25,6,5433.725959,181.25,0.001111342,20078.66257,1,1.25
Tengger,40.25,100.25,Tengger_lat40p25_lon100p25,7,7265.101213,181.25,0.00058068,10491.16678,1,1.25
Tengger,40.25,100.5,Tengger_lat40p25_lon100p50,1,93.12850046,261.25,1,27133598.66,0.966646449,81.25
Tengger,40.25,100.5,Tengger_lat40p25_lon100p50,2,354.2784382,236.25,0.651959997,17690020.89,0.285987065,56.25
Tengger,40.25,100.5,Tengger_lat40p25_lon100p50,3,1801.983335,148.75,0.021702053,588854.7943,0.271879166,-31.25
Tengger,40.25,100.5,Tengger_lat40p25_lon100p50,4,3618.230411,131.25,0.000416981,11314.18249,0.292931296,-48.75
Tengger,40.25,100.5,Tengger_lat40p25_lon100p50,5,6855.085589,193.75,5.71E-05,1549.67811,1,13.75
Tengger,40.25,100.75,Tengger_lat40p25_lon100p75,1,235.9082936,233.75,1,36703533.16,0.970487041,53.75
Tengger,40.25,100.75,Tengger_lat40p25_lon100p75,2,1068.296199,146.25,0.095558779,3507344.829,0.215015952,-33.75
Tengger,40.25,100.75,Tengger_lat40p25_lon100p75,3,1428.353227,131.25,0.045183311,1658387.136,0.302287247,-48.75
Tengger,40.25,100.75,Tengger_lat40p25_lon100p75,4,5127.066427,226.25,2.64E-05,969.5854865,0.684647456,46.25
Tengger,40.25,100.75,Tengger_lat40p25_lon100p75,5,7265.101213,181.25,1.99E-05,729.6112259,1,1.25
Tengger,40.25,101,Tengger_lat40p25_lon101p00,1,117.4891495,223.75,1,18715677.59,0.971303107,43.75
Tengger,40.25,101,Tengger_lat40p25_lon101p00,2,1068.296199,146.25,0.079289584,1483958.298,0.21695572,-33.75
Tengger,40.25,101,Tengger_lat40p25_lon101p00,3,1513.785733,128.75,0.04114231,770006.2132,0.341707714,-51.25
Tengger,40.25,101,Tengger_lat40p25_lon101p00,4,2409.32123,206.25,0.008821467,165099.7229,0.380145066,26.25
Tengger,40.25,101,Tengger_lat40p25_lon101p00,5,5127.066427,116.25,9.07E-05,1696.614358,0.844788879,-63.75
Tengger,40.25,101,Tengger_lat40p25_lon101p00,6,7265.101213,181.25,3.63E-05,679.6405476,0.860049303,1.25
Tengger,40.25,101.25,Tengger_lat40p25_lon101p25,1,98.69869206,223.75,1,27575611.22,0.970716483,43.75
Tengger,40.25,101.25,Tengger_lat40p25_lon101p25,2,1347.742218,166.25,0.080308977,2214569.116,0.235123815,-13.75
Tengger,40.25,101.25,Tengger_lat40p25_lon101p25,3,2145.048581,131.25,0.018564764,511934.707,0.394759834,-48.75
Tengger,40.25,101.25,Tengger_lat40p25_lon101p25,4,3039.553957,161.25,0.00273524,75425.92632,0.468266043,-18.75
Tengger,40.25,101.25,Tengger_lat40p25_lon101p25,5,4307.076464,188.75,0.000267554,7377.95288,0.550176905,8.75
Tengger,40.25,101.25,Tengger_lat40p25_lon101p25,6,7265.101213,181.25,3.31E-05,913.4757321,0.944251015,1.25
Tengger,40.25,101.75,Tengger_lat40p25_lon101p75,1,110.8584935,208.75,1,43861853.07,0.978997337,28.75
Tengger,40.25,101.75,Tengger_lat40p25_lon101p75,2,1271.680598,211.25,0.069874779,3064837.293,0.336619948,31.25
Tengger,40.25,101.75,Tengger_lat40p25_lon101p75,3,2706.152597,196.25,0.001898842,83286.71114,0.207818215,16.25
Tengger,40.25,101.75,Tengger_lat40p25_lon101p75,4,3618.230411,193.75,0.000365747,16042.33567,0.24239326,13.75
Tengger,40.25,101.75,Tengger_lat40p25_lon101p75,5,5127.066427,158.75,7.93E-05,3479.948728,0.440699052,-21.25
Tengger,40.25,101.75,Tengger_lat40p25_lon101p75,6,7265.101213,181.25,4.78E-05,2095.213558,0.928876044,1.25
Tengger,40.25,102,Tengger_lat40p25_lon102p00,1,117.4891495,221.25,1,51660048.63,0.978561377,41.25
Tengger,40.25,102,Tengger_lat40p25_lon102p00,2,1428.353227,203.75,0.027715794,1431799.258,0.3326636,23.75
Tengger,40.25,102,Tengger_lat40p25_lon102p00,3,2409.32123,188.75,0.002802828,144794.2115,0.306725473,8.75
Tengger,40.25,102,Tengger_lat40p25_lon102p00,4,5127.066427,116.25,2.27E-05,1174.186047,0.762521454,-63.75
Tengger,40.25,102,Tengger_lat40p25_lon102p00,5,7265.101213,181.25,4.66E-05,2409.841667,0.906002263,1.25
Tengger,40.75,101.75,Tengger_lat40p75_lon101p75,1,117.4891495,103.75,1,41158289.86,0.981831209,-76.25
Tengger,40.75,101.75,Tengger_lat40p75_lon101p75,2,3039.553957,123.75,0.002039673,83949.43917,0.30842781,-56.25
Tengger,40.75,101.75,Tengger_lat40p75_lon101p75,3,4064.000891,136.25,0.000394897,16253.26774,0.567679107,-43.75
Tengger,40.75,101.75,Tengger_lat40p75_lon101p75,4,7265.101213,181.25,0.000164018,6750.708515,0.949963923,1.25
Tengger,40.75,102,Tengger_lat40p75_lon102p00,1,104.6020474,251.25,1,24288314.65,0.980619156,71.25
Tengger,40.75,102,Tengger_lat40p75_lon102p00,2,897.4397893,131.25,0.156395267,3798577.454,0.238053009,-48.75
Tengger,40.75,102,Tengger_lat40p75_lon102p00,3,1700.286015,166.25,0.025076248,609059.8015,0.27754424,-13.75
Tengger,40.75,102,Tengger_lat40p75_lon102p00,4,2409.32123,148.75,0.004316842,104848.8225,0.319849471,-31.25
Tengger,40.75,102,Tengger_lat40p75_lon102p00,5,3618.230411,98.75,0.000546862,13282.35285,0.344205327,-81.25
Tengger,40.75,102,Tengger_lat40p75_lon102p00,6,5127.066427,133.75,6.95E-05,1688.491952,0.769282391,-46.25
Tengger,40.75,102,Tengger_lat40p75_lon102p00,7,7265.101213,181.25,2.58E-05,625.6574161,0.848270361,1.25
Tengger,40.75,102.25,Tengger_lat40p75_lon102p25,1,210.0320805,91.25,1,18707375.52,0.981877406,-88.75
Tengger,40.75,102.25,Tengger_lat40p75_lon102p25,2,3039.553957,261.25,0.002263956,42352.68211,0.358624899,81.25
Tengger,40.75,102.25,Tengger_lat40p75_lon102p25,3,5127.066427,133.75,4.92E-05,920.8821502,0.373840688,-46.25
Tengger,40.75,102.25,Tengger_lat40p75_lon102p25,4,7265.101213,181.25,1.66E-05,309.6981595,0.893587842,1.25
Tengger,41,101.75,Tengger_lat41p00_lon101p75,1,117.4891495,253.75,1,50064015.78,0.98163064,73.75
Tengger,41,101.75,Tengger_lat41p00_lon101p75,2,532.0423875,133.75,0.689597909,34524040.61,0.251995009,-46.25
Tengger,41,101.75,Tengger_lat41p00_lon101p75,3,1801.983335,136.25,0.051531039,2579850.765,0.201491151,-43.75
Tengger,41,101.75,Tengger_lat41p00_lon101p75,4,2409.32123,183.75,0.012186513,610105.7808,0.384179979,3.75
Tengger,41,101.75,Tengger_lat41p00_lon101p75,5,3221.355423,186.25,0.00396565,198536.3514,0.376198549,6.25
Tengger,41,101.75,Tengger_lat41p00_lon101p75,6,4307.076464,171.25,0.002321662,116231.7441,0.793377842,-8.75
Tengger,41,101.75,Tengger_lat41p00_lon101p75,7,7265.101213,181.25,0.000255807,12806.71066,0.822989007,1.25
Tengger,41,102,Tengger_lat41p00_lon102p00,1,117.4891495,106.25,1,22721837.32,0.981094382,-73.75
Tengger,41,102,Tengger_lat41p00_lon102p00,2,2145.048581,211.25,0.014462778,328620.8967,0.214679016,31.25
Tengger,41,102,Tengger_lat41p00_lon102p00,3,3221.355423,261.25,0.001917116,43560.40504,0.52153874,81.25
Tengger,41,102,Tengger_lat41p00_lon102p00,4,5127.066427,226.25,0.000136775,3107.788467,0.323386843,46.25
Tengger,41,102,Tengger_lat41p00_lon102p00,5,7265.101213,91.25,6.24E-05,1418.825555,0.743744631,-88.75
Tengger,41,102.25,Tengger_lat41p00_lon102p25,1,117.4891495,243.75,1,18218844.57,0.980435224,63.75
Tengger,41,102.25,Tengger_lat41p00_lon102p25,2,2409.32123,183.75,0.005773044,105178.1869,0.376456141,3.75
Tengger,41,102.25,Tengger_lat41p00_lon102p25,3,4064.000891,101.25,0.000290933,5300.455269,0.698379315,-78.75
Tengger,41,102.25,Tengger_lat41p00_lon102p25,4,7265.101213,181.25,0.000141047,2569.707069,0.956364646,1.25
Tengger,41,102.5,Tengger_lat41p00_lon102p50,1,110.8584935,238.75,1,20923742.19,0.97964879,58.75
Tengger,41,102.5,Tengger_lat41p00_lon102p50,2,2145.048581,196.25,0.011781279,246508.4464,0.4946402,16.25
Tengger,41,102.5,Tengger_lat41p00_lon102p50,3,3039.553957,198.75,0.006373886,133365.5527,0.767967998,18.75
Tengger,41,102.5,Tengger_lat41p00_lon102p50,4,4064.000891,196.25,0.002335536,48868.16102,0.984829882,16.25
Tengger,41,102.5,Tengger_lat41p00_lon102p50,5,6855.085589,193.75,0.000586572,12273.27597,0.988069923,13.75
Tengger,41.25,101.75,Tengger_lat41p25_lon101p75,1,110.8584935,211.25,1,38989203.46,0.982202354,31.25
Tengger,41.25,101.75,Tengger_lat41p25_lon101p75,2,1604.328118,161.25,0.095840867,3736759.058,0.307740591,-18.75
Tengger,41.25,101.75,Tengger_lat41p25_lon101p75,3,2409.32123,166.25,0.037620728,1466802.236,0.329536692,-13.75
Tengger,41.25,101.75,Tengger_lat41p25_lon101p75,4,3618.230411,193.75,0.002145147,83637.56682,0.32846434,13.75
Tengger,41.25,101.75,Tengger_lat41p25_lon101p75,5,5127.066427,201.25,0.000405862,15824.2367,0.80379866,21.25
Tengger,41.25,101.75,Tengger_lat41p25_lon101p75,6,7265.101213,193.75,9.49E-05,3698.341422,0.829499479,13.75
Tengger,41.25,102,Tengger_lat41p25_lon102p00,1,110.8584935,243.75,1,45993194.69,0.98181428,63.75
Tengger,41.25,102,Tengger_lat41p25_lon102p00,2,2409.32123,208.75,0.018280154,840762.7019,0.435315935,28.75
Tengger,41.25,102,Tengger_lat41p25_lon102p00,3,4064.000891,136.25,0.002730965,125605.8094,0.579094192,-43.75
Tengger,41.25,102,Tengger_lat41p25_lon102p00,4,7265.101213,228.75,0.000141333,6500.37064,0.700427022,48.75
Tengger,41.25,102.25,Tengger_lat41p25_lon102p25,1,222.5944962,246.25,1,20121217.2,0.981614168,66.25
Tengger,41.25,102.25,Tengger_lat41p25_lon102p25,2,532.0423875,213.75,0.992229545,19964866.2,0.209389197,33.75
Tengger,41.25,102.25,Tengger_lat41p25_lon102p25,3,3039.553957,261.25,0.008097739,162936.3625,0.476996917,81.25
Tengger,41.25,102.25,Tengger_lat41p25_lon102p25,4,5127.066427,118.75,0.001141082,22959.95522,0.778647927,-61.25
Tengger,41.25,102.25,Tengger_lat41p25_lon102p25,5,6855.085589,166.25,0.000272357,5480.161961,0.584500721,-13.75
Tengger,41.25,102.5,Tengger_lat41p25_lon102p50,1,297.6174279,268.75,1,37488271.04,0.979748139,88.75
Tengger,41.25,102.5,Tengger_lat41p25_lon102p50,2,3039.553957,146.25,0.00293082,109871.3647,0.489747308,-33.75
Tengger,41.25,102.5,Tengger_lat41p25_lon102p50,3,5127.066427,133.75,0.000748849,28073.05098,0.319388091,-46.25
Tengger,41.25,102.5,Tengger_lat41p25_lon102p50,4,7265.101213,131.25,0.000281011,10534.60865,0.615651235,-48.75
Thar,26,69.25,Thar_lat26p00_lon69p25,1,397.9259817,206.25,1,111850987.2,0.9839991,26.25
Thar,26,69.25,Thar_lat26p00_lon69p25,2,2706.152597,243.75,0.009974293,1115634.517,0.281106667,63.75
Thar,26,69.25,Thar_lat26p00_lon69p25,3,4064.000891,188.75,0.002291302,256284.4015,0.380575657,8.75
Thar,26,69.25,Thar_lat26p00_lon69p25,4,6103.167745,118.75,0.000283148,31670.43141,0.52616989,-61.25
Thar,26,69.25,Thar_lat26p00_lon69p25,5,8160.170704,196.25,8.67E-05,9693.197928,1,16.25
Thar,26,69.5,Thar_lat26p00_lon69p50,1,210.0320805,211.25,1,56430563.4,0.95764007,31.25
Thar,26,69.5,Thar_lat26p00_lon69p50,2,421.7266867,201.25,0.754897313,42599280.7,0.214948053,21.25
Thar,26,69.5,Thar_lat26p00_lon69p50,3,671.2145829,206.25,0.467320533,26371160.96,0.248786609,26.25
Thar,26,69.5,Thar_lat26p00_lon69p50,4,897.4397893,208.75,0.2080168,11738505.2,0.203789239,28.75
Thar,26,69.5,Thar_lat26p00_lon69p50,5,2023.989919,206.25,0.010888858,614464.396,0.35674713,26.25
Thar,26,69.5,Thar_lat26p00_lon69p50,6,3039.553957,213.75,0.003471808,195916.0901,0.488381654,33.75
Thar,26,69.5,Thar_lat26p00_lon69p50,7,4064.000891,228.75,0.000983306,55488.48483,0.307965117,48.75
Thar,26,69.5,Thar_lat26p00_lon69p50,8,6103.167745,166.25,0.000280445,15825.64639,0.783557018,-13.75
Thar,26,69.5,Thar_lat26p00_lon69p50,9,9165.513867,221.25,0.000281726,15897.93006,1,41.25
Thar,26.25,69.25,Thar_lat26p25_lon69p25,1,297.6174279,198.75,1,28684819.85,0.946740446,18.75
Thar,26.25,69.25,Thar_lat26p25_lon69p25,2,421.7266867,191.25,0.702012968,20137115.53,0.247342308,11.25
Thar,26.25,69.25,Thar_lat26p25_lon69p25,3,2553.427285,206.25,0.008036845,230535.4409,0.527293775,26.25
Thar,26.25,69.25,Thar_lat26p25_lon69p25,4,3414.030779,216.25,0.001387281,39793.91841,0.48202403,36.25
Thar,26.25,69.25,Thar_lat26p25_lon69p25,5,5127.066427,146.25,0.000419861,12043.64304,0.692108825,-33.75
Thar,26.25,69.25,Thar_lat26p25_lon69p25,6,8160.170704,181.25,0.000240042,6885.564697,1,1.25
Thar,26.25,69.5,Thar_lat26p25_lon69p50,1,41.29329946,173.75,1,40843603.5,0.880277692,-6.25
Thar,26.25,69.5,Thar_lat26p25_lon69p50,2,532.0423875,206.25,0.275289497,11243815.08,0.32628025,26.25
Thar,26.25,69.5,Thar_lat26p25_lon69p50,3,1909.763363,203.75,0.011790228,481555.4119,0.208848831,23.75
Thar,26.25,69.5,Thar_lat26p25_lon69p50,4,2706.152597,208.75,0.006246224,255118.2785,0.55176856,28.75
Thar,26.25,69.5,Thar_lat26p25_lon69p50,5,4064.000891,196.25,0.001460809,59664.72363,0.433847115,16.25
Thar,26.25,69.5,Thar_lat26p25_lon69p50,6,6103.167745,193.75,0.000410012,16746.3661,0.540176107,13.75
Thar,26.25,69.5,Thar_lat26p25_lon69p50,7,8160.170704,163.75,5.18E-05,2114.940572,1,-16.25
Thar,26.5,68.75,Thar_lat26p50_lon68p75,1,41.29329946,186.25,1,16514317.68,0.889855134,6.25
Thar,26.5,68.75,Thar_lat26p50_lon68p75,2,354.2784382,178.75,0.892467436,14738490.75,0.209431844,-1.25
Thar,26.5,68.75,Thar_lat26p50_lon68p75,3,1801.983335,156.25,0.015774701,260508.4308,0.232830459,-23.75
Thar,26.5,68.75,Thar_lat26p50_lon68p75,4,3039.553957,103.75,0.001932505,31913.99883,0.533930515,-76.25
Thar,26.5,68.75,Thar_lat26p50_lon68p75,5,4064.000891,181.25,0.001256577,20751.51196,0.68730803,1.25
Thar,26.5,68.75,Thar_lat26p50_lon68p75,6,6103.167745,118.75,0.000194865,3218.059697,0.492028595,-61.25
Thar,26.5,68.75,Thar_lat26p50_lon68p75,7,8160.170704,196.25,6.58E-05,1085.929158,1,16.25
Thar,26.5,69.25,Thar_lat26p50_lon69p25,1,41.29329946,196.25,1,21830306.93,0.879778492,16.25
Thar,26.5,69.25,Thar_lat26p50_lon69p25,2,2553.427285,181.25,0.011599245,253215.0803,0.30149852,1.25
Thar,26.5,69.25,Thar_lat26p50_lon69p25,3,3414.030779,201.25,0.004333377,94598.95048,0.661173694,21.25
Thar,26.5,69.25,Thar_lat26p50_lon69p25,4,4837.713633,198.75,0.001834456,40046.74218,0.786172048,18.75
Thar,26.5,69.25,Thar_lat26p50_lon69p25,5,8160.170704,181.25,0.000531849,11610.41936,1,1.25
Thar,26.5,69.5,Thar_lat26p50_lon69p50,1,93.12850046,206.25,1,37899601.15,0.941324813,26.25
Thar,26.5,69.5,Thar_lat26p50_lon69p50,2,397.9259817,201.25,0.839670335,31823170.81,0.204026889,21.25
Thar,26.5,69.5,Thar_lat26p50_lon69p50,3,3039.553957,186.25,0.004642386,175944.5764,0.604026289,6.25
Thar,26.5,69.5,Thar_lat26p50_lon69p50,4,4064.000891,181.25,0.002037324,77213.78549,0.443737029,1.25
Thar,26.5,69.5,Thar_lat26p50_lon69p50,5,5758.727378,203.75,0.000493852,18716.78891,0.813292221,23.75
Thar,26.5,69.5,Thar_lat26p50_lon69p50,6,8160.170704,196.25,0.000297725,11283.67142,1,16.25
Thar,26.75,68.5,Thar_lat26p75_lon68p50,1,563.8648481,96.25,1,146450611.6,0.993239747,-83.75
Thar,26.75,68.5,Thar_lat26p75_lon68p50,2,1008.005486,113.75,0.690379497,101106499.6,0.274043867,-66.25
Thar,26.75,68.5,Thar_lat26p75_lon68p50,3,1347.742218,108.75,0.398605696,58376048,0.300956975,-71.25
Thar,26.75,68.5,Thar_lat26p75_lon68p50,4,3039.553957,161.25,0.003594465,526411.5586,0.301296514,-18.75
Thar,26.75,68.5,Thar_lat26p75_lon68p50,5,7265.101213,148.75,0.000203345,29780.02876,1,-31.25
Thar,26.75,68.75,Thar_lat26p75_lon68p75,1,87.87267,211.25,1,10474474.44,0.944312791,31.25
Thar,26.75,68.75,Thar_lat26p75_lon68p75,2,671.2145829,246.25,0.275350531,2884152.096,0.218201263,66.25
Thar,26.75,68.75,Thar_lat26p75_lon68p75,3,1008.005486,213.75,0.126073573,1320554.416,0.32930325,33.75
Thar,26.75,68.75,Thar_lat26p75_lon68p75,4,2706.152597,91.25,0.002138891,22403.76346,0.351498673,-88.75
Thar,26.75,68.75,Thar_lat26p75_lon68p75,5,4064.000891,118.75,0.000221661,2321.786968,0.743039934,-61.25
Thar,26.75,68.75,Thar_lat26p75_lon68p75,6,6103.167745,181.25,6.17E-05,646.4181847,0.811677257,1.25
Thar,26.75,68.75,Thar_lat26p75_lon68p75,7,8160.170704,181.25,0.000121659,1274.309416,1,1.25
Thar,26.75,69.25,Thar_lat26p75_lon69p25,1,41.29329946,191.25,1,16173342.37,0.877768994,11.25
Thar,26.75,69.25,Thar_lat26p75_lon69p25,2,473.6839381,193.75,0.422640996,6835517.523,0.243126456,13.75
Thar,26.75,69.25,Thar_lat26p75_lon69p25,3,1347.742218,181.25,0.068365426,1105697.448,0.250289805,1.25
Thar,26.75,69.25,Thar_lat26p75_lon69p25,4,1801.983335,198.75,0.025731398,416162.7145,0.300752584,18.75
Thar,26.75,69.25,Thar_lat26p75_lon69p25,5,3039.553957,181.25,0.006292866,101776.6706,0.747071742,1.25
Thar,26.75,69.25,Thar_lat26p75_lon69p25,6,4064.000891,196.25,0.002597366,42008.09179,0.702970432,16.25
Thar,26.75,69.25,Thar_lat26p75_lon69p25,7,6103.167745,166.25,0.000233211,3771.798499,0.836318686,-13.75
Thar,26.75,69.25,Thar_lat26p75_lon69p25,8,8160.170704,196.25,9.43E-05,1524.393693,1,16.25
Thar,26.75,69.5,Thar_lat26p75_lon69p50,1,41.29329946,196.25,1,19646770.43,0.892843252,16.25
Thar,26.75,69.5,Thar_lat26p75_lon69p50,2,446.9509568,193.75,0.544237206,10692503.45,0.224891151,13.75
Thar,26.75,69.5,Thar_lat26p75_lon69p50,3,753.9090529,198.75,0.574614681,11289322.72,0.292955021,18.75
Thar,26.75,69.5,Thar_lat26p75_lon69p50,4,1068.296199,206.25,0.251202092,4935309.836,0.200414757,26.25
Thar,26.75,69.5,Thar_lat26p75_lon69p50,5,2145.048581,201.25,0.034376203,675381.3721,0.331724421,21.25
Thar,26.75,69.5,Thar_lat26p75_lon69p50,6,3039.553957,213.75,0.016415816,322517.7657,0.611829234,33.75
Thar,26.75,69.5,Thar_lat26p75_lon69p50,7,4837.713633,198.75,0.001678324,32973.63795,0.537257551,18.75
Thar,26.75,69.5,Thar_lat26p75_lon69p50,8,7265.101213,211.25,0.000505376,9929.001678,1,31.25
Thar,27,68.5,Thar_lat27p00_lon68p50,1,671.2145829,203.75,1,50217744.64,0.977860907,23.75
Thar,27,68.5,Thar_lat27p00_lon68p50,2,1132.193013,253.75,0.531698834,26700716.29,0.20963359,73.75
Thar,27,68.5,Thar_lat27p00_lon68p50,3,1513.785733,256.25,0.335560514,16851092.19,0.310677314,76.25
Thar,27,68.5,Thar_lat27p00_lon68p50,4,3414.030779,106.25,0.005886174,295590.3769,0.579219531,-73.75
Thar,27,68.5,Thar_lat27p00_lon68p50,5,4564.690847,91.25,0.002235747,112274.1711,0.68729804,-88.75
Thar,27,68.5,Thar_lat27p00_lon68p50,6,6103.167745,221.25,0.000859994,43186.93861,0.458960899,41.25
Thar,27,68.5,Thar_lat27p00_lon68p50,7,9165.513867,221.25,7.70E-05,3866.429244,1,41.25
Thar,27,68.75,Thar_lat27p00_lon68p75,1,104.6020474,251.25,0.839499835,10531274.21,0.288972507,71.25
Thar,27,68.75,Thar_lat27p00_lon68p75,2,375.4685011,176.25,1,12544700.76,0.949351691,-3.75
Thar,27,68.75,Thar_lat27p00_lon68p75,3,1271.680598,98.75,0.281319337,3529066.902,0.229107551,-81.25
Thar,27,68.75,Thar_lat27p00_lon68p75,4,3039.553957,263.75,0.006726789,84385.55065,0.447934927,83.75
Thar,27,68.75,Thar_lat27p00_lon68p75,5,4564.690847,101.25,0.001277978,16031.85024,0.643116455,-78.75
Thar,27,68.75,Thar_lat27p00_lon68p75,6,6103.167745,166.25,0.000253196,3176.265792,0.724404213,-13.75
Thar,27,68.75,Thar_lat27p00_lon68p75,7,9165.513867,91.25,0.000129973,1630.471986,1,-88.75
Thar,27.25,68.75,Thar_lat27p25_lon68p75,1,98.69869206,231.25,1,24600597.02,0.977179297,51.25
Thar,27.25,68.75,Thar_lat27p25_lon68p75,2,3414.030779,216.25,0.003058541,75241.94304,0.631611766,36.25
Thar,27.25,68.75,Thar_lat27p25_lon68p75,3,4564.690847,221.25,0.001387509,34133.56139,0.277531393,41.25
Thar,27.25,68.75,Thar_lat27p25_lon68p75,4,6103.167745,181.25,0.000585931,14414.25685,0.745434435,1.25
Thar,27.25,68.75,Thar_lat27p25_lon68p75,5,8160.170704,181.25,0.000410549,10099.74697,1,1.25
Thar,27.25,69.25,Thar_lat27p25_lon69p25,1,41.29329946,178.75,0.836393838,17425132.68,0.260084128,-1.25
Thar,27.25,69.25,Thar_lat27p25_lon69p25,2,397.9259817,193.75,1,20833645.45,0.897451923,13.75
Thar,27.25,69.25,Thar_lat27p25_lon69p25,3,2706.152597,151.25,0.013999486,291660.3376,0.406587357,-28.75
Thar,27.25,69.25,Thar_lat27p25_lon69p25,4,4064.000891,91.25,0.001758722,36640.59566,0.225103146,-88.75
Thar,27.25,69.25,Thar_lat27p25_lon69p25,5,5433.725959,128.75,0.000301988,6291.518452,0.321175421,-51.25
Thar,27.25,69.25,Thar_lat27p25_lon69p25,6,7265.101213,211.25,7.14E-05,1488.271041,1,31.25
Thar,27.25,69.5,Thar_lat27p25_lon69p50,1,41.29329946,193.75,1,13464877.6,0.880700864,13.75
Thar,27.25,69.5,Thar_lat27p25_lon69p50,2,1513.785733,228.75,0.123025243,1656519.84,0.225702867,48.75
Thar,27.25,69.5,Thar_lat27p25_lon69p50,3,2706.152597,208.75,0.010245498,137954.379,0.275705985,28.75
Thar,27.25,69.5,Thar_lat27p25_lon69p50,4,4564.690847,161.25,0.000440793,5935.229908,0.469263827,-18.75
Thar,27.25,69.5,Thar_lat27p25_lon69p50,5,6103.167745,166.25,0.000329806,4440.796716,0.859246145,-13.75
Thar,27.25,69.5,Thar_lat27p25_lon69p50,6,8160.170704,181.25,0.000140207,1887.872739,1,1.25
Thar,27.25,69.75,Thar_lat27p25_lon69p75,1,98.69869206,198.75,1,2683439.874,0.946087258,18.75
Thar,27.25,69.75,Thar_lat27p25_lon69p75,2,334.2842646,196.25,0.957798082,2570193.564,0.226908865,16.25
Thar,27.25,69.75,Thar_lat27p25_lon69p75,3,2706.152597,191.25,0.011740297,31504.38107,0.28487513,11.25
Thar,27.25,69.75,Thar_lat27p25_lon69p75,4,4064.000891,188.75,0.001989928,5339.853384,0.393465026,8.75
Thar,27.25,69.75,Thar_lat27p25_lon69p75,5,6103.167745,166.25,0.000559745,1502.043362,0.822380197,-13.75
Thar,27.25,69.75,Thar_lat27p25_lon69p75,6,9165.513867,91.25,0.000264627,710.1111578,1,-88.75
Thar,27.25,70.25,Thar_lat27p25_lon70p25,1,354.2784382,198.75,1,77883007.97,0.9920104,18.75
Thar,27.25,70.25,Thar_lat27p25_lon70p25,2,3039.553957,198.75,0.002443614,190315.9814,0.370133116,18.75
Thar,27.25,70.25,Thar_lat27p25_lon70p25,3,4064.000891,163.75,0.000745861,58089.89147,0.312896521,-16.25
Thar,27.25,70.25,Thar_lat27p25_lon70p25,4,6103.167745,241.25,0.000406089,31627.40473,0.753455079,61.25
Thar,27.25,70.25,Thar_lat27p25_lon70p25,5,8648.245934,111.25,0.000107064,8338.485086,0.697593688,-68.75
Thar,27.5,69.25,Thar_lat27p50_lon69p25,1,473.6839381,146.25,1,35300921.33,0.975028694,-33.75
Thar,27.5,69.25,Thar_lat27p50_lon69p25,2,1801.983335,111.25,0.154874861,5467225.294,0.255306031,-68.75
Thar,27.5,69.25,Thar_lat27p50_lon69p25,3,3039.553957,186.25,0.012312226,434632.9322,0.347384882,6.25
Thar,27.5,69.25,Thar_lat27p50_lon69p25,4,4064.000891,143.75,0.004528856,159872.7965,0.537548625,-36.25
Thar,27.5,69.25,Thar_lat27p50_lon69p25,5,6855.085589,253.75,0.000283161,9995.83553,1,73.75
Thar,27.5,69.25,Thar_lat27p50_lon69p25,6,9165.513867,221.25,0.000110233,3891.31202,0.910983889,41.25
Thar,27.5,69.5,Thar_lat27p50_lon69p50,1,563.8648481,233.75,1,56273005.6,0.969491371,53.75
Thar,27.5,69.5,Thar_lat27p50_lon69p50,2,846.7915844,246.25,0.830027193,46708124.9,0.345192435,66.25
Thar,27.5,69.5,Thar_lat27p50_lon69p50,3,1132.193013,233.75,0.435103915,24484605.04,0.25343137,53.75
Thar,27.5,69.5,Thar_lat27p50_lon69p50,4,3039.553957,263.75,0.012954641,728996.5865,0.380132084,83.75
Thar,27.5,69.5,Thar_lat27p50_lon69p50,5,4564.690847,101.25,0.001610404,90622.25607,0.326139276,-78.75
Thar,27.5,69.5,Thar_lat27p50_lon69p50,6,6103.167745,221.25,0.00036447,20509.80722,0.528594317,41.25
Thar,27.5,69.5,Thar_lat27p50_lon69p50,7,9165.513867,221.25,0.000133363,7504.739884,1,41.25
Thar,27.5,69.75,Thar_lat27p50_lon69p75,1,148.2220821,178.75,1,5426030.301,0.884892183,-1.25
Thar,27.5,69.75,Thar_lat27p50_lon69p75,2,3414.030779,216.25,0.003197435,17349.37838,0.94700198,36.25
Thar,27.5,69.75,Thar_lat27p50_lon69p75,3,4564.690847,221.25,0.000987506,5358.236452,0.676636118,41.25
Thar,27.5,69.75,Thar_lat27p50_lon69p75,4,6103.167745,193.75,0.000268904,1459.079155,0.49044022,13.75
Thar,27.5,69.75,Thar_lat27p50_lon69p75,5,8160.170704,181.25,0.000545013,2957.254704,1,1.25
Thar,27.5,70.25,Thar_lat27p50_lon70p25,1,117.4891495,206.25,1,9054843.406,0.915927502,26.25
Thar,27.5,70.25,Thar_lat27p50_lon70p25,2,1008.005486,193.75,0.144937777,1312388.877,0.257478819,13.75
Thar,27.5,70.25,Thar_lat27p50_lon70p25,3,1801.983335,216.25,0.024715722,223796.9933,0.272674997,36.25
Thar,27.5,70.25,Thar_lat27p50_lon70p25,4,2706.152597,256.25,0.003816622,34558.91361,0.295214233,76.25
Thar,27.5,70.25,Thar_lat27p50_lon70p25,5,4564.690847,258.75,0.001999827,18108.11838,0.891797478,78.75
Thar,27.5,70.25,Thar_lat27p50_lon70p25,6,6855.085589,91.25,0.000587459,5319.352841,1,-88.75
Thar,27.75,70.25,Thar_lat27p75_lon70p25,1,93.12850046,203.75,1,10251560.5,0.920751046,23.75
Thar,27.75,70.25,Thar_lat27p75_lon70p25,2,1271.680598,173.75,0.080585207,826124.1253,0.28064746,-6.25
Thar,27.75,70.25,Thar_lat27p75_lon70p25,3,2023.989919,108.75,0.022660671,232307.2376,0.374156129,-71.25
Thar,27.75,70.25,Thar_lat27p75_lon70p25,4,3039.553957,256.25,0.002380759,24406.49107,0.349722217,76.25
Thar,27.75,70.25,Thar_lat27p75_lon70p25,5,4064.000891,188.75,0.000804413,8246.485168,0.38939227,8.75
Thar,27.75,70.25,Thar_lat27p75_lon70p25,6,6103.167745,241.25,0.000221408,2269.781936,0.414740231,61.25
Thar,27.75,70.25,Thar_lat27p75_lon70p25,7,9165.513867,91.25,0.000104918,1075.574252,1,-88.75
Thar,27.75,70.5,Thar_lat27p75_lon70p50,1,98.69869206,208.75,1,16518138.07,0.913046201,28.75
Thar,27.75,70.5,Thar_lat27p75_lon70p50,2,1700.286015,108.75,0.026619307,439701.3813,0.303733617,-71.25
Thar,27.75,70.5,Thar_lat27p75_lon70p50,3,3414.030779,253.75,0.00199995,33035.44333,0.655639265,73.75
Thar,27.75,70.5,Thar_lat27p75_lon70p50,4,5127.066427,246.25,0.000425719,7032.085272,0.424446114,66.25
Thar,27.75,70.5,Thar_lat27p75_lon70p50,5,6855.085589,253.75,0.000428858,7083.936406,1,73.75
Thar,28,71.25,Thar_lat28p00_lon71p25,1,98.69869206,216.25,1,30091536.48,0.963439103,36.25
Thar,28,71.25,Thar_lat28p00_lon71p25,2,897.4397893,91.25,0.137873106,4148813.592,0.230386369,-88.75
Thar,28,71.25,Thar_lat28p00_lon71p25,3,2145.048581,91.25,0.020331705,611812.2563,0.616304262,-88.75
Thar,28,71.25,Thar_lat28p00_lon71p25,4,4064.000891,91.25,0.002101874,63248.60539,0.753194076,-88.75
Thar,28,71.25,Thar_lat28p00_lon71p25,5,5758.727378,91.25,0.000674222,20288.38009,0.938191094,-88.75
Thar,28,71.25,Thar_lat28p00_lon71p25,6,9165.513867,91.25,0.00034274,10313.57944,0.969626918,-88.75
Thar,28,71.5,Thar_lat28p00_lon71p50,1,176.4409031,223.75,1,49345287.97,0.968857001,43.75
Thar,28,71.5,Thar_lat28p00_lon71p50,2,502.0158696,201.25,0.759927013,37498817.3,0.241128124,21.25
Thar,28,71.5,Thar_lat28p00_lon71p50,3,3414.030779,261.25,0.002348272,115876.1398,0.458086206,81.25
Thar,28,71.5,Thar_lat28p00_lon71p50,4,6855.085589,253.75,0.000330717,16319.34601,0.990010594,73.75
Thar,28,71.5,Thar_lat28p00_lon71p50,5,9165.513867,91.25,0.000100424,4955.440377,0.703257439,-88.75
Thar,28,71.75,Thar_lat28p00_lon71p75,1,93.12850046,213.75,1,20479928.83,0.953732098,33.75
Thar,28,71.75,Thar_lat28p00_lon71p75,2,1199.911617,91.25,0.041921184,858542.8566,0.220494212,-88.75
Thar,28,71.75,Thar_lat28p00_lon71p75,3,2553.427285,91.25,0.005244217,107401.1898,0.398381618,-88.75
Thar,28,71.75,Thar_lat28p00_lon71p75,4,4064.000891,91.25,0.001503598,30793.58454,0.592623267,-88.75
Thar,28,71.75,Thar_lat28p00_lon71p75,5,5758.727378,91.25,0.000436617,8941.879491,0.465469876,-88.75
Thar,28,71.75,Thar_lat28p00_lon71p75,6,8648.245934,181.25,0.000102335,2095.805681,0.871161058,1.25
Thar,28,72,Thar_lat28p00_lon72p00,1,93.12850046,226.25,1,35141033.08,0.941172445,46.25
Thar,28,72,Thar_lat28p00_lon72p00,2,2553.427285,91.25,0.003016326,105996.811,0.234606813,-88.75
Thar,28,72,Thar_lat28p00_lon72p00,3,4064.000891,91.25,0.000703297,24714.5928,0.50386399,-88.75
Thar,28,72,Thar_lat28p00_lon72p00,4,5758.727378,91.25,0.000143269,5034.636518,0.653224998,-88.75
Thar,28,72,Thar_lat28p00_lon72p00,5,8648.245934,111.25,1.06E-05,371.8615197,0.535825676,-68.75
Thar,28.25,70.5,Thar_lat28p25_lon70p50,1,597.5906703,238.75,1,12958897.84,0.966165002,58.75
Thar,28.25,70.5,Thar_lat28p25_lon70p50,2,1428.353227,238.75,0.323953549,4198080.948,0.419080997,58.75
Thar,28.25,70.5,Thar_lat28p25_lon70p50,3,1909.763363,236.25,0.093850327,1216196.804,0.392387954,56.25
Thar,28.25,70.5,Thar_lat28p25_lon70p50,4,3039.553957,256.25,0.018668549,241923.8245,0.715535002,76.25
Thar,28.25,70.5,Thar_lat28p25_lon70p50,5,4064.000891,181.25,0.00587627,76149.97981,0.778329946,1.25
Thar,28.25,70.5,Thar_lat28p25_lon70p50,6,6103.167745,193.75,0.001215221,15747.92048,0.860249352,13.75
Thar,28.25,70.5,Thar_lat28p25_lon70p50,7,8160.170704,181.25,0.001181243,15307.60834,1,1.25
Thar,28.25,70.75,Thar_lat28p25_lon70p75,1,87.87267,213.75,1,5089838.937,0.870605569,33.75
Thar,28.25,70.75,Thar_lat28p25_lon70p75,2,446.9509568,193.75,0.808264827,4113937.788,0.204162829,13.75
Thar,28.25,70.75,Thar_lat28p25_lon70p75,3,1700.286015,193.75,0.088812549,452041.5723,0.282177822,13.75
Thar,28.25,70.75,Thar_lat28p25_lon70p75,4,2409.32123,193.75,0.032486711,165352.1266,0.385155695,13.75
Thar,28.25,70.75,Thar_lat28p25_lon70p75,5,4064.000891,196.25,0.01013026,51561.39085,0.940771912,16.25
Thar,28.25,70.75,Thar_lat28p25_lon70p75,6,6103.167745,193.75,0.003982289,20269.21042,0.947301242,13.75
Thar,28.25,70.75,Thar_lat28p25_lon70p75,7,8160.170704,196.25,0.002072335,10547.8494,1,16.25
Thar,28.25,71.25,Thar_lat28p25_lon71p25,1,104.6020474,216.25,1,16589780.53,0.927213235,36.25
Thar,28.25,71.25,Thar_lat28p25_lon71p25,2,2145.048581,201.25,0.020622387,342120.8731,0.265605135,21.25
Thar,28.25,71.25,Thar_lat28p25_lon71p25,3,2868.012698,91.25,0.00521646,86539.93456,0.514376509,-88.75
Thar,28.25,71.25,Thar_lat28p25_lon71p25,4,3834.64361,203.75,0.001511779,25080.07879,0.314817078,23.75
Thar,28.25,71.25,Thar_lat28p25_lon71p25,5,6103.167745,181.25,0.000274594,4555.446593,0.74158481,1.25
Thar,28.25,71.25,Thar_lat28p25_lon71p25,6,9165.513867,91.25,8.22E-05,1363.005793,1,-88.75
Thar,28.25,71.5,Thar_lat28p25_lon71p50,1,87.87267,216.25,1,22260118,0.934946368,36.25
Thar,28.25,71.5,Thar_lat28p25_lon71p50,2,1428.353227,231.25,0.046985533,1045903.498,0.261659376,51.25
Thar,28.25,71.5,Thar_lat28p25_lon71p50,3,1909.763363,196.25,0.020081032,447006.1377,0.209640703,16.25
Thar,28.25,71.5,Thar_lat28p25_lon71p50,4,4064.000891,188.75,0.000855324,19039.61559,0.273852611,8.75
Thar,28.25,71.5,Thar_lat28p25_lon71p50,5,6103.167745,221.25,0.000425846,9479.371546,0.551498785,41.25
Thar,28.25,71.75,Thar_lat28p25_lon71p75,1,131.9639586,223.75,1,38391832.53,0.93974391,43.75
Thar,28.25,71.75,Thar_lat28p25_lon71p75,2,3039.553957,193.75,0.001939983,74479.49474,0.220983189,13.75
Thar,28.25,71.75,Thar_lat28p25_lon71p75,3,5127.066427,246.25,0.000376496,14454.37804,0.431745498,66.25
Thar,28.25,71.75,Thar_lat28p25_lon71p75,4,7265.101213,91.25,0.000215241,8263.513555,0.785021145,-88.75
Thar,28.25,72,Thar_lat28p25_lon72p00,1,104.6020474,221.25,1,25510222.52,0.915955735,41.25
Thar,28.25,72,Thar_lat28p25_lon72p00,2,3414.030779,226.25,0.003715797,94790.80429,0.368535811,46.25
Thar,28.25,72,Thar_lat28p25_lon72p00,3,4837.713633,221.25,0.002652262,67659.78809,0.686052206,41.25
Thar,28.25,72,Thar_lat28p25_lon72p00,4,6468.209741,221.25,0.000507285,12940.96556,0.345724815,41.25
Thar,28.25,72,Thar_lat28p25_lon72p00,5,8648.245934,181.25,0.000273808,6984.903062,0.765857961,1.25
Thar,28.25,72.5,Thar_lat28p25_lon72p50,1,264.9724883,126.25,1,57761292.58,0.96424061,-53.75
Thar,28.25,72.5,Thar_lat28p25_lon72p50,2,1909.763363,133.75,0.021555182,1245055.167,0.232252921,-46.25
Thar,28.25,72.5,Thar_lat28p25_lon72p50,3,5127.066427,113.75,0.000257227,14857.73905,0.691372535,-66.25
Thar,28.25,72.5,Thar_lat28p25_lon72p50,4,6855.085589,106.25,8.67E-05,5010.408688,0.616773752,-73.75
Thar,28.5,71.25,Thar_lat28p50_lon71p25,1,148.2220821,191.25,1,10223114.42,0.912293051,11.25
Thar,28.5,71.25,Thar_lat28p50_lon71p25,2,2553.427285,258.75,0.013028532,133192.1711,0.282963427,78.75
Thar,28.5,71.25,Thar_lat28p50_lon71p25,3,3414.030779,236.25,0.004083913,41750.30678,0.526726973,56.25
Thar,28.5,71.25,Thar_lat28p50_lon71p25,4,6103.167745,138.75,0.001070483,10943.67019,0.522627481,-41.25
Thar,28.5,71.25,Thar_lat28p50_lon71p25,5,8160.170704,196.25,0.000412013,4212.060899,0.309686437,16.25
Thar,28.5,71.5,Thar_lat28p50_lon71p50,1,104.6020474,221.25,1,15892848.68,0.900709353,41.25
Thar,28.5,71.5,Thar_lat28p50_lon71p50,2,1909.763363,171.25,0.03841374,610503.7515,0.314472726,-8.75
Thar,28.5,71.5,Thar_lat28p50_lon71p50,3,3414.030779,216.25,0.002535346,40293.87688,0.230364926,36.25
Thar,28.5,71.5,Thar_lat28p50_lon71p50,4,5127.066427,246.25,0.000525886,8357.8267,0.407079084,66.25
Thar,28.5,71.5,Thar_lat28p50_lon71p50,5,8160.170704,181.25,0.00041325,6567.715541,1,1.25
Thar,28.5,71.75,Thar_lat28p50_lon71p75,1,87.87267,216.25,1,17947558.66,0.889609393,36.25
Thar,28.5,71.75,Thar_lat28p50_lon71p75,2,1909.763363,238.75,0.013581893,243761.8209,0.208976753,58.75
Thar,28.5,71.75,Thar_lat28p50_lon71p75,3,2553.427285,153.75,0.005049596,90627.91717,0.262107828,-26.25
Thar,28.5,71.75,Thar_lat28p50_lon71p75,4,3414.030779,133.75,0.002826593,50730.44281,0.301676976,-46.25
Thar,28.5,71.75,Thar_lat28p50_lon71p75,5,4564.690847,151.25,0.000708123,12709.0733,0.238588792,-28.75
Thar,28.5,71.75,Thar_lat28p50_lon71p75,6,6103.167745,181.25,0.000472147,8473.889376,0.668390623,1.25
Thar,28.5,71.75,Thar_lat28p50_lon71p75,7,8160.170704,181.25,0.000260152,4669.101747,1,1.25
Thar,28.5,72,Thar_lat28p50_lon72p00,1,104.6020474,218.75,1,13761117.89,0.915490436,38.75
Thar,28.5,72,Thar_lat28p50_lon72p00,2,4064.000891,241.25,0.001046978,14407.58216,0.426575495,61.25
Thar,28.5,72,Thar_lat28p50_lon72p00,3,6103.167745,166.25,0.000461563,6351.622849,0.385642507,-13.75
Thar,28.5,72,Thar_lat28p50_lon72p00,4,8160.170704,181.25,0.000213915,2943.705046,0.730799983,1.25
Thar,28.5,72.5,Thar_lat28p50_lon72p50,1,210.0320805,223.75,1,35244792.1,0.972977256,43.75
Thar,28.5,72.5,Thar_lat28p50_lon72p50,2,1068.296199,116.25,0.319080273,11245917.88,0.305048364,-63.75
Thar,28.5,72.5,Thar_lat28p50_lon72p50,3,3414.030779,193.75,0.001465937,51666.64911,0.476702568,13.75
Thar,28.5,72.5,Thar_lat28p50_lon72p50,4,5127.066427,246.25,0.000289948,10219.15346,0.469416589,66.25
Thar,28.5,72.5,Thar_lat28p50_lon72p50,5,6855.085589,106.25,3.14E-05,1106.964822,0.374126009,-73.75
Thar,28.5,72.5,Thar_lat28p50_lon72p50,6,9165.513867,91.25,8.86E-05,3123.95166,1,-88.75
Thar,28.75,71.25,Thar_lat28p75_lon71p25,1,502.0158696,203.75,1,136719690.6,0.989327153,23.75
Thar,28.75,71.25,Thar_lat28p75_lon71p25,2,3414.030779,201.25,0.004234727,578970.5669,0.577845893,21.25
Thar,28.75,71.25,Thar_lat28p75_lon71p25,3,4564.690847,221.25,0.001213829,165954.3628,0.4509792,41.25
Thar,28.75,71.25,Thar_lat28p75_lon71p25,4,6103.167745,221.25,0.000666034,91059.98821,0.442126941,41.25
Thar,28.75,71.25,Thar_lat28p75_lon71p25,5,9165.513867,91.25,0.00018036,24658.76406,0.422403491,-88.75
Thar,28.75,71.5,Thar_lat28p75_lon71p50,1,502.0158696,216.25,1,20057903.73,0.947490691,36.25
Thar,28.75,71.5,Thar_lat28p75_lon71p50,2,3414.030779,98.75,0.004514335,90548.09197,0.518710536,-81.25
Thar,28.75,71.5,Thar_lat28p75_lon71p50,3,5758.727378,203.75,0.000281794,5652.201964,0.438075925,23.75
Thar,28.75,71.5,Thar_lat28p75_lon71p50,4,8160.170704,163.75,0.000121381,2434.639414,1,-16.25
Thar,28.75,71.75,Thar_lat28p75_lon71p75,1,210.0320805,208.75,1,12623741.25,0.897927383,28.75
Thar,28.75,71.75,Thar_lat28p75_lon71p75,2,3414.030779,166.25,0.003702718,46742.15801,0.453072294,-13.75
Thar,28.75,71.75,Thar_lat28p75_lon71p75,3,4837.713633,91.25,0.000960892,12130.04953,0.648939159,-88.75
Thar,28.75,71.75,Thar_lat28p75_lon71p75,4,7265.101213,148.75,0.000386368,4877.404747,1,-31.25
Thar,28.75,72,Thar_lat28p75_lon72p00,1,446.9509568,116.25,1,17330656.48,0.938350973,-63.75
Thar,28.75,72,Thar_lat28p75_lon72p00,2,3414.030779,106.25,0.003331738,57741.20893,0.27681363,-73.75
Thar,28.75,72,Thar_lat28p75_lon72p00,3,4837.713633,91.25,0.001206636,20911.7944,0.669715574,-88.75
Thar,28.75,72,Thar_lat28p75_lon72p00,4,8160.170704,181.25,0.00049054,8501.375344,0.90196605,1.25
Thar,29,72.5,Thar_lat29p00_lon72p50,1,563.8648481,218.75,1,21268463.23,0.975963788,38.75
Thar,29,72.5,Thar_lat29p00_lon72p50,2,753.9090529,238.75,0.915484224,19470942.55,0.243043947,58.75
Thar,29,72.5,Thar_lat29p00_lon72p50,3,1909.763363,133.75,0.123139479,2618987.474,0.252130682,-46.25
Thar,29,72.5,Thar_lat29p00_lon72p50,4,3414.030779,133.75,0.009314066,198095.8605,0.502408264,-46.25
Thar,29,72.5,Thar_lat29p00_lon72p50,5,6103.167745,118.75,0.000611013,12995.30261,0.576610567,-61.25
Thar,29,72.75,Thar_lat29p00_lon72p75,1,334.2842646,211.25,1,18251193.29,0.980232981,31.25
Thar,29,72.75,Thar_lat29p00_lon72p75,2,2706.152597,186.25,0.008551801,156080.5766,0.299518937,6.25
Thar,29,72.75,Thar_lat29p00_lon72p75,3,4064.000891,181.25,0.001115417,20357.6943,0.513662981,1.25
Thar,29,72.75,Thar_lat29p00_lon72p75,4,6103.167745,181.25,0.000409018,7465.066524,0.313282046,1.25
Thar,29,72.75,Thar_lat29p00_lon72p75,5,8160.170704,181.25,0.000191655,3497.940049,1,1.25
Thar,29,73.25,Thar_lat29p00_lon73p25,1,473.6839381,258.75,1,79927165.08,0.984429562,78.75
Thar,29,73.25,Thar_lat29p00_lon73p25,2,1513.785733,96.25,0.156218837,12486128.78,0.265299241,-83.75
Thar,29,73.25,Thar_lat29p00_lon73p25,3,2706.152597,181.25,0.017054078,1363084.107,0.447348954,1.25
Thar,29,73.25,Thar_lat29p00_lon73p25,4,4564.690847,258.75,0.001987686,158870.0708,0.816711904,78.75
Thar,29,73.25,Thar_lat29p00_lon73p25,5,6103.167745,191.25,0.001060756,84783.19957,0.820730829,11.25
Thar,29,73.25,Thar_lat29p00_lon73p25,6,9165.513867,91.25,8.25E-05,6590.52523,1,-88.75
Thar,29,73.5,Thar_lat29p00_lon73p50,1,334.2842646,193.75,1,24329519.8,0.973120125,13.75
Thar,29,73.5,Thar_lat29p00_lon73p50,2,671.2145829,91.25,0.727562766,17701252.72,0.222068659,-88.75
Thar,29,73.5,Thar_lat29p00_lon73p50,3,2706.152597,196.25,0.010642272,258921.3727,0.254024346,16.25
Thar,29,73.5,Thar_lat29p00_lon73p50,4,4064.000891,188.75,0.004271515,103923.9194,0.720315938,8.75
Thar,29,73.5,Thar_lat29p00_lon73p50,5,6103.167745,191.25,0.000778678,18944.8517,0.74024826,11.25
Thar,29,73.5,Thar_lat29p00_lon73p50,6,9165.513867,221.25,0.00034155,8309.75265,1,41.25
Thar,29.25,72,Thar_lat29p25_lon72p00,1,446.9509568,91.25,1,53329089.03,0.978510185,-88.75
Thar,29.25,72,Thar_lat29p25_lon72p00,2,597.5906703,181.25,0.968209551,51633733.35,0.200404073,1.25
Thar,29.25,72,Thar_lat29p25_lon72p00,3,1008.005486,201.25,0.633016034,33758168.45,0.336573328,21.25
Thar,29.25,72,Thar_lat29p25_lon72p00,4,2409.32123,96.25,0.053738497,2865825.076,0.452284973,-83.75
Thar,29.25,72,Thar_lat29p25_lon72p00,5,3414.030779,261.25,0.01391567,742110.0071,0.217151065,81.25
Thar,29.25,72,Thar_lat29p25_lon72p00,6,8160.170704,196.25,0.000191545,10214.93797,0.305574782,16.25
Thar,29.25,72.25,Thar_lat29p25_lon72p25,1,532.0423875,251.25,1,25973779.91,0.979790577,71.25
Thar,29.25,72.25,Thar_lat29p25_lon72p25,2,3414.030779,236.25,0.003841449,99776.95912,0.367500495,56.25
Thar,29.25,72.25,Thar_lat29p25_lon72p25,3,4564.690847,258.75,0.001623567,42170.17874,0.347782254,78.75
Thar,29.25,72.25,Thar_lat29p25_lon72p25,4,8160.170704,181.25,0.000311057,8079.319623,1,1.25
Thar,29.25,72.5,Thar_lat29p25_lon72p50,1,297.6174279,233.75,1,26268957.47,0.979986643,53.75
Thar,29.25,72.5,Thar_lat29p25_lon72p50,2,2868.012698,91.25,0.017503067,459787.3319,0.350817573,-88.75
Thar,29.25,72.5,Thar_lat29p25_lon72p50,3,4064.000891,91.25,0.005950336,156309.1144,0.48239241,-88.75
Thar,29.25,72.5,Thar_lat29p25_lon72p50,4,6855.085589,253.75,0.003768155,98985.50556,1,73.75
Thar,29.25,72.75,Thar_lat29p25_lon72p75,1,532.0423875,266.25,1,34651072.45,0.986141172,86.25
Thar,29.25,72.75,Thar_lat29p25_lon72p75,2,2553.427285,263.75,0.02377317,823765.828,0.496986771,83.75
Thar,29.25,72.75,Thar_lat29p25_lon72p75,3,3414.030779,106.25,0.007574714,262471.9694,0.546012547,-73.75
Thar,29.25,72.75,Thar_lat29p25_lon72p75,4,4564.690847,101.25,0.005652628,195869.6114,0.752524465,-78.75
Thar,29.25,72.75,Thar_lat29p25_lon72p75,5,6855.085589,91.25,0.006685433,231657.4232,1,-88.75
Thar,29.25,72.75,Thar_lat29p25_lon72p75,6,9165.513867,91.25,0.001975442,68451.19911,0.987659303,-88.75
Thar,29.25,73.5,Thar_lat29p25_lon73p50,1,421.7266867,208.75,1,89388006.74,0.989262016,28.75
Thar,29.25,73.5,Thar_lat29p25_lon73p50,2,1347.742218,266.25,0.205520329,18371052.59,0.34366147,86.25
Thar,29.25,73.5,Thar_lat29p25_lon73p50,3,1909.763363,266.25,0.059437641,5313012.24,0.240333239,86.25
Thar,29.25,73.5,Thar_lat29p25_lon73p50,4,2706.152597,191.25,0.01293929,1156617.36,0.565670228,11.25
Thar,29.25,73.5,Thar_lat29p25_lon73p50,5,4064.000891,228.75,0.00562028,502385.6306,0.588175796,48.75
Thar,29.25,73.5,Thar_lat29p25_lon73p50,6,6103.167745,181.25,0.000442976,39596.71621,0.649654229,1.25
Thar,29.25,73.5,Thar_lat29p25_lon73p50,7,9165.513867,221.25,0.000148807,13301.56453,0.922154858,41.25
Thar,29.25,74.25,Thar_lat29p25_lon74p25,1,563.8648481,193.75,1,69853221.31,0.988375062,13.75
Thar,29.25,74.25,Thar_lat29p25_lon74p25,2,1347.742218,103.75,0.262257034,18319498.61,0.232416707,-76.25
Thar,29.25,74.25,Thar_lat29p25_lon74p25,3,4064.000891,118.75,0.004756002,332222.032,0.341889238,-61.25
Thar,29.25,74.25,Thar_lat29p25_lon74p25,4,6103.167745,118.75,0.000598198,41786.04862,0.368002595,-61.25
Thar,29.5,72.25,Thar_lat29p50_lon72p25,1,354.2784382,186.25,1,44321544.01,0.983968032,6.25
Thar,29.5,72.25,Thar_lat29p50_lon72p25,2,1008.005486,188.75,0.411158213,18223166.81,0.220533824,8.75
Thar,29.5,72.25,Thar_lat29p50_lon72p25,3,1428.353227,223.75,0.135633632,6011491.988,0.224992542,43.75
Thar,29.5,72.25,Thar_lat29p50_lon72p25,4,4307.076464,248.75,0.000941955,41748.88771,0.372979359,68.75
Thar,29.5,72.25,Thar_lat29p50_lon72p25,5,6103.167745,138.75,0.00035658,15804.19371,0.481646998,-41.25
Thar,29.5,72.25,Thar_lat29p50_lon72p25,6,8160.170704,181.25,0.000104798,4644.796174,0.600128036,1.25
Thar,29.5,72.5,Thar_lat29p50_lon72p50,1,250.0184145,268.75,1,41709209.44,0.983714586,88.75
Thar,29.5,72.5,Thar_lat29p50_lon72p50,2,397.9259817,108.75,0.917946176,38286809.3,0.208449254,-71.25
Thar,29.5,72.5,Thar_lat29p50_lon72p50,3,897.4397893,226.25,0.377538382,15746827.45,0.208174361,46.25
Thar,29.5,72.5,Thar_lat29p50_lon72p50,4,3414.030779,143.75,0.00534619,222985.3741,0.52416991,-36.25
Thar,29.5,72.5,Thar_lat29p50_lon72p50,5,4564.690847,123.75,0.0007627,31811.62726,0.575428358,-56.25
Thar,29.5,72.5,Thar_lat29p50_lon72p50,6,6103.167745,181.25,0.000440928,18390.74977,0.543214083,1.25
Thar,29.5,72.5,Thar_lat29p50_lon72p50,7,8648.245934,248.75,0.000297939,12426.79347,1,68.75
Thar,29.5,72.75,Thar_lat29p50_lon72p75,1,334.2842646,181.25,1,120827107.4,0.990116672,1.25
Thar,29.5,72.75,Thar_lat29p50_lon72p75,2,2868.012698,248.75,0.021022318,2540065.818,0.358411006,68.75
Thar,29.5,72.75,Thar_lat29p50_lon72p75,3,4064.000891,261.25,0.005782392,698669.7548,0.682527136,81.25
Thar,29.5,72.75,Thar_lat29p50_lon72p75,4,6103.167745,191.25,0.000715866,86496.053,0.567181863,11.25
Thar,29.5,72.75,Thar_lat29p50_lon72p75,5,9165.513867,91.25,0.000247846,29946.46415,0.700786246,-88.75
WesternSahara,16.75,-6,WesternSahara_lat16p75_lon-06p00,1,563.8648481,261.25,1,7151784.748,0.947183831,81.25
WesternSahara,16.75,-6,WesternSahara_lat16p75_lon-06p00,2,5433.725959,128.75,0.000743842,5319.800047,0.320010076,-51.25
WesternSahara,16.75,-6,WesternSahara_lat16p75_lon-06p00,3,8648.245934,251.25,0.000604285,4321.714494,0.913732465,71.25
WesternSahara,16.75,-5.75,WesternSahara_lat16p75_lon-05p75,1,157.087525,268.75,1,16375297.52,0.961097133,88.75
WesternSahara,16.75,-5.75,WesternSahara_lat16p75_lon-05p75,2,1068.296199,243.75,0.487391402,7981179.221,0.236014225,63.75
WesternSahara,16.75,-5.75,WesternSahara_lat16p75_lon-05p75,3,1909.763363,241.25,0.046911401,768188.1426,0.248832624,61.25
WesternSahara,16.75,-5.75,WesternSahara_lat16p75_lon-05p75,4,3414.030779,181.25,0.00313623,51356.7027,0.38329958,1.25
WesternSahara,16.75,-5.75,WesternSahara_lat16p75_lon-05p75,5,4837.713633,121.25,0.000715567,11717.62063,0.379581307,-58.75
WesternSahara,16.75,-5.75,WesternSahara_lat16p75_lon-05p75,6,9165.513867,91.25,0.000289044,4733.179313,0.579451756,-88.75
WesternSahara,16.75,-5.25,WesternSahara_lat16p75_lon-05p25,1,222.5944962,221.25,1,13672862.18,0.948959795,41.25
WesternSahara,16.75,-5.25,WesternSahara_lat16p75_lon-05p25,2,1513.785733,151.25,0.083992354,1148415.886,0.369747693,-28.75
WesternSahara,16.75,-5.25,WesternSahara_lat16p75_lon-05p25,3,3414.030779,96.25,0.004978283,68067.37691,0.576916736,-83.75
WesternSahara,16.75,-5.25,WesternSahara_lat16p75_lon-05p25,4,4564.690847,98.75,0.002205287,30152.5852,0.371539418,-81.25
WesternSahara,16.75,-5.25,WesternSahara_lat16p75_lon-05p25,5,7699.640646,213.75,0.000664121,9080.431538,1,33.75
WesternSahara,16.75,-5,WesternSahara_lat16p75_lon-05p00,1,148.2220821,246.25,1,16017205.3,0.940420984,66.25
WesternSahara,16.75,-5,WesternSahara_lat16p75_lon-05p00,2,1132.193013,153.75,0.212165684,3398301.319,0.317440643,-26.25
WesternSahara,16.75,-5,WesternSahara_lat16p75_lon-05p00,3,3039.553957,96.25,0.006440822,103163.9752,0.654508858,-83.75
WesternSahara,16.75,-5,WesternSahara_lat16p75_lon-05p00,4,4564.690847,91.25,0.001080342,17304.06228,0.293428185,-88.75
WesternSahara,16.75,-5,WesternSahara_lat16p75_lon-05p00,5,6103.167745,116.25,0.000452385,7245.939985,1,-63.75
WesternSahara,16.75,-5,WesternSahara_lat16p75_lon-05p00,6,8648.245934,161.25,0.000341539,5470.49797,0.817054905,-18.75
WesternSahara,16.75,-4.5,WesternSahara_lat16p75_lon-04p50,1,280.8209936,231.25,1,19277997.04,0.957911137,51.25
WesternSahara,16.75,-4.5,WesternSahara_lat16p75_lon-04p50,2,1347.742218,168.75,0.149614062,2884259.44,0.214444482,-11.25
WesternSahara,16.75,-4.5,WesternSahara_lat16p75_lon-04p50,3,2273.34799,156.25,0.013711492,264330.1067,0.362902944,-23.75
WesternSahara,16.75,-4.5,WesternSahara_lat16p75_lon-04p50,4,4564.690847,98.75,0.001153239,22232.13127,0.347276156,-81.25
WesternSahara,16.75,-4.5,WesternSahara_lat16p75_lon-04p50,5,6855.085589,91.25,0.000377888,7284.922029,1,-88.75
WesternSahara,16.75,-4.25,WesternSahara_lat16p75_lon-04p25,1,210.0320805,253.75,1,30941103.69,0.951078321,73.75
WesternSahara,16.75,-4.25,WesternSahara_lat16p75_lon-04p25,2,897.4397893,241.25,0.271080715,8387536.513,0.234615211,61.25
WesternSahara,16.75,-4.25,WesternSahara_lat16p75_lon-04p25,3,5433.725959,91.25,0.001030333,31879.65032,0.90498384,-88.75
WesternSahara,16.75,-4.25,WesternSahara_lat16p75_lon-04p25,4,8648.245934,251.25,0.000345358,10685.74595,0.872329194,71.25
WesternSahara,17,-9.75,WesternSahara_lat17p00_lon-09p75,1,250.0184145,236.25,1,40425187.29,0.949332188,56.25
WesternSahara,17,-9.75,WesternSahara_lat17p00_lon-09p75,2,3834.64361,236.25,0.001526459,61707.39277,0.482215579,56.25
WesternSahara,17,-9.75,WesternSahara_lat17p00_lon-09p75,3,5433.725959,258.75,0.000308048,12452.88,0.656679655,78.75
WesternSahara,17,-9.75,WesternSahara_lat17p00_lon-09p75,4,7699.640646,236.25,0.000151266,6114.962301,1,56.25
WesternSahara,17,-9.5,WesternSahara_lat17p00_lon-09p50,1,334.2842646,236.25,1,33217791.48,0.974065939,56.25
WesternSahara,17,-9.5,WesternSahara_lat17p00_lon-09p50,2,671.2145829,108.75,0.788393248,26188682.5,0.335458439,-71.25
WesternSahara,17,-9.5,WesternSahara_lat17p00_lon-09p50,3,1909.763363,243.75,0.05255325,1745702.888,0.242774127,63.75
WesternSahara,17,-9.5,WesternSahara_lat17p00_lon-09p50,4,3834.64361,136.25,0.000958192,31829.03781,0.675605043,-43.75
WesternSahara,17,-9.5,WesternSahara_lat17p00_lon-09p50,5,6103.167745,243.75,0.000125421,4166.213861,1,63.75
WesternSahara,17,-9.5,WesternSahara_lat17p00_lon-09p50,6,8648.245934,181.25,0.000111775,3712.914842,0.917543163,1.25
WesternSahara,17,-9.25,WesternSahara_lat17p00_lon-09p25,1,421.7266867,141.25,1,48355541.46,0.962539114,-38.75
WesternSahara,17,-9.25,WesternSahara_lat17p00_lon-09p25,2,897.4397893,123.75,0.572708188,27693614.55,0.201341907,-56.25
WesternSahara,17,-9.25,WesternSahara_lat17p00_lon-09p25,3,3221.355423,146.25,0.003277864,158502.8654,0.6169612,-33.75
WesternSahara,17,-9.25,WesternSahara_lat17p00_lon-09p25,4,4307.076464,128.75,0.000616562,29814.19959,0.311919165,-51.25
WesternSahara,17,-9.25,WesternSahara_lat17p00_lon-09p25,5,6855.085589,256.25,9.33E-05,4513.176217,1,76.25
WesternSahara,17,-8.5,WesternSahara_lat17p00_lon-08p50,1,186.994167,258.75,1,40720992.84,0.955832555,78.75
WesternSahara,17,-8.5,WesternSahara_lat17p00_lon-08p50,2,2868.012698,186.25,0.003575632,145603.2858,0.265573176,6.25
WesternSahara,17,-8.5,WesternSahara_lat17p00_lon-08p50,3,5433.725959,258.75,0.000344279,14019.38679,0.827811661,78.75
WesternSahara,17,-8.5,WesternSahara_lat17p00_lon-08p50,4,8648.245934,181.25,4.21E-05,1712.762447,0.888857913,1.25
WesternSahara,17,-8.25,WesternSahara_lat17p00_lon-08p25,1,421.7266867,111.25,1,48981902.82,0.966803709,-68.75
WesternSahara,17,-8.25,WesternSahara_lat17p00_lon-08p25,2,3834.64361,98.75,0.000384592,18838.06007,0.35719859,-81.25
WesternSahara,17,-8.25,WesternSahara_lat17p00_lon-08p25,3,5433.725959,216.25,0.000134985,6611.845237,0.504099605,36.25
WesternSahara,17,-8.25,WesternSahara_lat17p00_lon-08p25,4,9165.513867,91.25,2.81E-05,1377.170961,0.928547517,-88.75
WesternSahara,17,-7.75,WesternSahara_lat17p00_lon-07p75,1,198.1786415,241.25,1,40216803.55,0.977722168,61.25
WesternSahara,17,-7.75,WesternSahara_lat17p00_lon-07p75,2,3834.64361,146.25,0.000751951,30241.04904,0.64174427,-33.75
WesternSahara,17,-7.75,WesternSahara_lat17p00_lon-07p75,3,5433.725959,231.25,0.000357188,14364.96111,0.549257539,51.25
WesternSahara,17,-7.75,WesternSahara_lat17p00_lon-07p75,4,8648.245934,198.75,8.73E-05,3512.390609,0.818392263,18.75
WesternSahara,17,-6.75,WesternSahara_lat17p00_lon-06p75,1,473.6839381,246.25,1,14973608.92,0.939675509,66.25
WesternSahara,17,-6.75,WesternSahara_lat17p00_lon-06p75,2,897.4397893,248.75,0.456643382,6837599.415,0.229709158,68.75
WesternSahara,17,-6.75,WesternSahara_lat17p00_lon-06p75,3,1801.983335,253.75,0.036040136,539650.9091,0.287592257,73.75
WesternSahara,17,-6.75,WesternSahara_lat17p00_lon-06p75,4,2553.427285,246.25,0.011476352,171842.4099,0.538549087,66.25
WesternSahara,17,-6.75,WesternSahara_lat17p00_lon-06p75,5,5433.725959,258.75,0.000545795,8172.52785,0.73560876,78.75
WesternSahara,17,-6.75,WesternSahara_lat17p00_lon-06p75,6,8648.245934,251.25,0.000282245,4226.220422,0.871606702,71.25
WesternSahara,17,-6.5,WesternSahara_lat17p00_lon-06p50,1,166.4832267,251.25,1,7355067.969,0.908609768,71.25
WesternSahara,17,-6.5,WesternSahara_lat17p00_lon-06p50,2,4307.076464,251.25,0.00249764,18370.31355,0.233303212,71.25
WesternSahara,17,-6.5,WesternSahara_lat17p00_lon-06p50,3,7699.640646,213.75,0.000682038,5016.438862,1,33.75
WesternSahara,17,-6,WesternSahara_lat17p00_lon-06p00,1,41.29329946,268.75,1,11982728.86,0.920799642,88.75
WesternSahara,17,-6,WesternSahara_lat17p00_lon-06p00,2,198.1786415,91.25,0.983268274,11782237.13,0.300915734,-88.75
WesternSahara,17,-6,WesternSahara_lat17p00_lon-06p00,3,597.5906703,228.75,0.884495496,10598669.71,0.267823617,48.75
WesternSahara,17,-6,WesternSahara_lat17p00_lon-06p00,4,799.0017781,256.25,0.875755665,10493942.68,0.277028288,76.25
WesternSahara,17,-6,WesternSahara_lat17p00_lon-06p00,5,3834.64361,236.25,0.001421163,17029.40735,0.400360255,56.25
WesternSahara,17,-6,WesternSahara_lat17p00_lon-06p00,6,5433.725959,231.25,0.000319243,3825.406252,0.647906976,51.25
WesternSahara,17,-6,WesternSahara_lat17p00_lon-06p00,7,7699.640646,236.25,0.000149196,1787.775938,1,56.25
WesternSahara,17,-5.75,WesternSahara_lat17p00_lon-05p75,1,176.4409031,231.25,1,23925578.01,0.952176486,51.25
WesternSahara,17,-5.75,WesternSahara_lat17p00_lon-05p75,2,3039.553957,256.25,0.001597331,38217.05904,0.389729753,76.25
WesternSahara,17,-5.75,WesternSahara_lat17p00_lon-05p75,3,4064.000891,91.25,0.000300931,7199.951565,0.20933007,-88.75
WesternSahara,17,-5.75,WesternSahara_lat17p00_lon-05p75,4,5433.725959,191.25,0.000266864,6384.874004,0.754359095,11.25
WesternSahara,17,-5.75,WesternSahara_lat17p00_lon-05p75,5,8648.245934,161.25,9.42E-05,2252.81066,0.763081105,-18.75
WesternSahara,17,-4.5,WesternSahara_lat17p00_lon-04p50,1,210.0320805,251.25,1,14541606.12,0.966533215,71.25
WesternSahara,17,-4.5,WesternSahara_lat17p00_lon-04p50,2,3039.553957,173.75,0.001681349,24449.51301,0.275909099,-6.25
WesternSahara,17,-4.5,WesternSahara_lat17p00_lon-04p50,3,4307.076464,251.25,0.000500836,7282.960238,0.32393852,71.25
WesternSahara,17,-4.5,WesternSahara_lat17p00_lon-04p50,4,6103.167745,116.25,0.000106443,1547.855063,1,-63.75
WesternSahara,17,-4.5,WesternSahara_lat17p00_lon-04p50,5,9165.513867,91.25,0.000180627,2626.611862,0.911916457,-88.75
WesternSahara,17,-4.25,WesternSahara_lat17p00_lon-04p25,1,198.1786415,128.75,1,11120177.92,0.956694119,-51.25
WesternSahara,17,-4.25,WesternSahara_lat17p00_lon-04p25,2,2023.989919,176.25,0.019926353,221584.5892,0.327616351,-3.75
WesternSahara,17,-4.25,WesternSahara_lat17p00_lon-04p25,3,4307.076464,161.25,0.000589614,6556.609106,0.311043181,-18.75
WesternSahara,17,-4.25,WesternSahara_lat17p00_lon-04p25,4,6103.167745,206.25,0.000146813,1632.591257,1,26.25
WesternSahara,17,-4.25,WesternSahara_lat17p00_lon-04p25,5,9165.513867,91.25,0.000196309,2182.992413,0.923116015,-88.75
WesternSahara,17.25,-7.25,WesternSahara_lat17p25_lon-07p25,1,597.5906703,91.25,1,20731282.67,0.964175004,-88.75
WesternSahara,17.25,-7.25,WesternSahara_lat17p25_lon-07p25,2,1347.742218,261.25,0.27364455,5673002.527,0.227382002,81.25
WesternSahara,17.25,-7.25,WesternSahara_lat17p25_lon-07p25,3,3039.553957,96.25,0.014396837,298464.9072,0.233746736,-83.75
WesternSahara,17.25,-7.25,WesternSahara_lat17p25_lon-07p25,4,5433.725959,258.75,0.00126712,26269.02879,0.458306481,78.75
WesternSahara,17.25,-7.25,WesternSahara_lat17p25_lon-07p25,5,8648.245934,251.25,0.000275458,5710.596137,0.950110267,71.25
WesternSahara,17.25,-5,WesternSahara_lat17p25_lon-05p00,1,139.8569723,251.25,1,37775525.57,0.977571505,71.25
WesternSahara,17.25,-5,WesternSahara_lat17p25_lon-05p00,2,532.0423875,258.75,0.944882901,35693448.2,0.201257863,78.75
WesternSahara,17.25,-5,WesternSahara_lat17p25_lon-05p00,3,3039.553957,141.25,0.002248201,84926.98511,0.531213448,-38.75
WesternSahara,17.25,-5,WesternSahara_lat17p25_lon-05p00,4,5433.725959,216.25,0.000255733,9660.449036,0.760394399,36.25
WesternSahara,17.25,-5,WesternSahara_lat17p25_lon-05p00,5,9165.513867,181.25,0.000173769,6564.220011,0.802767719,1.25
WesternSahara,17.5,-14.25,WesternSahara_lat17p50_lon-14p25,1,235.9082936,236.25,1,28954004.79,0.964648384,56.25
WesternSahara,17.5,-14.25,WesternSahara_lat17p50_lon-14p25,2,1428.353227,216.25,0.061542435,1781899.964,0.312571999,36.25
WesternSahara,17.5,-14.25,WesternSahara_lat17p50_lon-14p25,3,2273.34799,226.25,0.014213372,411534.0407,0.245354342,46.25
WesternSahara,17.5,-14.25,WesternSahara_lat17p50_lon-14p25,4,3221.355423,233.75,0.003567238,103285.8298,0.411079531,53.75
WesternSahara,17.5,-14.25,WesternSahara_lat17p50_lon-14p25,5,5433.725959,231.25,0.000733957,21250.99917,0.595859751,51.25
WesternSahara,17.5,-14.25,WesternSahara_lat17p50_lon-14p25,6,7699.640646,236.25,0.000133019,3851.446901,1,56.25
WesternSahara,17.5,-13.75,WesternSahara_lat17p50_lon-13p75,1,41.29329946,183.75,1,19854266.74,0.922387837,3.75
WesternSahara,17.5,-13.75,WesternSahara_lat17p50_lon-13p75,2,502.0158696,238.75,0.996573896,19786243.95,0.435619404,58.75
WesternSahara,17.5,-13.75,WesternSahara_lat17p50_lon-13p75,3,753.9090529,181.25,0.866823287,17210140.76,0.200024253,1.25
WesternSahara,17.5,-13.75,WesternSahara_lat17p50_lon-13p75,4,2868.012698,246.25,0.008645896,171657.9157,0.436661684,66.25
WesternSahara,17.5,-13.75,WesternSahara_lat17p50_lon-13p75,5,4307.076464,231.25,0.002799365,55579.3352,0.505706958,51.25
WesternSahara,17.5,-13.75,WesternSahara_lat17p50_lon-13p75,6,6103.167745,241.25,0.00032469,6446.480313,1,61.25
WesternSahara,17.5,-13.75,WesternSahara_lat17p50_lon-13p75,7,8648.245934,198.75,0.000177217,3518.510822,0.642821849,18.75
WesternSahara,17.5,-13.5,WesternSahara_lat17p50_lon-13p50,1,41.29329946,176.25,0.87969733,18513086.79,0.245538011,-3.75
WesternSahara,17.5,-13.5,WesternSahara_lat17p50_lon-13p50,2,250.0184145,233.75,1,21044836.84,0.923806587,53.75
WesternSahara,17.5,-13.5,WesternSahara_lat17p50_lon-13p50,3,1132.193013,138.75,0.414980442,8733195.697,0.348203663,-41.25
WesternSahara,17.5,-13.5,WesternSahara_lat17p50_lon-13p50,4,5433.725959,231.25,0.001175029,24728.28905,0.758059259,51.25
WesternSahara,17.5,-13.5,WesternSahara_lat17p50_lon-13p50,5,7699.640646,213.75,0.000125248,2635.817354,1,33.75
WesternSahara,17.5,-11.25,WesternSahara_lat17p50_lon-11p25,1,93.12850046,243.75,1,19813788.58,0.92634006,63.75
WesternSahara,17.5,-11.25,WesternSahara_lat17p50_lon-11p25,2,502.0158696,148.75,0.990496478,19625487.81,0.439490038,-31.25
WesternSahara,17.5,-11.25,WesternSahara_lat17p50_lon-11p25,3,1347.742218,131.25,0.232905979,4614749.834,0.213276302,-48.75
WesternSahara,17.5,-11.25,WesternSahara_lat17p50_lon-11p25,4,2706.152597,168.75,0.026705159,529130.3654,0.356782033,-11.25
WesternSahara,17.5,-11.25,WesternSahara_lat17p50_lon-11p25,5,4307.076464,161.25,0.011846459,234723.2413,0.37009186,-18.75
WesternSahara,17.5,-11.25,WesternSahara_lat17p50_lon-11p25,6,6855.085589,181.25,0.001527871,30272.90991,0.5234775,1.25
WesternSahara,17.5,-11,WesternSahara_lat17p50_lon-11p00,1,532.0423875,166.25,1,28127203.68,0.950602331,-13.75
WesternSahara,17.5,-11,WesternSahara_lat17p50_lon-11p00,2,2706.152597,156.25,0.009916677,278928.3947,0.222027445,-23.75
WesternSahara,17.5,-11,WesternSahara_lat17p50_lon-11p00,3,3834.64361,171.25,0.002226323,62620.239,0.220161855,-8.75
WesternSahara,17.5,-11,WesternSahara_lat17p50_lon-11p00,4,5433.725959,181.25,0.000394579,11098.41316,0.774455359,1.25
WesternSahara,17.5,-11,WesternSahara_lat17p50_lon-11p00,5,7699.640646,213.75,7.47E-05,2100.554265,1,33.75
WesternSahara,17.5,-9.75,WesternSahara_lat17p50_lon-09p75,1,166.4832267,233.75,1,30102512.18,0.939947675,53.75
WesternSahara,17.5,-9.75,WesternSahara_lat17p50_lon-09p75,2,799.0017781,101.25,0.488430869,14702996.18,0.282113617,-78.75
WesternSahara,17.5,-9.75,WesternSahara_lat17p50_lon-09p75,3,3221.355423,146.25,0.002414046,72668.83968,0.391137228,-33.75
WesternSahara,17.5,-9.75,WesternSahara_lat17p50_lon-09p75,4,4307.076464,218.75,0.000570613,17176.87162,0.724044519,38.75
WesternSahara,17.5,-9.75,WesternSahara_lat17p50_lon-09p75,5,6468.209741,166.25,0.000130875,3939.66069,1,-13.75
WesternSahara,17.5,-9.75,WesternSahara_lat17p50_lon-09p75,6,8648.245934,108.75,0.000129771,3906.443465,0.693869223,-71.25
WesternSahara,17.5,-9.5,WesternSahara_lat17p50_lon-09p50,1,250.0184145,233.75,1,38777784.55,0.96761449,53.75
WesternSahara,17.5,-9.5,WesternSahara_lat17p50_lon-09p50,2,3834.64361,223.75,0.00096305,37344.93704,0.490480389,43.75
WesternSahara,17.5,-9.5,WesternSahara_lat17p50_lon-09p50,3,5433.725959,216.25,0.000301564,11693.98297,0.414459642,36.25
WesternSahara,17.5,-9.5,WesternSahara_lat17p50_lon-09p50,4,8648.245934,161.25,0.000125571,4869.384146,0.921230335,-18.75
WesternSahara,17.5,-9.25,WesternSahara_lat17p50_lon-09p25,1,264.9724883,243.75,1,39009576.36,0.971990445,63.75
WesternSahara,17.5,-9.25,WesternSahara_lat17p50_lon-09p25,2,3414.030779,141.25,0.002153048,83989.48352,0.406196449,-38.75
WesternSahara,17.5,-9.25,WesternSahara_lat17p50_lon-09p25,3,5433.725959,258.75,0.000454034,17711.68259,0.690728176,78.75
WesternSahara,17.5,-9.25,WesternSahara_lat17p50_lon-09p25,4,8648.245934,181.25,0.000117559,4585.936397,0.846195951,1.25
WesternSahara,17.5,-9,WesternSahara_lat17p50_lon-09p00,1,210.0320805,243.75,1,10810574.39,0.912990884,63.75
WesternSahara,17.5,-9,WesternSahara_lat17p50_lon-09p00,2,1347.742218,91.25,0.259966532,2810387.539,0.376859391,-88.75
WesternSahara,17.5,-9,WesternSahara_lat17p50_lon-09p00,3,3414.030779,181.25,0.00741338,80142.89792,0.39945839,1.25
WesternSahara,17.5,-9,WesternSahara_lat17p50_lon-09p00,4,5433.725959,181.25,0.001586504,17151.01573,0.859086971,1.25
WesternSahara,17.5,-9,WesternSahara_lat17p50_lon-09p00,5,8648.245934,181.25,0.000294161,3180.051107,0.848652032,1.25
WesternSahara,17.5,-8.75,WesternSahara_lat17p50_lon-08p75,1,198.1786415,251.25,1,33464488.83,0.965852839,71.25
WesternSahara,17.5,-8.75,WesternSahara_lat17p50_lon-08p75,2,2553.427285,221.25,0.005622748,188162.3749,0.363622933,41.25
WesternSahara,17.5,-8.75,WesternSahara_lat17p50_lon-08p75,3,3414.030779,208.75,0.002056917,68833.68727,0.318412506,28.75
WesternSahara,17.5,-8.75,WesternSahara_lat17p50_lon-08p75,4,5433.725959,91.25,0.000297675,9961.555101,0.793066969,-88.75
WesternSahara,17.5,-8.75,WesternSahara_lat17p50_lon-08p75,5,8648.245934,181.25,0.000208613,6981.131063,0.918133097,1.25
WesternSahara,17.5,-8.5,WesternSahara_lat17p50_lon-08p50,1,250.0184145,233.75,1,39375030.8,0.97798645,53.75
WesternSahara,17.5,-8.5,WesternSahara_lat17p50_lon-08p50,2,597.5906703,256.25,0.626695597,24676158.42,0.228828333,76.25
WesternSahara,17.5,-8.5,WesternSahara_lat17p50_lon-08p50,3,2706.152597,238.75,0.014420314,567800.3272,0.255473958,58.75
WesternSahara,17.5,-8.5,WesternSahara_lat17p50_lon-08p50,4,3834.64361,106.25,0.001296987,51068.91808,0.738160832,-73.75
WesternSahara,17.5,-8.5,WesternSahara_lat17p50_lon-08p50,5,5433.725959,216.25,0.000335065,13193.21368,0.401647435,36.25
WesternSahara,17.5,-8.5,WesternSahara_lat17p50_lon-08p50,6,7265.101213,146.25,0.000177451,6987.149187,0.551959337,-33.75
WesternSahara,17.5,-8.25,WesternSahara_lat17p50_lon-08p25,1,250.0184145,268.75,1,46431807.69,0.983902482,88.75
WesternSahara,17.5,-8.25,WesternSahara_lat17p50_lon-08p25,2,1008.005486,253.75,0.420475781,19523450.59,0.272505943,73.75
WesternSahara,17.5,-8.25,WesternSahara_lat17p50_lon-08p25,3,3414.030779,238.75,0.002448824,113703.3025,0.242108133,58.75
WesternSahara,17.5,-8.25,WesternSahara_lat17p50_lon-08p25,4,5433.725959,258.75,0.001150485,53419.09841,0.738169353,78.75
WesternSahara,17.5,-8.25,WesternSahara_lat17p50_lon-08p25,5,7699.640646,123.75,6.91E-05,3208.422104,1,-56.25
WesternSahara,17.5,-7.5,WesternSahara_lat17p50_lon-07p50,1,87.87267,261.25,1,17465593.28,0.945790426,81.25
WesternSahara,17.5,-7.5,WesternSahara_lat17p50_lon-07p50,2,1428.353227,266.25,0.115505428,2017370.832,0.294166736,86.25
WesternSahara,17.5,-7.5,WesternSahara_lat17p50_lon-07p50,3,2409.32123,248.75,0.03033278,529779.9915,0.26786587,68.75
WesternSahara,17.5,-7.5,WesternSahara_lat17p50_lon-07p50,4,3834.64361,253.75,0.014108828,246419.0519,0.742921679,73.75
WesternSahara,17.5,-7.5,WesternSahara_lat17p50_lon-07p50,5,5127.066427,246.25,0.001763715,30804.3267,0.315574306,66.25
WesternSahara,17.5,-7.5,WesternSahara_lat17p50_lon-07p50,6,6855.085589,256.25,0.001522702,26594.88595,1,76.25
WesternSahara,17.5,-7.25,WesternSahara_lat17p50_lon-07p25,1,502.0158696,238.75,1,66767998.12,0.97889885,58.75
WesternSahara,17.5,-7.25,WesternSahara_lat17p50_lon-07p25,2,1008.005486,246.25,0.44564314,29754700.35,0.225742824,66.25
WesternSahara,17.5,-7.25,WesternSahara_lat17p50_lon-07p25,3,5433.725959,143.75,0.002034705,135853.1646,0.447978792,-36.25
WesternSahara,17.5,-7.25,WesternSahara_lat17p50_lon-07p25,4,7699.640646,146.25,0.000816531,54518.15585,1,-33.75
WesternSahara,17.5,-6.75,WesternSahara_lat17p50_lon-06p75,1,41.29329946,246.25,1,12370517.16,0.893984506,66.25
WesternSahara,17.5,-6.75,WesternSahara_lat17p50_lon-06p75,2,375.4685011,243.75,0.687039816,8499037.831,0.218749271,63.75
WesternSahara,17.5,-6.75,WesternSahara_lat17p50_lon-06p75,3,1700.286015,246.25,0.070369359,870505.3664,0.286624846,66.25
WesternSahara,17.5,-6.75,WesternSahara_lat17p50_lon-06p75,4,2553.427285,246.25,0.014319375,177138.0755,0.457975133,66.25
WesternSahara,17.5,-6.75,WesternSahara_lat17p50_lon-06p75,5,3414.030779,263.75,0.00555737,68747.53978,0.520438055,83.75
WesternSahara,17.5,-6.75,WesternSahara_lat17p50_lon-06p75,6,5127.066427,246.25,0.00084897,10502.20386,0.231576629,66.25
WesternSahara,17.5,-6.75,WesternSahara_lat17p50_lon-06p75,7,6855.085589,256.25,0.000526134,6508.548505,0.727116413,76.25
WesternSahara,17.5,-6.5,WesternSahara_lat17p50_lon-06p50,1,41.29329946,251.25,1,8724270.555,0.910410897,71.25
WesternSahara,17.5,-6.5,WesternSahara_lat17p50_lon-06p50,2,502.0158696,248.75,0.387937465,3384471.407,0.245315525,68.75
WesternSahara,17.5,-6.5,WesternSahara_lat17p50_lon-06p50,3,951.1173591,231.25,0.234425043,2045187.499,0.203231881,51.25
WesternSahara,17.5,-6.5,WesternSahara_lat17p50_lon-06p50,4,1347.742218,261.25,0.089786764,783324.0249,0.235411206,81.25
WesternSahara,17.5,-6.5,WesternSahara_lat17p50_lon-06p50,5,2145.048581,256.25,0.0513567,448049.7431,0.240266923,76.25
WesternSahara,17.5,-6.5,WesternSahara_lat17p50_lon-06p50,6,3414.030779,91.25,0.010951467,95543.56115,0.402758136,-88.75
WesternSahara,17.5,-6.5,WesternSahara_lat17p50_lon-06p50,7,5433.725959,101.25,0.002797224,24403.73671,0.86411159,-78.75
WesternSahara,17.5,-6.5,WesternSahara_lat17p50_lon-06p50,8,7699.640646,236.25,0.001977019,17248.05248,1,56.25
WesternSahara,17.5,-6,WesternSahara_lat17p50_lon-06p00,1,41.29329946,251.25,1,28019629.35,0.934996325,71.25
WesternSahara,17.5,-6,WesternSahara_lat17p50_lon-06p00,2,264.9724883,253.75,0.508849148,14257764.52,0.222923785,73.75
WesternSahara,17.5,-6,WesternSahara_lat17p50_lon-06p00,3,532.0423875,241.25,0.653738544,18317511.71,0.422874028,61.25
WesternSahara,17.5,-6,WesternSahara_lat17p50_lon-06p00,4,753.9090529,93.75,0.617288855,17296204.93,0.266866467,-86.25
WesternSahara,17.5,-6,WesternSahara_lat17p50_lon-06p00,5,6103.167745,116.25,0.000183284,5135.551701,0.778414733,-63.75
WesternSahara,17.5,-6,WesternSahara_lat17p50_lon-06p00,6,8648.245934,108.75,4.02E-05,1125.824836,0.466266501,-71.25
WesternSahara,17.5,-5.75,WesternSahara_lat17p50_lon-05p75,1,110.8584935,253.75,1,24906116.09,0.951596542,73.75
WesternSahara,17.5,-5.75,WesternSahara_lat17p50_lon-05p75,2,563.8648481,91.25,0.892153744,22220084.72,0.206343755,-88.75
WesternSahara,17.5,-5.75,WesternSahara_lat17p50_lon-05p75,3,3834.64361,223.75,0.002816363,70144.65546,0.421767947,43.75
WesternSahara,17.5,-5.75,WesternSahara_lat17p50_lon-05p75,4,5433.725959,168.75,0.000916644,22830.05364,0.609433039,-11.25
WesternSahara,17.5,-5.75,WesternSahara_lat17p50_lon-05p75,5,8648.245934,108.75,0.000416118,10363.87817,0.928274327,-71.25
WesternSahara,17.5,-5.5,WesternSahara_lat17p50_lon-05p50,1,117.4891495,251.25,0.961520406,34232966.32,0.245059601,71.25
WesternSahara,17.5,-5.5,WesternSahara_lat17p50_lon-05p50,2,597.5906703,258.75,1,35602953.53,0.965310379,78.75
WesternSahara,17.5,-5.5,WesternSahara_lat17p50_lon-05p50,3,846.7915844,263.75,0.755413489,26894951.35,0.291548955,83.75
WesternSahara,17.5,-5.5,WesternSahara_lat17p50_lon-05p50,4,3039.553957,236.25,0.00779732,277607.6284,0.57522394,56.25
WesternSahara,17.5,-5.5,WesternSahara_lat17p50_lon-05p50,5,4837.713633,238.75,0.000930212,33118.28886,0.417023592,58.75
WesternSahara,17.5,-5.5,WesternSahara_lat17p50_lon-05p50,6,9165.513867,91.25,0.00010213,3636.131341,0.852716571,-88.75
WesternSahara,17.5,-5,WesternSahara_lat17p50_lon-05p00,1,110.8584935,258.75,1,97681048.45,0.982086007,78.75
WesternSahara,17.5,-5,WesternSahara_lat17p50_lon-05p00,2,354.2784382,261.25,0.581335024,56785414.65,0.241811536,81.25
WesternSahara,17.5,-5,WesternSahara_lat17p50_lon-05p00,3,5433.725959,168.75,9.99E-05,9760.421527,0.810086666,-11.25
WesternSahara,17.5,-5,WesternSahara_lat17p50_lon-05p00,4,9165.513867,181.25,2.35E-05,2296.852254,0.741021275,1.25
WesternSahara,17.5,-4.5,WesternSahara_lat17p50_lon-04p50,1,157.087525,256.25,1,56712724.8,0.980003634,76.25
WesternSahara,17.5,-4.5,WesternSahara_lat17p50_lon-04p50,2,446.9509568,248.75,0.886197656,50258683.81,0.22394396,68.75
WesternSahara,17.5,-4.5,WesternSahara_lat17p50_lon-04p50,3,3834.64361,213.75,0.000789042,44748.71458,0.647621024,33.75
WesternSahara,17.5,-4.5,WesternSahara_lat17p50_lon-04p50,4,5433.725959,181.25,0.000160942,9127.485814,0.753391876,1.25
WesternSahara,17.5,-4.5,WesternSahara_lat17p50_lon-04p50,5,8648.245934,251.25,7.30E-05,4139.404229,0.848482219,71.25
WesternSahara,17.5,-4.25,WesternSahara_lat17p50_lon-04p25,1,148.2220821,258.75,1,44443346.9,0.979508138,78.75
WesternSahara,17.5,-4.25,WesternSahara_lat17p50_lon-04p25,2,2553.427285,246.25,0.002787575,123889.147,0.210152555,66.25
WesternSahara,17.5,-4.25,WesternSahara_lat17p50_lon-04p25,3,3414.030779,91.25,0.001162,51643.15232,0.255021059,-88.75
WesternSahara,17.5,-4.25,WesternSahara_lat17p50_lon-04p25,4,5433.725959,181.25,0.000135791,6035.025109,0.482775354,1.25
WesternSahara,17.5,-4.25,WesternSahara_lat17p50_lon-04p25,5,8648.245934,108.75,7.49E-05,3326.61548,0.837710322,-71.25
WesternSahara,17.75,-14.5,WesternSahara_lat17p75_lon-14p50,1,375.4685011,218.75,0.789322792,24036296.09,0.251021059,38.75
WesternSahara,17.75,-14.5,WesternSahara_lat17p75_lon-14p50,2,753.9090529,223.75,1,30451795.29,0.963147065,43.75
WesternSahara,17.75,-14.5,WesternSahara_lat17p75_lon-14p50,3,1271.680598,223.75,0.392505287,11952490.65,0.495919358,43.75
WesternSahara,17.75,-14.5,WesternSahara_lat17p75_lon-14p50,4,2409.32123,241.25,0.042776658,1302626.021,0.224438912,61.25
WesternSahara,17.75,-14.5,WesternSahara_lat17p75_lon-14p50,5,3221.355423,233.75,0.022548564,686644.2519,0.558828326,53.75
WesternSahara,17.75,-14.5,WesternSahara_lat17p75_lon-14p50,6,5127.066427,246.25,0.001211684,36897.9427,0.371956375,66.25
WesternSahara,17.75,-14.5,WesternSahara_lat17p75_lon-14p50,7,7699.640646,236.25,0.000477996,14555.82136,1,56.25
WesternSahara,17.75,-14.25,WesternSahara_lat17p75_lon-14p25,1,397.9259817,228.75,1,19710773.65,0.961472654,48.75
WesternSahara,17.75,-14.25,WesternSahara_lat17p75_lon-14p25,2,1132.193013,231.25,0.666846581,13144062.03,0.371433055,51.25
WesternSahara,17.75,-14.25,WesternSahara_lat17p75_lon-14p25,3,1604.328118,228.75,0.186160493,3669367.348,0.242266552,48.75
WesternSahara,17.75,-14.25,WesternSahara_lat17p75_lon-14p25,4,3834.64361,223.75,0.005901468,116322.4995,0.851904346,43.75
WesternSahara,17.75,-14.25,WesternSahara_lat17p75_lon-14p25,5,5433.725959,231.25,0.001509825,29759.81374,0.70162638,51.25
WesternSahara,17.75,-14.25,WesternSahara_lat17p75_lon-14p25,6,8648.245934,181.25,0.000374581,7383.286686,0.897422284,1.25
WesternSahara,17.75,-13.75,WesternSahara_lat17p75_lon-13p75,1,41.29329946,186.25,1,26843648.95,0.914564913,6.25
WesternSahara,17.75,-13.75,WesternSahara_lat17p75_lon-13p75,2,235.9082936,181.25,0.970078029,26040434.07,0.426427375,1.25
WesternSahara,17.75,-13.75,WesternSahara_lat17p75_lon-13p75,3,473.6839381,266.25,0.871402058,23391610.93,0.223165247,86.25
WesternSahara,17.75,-13.75,WesternSahara_lat17p75_lon-13p75,4,3221.355423,166.25,0.00643757,172807.8615,0.343256403,-13.75
WesternSahara,17.75,-13.75,WesternSahara_lat17p75_lon-13p75,5,4307.076464,231.25,0.002478309,66526.85384,0.359776722,51.25
WesternSahara,17.75,-13.75,WesternSahara_lat17p75_lon-13p75,6,6103.167745,241.25,0.00110223,29587.88538,1,61.25
WesternSahara,17.75,-13.75,WesternSahara_lat17p75_lon-13p75,7,8648.245934,251.25,0.00072545,19473.72176,0.726646409,71.25
WesternSahara,17.75,-13.5,WesternSahara_lat17p75_lon-13p50,1,315.4184887,101.25,1,57446367.19,0.972743786,-78.75
WesternSahara,17.75,-13.5,WesternSahara_lat17p75_lon-13p50,2,2409.32123,166.25,0.007891499,453337.9654,0.487106383,-13.75
WesternSahara,17.75,-13.5,WesternSahara_lat17p75_lon-13p50,3,3834.64361,171.25,0.001110334,63784.66382,0.290197449,-8.75
WesternSahara,17.75,-13.5,WesternSahara_lat17p75_lon-13p50,4,5127.066427,201.25,0.000118688,6818.173209,0.400016736,21.25
WesternSahara,17.75,-13.5,WesternSahara_lat17p75_lon-13p50,5,6855.085589,91.25,7.65E-05,4394.450797,1,-88.75
WesternSahara,17.75,-13.5,WesternSahara_lat17p75_lon-13p50,6,9165.513867,181.25,3.13E-05,1799.607349,0.644796457,1.25
WesternSahara,17.75,-13.25,WesternSahara_lat17p75_lon-13p25,1,41.29329946,188.75,1,31559981.5,0.89464625,8.75
WesternSahara,17.75,-13.25,WesternSahara_lat17p75_lon-13p25,2,2706.152597,186.25,0.00199212,62871.26804,0.336808459,6.25
WesternSahara,17.75,-13.25,WesternSahara_lat17p75_lon-13p25,3,4307.076464,143.75,0.000316711,9995.386325,0.666399034,-36.25
WesternSahara,17.75,-13.25,WesternSahara_lat17p75_lon-13p25,4,6468.209741,136.25,4.31E-05,1360.449429,1,-43.75
WesternSahara,17.75,-13.25,WesternSahara_lat17p75_lon-13p25,5,9165.513867,91.25,2.76E-05,870.7061697,0.909515652,-88.75
WesternSahara,17.75,-13,WesternSahara_lat17p75_lon-13p00,1,41.29329946,253.75,0.73328268,13587303.19,0.22181964,73.75
WesternSahara,17.75,-13,WesternSahara_lat17p75_lon-13p00,2,421.7266867,226.25,1,18529420.6,0.925884105,46.25
WesternSahara,17.75,-13,WesternSahara_lat17p75_lon-13p00,3,711.3611955,238.75,0.711126732,13176766.32,0.215590868,58.75
WesternSahara,17.75,-13,WesternSahara_lat17p75_lon-13p00,4,1199.911617,246.25,0.360348104,6677041.584,0.209098153,66.25
WesternSahara,17.75,-13,WesternSahara_lat17p75_lon-13p00,5,2273.34799,241.25,0.060958562,1129526.837,0.52009572,61.25
WesternSahara,17.75,-13,WesternSahara_lat17p75_lon-13p00,6,4307.076464,198.75,0.002561788,47468.44301,0.252184122,18.75
WesternSahara,17.75,-13,WesternSahara_lat17p75_lon-13p00,7,6103.167745,241.25,0.000943661,17485.50004,1,61.25
WesternSahara,17.75,-12.75,WesternSahara_lat17p75_lon-12p75,1,532.0423875,211.25,1,33893549.75,0.966056455,31.25
WesternSahara,17.75,-12.75,WesternSahara_lat17p75_lon-12p75,2,2706.152597,258.75,0.024322356,824370.9758,0.617803096,78.75
WesternSahara,17.75,-12.75,WesternSahara_lat17p75_lon-12p75,3,5433.725959,101.25,0.00112644,38179.05093,0.443560602,-78.75
WesternSahara,17.75,-12.75,WesternSahara_lat17p75_lon-12p75,4,7699.640646,213.75,0.000317384,10757.27567,1,33.75
WesternSahara,17.75,-11.25,WesternSahara_lat17p75_lon-11p25,1,93.12850046,253.75,0.911854155,28163771.71,0.57752541,73.75
WesternSahara,17.75,-11.25,WesternSahara_lat17p75_lon-11p25,2,532.0423875,156.25,1,30886267.89,0.948106847,-23.75
WesternSahara,17.75,-11.25,WesternSahara_lat17p75_lon-11p25,3,711.3611955,158.75,0.886713023,27387255.98,0.261254574,-21.25
WesternSahara,17.75,-11.25,WesternSahara_lat17p75_lon-11p25,4,1068.296199,168.75,0.799541078,24694839.92,0.40058189,-11.25
WesternSahara,17.75,-11.25,WesternSahara_lat17p75_lon-11p25,5,1700.286015,183.75,0.071645526,2212862.897,0.361377927,3.75
WesternSahara,17.75,-11.25,WesternSahara_lat17p75_lon-11p25,6,3618.230411,158.75,0.001176805,36347.10186,0.233317695,-21.25
WesternSahara,17.75,-11.25,WesternSahara_lat17p75_lon-11p25,7,5433.725959,181.25,0.000562595,17376.44894,0.649775123,1.25
WesternSahara,17.75,-11.25,WesternSahara_lat17p75_lon-11p25,8,9165.513867,181.25,6.39E-05,1974.899226,0.956979753,1.25
WesternSahara,17.75,-11,WesternSahara_lat17p75_lon-11p00,1,110.8584935,251.25,1,28811182.5,0.954626181,71.25
WesternSahara,17.75,-11,WesternSahara_lat17p75_lon-11p00,2,1271.680598,171.25,0.109925805,3167092.438,0.305959459,-8.75
WesternSahara,17.75,-11,WesternSahara_lat17p75_lon-11p00,3,1801.983335,161.25,0.085693175,2468921.697,0.470156728,-18.75
WesternSahara,17.75,-11,WesternSahara_lat17p75_lon-11p00,4,4307.076464,188.75,0.000297725,8577.814725,0.593762918,8.75
WesternSahara,17.75,-11,WesternSahara_lat17p75_lon-11p00,5,6855.085589,181.25,6.85E-05,1972.406005,1,1.25
WesternSahara,17.75,-11,WesternSahara_lat17p75_lon-11p00,6,9165.513867,181.25,7.06E-05,2033.627762,0.86162016,1.25
WesternSahara,17.75,-10.5,WesternSahara_lat17p75_lon-10p50,1,297.6174279,253.75,1,40976810.72,0.986762049,73.75
WesternSahara,17.75,-10.5,WesternSahara_lat17p75_lon-10p50,2,3221.355423,126.25,0.003476149,142441.5101,0.307094548,-53.75
WesternSahara,17.75,-10.5,WesternSahara_lat17p75_lon-10p50,3,5127.066427,158.75,0.000279824,11466.29407,0.745092228,-21.25
WesternSahara,17.75,-10.5,WesternSahara_lat17p75_lon-10p50,4,8648.245934,161.25,8.37E-05,3431.214588,0.784241888,-18.75
WesternSahara,17.75,-9.75,WesternSahara_lat17p75_lon-09p75,1,210.0320805,233.75,1,53778236.09,0.978456319,53.75
WesternSahara,17.75,-9.75,WesternSahara_lat17p75_lon-09p75,2,5433.725959,231.25,7.36E-05,3956.591883,0.764732367,51.25
WesternSahara,17.75,-9.75,WesternSahara_lat17p75_lon-09p75,3,8648.245934,181.25,5.60E-05,3012.001473,0.858209119,1.25
WesternSahara,17.75,-9.5,WesternSahara_lat17p75_lon-09p50,1,297.6174279,233.75,1,53313803.13,0.972390955,53.75
WesternSahara,17.75,-9.5,WesternSahara_lat17p75_lon-09p50,2,3834.64361,213.75,0.001044531,55687.89847,0.613592517,33.75
WesternSahara,17.75,-9.5,WesternSahara_lat17p75_lon-09p50,3,5433.725959,128.75,0.000249347,13293.65512,0.4565557,-51.25
WesternSahara,17.75,-9.5,WesternSahara_lat17p75_lon-09p50,4,8648.245934,181.25,7.57E-05,4034.316388,0.624221727,1.25
WesternSahara,17.75,-9.25,WesternSahara_lat17p75_lon-09p25,1,280.8209936,138.75,1,62667009.5,0.978347694,-41.25
WesternSahara,17.75,-9.25,WesternSahara_lat17p75_lon-09p25,2,1068.296199,161.25,0.388453294,24343206.27,0.257297793,-18.75
WesternSahara,17.75,-9.25,WesternSahara_lat17p75_lon-09p25,3,3414.030779,256.25,0.002015381,126297.8931,0.545084927,76.25
WesternSahara,17.75,-9.25,WesternSahara_lat17p75_lon-09p25,4,5433.725959,128.75,0.000345226,21634.3098,0.518096279,-51.25
WesternSahara,17.75,-9.25,WesternSahara_lat17p75_lon-09p25,5,7699.640646,236.25,0.000135771,8508.386993,0.870347926,56.25
WesternSahara,17.75,-9,WesternSahara_lat17p75_lon-09p00,1,280.8209936,251.25,1,54179351.54,0.97516906,71.25
WesternSahara,17.75,-9,WesternSahara_lat17p75_lon-09p00,2,1428.353227,126.25,0.129490424,7015707.206,0.206699409,-53.75
WesternSahara,17.75,-9,WesternSahara_lat17p75_lon-09p00,3,2706.152597,253.75,0.006548495,354793.2363,0.257169071,73.75
WesternSahara,17.75,-9,WesternSahara_lat17p75_lon-09p00,4,3834.64361,261.25,0.001439947,78015.41469,0.907461105,81.25
WesternSahara,17.75,-9,WesternSahara_lat17p75_lon-09p00,5,5433.725959,181.25,0.000469714,25448.77928,0.938492534,1.25
WesternSahara,17.75,-9,WesternSahara_lat17p75_lon-09p00,6,8648.245934,108.75,0.000118322,6410.60147,0.790648385,-71.25
WesternSahara,17.75,-8.75,WesternSahara_lat17p75_lon-08p75,1,297.6174279,231.25,1,65676004.27,0.982656049,51.25
WesternSahara,17.75,-8.75,WesternSahara_lat17p75_lon-08p75,2,2273.34799,261.25,0.018203692,1195545.771,0.281188848,81.25
WesternSahara,17.75,-8.75,WesternSahara_lat17p75_lon-08p75,3,3414.030779,256.25,0.002719378,178597.8739,0.528034169,76.25
WesternSahara,17.75,-8.75,WesternSahara_lat17p75_lon-08p75,4,5433.725959,258.75,0.000331968,21802.33857,0.77582082,78.75
WesternSahara,17.75,-8.75,WesternSahara_lat17p75_lon-08p75,5,8648.245934,181.25,7.42E-05,4872.782819,0.96190502,1.25
WesternSahara,17.75,-8.5,WesternSahara_lat17p75_lon-08p50,1,375.4685011,91.25,1,63204243.74,0.980711791,-88.75
WesternSahara,17.75,-8.5,WesternSahara_lat17p75_lon-08p50,2,1604.328118,253.75,0.080382545,5080517.989,0.278764801,73.75
WesternSahara,17.75,-8.5,WesternSahara_lat17p75_lon-08p50,3,3414.030779,263.75,0.003424469,216440.9524,0.540708902,83.75
WesternSahara,17.75,-8.5,WesternSahara_lat17p75_lon-08p50,4,5433.725959,91.25,0.000879139,55565.29191,0.945029005,-88.75
WesternSahara,17.75,-8.5,WesternSahara_lat17p75_lon-08p50,5,9165.513867,91.25,0.000107496,6794.23337,0.826227252,-88.75
WesternSahara,17.75,-8.25,WesternSahara_lat17p75_lon-08p25,1,334.2842646,91.25,1,55868698.62,0.978762841,-88.75
WesternSahara,17.75,-8.25,WesternSahara_lat17p75_lon-08p25,2,1347.742218,118.75,0.124811292,6973044.466,0.218182528,-61.25
WesternSahara,17.75,-8.25,WesternSahara_lat17p75_lon-08p25,3,3039.553957,241.25,0.003272359,182822.4271,0.376083237,61.25
WesternSahara,17.75,-8.25,WesternSahara_lat17p75_lon-08p25,4,4307.076464,198.75,0.000399869,22340.17428,0.304256688,18.75
WesternSahara,17.75,-8.25,WesternSahara_lat17p75_lon-08p25,5,8648.245934,108.75,0.000143891,8039.018449,0.883184598,-71.25
WesternSahara,17.75,-7.5,WesternSahara_lat17p75_lon-07p50,1,446.9509568,236.25,1,65946240.58,0.986213873,56.25
WesternSahara,17.75,-7.5,WesternSahara_lat17p75_lon-07p50,2,1008.005486,233.75,0.693528065,45735568.61,0.26351878,53.75
WesternSahara,17.75,-7.5,WesternSahara_lat17p75_lon-07p50,3,1909.763363,236.25,0.133255489,8787698.555,0.322093215,56.25
WesternSahara,17.75,-7.5,WesternSahara_lat17p75_lon-07p50,4,2553.427285,221.25,0.036300955,2393911.523,0.226492399,41.25
WesternSahara,17.75,-7.5,WesternSahara_lat17p75_lon-07p50,5,3834.64361,236.25,0.005411963,356898.6043,0.442563331,56.25
WesternSahara,17.75,-7.5,WesternSahara_lat17p75_lon-07p50,6,5433.725959,231.25,0.002129212,140413.555,0.661859101,51.25
WesternSahara,17.75,-7.5,WesternSahara_lat17p75_lon-07p50,7,7699.640646,236.25,0.00028134,18553.32597,1,56.25
WesternSahara,17.75,-7.25,WesternSahara_lat17p75_lon-07p25,1,148.2220821,248.75,1,11516830.02,0.93841004,68.75
WesternSahara,17.75,-7.25,WesternSahara_lat17p75_lon-07p25,2,3834.64361,253.75,0.00292499,33686.61299,0.477229932,73.75
WesternSahara,17.75,-7.25,WesternSahara_lat17p75_lon-07p25,3,5433.725959,258.75,0.000719464,8285.944324,0.4817607,78.75
WesternSahara,17.75,-7.25,WesternSahara_lat17p75_lon-07p25,4,8648.245934,251.25,0.000542297,6245.54354,0.883462048,71.25
WesternSahara,17.75,-6.75,WesternSahara_lat17p75_lon-06p75,1,41.29329946,251.25,1,21030324.56,0.928613631,71.25
WesternSahara,17.75,-6.75,WesternSahara_lat17p75_lon-06p75,2,3039.553957,241.25,0.005292778,111308.8287,0.352695235,61.25
WesternSahara,17.75,-6.75,WesternSahara_lat17p75_lon-06p75,3,5433.725959,258.75,0.001172362,24655.14864,0.612125793,78.75
WesternSahara,17.75,-6.75,WesternSahara_lat17p75_lon-06p75,4,9165.513867,91.25,0.000259342,5454.043142,0.876986106,-88.75
WesternSahara,17.75,-6.5,WesternSahara_lat17p75_lon-06p50,1,41.29329946,251.25,1,18838685.8,0.923818256,71.25
WesternSahara,17.75,-6.5,WesternSahara_lat17p75_lon-06p50,2,1199.911617,251.25,0.101233699,1907109.855,0.219256372,71.25
WesternSahara,17.75,-6.5,WesternSahara_lat17p75_lon-06p50,3,1801.983335,246.25,0.03222646,607104.1538,0.312451589,66.25
WesternSahara,17.75,-6.5,WesternSahara_lat17p75_lon-06p50,4,2553.427285,113.75,0.010003859,188459.5535,0.380201206,-66.25
WesternSahara,17.75,-6.5,WesternSahara_lat17p75_lon-06p50,5,4307.076464,251.25,0.001944502,36631.86085,0.421042491,71.25
WesternSahara,17.75,-6.5,WesternSahara_lat17p75_lon-06p50,6,6468.209741,193.75,0.000575413,10840.03122,0.445140283,13.75
WesternSahara,17.75,-6.5,WesternSahara_lat17p75_lon-06p50,7,9165.513867,181.25,0.000386553,7282.141957,0.738672413,1.25
WesternSahara,17.75,-6,WesternSahara_lat17p75_lon-06p00,1,41.29329946,251.25,1,42234876.61,0.929876476,71.25
WesternSahara,17.75,-6,WesternSahara_lat17p75_lon-06p00,2,532.0423875,251.25,0.189394012,7999032.747,0.34070421,71.25
WesternSahara,17.75,-6,WesternSahara_lat17p75_lon-06p00,3,3039.553957,241.25,0.003066607,129517.7655,0.240370583,61.25
WesternSahara,17.75,-6,WesternSahara_lat17p75_lon-06p00,4,5433.725959,168.75,0.000505619,21354.73623,0.743008018,-11.25
WesternSahara,17.75,-6,WesternSahara_lat17p75_lon-06p00,5,8648.245934,108.75,0.000172562,7288.147645,0.805220619,-71.25
WesternSahara,17.75,-5.75,WesternSahara_lat17p75_lon-05p75,1,41.29329946,91.25,1,66888688.37,0.921594721,-88.75
WesternSahara,17.75,-5.75,WesternSahara_lat17p75_lon-05p75,2,375.4685011,243.75,0.11492573,7687231.354,0.403691207,63.75
WesternSahara,17.75,-5.75,WesternSahara_lat17p75_lon-05p75,3,3039.553957,251.25,0.003998597,267460.9178,0.316318282,71.25
WesternSahara,17.75,-5.75,WesternSahara_lat17p75_lon-05p75,4,4564.690847,251.25,0.000996333,66643.42915,0.45628889,71.25
WesternSahara,17.75,-5.75,WesternSahara_lat17p75_lon-05p75,5,6855.085589,256.25,0.000183257,12257.80335,0.878518711,76.25
WesternSahara,17.75,-5.5,WesternSahara_lat17p75_lon-05p50,1,41.29329946,243.75,1,49006699.9,0.920551555,63.75
WesternSahara,17.75,-5.5,WesternSahara_lat17p75_lon-05p50,2,563.8648481,241.25,0.270435233,13253138.32,0.435637233,61.25
WesternSahara,17.75,-5.5,WesternSahara_lat17p75_lon-05p50,3,799.0017781,251.25,0.215265707,10549461.91,0.347587304,71.25
WesternSahara,17.75,-5.5,WesternSahara_lat17p75_lon-05p50,4,1068.296199,243.75,0.121282923,5943675.813,0.249700766,63.75
WesternSahara,17.75,-5.5,WesternSahara_lat17p75_lon-05p50,5,1428.353227,241.25,0.077527207,3799352.556,0.248515138,61.25
WesternSahara,17.75,-5.5,WesternSahara_lat17p75_lon-05p50,6,3039.553957,108.75,0.007241718,354892.7144,0.31984715,-71.25
WesternSahara,17.75,-5.5,WesternSahara_lat17p75_lon-05p50,7,5433.725959,168.75,0.000903603,44282.57786,0.746390372,-11.25
WesternSahara,17.75,-5.5,WesternSahara_lat17p75_lon-05p50,8,8648.245934,251.25,0.000232606,11399.25533,0.939437145,71.25
WesternSahara,17.75,-4.5,WesternSahara_lat17p75_lon-04p50,1,124.5163975,258.75,1,75612786.62,0.984532142,78.75
WesternSahara,17.75,-4.5,WesternSahara_lat17p75_lon-04p50,2,375.4685011,251.25,0.605923969,45815599.76,0.227285732,71.25
WesternSahara,17.75,-4.5,WesternSahara_lat17p75_lon-04p50,3,3039.553957,206.25,0.000584155,44169.5498,0.228935582,26.25
WesternSahara,17.75,-4.5,WesternSahara_lat17p75_lon-04p50,4,4307.076464,143.75,0.000188332,14240.29545,0.33835714,-36.25
WesternSahara,17.75,-4.5,WesternSahara_lat17p75_lon-04p50,5,6103.167745,153.75,4.31E-05,3256.382618,1,-26.25
WesternSahara,17.75,-4.5,WesternSahara_lat17p75_lon-04p50,6,9165.513867,181.25,5.38E-05,4068.738891,0.887280587,1.25
WesternSahara,17.75,-4.25,WesternSahara_lat17p75_lon-04p25,1,104.6020474,258.75,1,54925694.58,0.983217685,78.75
WesternSahara,17.75,-4.25,WesternSahara_lat17p75_lon-04p25,2,2273.34799,91.25,0.014354943,788455.1969,0.218111536,-88.75
WesternSahara,17.75,-4.25,WesternSahara_lat17p75_lon-04p25,3,4307.076464,161.25,0.001256176,68996.33919,0.62801992,-18.75
WesternSahara,17.75,-4.25,WesternSahara_lat17p75_lon-04p25,4,8648.245934,251.25,0.000113299,6223.048684,0.921243866,71.25
WesternSahara,18,-13,WesternSahara_lat18p00_lon-13p00,1,235.9082936,91.25,1,37615876.6,0.957927295,-88.75
WesternSahara,18,-13,WesternSahara_lat18p00_lon-13p00,2,2553.427285,91.25,0.008640439,325017.6749,0.269020022,-88.75
WesternSahara,18,-13,WesternSahara_lat18p00_lon-13p00,3,3414.030779,91.25,0.006823233,256661.8774,0.703449351,-88.75
WesternSahara,18,-13,WesternSahara_lat18p00_lon-13p00,4,4564.690847,91.25,0.00410602,154451.5483,0.523422225,-88.75
WesternSahara,18,-13,WesternSahara_lat18p00_lon-13p00,5,6855.085589,181.25,0.001109565,41737.24566,0.319457381,1.25
WesternSahara,18,-10.5,WesternSahara_lat18p00_lon-10p50,1,421.7266867,258.75,1,41244687.17,0.982966858,78.75
WesternSahara,18,-10.5,WesternSahara_lat18p00_lon-10p50,2,2553.427285,91.25,0.006933446,285967.8276,0.234720405,-88.75
WesternSahara,18,-10.5,WesternSahara_lat18p00_lon-10p50,3,3414.030779,91.25,0.002714263,111948.9172,0.746877318,-88.75
WesternSahara,18,-10.5,WesternSahara_lat18p00_lon-10p50,4,4564.690847,91.25,0.001139077,46980.85464,0.806218948,-88.75
WesternSahara,18,-10.5,WesternSahara_lat18p00_lon-10p50,5,6855.085589,91.25,0.000645275,26614.1833,1,-88.75
WesternSahara,18,-10.5,WesternSahara_lat18p00_lon-10p50,6,9165.513867,91.25,0.000268262,11064.37606,0.98745001,-88.75
WesternSahara,18,-8.75,WesternSahara_lat18p00_lon-08p75,1,334.2842646,238.75,1,70104283.86,0.9756466,58.75
WesternSahara,18,-8.75,WesternSahara_lat18p00_lon-08p75,2,1008.005486,238.75,0.17637043,12364322.69,0.204295831,58.75
WesternSahara,18,-8.75,WesternSahara_lat18p00_lon-08p75,3,1347.742218,228.75,0.098056525,6874182.432,0.325974806,48.75
WesternSahara,18,-8.75,WesternSahara_lat18p00_lon-08p75,4,1801.983335,138.75,0.066105483,4634277.536,0.215348537,-41.25
WesternSahara,18,-8.75,WesternSahara_lat18p00_lon-08p75,5,3414.030779,158.75,0.002420502,169687.5797,0.21360683,-21.25
WesternSahara,18,-8.75,WesternSahara_lat18p00_lon-08p75,6,4564.690847,91.25,0.001019455,71468.12817,0.450439848,-88.75
WesternSahara,18,-8.75,WesternSahara_lat18p00_lon-08p75,7,6855.085589,91.25,0.000248009,17386.4655,1,-88.75
WesternSahara,18,-8.5,WesternSahara_lat18p00_lon-08p50,1,117.4891495,238.75,1,38410844.88,0.967861621,58.75
WesternSahara,18,-8.5,WesternSahara_lat18p00_lon-08p50,2,1008.005486,91.25,0.232954195,8947967.445,0.241192342,-88.75
WesternSahara,18,-8.5,WesternSahara_lat18p00_lon-08p50,3,1604.328118,126.25,0.109494377,4205771.534,0.319245441,-53.75
WesternSahara,18,-8.5,WesternSahara_lat18p00_lon-08p50,4,3414.030779,91.25,0.002639748,101394.9556,0.313811707,-88.75
WesternSahara,18,-8.5,WesternSahara_lat18p00_lon-08p50,5,4564.690847,91.25,0.001460491,56098.68673,0.816574908,-88.75
WesternSahara,18,-8.5,WesternSahara_lat18p00_lon-08p50,6,6855.085589,91.25,0.000433361,16645.77162,1,-88.75
WesternSahara,18,-8.25,WesternSahara_lat18p00_lon-08p25,1,110.8584935,256.25,0.920286665,16597076.98,0.205322178,76.25
WesternSahara,18,-8.25,WesternSahara_lat18p00_lon-08p25,2,421.7266867,211.25,1,18034681.59,0.975879449,31.25
WesternSahara,18,-8.25,WesternSahara_lat18p00_lon-08p25,3,2273.34799,221.25,0.047148329,850305.092,0.203862673,41.25
WesternSahara,18,-8.25,WesternSahara_lat18p00_lon-08p25,4,3834.64361,98.75,0.014006457,252601.988,0.720455318,-81.25
WesternSahara,18,-8.25,WesternSahara_lat18p00_lon-08p25,5,5433.725959,91.25,0.004309387,77718.4157,0.608779748,-88.75
WesternSahara,18,-8.25,WesternSahara_lat18p00_lon-08p25,6,8648.245934,251.25,0.001322502,23850.91001,0.837617331,71.25
WesternSahara,18.25,-14.75,WesternSahara_lat18p25_lon-14p75,1,41.29329946,181.25,1,23702832.93,0.931835488,1.25
WesternSahara,18.25,-14.75,WesternSahara_lat18p25_lon-14p75,2,532.0423875,226.25,0.868389999,20583303.06,0.49636785,46.25
WesternSahara,18.25,-14.75,WesternSahara_lat18p25_lon-14p75,3,897.4397893,238.75,0.546095081,12944000.47,0.211593552,58.75
WesternSahara,18.25,-14.75,WesternSahara_lat18p25_lon-14p75,4,2145.048581,236.25,0.062138691,1472863,0.276769837,56.25
WesternSahara,18.25,-14.75,WesternSahara_lat18p25_lon-14p75,5,3414.030779,238.75,0.00572091,135601.7774,0.494737129,58.75
WesternSahara,18.25,-14.75,WesternSahara_lat18p25_lon-14p75,6,4837.713633,223.75,0.000464516,11010.34598,0.26180557,43.75
WesternSahara,18.25,-14.75,WesternSahara_lat18p25_lon-14p75,7,8648.245934,181.25,0.000117449,2783.877247,0.697115448,1.25
WesternSahara,18.25,-14.5,WesternSahara_lat18p25_lon-14p50,1,41.29329946,183.75,1,29778212.82,0.938672696,3.75
WesternSahara,18.25,-14.5,WesternSahara_lat18p25_lon-14p50,2,375.4685011,208.75,0.520047484,15486084.65,0.343290069,28.75
WesternSahara,18.25,-14.5,WesternSahara_lat18p25_lon-14p50,3,633.3336976,203.75,0.460253679,13705532.01,0.202887686,23.75
WesternSahara,18.25,-14.5,WesternSahara_lat18p25_lon-14p50,4,1008.005486,228.75,0.308439601,9184780.084,0.31222303,48.75
WesternSahara,18.25,-14.5,WesternSahara_lat18p25_lon-14p50,5,3414.030779,238.75,0.004075595,121363.9253,0.429198233,58.75
WesternSahara,18.25,-14.5,WesternSahara_lat18p25_lon-14p50,6,4837.713633,238.75,0.00116577,34714.5357,0.693920653,58.75
WesternSahara,18.25,-14.5,WesternSahara_lat18p25_lon-14p50,7,6468.209741,223.75,0.000367106,10931.77453,1,43.75
WesternSahara,18.25,-14.5,WesternSahara_lat18p25_lon-14p50,8,8648.245934,181.25,0.000117101,3487.072356,0.790572916,1.25
WesternSahara,18.25,-14.25,WesternSahara_lat18p25_lon-14p25,1,55.21073426,206.25,1,24879228,0.932531423,26.25
WesternSahara,18.25,-14.25,WesternSahara_lat18p25_lon-14p25,2,532.0423875,246.25,0.707743992,17608124.15,0.282485724,66.25
WesternSahara,18.25,-14.25,WesternSahara_lat18p25_lon-14p25,3,799.0017781,176.25,0.690651753,17182882.44,0.203082318,-3.75
WesternSahara,18.25,-14.25,WesternSahara_lat18p25_lon-14p25,4,3834.64361,253.75,0.003819389,95023.44322,0.861774857,73.75
WesternSahara,18.25,-14.25,WesternSahara_lat18p25_lon-14p25,5,5433.725959,181.25,0.000433691,10789.89244,0.487535102,1.25
WesternSahara,18.25,-14.25,WesternSahara_lat18p25_lon-14p25,6,8648.245934,251.25,0.000209075,5201.617558,0.882484663,71.25
WesternSahara,18.25,-13.75,WesternSahara_lat18p25_lon-13p75,1,198.1786415,191.25,1,33528373.25,0.951509955,11.25
WesternSahara,18.25,-13.75,WesternSahara_lat18p25_lon-13p75,2,1347.742218,193.75,0.143368475,4806911.757,0.281531982,13.75
WesternSahara,18.25,-13.75,WesternSahara_lat18p25_lon-13p75,3,3834.64361,236.25,0.001720899,57698.92817,0.704144367,56.25
WesternSahara,18.25,-13.75,WesternSahara_lat18p25_lon-13p75,4,6855.085589,256.25,0.000500143,16768.96507,1,76.25
WesternSahara,18.25,-13.5,WesternSahara_lat18p25_lon-13p50,1,210.0320805,166.25,1,32278074.43,0.96938916,-13.75
WesternSahara,18.25,-13.5,WesternSahara_lat18p25_lon-13p50,2,421.7266867,238.75,0.663469324,21415512.21,0.215681768,58.75
WesternSahara,18.25,-13.5,WesternSahara_lat18p25_lon-13p50,3,1347.742218,151.25,0.149141469,4813999.447,0.263159077,-28.75
WesternSahara,18.25,-13.5,WesternSahara_lat18p25_lon-13p50,4,2023.989919,238.75,0.041834392,1350333.612,0.201690421,58.75
WesternSahara,18.25,-13.5,WesternSahara_lat18p25_lon-13p50,5,3834.64361,211.25,0.002577308,83190.53608,0.703558195,31.25
WesternSahara,18.25,-13.5,WesternSahara_lat18p25_lon-13p50,6,7699.640646,211.25,0.000410769,13258.83118,1,31.25
WesternSahara,18.25,-13.25,WesternSahara_lat18p25_lon-13p25,1,354.2784382,248.75,1,39512991.4,0.975323701,68.75
WesternSahara,18.25,-13.25,WesternSahara_lat18p25_lon-13p25,2,3834.64361,253.75,0.003007498,118835.2388,0.329749438,73.75
WesternSahara,18.25,-13.25,WesternSahara_lat18p25_lon-13p25,3,6855.085589,256.25,0.000814267,32174.14021,1,76.25
WesternSahara,18.25,-13,WesternSahara_lat18p25_lon-13p00,1,250.0184145,176.25,1,41496811.94,0.98465621,-3.75
WesternSahara,18.25,-13,WesternSahara_lat18p25_lon-13p00,2,3039.553957,173.75,0.009951822,412968.8833,0.49382451,-6.25
WesternSahara,18.25,-13,WesternSahara_lat18p25_lon-13p00,3,4564.690847,181.25,0.0010968,45513.69136,0.275021221,1.25
WesternSahara,18.25,-13,WesternSahara_lat18p25_lon-13p00,4,6468.209741,136.25,0.00045934,19061.14516,0.833376627,-43.75
WesternSahara,18.25,-13,WesternSahara_lat18p25_lon-13p00,5,8648.245934,108.75,0.000290362,12049.10688,0.838583921,-71.25
WesternSahara,18.25,-12.5,WesternSahara_lat18p25_lon-12p50,1,473.6839381,241.25,0.878269388,31818807.79,0.322114829,61.25
WesternSahara,18.25,-12.5,WesternSahara_lat18p25_lon-12p50,2,671.2145829,181.25,1,36228984.22,0.990437941,1.25
WesternSahara,18.25,-12.5,WesternSahara_lat18p25_lon-12p50,3,897.4397893,156.25,0.641987843,23258567.43,0.250383556,-23.75
WesternSahara,18.25,-12.5,WesternSahara_lat18p25_lon-12p50,4,3414.030779,96.25,0.004924487,178409.1762,0.474538835,-83.75
WesternSahara,18.25,-12.5,WesternSahara_lat18p25_lon-12p50,5,5433.725959,143.75,0.00145926,52867.49946,0.554275795,-36.25
WesternSahara,18.25,-12.5,WesternSahara_lat18p25_lon-12p50,6,7699.640646,146.25,0.001238668,44875.67408,1,-33.75
WesternSahara,18.25,-10.5,WesternSahara_lat18p25_lon-10p50,1,375.4685011,248.75,1,25096557.37,0.981050901,68.75
WesternSahara,18.25,-10.5,WesternSahara_lat18p25_lon-10p50,2,3834.64361,236.25,0.004638927,116421.0929,0.779076891,56.25
WesternSahara,18.25,-10.5,WesternSahara_lat18p25_lon-10p50,3,5433.725959,258.75,0.003010729,75558.94283,0.725221698,78.75
WesternSahara,18.25,-10.5,WesternSahara_lat18p25_lon-10p50,4,8648.245934,251.25,0.000850949,21355.87963,0.911903774,71.25
WesternSahara,18.25,-9.75,WesternSahara_lat18p25_lon-09p75,1,264.9724883,151.25,1,110063439,0.981765049,-28.75
WesternSahara,18.25,-9.75,WesternSahara_lat18p25_lon-09p75,2,2706.152597,231.25,0.001612877,177518.792,0.379176052,51.25
WesternSahara,18.25,-9.75,WesternSahara_lat18p25_lon-09p75,3,4307.076464,161.25,0.000227162,25002.24264,0.355493586,-18.75
WesternSahara,18.25,-9.75,WesternSahara_lat18p25_lon-09p75,4,6103.167745,241.25,3.38E-05,3723.368443,1,61.25
WesternSahara,18.25,-9.75,WesternSahara_lat18p25_lon-09p75,5,8648.245934,251.25,2.22E-05,2445.285545,0.883220012,71.25
WesternSahara,18.25,-9.5,WesternSahara_lat18p25_lon-09p50,1,110.8584935,248.75,1,60492321.91,0.976713458,68.75
WesternSahara,18.25,-9.5,WesternSahara_lat18p25_lon-09p50,2,473.6839381,133.75,0.90048194,54472243.39,0.302750113,-46.25
WesternSahara,18.25,-9.5,WesternSahara_lat18p25_lon-09p50,3,1008.005486,228.75,0.066045462,3995243.351,0.205786919,48.75
WesternSahara,18.25,-9.5,WesternSahara_lat18p25_lon-09p50,4,1909.763363,256.25,0.004948838,299366.6872,0.20360459,76.25
WesternSahara,18.25,-9.5,WesternSahara_lat18p25_lon-09p50,5,2706.152597,253.75,0.001080013,65332.49194,0.377447488,73.75
WesternSahara,18.25,-9.5,WesternSahara_lat18p25_lon-09p50,6,4307.076464,181.25,0.000113491,6865.354626,0.476657865,1.25
WesternSahara,18.25,-9.5,WesternSahara_lat18p25_lon-09p50,7,8648.245934,251.25,5.39E-05,3261.658115,0.925266476,71.25
WesternSahara,18.25,-9.25,WesternSahara_lat18p25_lon-09p25,1,117.4891495,251.25,1,34117390.01,0.967805105,71.25
WesternSahara,18.25,-9.25,WesternSahara_lat18p25_lon-09p25,2,473.6839381,243.75,0.876894615,29917355.57,0.319294639,63.75
WesternSahara,18.25,-9.25,WesternSahara_lat18p25_lon-09p25,3,2409.32123,248.75,0.00423572,144511.7134,0.224611355,68.75
WesternSahara,18.25,-9.25,WesternSahara_lat18p25_lon-09p25,4,3834.64361,253.75,0.001212403,41364.01515,0.640417714,73.75
WesternSahara,18.25,-9.25,WesternSahara_lat18p25_lon-09p25,5,5433.725959,258.75,0.000229041,7814.278426,0.633862562,78.75
WesternSahara,18.25,-9.25,WesternSahara_lat18p25_lon-09p25,6,8648.245934,181.25,0.000123068,4198.76274,0.885409748,1.25
WesternSahara,18.25,-9,WesternSahara_lat18p25_lon-09p00,1,110.8584935,246.25,1,34300700.44,0.963253747,66.25
WesternSahara,18.25,-9,WesternSahara_lat18p25_lon-09p00,2,354.2784382,248.75,0.463418973,15895595.39,0.263114229,68.75
WesternSahara,18.25,-9,WesternSahara_lat18p25_lon-09p00,3,2023.989919,181.25,0.013527929,464017.4546,0.267774829,1.25
WesternSahara,18.25,-9,WesternSahara_lat18p25_lon-09p00,4,2868.012698,181.25,0.004298737,147449.6758,0.573453362,1.25
WesternSahara,18.25,-9,WesternSahara_lat18p25_lon-09p00,5,3834.64361,181.25,0.001712994,58756.89821,0.751753172,1.25
WesternSahara,18.25,-9,WesternSahara_lat18p25_lon-09p00,6,5433.725959,181.25,0.000802803,27536.68825,0.859807122,1.25
WesternSahara,18.25,-9,WesternSahara_lat18p25_lon-09p00,7,8648.245934,251.25,0.00011431,3920.923316,0.900857173,71.25
WesternSahara,18.25,-8.75,WesternSahara_lat18p25_lon-08p75,1,397.9259817,233.75,1,47101897.45,0.969357218,53.75
WesternSahara,18.25,-8.75,WesternSahara_lat18p25_lon-08p75,2,633.3336976,186.25,0.988547604,46562467.86,0.20607564,6.25
WesternSahara,18.25,-8.75,WesternSahara_lat18p25_lon-08p75,3,1271.680598,218.75,0.308624095,14536780.48,0.211099617,38.75
WesternSahara,18.25,-8.75,WesternSahara_lat18p25_lon-08p75,4,2868.012698,218.75,0.020951115,986837.2762,0.205080726,38.75
WesternSahara,18.25,-8.75,WesternSahara_lat18p25_lon-08p75,5,4307.076464,198.75,0.008358055,393680.2649,0.411789677,18.75
WesternSahara,18.25,-8.75,WesternSahara_lat18p25_lon-08p75,6,6855.085589,103.75,0.001518082,71504.5542,1,-76.25
WesternSahara,18.25,-8.5,WesternSahara_lat18p25_lon-08p50,1,110.8584935,248.75,0.965613139,22499782.65,0.252705514,68.75
WesternSahara,18.25,-8.5,WesternSahara_lat18p25_lon-08p50,2,421.7266867,238.75,1,23301032,0.956083894,58.75
WesternSahara,18.25,-8.5,WesternSahara_lat18p25_lon-08p50,3,1700.286015,141.25,0.125556038,2925585.251,0.442252606,-38.75
WesternSahara,18.25,-8.5,WesternSahara_lat18p25_lon-08p50,4,2706.152597,136.25,0.021454727,499917.2878,0.274709347,-43.75
WesternSahara,18.25,-8.5,WesternSahara_lat18p25_lon-08p50,5,3834.64361,236.25,0.003632965,84651.84146,0.636660478,56.25
WesternSahara,18.25,-8.5,WesternSahara_lat18p25_lon-08p50,6,5433.725959,258.75,0.00099057,23081.30277,0.432741531,78.75
WesternSahara,18.25,-8.5,WesternSahara_lat18p25_lon-08p50,7,8648.245934,181.25,0.000174172,4058.375938,0.846107481,1.25
WesternSahara,18.25,-8.25,WesternSahara_lat18p25_lon-08p25,1,82.91345931,251.25,1,13989274.22,0.954883111,71.25
WesternSahara,18.25,-8.25,WesternSahara_lat18p25_lon-08p25,2,334.2842646,243.75,0.955012456,13359931.13,0.229426116,63.75
WesternSahara,18.25,-8.25,WesternSahara_lat18p25_lon-08p25,3,563.8648481,246.25,0.762657193,10669020.61,0.209692447,66.25
WesternSahara,18.25,-8.25,WesternSahara_lat18p25_lon-08p25,4,1068.296199,238.75,0.318471363,4455183.223,0.248821925,58.75
WesternSahara,18.25,-8.25,WesternSahara_lat18p25_lon-08p25,5,2553.427285,236.25,0.028166334,394026.5747,0.388693411,56.25
WesternSahara,18.25,-8.25,WesternSahara_lat18p25_lon-08p25,6,3834.64361,213.75,0.00621539,86948.79382,0.850062708,33.75
WesternSahara,18.25,-8.25,WesternSahara_lat18p25_lon-08p25,7,5433.725959,91.25,0.001782393,24934.37854,0.43760205,-88.75
WesternSahara,18.25,-8.25,WesternSahara_lat18p25_lon-08p25,8,8648.245934,251.25,0.001049251,14678.26269,0.927359198,71.25
WesternSahara,18.25,-7.75,WesternSahara_lat18p25_lon-07p75,1,41.29329946,261.25,1,60383865.34,0.94201701,81.25
WesternSahara,18.25,-7.75,WesternSahara_lat18p25_lon-07p75,2,446.9509568,251.25,0.057171278,3452222.741,0.27280612,71.25
WesternSahara,18.25,-7.75,WesternSahara_lat18p25_lon-07p75,3,1700.286015,258.75,0.024710635,1492123.663,0.522617578,78.75
WesternSahara,18.25,-7.75,WesternSahara_lat18p25_lon-07p75,4,2553.427285,258.75,0.005061245,305617.5264,0.648873418,78.75
WesternSahara,18.25,-7.75,WesternSahara_lat18p25_lon-07p75,5,3414.030779,96.25,0.002224014,134294.5735,0.497823978,-83.75
WesternSahara,18.25,-7.75,WesternSahara_lat18p25_lon-07p75,6,5433.725959,258.75,0.000482009,29105.545,0.574997837,78.75
WesternSahara,18.25,-7.75,WesternSahara_lat18p25_lon-07p75,7,8648.245934,198.75,0.000232964,14067.29255,0.742724852,18.75
WesternSahara,18.25,-7.5,WesternSahara_lat18p25_lon-07p50,1,41.29329946,101.25,1,89198718.73,0.956333698,-78.75
WesternSahara,18.25,-7.5,WesternSahara_lat18p25_lon-07p50,2,951.1173591,248.75,0.026796712,2390232.345,0.246324264,68.75
WesternSahara,18.25,-7.5,WesternSahara_lat18p25_lon-07p50,3,1347.742218,256.25,0.016570437,1478061.748,0.285331141,76.25
WesternSahara,18.25,-7.5,WesternSahara_lat18p25_lon-07p50,4,3039.553957,256.25,0.000962462,85850.40301,0.206117845,76.25
WesternSahara,18.25,-7.5,WesternSahara_lat18p25_lon-07p50,5,4307.076464,251.25,0.000177797,15859.28377,0.287009872,71.25
WesternSahara,18.25,-7.5,WesternSahara_lat18p25_lon-07p50,6,6468.209741,193.75,4.22E-05,3760.125494,1,13.75
WesternSahara,18.25,-7.5,WesternSahara_lat18p25_lon-07p50,7,8648.245934,108.75,2.78E-05,2480.098575,0.875633763,-71.25
WesternSahara,18.25,-7,WesternSahara_lat18p25_lon-07p00,1,41.29329946,248.75,1,27142464.33,0.939832923,68.75
WesternSahara,18.25,-7,WesternSahara_lat18p25_lon-07p00,2,397.9259817,261.25,0.145667166,3953765.858,0.384609953,81.25
WesternSahara,18.25,-7,WesternSahara_lat18p25_lon-07p00,3,1347.742218,261.25,0.07919827,2149636.22,0.456595054,81.25
WesternSahara,18.25,-7,WesternSahara_lat18p25_lon-07p00,4,2273.34799,256.25,0.01808654,490913.2554,0.450743712,76.25
WesternSahara,18.25,-7,WesternSahara_lat18p25_lon-07p00,5,6855.085589,181.25,0.000313541,8510.283308,0.846394216,1.25
WesternSahara,18.25,-6.75,WesternSahara_lat18p25_lon-06p75,1,87.87267,243.75,1,31251333.44,0.956221325,63.75
WesternSahara,18.25,-6.75,WesternSahara_lat18p25_lon-06p75,2,753.9090529,241.25,0.406282511,12696870.22,0.215875548,61.25
WesternSahara,18.25,-6.75,WesternSahara_lat18p25_lon-06p75,3,1008.005486,228.75,0.201485097,6296677.96,0.223602278,48.75
WesternSahara,18.25,-6.75,WesternSahara_lat18p25_lon-06p75,4,1801.983335,241.25,0.046016805,1438086.517,0.276693957,61.25
WesternSahara,18.25,-6.75,WesternSahara_lat18p25_lon-06p75,5,3834.64361,213.75,0.001663861,51997.87977,0.489407629,33.75
WesternSahara,18.25,-6.75,WesternSahara_lat18p25_lon-06p75,6,5433.725959,181.25,0.000192643,6020.338761,0.251165899,1.25
WesternSahara,18.25,-6.75,WesternSahara_lat18p25_lon-06p75,7,9165.513867,91.25,0.000100603,3143.975201,0.960852486,-88.75
WesternSahara,18.25,-6.5,WesternSahara_lat18p25_lon-06p50,1,93.12850046,223.75,1,57929038.25,0.964032593,43.75
WesternSahara,18.25,-6.5,WesternSahara_lat18p25_lon-06p50,2,446.9509568,253.75,0.392898563,22760235.89,0.210380369,73.75
WesternSahara,18.25,-6.5,WesternSahara_lat18p25_lon-06p50,3,6855.085589,103.75,3.27E-05,1896.802298,0.978344553,-76.25
WesternSahara,18.25,-6.5,WesternSahara_lat18p25_lon-06p50,4,9165.513867,181.25,6.37E-05,3687.217049,0.950716548,1.25
WesternSahara,18.25,-6.25,WesternSahara_lat18p25_lon-06p25,1,87.87267,243.75,1,60697984.51,0.969311036,63.75
WesternSahara,18.25,-6.25,WesternSahara_lat18p25_lon-06p25,2,1801.983335,253.75,0.021029195,1276429.771,0.385109188,73.75
WesternSahara,18.25,-6.25,WesternSahara_lat18p25_lon-06p25,3,3414.030779,263.75,0.001180693,71665.67275,0.45902732,83.75
WesternSahara,18.25,-6.25,WesternSahara_lat18p25_lon-06p25,4,5433.725959,168.75,0.000177345,10764.49248,0.561374406,-11.25
WesternSahara,18.25,-6.25,WesternSahara_lat18p25_lon-06p25,5,9165.513867,181.25,3.54E-05,2145.907944,0.989826641,1.25
WesternSahara,18.25,-5.75,WesternSahara_lat18p25_lon-05p75,1,104.6020474,238.75,1,32650974.6,0.974409689,58.75
WesternSahara,18.25,-5.75,WesternSahara_lat18p25_lon-05p75,2,1132.193013,96.25,0.087452585,2855412.134,0.3300334,-83.75
WesternSahara,18.25,-5.75,WesternSahara_lat18p25_lon-05p75,3,2553.427285,196.25,0.004266992,139321.4355,0.293236329,16.25
WesternSahara,18.25,-5.75,WesternSahara_lat18p25_lon-05p75,4,5433.725959,168.75,0.000301162,9833.243085,0.764318737,-11.25
WesternSahara,18.25,-5.75,WesternSahara_lat18p25_lon-05p75,5,7699.640646,146.25,8.59E-05,2803.088977,1,-33.75
WesternSahara,18.25,-5.5,WesternSahara_lat18p25_lon-05p50,1,93.12850046,243.75,1,45998825.65,0.974467635,63.75
WesternSahara,18.25,-5.5,WesternSahara_lat18p25_lon-05p50,2,3039.553957,153.75,0.001251471,57566.21008,0.28361623,-26.25
WesternSahara,18.25,-5.5,WesternSahara_lat18p25_lon-05p50,3,4307.076464,216.25,0.000327611,15069.71803,0.24539965,36.25
WesternSahara,18.25,-5.5,WesternSahara_lat18p25_lon-05p50,4,6103.167745,153.75,5.26E-05,2420.230207,0.639790425,-26.25
WesternSahara,18.25,-5.5,WesternSahara_lat18p25_lon-05p50,5,9165.513867,181.25,5.08E-05,2338.519435,0.879425361,1.25
WesternSahara,18.25,-5,WesternSahara_lat18p25_lon-05p00,1,93.12850046,248.75,1,61320745.6,0.976048194,68.75
WesternSahara,18.25,-5,WesternSahara_lat18p25_lon-05p00,2,375.4685011,251.25,0.416256957,25525186.98,0.295399417,71.25
WesternSahara,18.25,-5,WesternSahara_lat18p25_lon-05p00,3,2409.32123,193.75,0.004257055,261045.763,0.394813667,13.75
WesternSahara,18.25,-5,WesternSahara_lat18p25_lon-05p00,4,4307.076464,188.75,0.000552415,33874.47618,0.803764365,8.75
WesternSahara,18.25,-5,WesternSahara_lat18p25_lon-05p00,5,6468.209741,193.75,0.000109513,6715.428463,0.986953062,13.75
WesternSahara,18.25,-5,WesternSahara_lat18p25_lon-05p00,6,8648.245934,198.75,7.52E-05,4609.524721,0.782449022,18.75
WesternSahara,18.25,-4.5,WesternSahara_lat18p25_lon-04p50,1,98.69869206,248.75,1,61491218.23,0.979888148,68.75
WesternSahara,18.25,-4.5,WesternSahara_lat18p25_lon-04p50,2,532.0423875,263.75,0.389617785,23958072.24,0.214330027,83.75
WesternSahara,18.25,-4.5,WesternSahara_lat18p25_lon-04p50,3,711.3611955,246.25,0.325365426,20007116.41,0.223076678,66.25
WesternSahara,18.25,-4.5,WesternSahara_lat18p25_lon-04p50,4,3039.553957,103.75,0.001319441,81134.04435,0.245217334,-76.25
WesternSahara,18.25,-4.5,WesternSahara_lat18p25_lon-04p50,5,4307.076464,188.75,0.000192233,11820.63761,0.678033914,8.75
WesternSahara,18.25,-4.5,WesternSahara_lat18p25_lon-04p50,6,8648.245934,181.25,3.63E-05,2230.880896,0.870723981,1.25
WesternSahara,18.25,-4.25,WesternSahara_lat18p25_lon-04p25,1,82.91345931,251.25,1,98851071.99,0.97999727,71.25
WesternSahara,18.25,-4.25,WesternSahara_lat18p25_lon-04p25,2,397.9259817,248.75,0.360806926,35666151.39,0.271081119,68.75
WesternSahara,18.25,-4.25,WesternSahara_lat18p25_lon-04p25,3,532.0423875,253.75,0.305644836,30213319.7,0.208978949,73.75
WesternSahara,18.25,-4.25,WesternSahara_lat18p25_lon-04p25,4,1132.193013,246.25,0.104794518,10359050.4,0.301415683,66.25
WesternSahara,18.25,-4.25,WesternSahara_lat18p25_lon-04p25,5,1801.983335,246.25,0.048034008,4748213.179,0.42202894,66.25
WesternSahara,18.25,-4.25,WesternSahara_lat18p25_lon-04p25,6,3414.030779,256.25,0.000823517,81405.57022,0.34766018,76.25
WesternSahara,18.25,-4.25,WesternSahara_lat18p25_lon-04p25,7,4837.713633,136.25,0.000176975,17494.20181,0.497379895,-43.75
WesternSahara,18.25,-4.25,WesternSahara_lat18p25_lon-04p25,8,8648.245934,181.25,3.48E-05,3439.910418,0.968949037,1.25
WesternSahara,18.5,-14.5,WesternSahara_lat18p50_lon-14p50,1,41.29329946,181.25,1,50219197.03,0.945638955,1.25
WesternSahara,18.5,-14.5,WesternSahara_lat18p50_lon-14p50,2,671.2145829,228.75,0.374252837,18794676.97,0.374509167,48.75
WesternSahara,18.5,-14.5,WesternSahara_lat18p50_lon-14p50,3,3834.64361,236.25,0.00197304,99084.46981,0.891803645,56.25
WesternSahara,18.5,-14.5,WesternSahara_lat18p50_lon-14p50,4,6103.167745,241.25,0.000505235,25372.50218,1,61.25
WesternSahara,18.5,-14.5,WesternSahara_lat18p50_lon-14p50,5,8648.245934,251.25,0.000287969,14461.55824,0.954164853,71.25
WesternSahara,18.5,-14.25,WesternSahara_lat18p50_lon-14p25,1,41.29329946,178.75,1,28797606.24,0.924163288,-1.25
WesternSahara,18.5,-14.25,WesternSahara_lat18p50_lon-14p25,2,563.8648481,231.25,0.892343947,25697369.61,0.625792141,51.25
WesternSahara,18.5,-14.25,WesternSahara_lat18p50_lon-14p25,3,897.4397893,228.75,0.709127848,20421184.53,0.211156264,48.75
WesternSahara,18.5,-14.25,WesternSahara_lat18p50_lon-14p25,4,1271.680598,211.25,0.34451387,9921174.766,0.236811253,31.25
WesternSahara,18.5,-14.25,WesternSahara_lat18p50_lon-14p25,5,3221.355423,223.75,0.005185149,149319.8756,0.47798334,43.75
WesternSahara,18.5,-14.25,WesternSahara_lat18p50_lon-14p25,6,6855.085589,91.25,0.000337622,9722.702993,1,-88.75
WesternSahara,18.5,-13.75,WesternSahara_lat18p50_lon-13p75,1,41.29329946,203.75,1,17846438.37,0.902632478,23.75
WesternSahara,18.5,-13.75,WesternSahara_lat18p50_lon-13p75,2,3221.355423,223.75,0.008199406,146330.1938,0.23166884,43.75
WesternSahara,18.5,-13.75,WesternSahara_lat18p50_lon-13p75,3,4307.076464,188.75,0.001921507,34292.06184,0.355047169,8.75
WesternSahara,18.5,-13.75,WesternSahara_lat18p50_lon-13p75,4,6855.085589,91.25,0.000425476,7593.22993,1,-88.75
WesternSahara,18.5,-13.5,WesternSahara_lat18p50_lon-13p50,1,198.1786415,211.25,1,30043147.72,0.940817341,31.25
WesternSahara,18.5,-13.5,WesternSahara_lat18p50_lon-13p50,2,1132.193013,183.75,0.22733626,6829896.841,0.328452586,3.75
WesternSahara,18.5,-13.5,WesternSahara_lat18p50_lon-13p50,3,1513.785733,231.25,0.124278601,3733720.363,0.279210778,51.25
WesternSahara,18.5,-13.5,WesternSahara_lat18p50_lon-13p50,4,3221.355423,198.75,0.00584348,175556.5405,0.435445768,18.75
WesternSahara,18.5,-13.5,WesternSahara_lat18p50_lon-13p50,5,5433.725959,128.75,0.00083938,25217.60419,0.571561305,-51.25
WesternSahara,18.5,-13.5,WesternSahara_lat18p50_lon-13p50,6,8648.245934,251.25,0.000316976,9522.966677,0.851243034,71.25
WesternSahara,18.5,-13.25,WesternSahara_lat18p50_lon-13p25,1,139.8569723,236.25,1,29548300.34,0.968395855,56.25
WesternSahara,18.5,-13.25,WesternSahara_lat18p50_lon-13p25,2,1132.193013,208.75,0.229335807,6776483.302,0.204294154,28.75
WesternSahara,18.5,-13.25,WesternSahara_lat18p50_lon-13p25,3,2409.32123,176.25,0.04798695,1417932.823,0.249897712,-3.75
WesternSahara,18.5,-13.25,WesternSahara_lat18p50_lon-13p25,4,3834.64361,181.25,0.003744174,110633.9856,0.493045013,1.25
WesternSahara,18.5,-13.25,WesternSahara_lat18p50_lon-13p25,5,5433.725959,101.25,0.00095382,28183.77447,0.830960739,-78.75
WesternSahara,18.5,-13.25,WesternSahara_lat18p50_lon-13p25,6,7699.640646,236.25,0.000456841,13498.88143,1,56.25
WesternSahara,18.5,-13,WesternSahara_lat18p50_lon-13p00,1,502.0158696,248.75,1,16598516.02,0.963406786,68.75
WesternSahara,18.5,-13,WesternSahara_lat18p50_lon-13p00,2,6855.085589,256.25,0.000518419,8604.9814,0.515925194,76.25
WesternSahara,18.5,-12.75,WesternSahara_lat18p50_lon-12p75,1,280.8209936,181.25,1,23415692.31,0.979505648,1.25
WesternSahara,18.5,-12.75,WesternSahara_lat18p50_lon-12p75,2,1801.983335,228.75,0.09073141,2124538.79,0.33084669,48.75
WesternSahara,18.5,-12.75,WesternSahara_lat18p50_lon-12p75,3,2553.427285,241.25,0.034018267,796561.2831,0.285376516,61.25
WesternSahara,18.5,-12.75,WesternSahara_lat18p50_lon-12p75,4,3834.64361,253.75,0.004463786,104522.6416,0.371318929,73.75
WesternSahara,18.5,-12.75,WesternSahara_lat18p50_lon-12p75,5,5433.725959,231.25,0.002290493,53633.47241,0.318855416,51.25
WesternSahara,18.5,-12.75,WesternSahara_lat18p50_lon-12p75,6,8648.245934,251.25,0.00088339,20685.1981,0.793167394,71.25
WesternSahara,18.5,-12.5,WesternSahara_lat18p50_lon-12p50,1,334.2842646,243.75,1,32937794.11,0.981161134,63.75
WesternSahara,18.5,-12.5,WesternSahara_lat18p50_lon-12p50,2,1604.328118,191.25,0.092327178,3041053.579,0.263123251,11.25
WesternSahara,18.5,-12.5,WesternSahara_lat18p50_lon-12p50,3,2706.152597,136.25,0.017319198,570456.1618,0.310717681,-43.75
WesternSahara,18.5,-12.5,WesternSahara_lat18p50_lon-12p50,4,4307.076464,188.75,0.00399381,131547.291,0.778568979,8.75
WesternSahara,18.5,-12.5,WesternSahara_lat18p50_lon-12p50,5,6468.209741,193.75,0.001248481,41122.20333,0.988692194,13.75
WesternSahara,18.5,-12.5,WesternSahara_lat18p50_lon-12p50,6,8648.245934,198.75,0.000254972,8398.204456,0.978798903,18.75
WesternSahara,18.5,-12.25,WesternSahara_lat18p50_lon-12p25,1,421.7266867,238.75,1,57639323.14,0.988267772,58.75
WesternSahara,18.5,-12.25,WesternSahara_lat18p50_lon-12p25,2,846.7915844,256.25,0.529434611,30516252.64,0.251955573,76.25
WesternSahara,18.5,-12.25,WesternSahara_lat18p50_lon-12p25,3,1801.983335,253.75,0.106322898,6128379.854,0.466828785,73.75
WesternSahara,18.5,-12.25,WesternSahara_lat18p50_lon-12p25,4,3414.030779,256.25,0.00884111,509595.5858,0.597358669,76.25
WesternSahara,18.5,-12.25,WesternSahara_lat18p50_lon-12p25,5,4564.690847,261.25,0.003997097,230389.961,0.296464703,81.25
WesternSahara,18.5,-12.25,WesternSahara_lat18p50_lon-12p25,6,6103.167745,241.25,0.000756186,43586.04165,0.593482058,61.25
WesternSahara,18.5,-12.25,WesternSahara_lat18p50_lon-12p25,7,8648.245934,108.75,0.000402148,23179.52553,0.718586484,-71.25
WesternSahara,18.5,-10.25,WesternSahara_lat18p50_lon-10p25,1,375.4685011,181.25,1,27152570,0.971554181,1.25
WesternSahara,18.5,-10.25,WesternSahara_lat18p50_lon-10p25,2,1132.193013,203.75,0.429563325,11663748.25,0.264270101,23.75
WesternSahara,18.5,-10.25,WesternSahara_lat18p50_lon-10p25,3,1513.785733,221.25,0.186334555,5059462.056,0.250195852,41.25
WesternSahara,18.5,-10.25,WesternSahara_lat18p50_lon-10p25,4,2553.427285,263.75,0.040012811,1086450.64,0.201503799,83.75
WesternSahara,18.5,-10.25,WesternSahara_lat18p50_lon-10p25,5,3414.030779,263.75,0.023709432,643772.013,0.331024479,83.75
WesternSahara,18.5,-10.25,WesternSahara_lat18p50_lon-10p25,6,5433.725959,91.25,0.011886337,322744.591,0.865387739,-88.75
WesternSahara,18.5,-10.25,WesternSahara_lat18p50_lon-10p25,7,8648.245934,108.75,0.001636144,44425.52213,0.807248675,-71.25
WesternSahara,18.5,-9.75,WesternSahara_lat18p50_lon-09p75,1,110.8584935,238.75,1,37080089.56,0.969164721,58.75
WesternSahara,18.5,-9.75,WesternSahara_lat18p50_lon-09p75,2,532.0423875,148.75,0.967400036,35871279.97,0.315766146,-31.25
WesternSahara,18.5,-9.75,WesternSahara_lat18p50_lon-09p75,3,2868.012698,113.75,0.006911723,256287.294,0.433503859,-66.25
WesternSahara,18.5,-9.75,WesternSahara_lat18p50_lon-09p75,4,3834.64361,236.25,0.001013545,37582.33094,0.906512853,56.25
WesternSahara,18.5,-9.75,WesternSahara_lat18p50_lon-09p75,5,6855.085589,256.25,0.000240257,8908.740523,1,76.25
WesternSahara,18.5,-9.5,WesternSahara_lat18p50_lon-09p50,1,473.6839381,263.75,1,46331343.26,0.981997365,83.75
WesternSahara,18.5,-9.5,WesternSahara_lat18p50_lon-09p50,2,3834.64361,123.75,0.004231762,196063.2111,0.457817818,-56.25
WesternSahara,18.5,-9.5,WesternSahara_lat18p50_lon-09p50,3,6468.209741,166.25,0.000558634,25882.24878,1,-13.75
WesternSahara,18.5,-9.5,WesternSahara_lat18p50_lon-09p50,4,8648.245934,161.25,0.000632106,29286.3016,0.78836232,-18.75
WesternSahara,18.5,-9.25,WesternSahara_lat18p50_lon-09p25,1,563.8648481,218.75,1,15229383.11,0.978955652,38.75
WesternSahara,18.5,-9.25,WesternSahara_lat18p50_lon-09p25,2,2145.048581,231.25,0.073422803,1118184.002,0.318258403,51.25
WesternSahara,18.5,-9.25,WesternSahara_lat18p50_lon-09p25,3,3414.030779,208.75,0.006491656,98863.91729,0.305111048,28.75
WesternSahara,18.5,-9.25,WesternSahara_lat18p50_lon-09p25,4,5433.725959,101.25,0.002510682,38236.14049,0.84773928,-78.75
WesternSahara,18.5,-9.25,WesternSahara_lat18p50_lon-09p25,5,8648.245934,108.75,0.00052368,7975.329593,0.862601023,-71.25
WesternSahara,18.5,-9,WesternSahara_lat18p50_lon-09p00,1,597.5906703,236.25,1,13794330.37,0.969326344,56.25
WesternSahara,18.5,-9,WesternSahara_lat18p50_lon-09p00,2,2409.32123,216.25,0.03394122,468196.4048,0.555059733,36.25
WesternSahara,18.5,-9,WesternSahara_lat18p50_lon-09p00,3,3834.64361,181.25,0.008898364,122746.9739,0.878345547,1.25
WesternSahara,18.5,-9,WesternSahara_lat18p50_lon-09p00,4,5433.725959,181.25,0.003481915,48030.69058,0.870107447,1.25
WesternSahara,18.5,-9,WesternSahara_lat18p50_lon-09p00,5,8648.245934,181.25,0.001009977,13931.9599,0.911598132,1.25
WesternSahara,18.5,-8.75,WesternSahara_lat18p50_lon-08p75,1,222.5944962,251.25,1,26336118.41,0.980668535,71.25
WesternSahara,18.5,-8.75,WesternSahara_lat18p50_lon-08p75,2,421.7266867,228.75,0.889800868,23433901.02,0.200475407,48.75
WesternSahara,18.5,-8.75,WesternSahara_lat18p50_lon-08p75,3,1347.742218,241.25,0.131959284,3475295.327,0.355357839,61.25
WesternSahara,18.5,-8.75,WesternSahara_lat18p50_lon-08p75,4,2023.989919,248.75,0.030760913,810123.036,0.359046092,68.75
WesternSahara,18.5,-8.75,WesternSahara_lat18p50_lon-08p75,5,3039.553957,91.25,0.011709471,308382.017,0.332330982,-88.75
WesternSahara,18.5,-8.75,WesternSahara_lat18p50_lon-08p75,6,4564.690847,91.25,0.003579447,94268.74041,0.32243259,-88.75
WesternSahara,18.5,-8.75,WesternSahara_lat18p50_lon-08p75,7,6855.085589,103.75,0.000852074,22440.31106,0.990658344,-76.25
WesternSahara,18.5,-8.75,WesternSahara_lat18p50_lon-08p75,8,9165.513867,91.25,0.000461581,12156.25835,0.957014194,-88.75
WesternSahara,18.5,-8.5,WesternSahara_lat18p50_lon-08p50,1,502.0158696,243.75,1,38312489.02,0.982398777,63.75
WesternSahara,18.5,-8.5,WesternSahara_lat18p50_lon-08p50,2,2706.152597,238.75,0.016867123,646221.4747,0.349269148,58.75
WesternSahara,18.5,-8.5,WesternSahara_lat18p50_lon-08p50,3,3834.64361,123.75,0.003242296,124220.4346,0.464061483,-56.25
WesternSahara,18.5,-8.5,WesternSahara_lat18p50_lon-08p50,4,5433.725959,231.25,0.002245411,86027.27959,0.603428868,51.25
WesternSahara,18.5,-8.5,WesternSahara_lat18p50_lon-08p50,5,8648.245934,251.25,0.000307536,11782.4728,0.977326492,71.25
WesternSahara,18.5,-8.25,WesternSahara_lat18p50_lon-08p25,1,563.8648481,241.25,1,21802605.3,0.978292398,61.25
WesternSahara,18.5,-8.25,WesternSahara_lat18p50_lon-08p25,2,951.1173591,241.25,0.494613204,10783856.45,0.273391826,61.25
WesternSahara,18.5,-8.25,WesternSahara_lat18p50_lon-08p25,3,3414.030779,238.75,0.020096315,438152.0299,0.242675018,58.75
WesternSahara,18.5,-8.25,WesternSahara_lat18p50_lon-08p25,4,6855.085589,91.25,0.001827328,39840.51269,1,-88.75
WesternSahara,18.5,-7.75,WesternSahara_lat18p50_lon-07p75,1,98.69869206,241.25,1,66882927.46,0.980348673,61.25
WesternSahara,18.5,-7.75,WesternSahara_lat18p50_lon-07p75,2,2553.427285,228.75,0.004774255,319316.163,0.31538697,48.75
WesternSahara,18.5,-7.75,WesternSahara_lat18p50_lon-07p75,3,3834.64361,181.25,0.000653863,43732.27278,0.581492743,1.25
WesternSahara,18.5,-7.75,WesternSahara_lat18p50_lon-07p75,4,5433.725959,181.25,6.77E-05,4526.216674,0.473538385,1.25
WesternSahara,18.5,-7.75,WesternSahara_lat18p50_lon-07p75,5,8648.245934,181.25,6.08E-05,4067.346677,0.950719298,1.25
WesternSahara,18.5,-7.5,WesternSahara_lat18p50_lon-07p50,1,98.69869206,238.75,1,47864863.17,0.970279794,58.75
WesternSahara,18.5,-7.5,WesternSahara_lat18p50_lon-07p50,2,1347.742218,218.75,0.054178628,2593252.604,0.378327059,38.75
WesternSahara,18.5,-7.5,WesternSahara_lat18p50_lon-07p50,3,3834.64361,236.25,0.000527546,25250.90335,0.647953512,56.25
WesternSahara,18.5,-7.5,WesternSahara_lat18p50_lon-07p50,4,5433.725959,101.25,0.000168322,8056.715045,0.584375365,-78.75
WesternSahara,18.5,-7.5,WesternSahara_lat18p50_lon-07p50,5,8648.245934,181.25,5.94E-05,2843.597969,0.908284548,1.25
WesternSahara,18.5,-7,WesternSahara_lat18p50_lon-07p00,1,87.87267,241.25,1,37079571.36,0.964265106,61.25
WesternSahara,18.5,-7,WesternSahara_lat18p50_lon-07p00,2,3834.64361,136.25,0.000481979,17871.57411,0.207280833,-43.75
WesternSahara,18.5,-7,WesternSahara_lat18p50_lon-07p00,3,5433.725959,143.75,0.00020882,7742.966766,0.636244729,-36.25
WesternSahara,18.5,-7,WesternSahara_lat18p50_lon-07p00,4,9165.513867,181.25,4.55E-05,1688.84055,0.979457013,1.25
WesternSahara,18.5,-6.75,WesternSahara_lat18p50_lon-06p75,1,104.6020474,228.75,1,49299723.49,0.969326812,48.75
WesternSahara,18.5,-6.75,WesternSahara_lat18p50_lon-06p75,2,2553.427285,91.25,0.006659529,328312.9278,0.338151761,-88.75
WesternSahara,18.5,-6.75,WesternSahara_lat18p50_lon-06p75,3,3834.64361,146.25,0.000625984,30860.84238,0.356644449,-33.75
WesternSahara,18.5,-6.75,WesternSahara_lat18p50_lon-06p75,4,6468.209741,193.75,0.000111086,5476.514535,0.65401881,13.75
WesternSahara,18.5,-6.75,WesternSahara_lat18p50_lon-06p75,5,9165.513867,91.25,7.01E-05,3457.589802,0.897483915,-88.75
WesternSahara,18.5,-6.5,WesternSahara_lat18p50_lon-06p50,1,104.6020474,231.25,1,42114164.01,0.968023905,51.25
WesternSahara,18.5,-6.5,WesternSahara_lat18p50_lon-06p50,2,421.7266867,256.25,0.660091385,27799196.85,0.261104743,76.25
WesternSahara,18.5,-6.5,WesternSahara_lat18p50_lon-06p50,3,1513.785733,253.75,0.070767311,2980306.145,0.279746432,73.75
WesternSahara,18.5,-6.5,WesternSahara_lat18p50_lon-06p50,4,3834.64361,223.75,0.000538824,22692.11097,0.313815978,43.75
WesternSahara,18.5,-6.5,WesternSahara_lat18p50_lon-06p50,5,5127.066427,113.75,0.000241204,10158.10806,0.588140813,-66.25
WesternSahara,18.5,-6.5,WesternSahara_lat18p50_lon-06p50,6,6855.085589,256.25,8.72E-05,3671.625362,0.962265397,76.25
WesternSahara,18.5,-6.5,WesternSahara_lat18p50_lon-06p50,7,9165.513867,181.25,4.70E-05,1977.725127,0.64419282,1.25
WesternSahara,18.5,-6.25,WesternSahara_lat18p50_lon-06p25,1,82.91345931,228.75,1,12567102.46,0.949140072,48.75
WesternSahara,18.5,-6.25,WesternSahara_lat18p50_lon-06p25,2,375.4685011,233.75,0.506659314,6367239.51,0.24638224,53.75
WesternSahara,18.5,-6.25,WesternSahara_lat18p50_lon-06p25,3,1513.785733,236.25,0.048969156,615400.3994,0.224181153,56.25
WesternSahara,18.5,-6.25,WesternSahara_lat18p50_lon-06p25,4,4307.076464,198.75,0.00051096,6421.289766,0.287687061,18.75
WesternSahara,18.5,-6.25,WesternSahara_lat18p50_lon-06p25,5,6855.085589,103.75,0.000300029,3770.499679,0.924920009,-76.25
WesternSahara,18.5,-6.25,WesternSahara_lat18p50_lon-06p25,6,9165.513867,181.25,0.00018323,2302.665945,0.939426996,1.25
WesternSahara,18.5,-5.75,WesternSahara_lat18p50_lon-05p75,1,78.23412826,216.25,0.671487795,12084113.58,0.358381471,36.25
WesternSahara,18.5,-5.75,WesternSahara_lat18p50_lon-05p75,2,473.6839381,246.25,1,17996028.62,0.96739493,66.25
WesternSahara,18.5,-5.75,WesternSahara_lat18p50_lon-05p75,3,1347.742218,258.75,0.03542126,637442.0167,0.244680219,78.75
WesternSahara,18.5,-5.75,WesternSahara_lat18p50_lon-05p75,4,2553.427285,241.25,0.003835203,69018.42955,0.406726698,61.25
WesternSahara,18.5,-5.75,WesternSahara_lat18p50_lon-05p75,5,4564.690847,98.75,0.000771563,13885.07645,0.568800516,-81.25
WesternSahara,18.5,-5.75,WesternSahara_lat18p50_lon-05p75,6,6468.209741,136.25,0.000192723,3468.248932,0.648683685,-43.75
WesternSahara,18.5,-5.75,WesternSahara_lat18p50_lon-05p75,7,9165.513867,91.25,0.00043957,7910.517611,0.879020724,-88.75
WesternSahara,18.5,-5.5,WesternSahara_lat18p50_lon-05p50,1,87.87267,241.25,1,29799048.6,0.969587384,61.25
WesternSahara,18.5,-5.5,WesternSahara_lat18p50_lon-05p50,2,235.9082936,243.75,0.483776112,14416067.87,0.200754757,63.75
WesternSahara,18.5,-5.5,WesternSahara_lat18p50_lon-05p50,3,375.4685011,246.25,0.56306389,16778768.23,0.320143053,66.25
WesternSahara,18.5,-5.5,WesternSahara_lat18p50_lon-05p50,4,1513.785733,243.75,0.03119484,929576.5673,0.274985428,63.75
WesternSahara,18.5,-5.5,WesternSahara_lat18p50_lon-05p50,5,2273.34799,256.25,0.011821366,352265.4568,0.610983782,76.25
WesternSahara,18.5,-5.5,WesternSahara_lat18p50_lon-05p50,6,4564.690847,251.25,0.000654799,19512.37945,0.912337465,71.25
WesternSahara,18.5,-5.5,WesternSahara_lat18p50_lon-05p50,7,6855.085589,103.75,0.000279492,8328.60873,0.917279194,-76.25
WesternSahara,18.5,-5.5,WesternSahara_lat18p50_lon-05p50,8,9165.513867,91.25,0.000213934,6375.042796,0.974423914,-88.75
WesternSahara,18.5,-5.25,WesternSahara_lat18p50_lon-05p25,1,87.87267,253.75,1,28769852.55,0.972137199,73.75
WesternSahara,18.5,-5.25,WesternSahara_lat18p50_lon-05p25,2,1604.328118,241.25,0.027493728,790990.4993,0.244258826,61.25
WesternSahara,18.5,-5.25,WesternSahara_lat18p50_lon-05p25,3,3414.030779,263.75,0.000975237,28057.43272,0.396431038,83.75
WesternSahara,18.5,-5.25,WesternSahara_lat18p50_lon-05p25,4,4837.713633,238.75,0.000409365,11777.3622,0.280023169,58.75
WesternSahara,18.5,-5.25,WesternSahara_lat18p50_lon-05p25,5,6855.085589,103.75,8.75E-05,2516.863694,0.568065356,-76.25
WesternSahara,18.5,-5.25,WesternSahara_lat18p50_lon-05p25,6,9165.513867,91.25,0.000157097,4519.654145,0.903283374,-88.75
WesternSahara,18.75,-13.75,WesternSahara_lat18p75_lon-13p75,1,58.51299261,218.75,1,126039618.1,0.90863267,38.75
WesternSahara,18.75,-13.75,WesternSahara_lat18p75_lon-13p75,2,1132.193013,246.25,0.139371783,17566366.25,0.210389445,66.25
WesternSahara,18.75,-13.75,WesternSahara_lat18p75_lon-13p75,3,2553.427285,246.25,0.010859848,1368771.032,0.513997031,66.25
WesternSahara,18.75,-13.75,WesternSahara_lat18p75_lon-13p75,4,3834.64361,236.25,0.002872916,362101.2953,0.76804365,56.25
WesternSahara,18.75,-13.75,WesternSahara_lat18p75_lon-13p75,5,5433.725959,216.25,0.00029525,37213.22288,0.647509975,36.25
WesternSahara,18.75,-13.75,WesternSahara_lat18p75_lon-13p75,6,8648.245934,251.25,0.000426231,53722.02095,0.914366722,71.25
WesternSahara,18.75,-13.5,WesternSahara_lat18p75_lon-13p50,1,58.51299261,248.75,0.624126301,29173954.84,0.284665466,68.75
WesternSahara,18.75,-13.5,WesternSahara_lat18p75_lon-13p50,2,532.0423875,246.25,1,46743671.59,0.955475076,66.25
WesternSahara,18.75,-13.5,WesternSahara_lat18p75_lon-13p50,3,1513.785733,243.75,0.217240125,10154601.08,0.257151051,63.75
WesternSahara,18.75,-13.5,WesternSahara_lat18p75_lon-13p50,4,2409.32123,238.75,0.047594631,2224747.807,0.277234572,58.75
WesternSahara,18.75,-13.5,WesternSahara_lat18p75_lon-13p50,5,3834.64361,253.75,0.005675534,265295.2808,0.538566541,73.75
WesternSahara,18.75,-13.5,WesternSahara_lat18p75_lon-13p50,6,5433.725959,216.25,0.001564365,73124.16892,0.201959633,36.25
WesternSahara,18.75,-13.5,WesternSahara_lat18p75_lon-13p50,7,7699.640646,211.25,0.000318052,14866.89818,1,31.25
WesternSahara,18.75,-13.25,WesternSahara_lat18p75_lon-13p25,1,58.51299261,253.75,0.58430442,14212324.8,0.202384291,73.75
WesternSahara,18.75,-13.25,WesternSahara_lat18p75_lon-13p25,2,671.2145829,248.75,1,24323493.54,0.958837189,68.75
WesternSahara,18.75,-13.25,WesternSahara_lat18p75_lon-13p25,3,1428.353227,246.25,0.303239826,7375851.941,0.24683683,66.25
WesternSahara,18.75,-13.25,WesternSahara_lat18p75_lon-13p25,4,3221.355423,166.25,0.014744693,358642.4524,0.24085308,-13.75
WesternSahara,18.75,-13.25,WesternSahara_lat18p75_lon-13p25,5,4307.076464,188.75,0.005898903,143481.9197,0.474502929,8.75
WesternSahara,18.75,-13.25,WesternSahara_lat18p75_lon-13p25,6,6103.167745,206.25,0.00144092,35048.20386,1,26.25
WesternSahara,18.75,-13.25,WesternSahara_lat18p75_lon-13p25,7,8648.245934,161.25,0.00083864,20398.64307,0.900168892,-18.75
WesternSahara,18.75,-13,WesternSahara_lat18p75_lon-13p00,1,446.9509568,131.25,1,21728046.47,0.961583732,-48.75
WesternSahara,18.75,-13,WesternSahara_lat18p75_lon-13p00,2,1132.193013,231.25,0.385257752,8370898.348,0.311689672,51.25
WesternSahara,18.75,-13,WesternSahara_lat18p75_lon-13p00,3,1700.286015,116.25,0.143825912,3125056.108,0.296242238,-63.75
WesternSahara,18.75,-13,WesternSahara_lat18p75_lon-13p00,4,2273.34799,118.75,0.096353466,2093572.59,0.381679947,-61.25
WesternSahara,18.75,-13,WesternSahara_lat18p75_lon-13p00,5,3834.64361,223.75,0.002867458,62304.26035,0.57868577,43.75
WesternSahara,18.75,-13,WesternSahara_lat18p75_lon-13p00,6,6103.167745,241.25,0.000250835,5450.155036,0.981761836,61.25
WesternSahara,18.75,-13,WesternSahara_lat18p75_lon-13p00,7,8648.245934,251.25,0.000323411,7027.093138,0.699535718,71.25
WesternSahara,18.75,-12.75,WesternSahara_lat18p75_lon-12p75,1,446.9509568,246.25,1,25734853.48,0.970387491,66.25
WesternSahara,18.75,-12.75,WesternSahara_lat18p75_lon-12p75,2,1008.005486,96.25,0.448369579,11538725.43,0.25980336,-83.75
WesternSahara,18.75,-12.75,WesternSahara_lat18p75_lon-12p75,3,3834.64361,211.25,0.004305244,110794.8265,0.274823902,31.25
WesternSahara,18.75,-12.75,WesternSahara_lat18p75_lon-12p75,4,5433.725959,231.25,0.002036833,52417.59064,0.519150281,51.25
WesternSahara,18.75,-12.75,WesternSahara_lat18p75_lon-12p75,5,7699.640646,211.25,0.000617521,15891.80043,1,31.25
WesternSahara,18.75,-12.25,WesternSahara_lat18p75_lon-12p25,1,375.4685011,263.75,1,17638365.15,0.982786062,83.75
WesternSahara,18.75,-12.25,WesternSahara_lat18p75_lon-12p25,2,846.7915844,263.75,0.404050439,7126789.175,0.206663525,83.75
WesternSahara,18.75,-12.25,WesternSahara_lat18p75_lon-12p25,3,1199.911617,93.75,0.333238484,5877782.054,0.256906646,-86.25
WesternSahara,18.75,-12.25,WesternSahara_lat18p75_lon-12p25,4,3834.64361,106.25,0.003641427,64228.81443,0.365284328,-73.75
WesternSahara,18.75,-12.25,WesternSahara_lat18p75_lon-12p25,5,5433.725959,231.25,0.002403705,42397.43403,0.514472742,51.25
WesternSahara,18.75,-12.25,WesternSahara_lat18p75_lon-12p25,6,7699.640646,236.25,0.000825309,14557.10555,1,56.25
WesternSahara,18.75,-10.5,WesternSahara_lat18p75_lon-10p50,1,235.9082936,228.75,1,30459328.52,0.971541047,48.75
WesternSahara,18.75,-10.5,WesternSahara_lat18p75_lon-10p50,2,3039.553957,91.25,0.007020558,213841.4928,0.306680025,-88.75
WesternSahara,18.75,-10.5,WesternSahara_lat18p75_lon-10p50,3,4564.690847,91.25,0.001659997,50562.40402,0.270422455,-88.75
WesternSahara,18.75,-10.5,WesternSahara_lat18p75_lon-10p50,4,6468.209741,223.75,0.000238921,7277.370039,1,43.75
WesternSahara,18.75,-10.5,WesternSahara_lat18p75_lon-10p50,5,8648.245934,198.75,9.43E-05,2871.275847,0.586203165,18.75
WesternSahara,18.75,-10.25,WesternSahara_lat18p75_lon-10p25,1,186.994167,226.25,1,23004974.09,0.978693189,46.25
WesternSahara,18.75,-10.25,WesternSahara_lat18p75_lon-10p25,2,3221.355423,111.25,0.005113335,117632.1291,0.210713522,-68.75
WesternSahara,18.75,-10.25,WesternSahara_lat18p75_lon-10p25,3,6855.085589,256.25,0.000563965,12973.9946,1,76.25
WesternSahara,18.75,-9.75,WesternSahara_lat18p75_lon-09p75,1,131.9639586,236.25,1,16508284.91,0.96100732,56.25
WesternSahara,18.75,-9.75,WesternSahara_lat18p75_lon-09p75,2,3414.030779,238.75,0.004428698,73110.20302,0.383653248,58.75
WesternSahara,18.75,-9.75,WesternSahara_lat18p75_lon-09p75,3,5433.725959,91.25,0.000691086,11408.65232,0.773950261,-88.75
WesternSahara,18.75,-9.75,WesternSahara_lat18p75_lon-09p75,4,8648.245934,108.75,0.000658407,10869.1651,0.849027434,-71.25
WesternSahara,18.75,-9.5,WesternSahara_lat18p75_lon-09p50,1,93.12850046,238.75,1,46044859.09,0.963745636,58.75
WesternSahara,18.75,-9.5,WesternSahara_lat18p75_lon-09p50,2,3834.64361,223.75,0.000327523,15080.75116,0.617562108,43.75
WesternSahara,18.75,-9.5,WesternSahara_lat18p75_lon-09p50,3,5433.725959,91.25,0.000206925,9527.839448,0.923873723,-88.75
WesternSahara,18.75,-9.5,WesternSahara_lat18p75_lon-09p50,4,8648.245934,161.25,9.80E-05,4510.44105,0.894060945,-18.75
WesternSahara,18.75,-9.25,WesternSahara_lat18p75_lon-09p25,1,78.23412826,246.25,1,17922818.85,0.941894817,66.25
WesternSahara,18.75,-9.25,WesternSahara_lat18p75_lon-09p25,2,711.3611955,253.75,0.325403943,5832155.928,0.202310545,73.75
WesternSahara,18.75,-9.25,WesternSahara_lat18p75_lon-09p25,3,1132.193013,248.75,0.115651186,2072795.256,0.361792469,68.75
WesternSahara,18.75,-9.25,WesternSahara_lat18p75_lon-09p25,4,1801.983335,226.25,0.021392523,383414.3227,0.295896523,46.25
WesternSahara,18.75,-9.25,WesternSahara_lat18p75_lon-09p25,5,4064.000891,241.25,0.000981564,17592.38892,0.259693186,61.25
WesternSahara,18.75,-9.25,WesternSahara_lat18p75_lon-09p25,6,5433.725959,91.25,0.000537223,9628.554876,0.713138967,-88.75
WesternSahara,18.75,-9.25,WesternSahara_lat18p75_lon-09p25,7,8648.245934,181.25,0.000167465,3001.441749,0.617235331,1.25
WesternSahara,18.75,-9,WesternSahara_lat18p75_lon-09p00,1,139.8569723,246.25,1,11971125.91,0.944547232,66.25
WesternSahara,18.75,-9,WesternSahara_lat18p75_lon-09p00,2,2553.427285,186.25,0.012573813,150522.6934,0.216605333,6.25
WesternSahara,18.75,-9,WesternSahara_lat18p75_lon-09p00,3,3834.64361,181.25,0.008287169,99206.74585,0.510021029,1.25
WesternSahara,18.75,-9,WesternSahara_lat18p75_lon-09p00,4,5433.725959,181.25,0.002794268,33450.53896,0.859245789,1.25
WesternSahara,18.75,-9,WesternSahara_lat18p75_lon-09p00,5,8648.245934,251.25,0.000860882,10305.72219,0.645144022,71.25
WesternSahara,18.75,-8.75,WesternSahara_lat18p75_lon-08p75,1,250.0184145,243.75,1,16873320.95,0.964043521,63.75
WesternSahara,18.75,-8.75,WesternSahara_lat18p75_lon-08p75,2,1271.680598,248.75,0.075537715,1274572.117,0.319185087,68.75
WesternSahara,18.75,-8.75,WesternSahara_lat18p75_lon-08p75,3,1700.286015,258.75,0.049512352,835437.8012,0.426447917,78.75
WesternSahara,18.75,-8.75,WesternSahara_lat18p75_lon-08p75,4,2409.32123,231.25,0.011569356,195213.4494,0.25217509,51.25
WesternSahara,18.75,-8.75,WesternSahara_lat18p75_lon-08p75,5,3834.64361,236.25,0.005317721,89727.61242,0.646156903,56.25
WesternSahara,18.75,-8.75,WesternSahara_lat18p75_lon-08p75,6,5433.725959,231.25,0.002257461,38090.85936,0.692735077,51.25
WesternSahara,18.75,-8.75,WesternSahara_lat18p75_lon-08p75,7,8648.245934,108.75,0.000616755,10406.71032,0.687908869,-71.25
WesternSahara,18.75,-8.5,WesternSahara_lat18p75_lon-08p50,1,117.4891495,251.25,0.998453554,31114473.02,0.215152935,71.25
WesternSahara,18.75,-8.5,WesternSahara_lat18p75_lon-08p50,2,334.2842646,91.25,1,31162664.4,0.98076619,-88.75
WesternSahara,18.75,-8.5,WesternSahara_lat18p75_lon-08p50,3,633.3336976,238.75,0.667663702,20806179.89,0.207458823,58.75
WesternSahara,18.75,-8.5,WesternSahara_lat18p75_lon-08p50,4,1132.193013,93.75,0.187206752,5833861.193,0.233409143,-86.25
WesternSahara,18.75,-8.5,WesternSahara_lat18p75_lon-08p50,5,2409.32123,238.75,0.03855179,1201376.508,0.342688358,58.75
WesternSahara,18.75,-8.5,WesternSahara_lat18p75_lon-08p50,6,3414.030779,238.75,0.006861619,213826.3303,0.363112188,58.75
WesternSahara,18.75,-8.5,WesternSahara_lat18p75_lon-08p50,7,5433.725959,231.25,0.000634267,19765.45101,0.329527779,51.25
WesternSahara,18.75,-8.5,WesternSahara_lat18p75_lon-08p50,8,8648.245934,108.75,0.000434068,13526.71644,0.652339481,-71.25
WesternSahara,18.75,-8.25,WesternSahara_lat18p75_lon-08p25,1,117.4891495,121.25,1,24353267.03,0.986239796,-58.75
WesternSahara,18.75,-8.25,WesternSahara_lat18p75_lon-08p25,2,446.9509568,241.25,0.235975476,5746773.787,0.218553866,61.25
WesternSahara,18.75,-8.25,WesternSahara_lat18p75_lon-08p25,3,1604.328118,251.25,0.017701644,431092.8714,0.215607204,71.25
WesternSahara,18.75,-8.25,WesternSahara_lat18p75_lon-08p25,4,3414.030779,256.25,0.001069975,26057.39172,0.73976704,76.25
WesternSahara,18.75,-8.25,WesternSahara_lat18p75_lon-08p25,5,5433.725959,91.25,0.000269597,6565.563321,0.730029415,-88.75
WesternSahara,18.75,-8.25,WesternSahara_lat18p75_lon-08p25,6,8648.245934,251.25,0.000109747,2672.688091,0.712088534,71.25
WesternSahara,18.75,-7.75,WesternSahara_lat18p75_lon-07p75,1,87.87267,253.75,1,62433992.49,0.983573864,73.75
WesternSahara,18.75,-7.75,WesternSahara_lat18p75_lon-07p75,2,1008.005486,241.25,0.063317697,3953176.637,0.333620309,61.25
WesternSahara,18.75,-7.75,WesternSahara_lat18p75_lon-07p75,3,3414.030779,121.25,0.000665442,41546.21347,0.408391031,-58.75
WesternSahara,18.75,-7.75,WesternSahara_lat18p75_lon-07p75,4,5433.725959,91.25,0.00013772,8598.401645,0.738709676,-88.75
WesternSahara,18.75,-7.75,WesternSahara_lat18p75_lon-07p75,5,8648.245934,181.25,6.55E-05,4091.771264,0.985993981,1.25
WesternSahara,18.75,-7.5,WesternSahara_lat18p75_lon-07p50,1,87.87267,251.25,1,59223594.6,0.98009782,71.25
WesternSahara,18.75,-7.5,WesternSahara_lat18p75_lon-07p50,2,375.4685011,246.25,0.255698118,15143361.67,0.240699263,66.25
WesternSahara,18.75,-7.5,WesternSahara_lat18p75_lon-07p50,3,1513.785733,96.25,0.023588088,1396971.379,0.387292039,-83.75
WesternSahara,18.75,-7.5,WesternSahara_lat18p75_lon-07p50,4,3834.64361,188.75,0.000354523,20996.14805,0.488306038,8.75
WesternSahara,18.75,-7.5,WesternSahara_lat18p75_lon-07p50,5,5433.725959,216.25,0.00015577,9225.249323,0.760522586,36.25
WesternSahara,18.75,-7.5,WesternSahara_lat18p75_lon-07p50,6,8648.245934,181.25,3.84E-05,2272.140342,0.973548052,1.25
WesternSahara,18.75,-7.25,WesternSahara_lat18p75_lon-07p25,1,73.81888146,253.75,1,51524326.79,0.975061808,73.75
WesternSahara,18.75,-7.25,WesternSahara_lat18p75_lon-07p25,2,1068.296199,193.75,0.064068861,3301104.914,0.205731003,13.75
WesternSahara,18.75,-7.25,WesternSahara_lat18p75_lon-07p25,3,1700.286015,191.25,0.020613695,1062106.771,0.227442076,11.25
WesternSahara,18.75,-7.25,WesternSahara_lat18p75_lon-07p25,4,2553.427285,191.25,0.007363607,379404.8801,0.571408476,11.25
WesternSahara,18.75,-7.25,WesternSahara_lat18p75_lon-07p25,5,4307.076464,198.75,0.001727615,89014.18601,0.928568632,18.75
WesternSahara,18.75,-7.25,WesternSahara_lat18p75_lon-07p25,6,6468.209741,193.75,0.000740918,38175.29647,1,13.75
WesternSahara,18.75,-7.25,WesternSahara_lat18p75_lon-07p25,7,8648.245934,198.75,0.000458527,23625.3026,0.98429523,18.75
WesternSahara,18.75,-7,WesternSahara_lat18p75_lon-07p00,1,93.12850046,263.75,1,33763548.25,0.979196488,83.75
WesternSahara,18.75,-7,WesternSahara_lat18p75_lon-07p00,2,397.9259817,238.75,0.421458207,14229924.51,0.245226683,58.75
WesternSahara,18.75,-7,WesternSahara_lat18p75_lon-07p00,3,2409.32123,181.25,0.009160924,309305.2993,0.253146849,1.25
WesternSahara,18.75,-7,WesternSahara_lat18p75_lon-07p00,4,3414.030779,141.25,0.001767587,59680.00812,0.520147292,-38.75
WesternSahara,18.75,-7,WesternSahara_lat18p75_lon-07p00,5,5127.066427,191.25,0.000276186,9325.02845,0.524914107,11.25
WesternSahara,18.75,-7,WesternSahara_lat18p75_lon-07p00,6,6855.085589,181.25,0.000132078,4459.424854,0.950230469,1.25
WesternSahara,18.75,-7,WesternSahara_lat18p75_lon-07p00,7,9165.513867,91.25,2.70E-05,913.1980094,0.944556662,-88.75
WesternSahara,18.75,-6.75,WesternSahara_lat18p75_lon-06p75,1,93.12850046,238.75,1,46519568.3,0.970998136,58.75
WesternSahara,18.75,-6.75,WesternSahara_lat18p75_lon-06p75,2,1132.193013,248.75,0.087227715,4057795.669,0.213649517,68.75
WesternSahara,18.75,-6.75,WesternSahara_lat18p75_lon-06p75,3,1513.785733,93.75,0.031541679,1467305.304,0.230653599,-86.25
WesternSahara,18.75,-6.75,WesternSahara_lat18p75_lon-06p75,4,5433.725959,101.25,0.000196175,9125.997002,0.678919806,-78.75
WesternSahara,18.75,-6.75,WesternSahara_lat18p75_lon-06p75,5,8648.245934,161.25,6.00E-05,2790.28437,0.946484146,-18.75
WesternSahara,18.75,-6.5,WesternSahara_lat18p75_lon-06p50,1,104.6020474,116.25,1,24503364.39,0.958429213,-63.75
WesternSahara,18.75,-6.5,WesternSahara_lat18p75_lon-06p50,2,375.4685011,246.25,0.33948306,8318477.125,0.244861037,66.25
WesternSahara,18.75,-6.5,WesternSahara_lat18p75_lon-06p50,3,2273.34799,261.25,0.004098143,100418.2877,0.251238092,81.25
WesternSahara,18.75,-6.5,WesternSahara_lat18p75_lon-06p50,4,3834.64361,188.75,0.000792545,19420.02603,0.300280066,8.75
WesternSahara,18.75,-6.5,WesternSahara_lat18p75_lon-06p50,5,5433.725959,258.75,0.0002143,5251.068261,0.727028502,78.75
WesternSahara,18.75,-6.5,WesternSahara_lat18p75_lon-06p50,6,8648.245934,251.25,7.23E-05,1771.601657,0.836582432,71.25
WesternSahara,18.75,-6.25,WesternSahara_lat18p75_lon-06p25,1,117.4891495,128.75,1,18270714.94,0.961819656,-51.25
WesternSahara,18.75,-6.25,WesternSahara_lat18p75_lon-06p25,2,1199.911617,241.25,0.032142113,587259.3887,0.33524965,61.25
WesternSahara,18.75,-6.25,WesternSahara_lat18p75_lon-06p25,3,3414.030779,91.25,0.002415972,44141.52838,0.432931814,-88.75
WesternSahara,18.75,-6.25,WesternSahara_lat18p75_lon-06p25,4,5433.725959,216.25,0.000403664,7375.226295,0.301076018,36.25
WesternSahara,18.75,-6.25,WesternSahara_lat18p75_lon-06p25,5,7699.640646,123.75,0.000345746,6317.029014,1,-56.25
WesternSahara,18.75,-5.75,WesternSahara_lat18p75_lon-05p75,1,110.8584935,178.75,1,71441632.53,0.930286563,-1.25
WesternSahara,18.75,-5.75,WesternSahara_lat18p75_lon-05p75,2,4564.690847,251.25,0.001439731,102856.7592,0.614360023,71.25
WesternSahara,18.75,-5.75,WesternSahara_lat18p75_lon-05p75,3,7699.640646,123.75,0.000165131,11797.23593,1,-56.25
WesternSahara,18.75,-5.5,WesternSahara_lat18p75_lon-05p50,1,104.6020474,183.75,1,104858532.3,0.97071487,3.75
WesternSahara,18.75,-5.5,WesternSahara_lat18p75_lon-05p50,2,2706.152597,223.75,0.00092557,97053.94638,0.401323511,43.75
WesternSahara,18.75,-5.5,WesternSahara_lat18p75_lon-05p50,3,5433.725959,216.25,0.000121053,12693.48021,0.665224547,36.25
WesternSahara,18.75,-5.5,WesternSahara_lat18p75_lon-05p50,4,9165.513867,91.25,5.71E-05,5989.464419,0.625185934,-88.75
WesternSahara,18.75,-5.25,WesternSahara_lat18p75_lon-05p25,1,98.69869206,191.25,1,168030135.2,0.983405692,11.25
WesternSahara,18.75,-5.25,WesternSahara_lat18p75_lon-05p25,2,3618.230411,91.25,8.13E-05,13668.44819,0.317350649,-88.75
WesternSahara,18.75,-5.25,WesternSahara_lat18p75_lon-05p25,3,5433.725959,216.25,6.38E-05,10725.24664,0.825834362,36.25
WesternSahara,18.75,-5.25,WesternSahara_lat18p75_lon-05p25,4,7699.640646,211.25,1.61E-05,2705.384715,0.73588042,31.25
WesternSahara,18.75,-4.5,WesternSahara_lat18p75_lon-04p50,1,78.23412826,253.75,1,35463071.76,0.979988808,73.75
WesternSahara,18.75,-4.5,WesternSahara_lat18p75_lon-04p50,2,1132.193013,266.25,0.059061511,2094502.602,0.322232591,86.25
WesternSahara,18.75,-4.5,WesternSahara_lat18p75_lon-04p50,3,3414.030779,256.25,0.000892202,31640.21703,0.364289092,76.25
WesternSahara,18.75,-4.5,WesternSahara_lat18p75_lon-04p50,4,4837.713633,238.75,0.000282655,10023.8316,0.293836819,58.75
WesternSahara,18.75,-4.5,WesternSahara_lat18p75_lon-04p50,5,6855.085589,91.25,0.00010006,3548.421261,1,-88.75
WesternSahara,18.75,-4.25,WesternSahara_lat18p75_lon-04p25,1,73.81888146,253.75,1,38389392.11,0.982311583,73.75
WesternSahara,18.75,-4.25,WesternSahara_lat18p75_lon-04p25,2,951.1173591,251.25,0.160402223,6157743.815,0.567078989,71.25
WesternSahara,18.75,-4.25,WesternSahara_lat18p75_lon-04p25,3,3834.64361,98.75,0.0007124,27348.60791,0.791182933,-81.25
WesternSahara,18.75,-4.25,WesternSahara_lat18p75_lon-04p25,4,6855.085589,103.75,0.000195522,7505.972735,1,-76.25
WesternSahara,19,-12.75,WesternSahara_lat19p00_lon-12p75,1,62.01276528,243.75,1,15168312.36,0.936774688,63.75
WesternSahara,19,-12.75,WesternSahara_lat19p00_lon-12p75,2,532.0423875,243.75,0.784663274,11902017.63,0.454487318,63.75
WesternSahara,19,-12.75,WesternSahara_lat19p00_lon-12p75,3,897.4397893,243.75,0.600722856,9111951.919,0.206706967,63.75
WesternSahara,19,-12.75,WesternSahara_lat19p00_lon-12p75,4,1347.742218,258.75,0.337938951,5125963.561,0.284941334,78.75
WesternSahara,19,-12.75,WesternSahara_lat19p00_lon-12p75,5,1801.983335,246.25,0.170646936,2588426.031,0.380527107,66.25
WesternSahara,19,-12.75,WesternSahara_lat19p00_lon-12p75,6,2553.427285,133.75,0.031936802,484427.3823,0.212303823,-46.25
WesternSahara,19,-12.75,WesternSahara_lat19p00_lon-12p75,7,4564.690847,91.25,0.007166574,108704.8286,0.688599682,-88.75
WesternSahara,19,-12.75,WesternSahara_lat19p00_lon-12p75,8,7699.640646,211.25,0.002185915,33156.63598,1,31.25
WesternSahara,19,-12.25,WesternSahara_lat19p00_lon-12p25,1,69.65281496,236.25,0.905986374,25004077.13,0.372665056,56.25
WesternSahara,19,-12.25,WesternSahara_lat19p00_lon-12p25,2,597.5906703,226.25,1,27598734.21,0.944361698,46.25
WesternSahara,19,-12.25,WesternSahara_lat19p00_lon-12p25,3,2023.989919,241.25,0.108728725,3000775.177,0.326848795,61.25
WesternSahara,19,-12.25,WesternSahara_lat19p00_lon-12p25,4,3834.64361,253.75,0.003844207,106095.2339,0.237033324,73.75
WesternSahara,19,-12.25,WesternSahara_lat19p00_lon-12p25,5,5433.725959,231.25,0.002391087,65990.97031,0.318832775,51.25
WesternSahara,19,-12.25,WesternSahara_lat19p00_lon-12p25,6,7699.640646,236.25,0.001017993,28095.30911,1,56.25
WesternSahara,19,-10.75,WesternSahara_lat19p00_lon-10p75,1,250.0184145,246.25,1,23056496.64,0.972702335,66.25
WesternSahara,19,-10.75,WesternSahara_lat19p00_lon-10p75,2,1271.680598,158.75,0.15255184,3517310.991,0.262705862,-21.25
WesternSahara,19,-10.75,WesternSahara_lat19p00_lon-10p75,3,3834.64361,253.75,0.001751604,40385.8407,0.602500971,73.75
WesternSahara,19,-10.75,WesternSahara_lat19p00_lon-10p75,4,5433.725959,91.25,0.000678707,15648.61676,0.643044806,-88.75
WesternSahara,19,-10.75,WesternSahara_lat19p00_lon-10p75,5,7699.640646,126.25,0.000155095,3575.944323,1,-53.75
WesternSahara,19,-10.5,WesternSahara_lat19p00_lon-10p50,1,124.5163975,236.25,1,72014514.04,0.979461683,56.25
WesternSahara,19,-10.5,WesternSahara_lat19p00_lon-10p50,2,1347.742218,228.75,0.044102077,3175989.66,0.208690873,48.75
WesternSahara,19,-10.5,WesternSahara_lat19p00_lon-10p50,3,3834.64361,233.75,0.00083132,59867.11599,0.41742857,53.75
WesternSahara,19,-10.5,WesternSahara_lat19p00_lon-10p50,4,5433.725959,101.25,0.000156232,11250.93869,0.341976614,-78.75
WesternSahara,19,-10.5,WesternSahara_lat19p00_lon-10p50,5,8648.245934,181.25,0.00012402,8931.256057,0.815814522,1.25
WesternSahara,19,-10.25,WesternSahara_lat19p00_lon-10p25,1,117.4891495,238.75,1,67699263.89,0.979558644,58.75
WesternSahara,19,-10.25,WesternSahara_lat19p00_lon-10p25,2,3834.64361,171.25,0.000547834,37087.95747,0.494818474,-8.75
WesternSahara,19,-10.25,WesternSahara_lat19p00_lon-10p25,3,5433.725959,258.75,0.000451961,30597.41421,0.695180763,78.75
WesternSahara,19,-10.25,WesternSahara_lat19p00_lon-10p25,4,8648.245934,108.75,9.91E-05,6708.076283,0.759978879,-71.25
WesternSahara,19,-10,WesternSahara_lat19p00_lon-10p00,1,117.4891495,236.25,1,30952430.98,0.97343877,56.25
WesternSahara,19,-10,WesternSahara_lat19p00_lon-10p00,2,397.9259817,156.25,0.885567825,27410476.99,0.260251907,-23.75
WesternSahara,19,-10,WesternSahara_lat19p00_lon-10p00,3,753.9090529,171.25,0.784842782,24292792.03,0.360011689,-8.75
WesternSahara,19,-10,WesternSahara_lat19p00_lon-10p00,4,2706.152597,258.75,0.012873087,398453.3322,0.442401315,78.75
WesternSahara,19,-10,WesternSahara_lat19p00_lon-10p00,5,3834.64361,188.75,0.001014532,31402.23809,0.727101488,8.75
WesternSahara,19,-10,WesternSahara_lat19p00_lon-10p00,6,5433.725959,101.25,0.000436874,13522.32314,0.293876445,-78.75
WesternSahara,19,-10,WesternSahara_lat19p00_lon-10p00,7,8648.245934,251.25,0.000123538,3823.816648,0.591376491,71.25
WesternSahara,19,-8.75,WesternSahara_lat19p00_lon-08p75,1,98.69869206,131.25,1,162926050.6,0.993966208,-48.75
WesternSahara,19,-8.75,WesternSahara_lat19p00_lon-08p75,2,532.0423875,258.75,0.074614391,12156628.06,0.266359786,78.75
WesternSahara,19,-8.75,WesternSahara_lat19p00_lon-08p75,3,1347.742218,251.25,0.011170637,1819987.715,0.251017278,71.25
WesternSahara,19,-8.75,WesternSahara_lat19p00_lon-08p75,4,2023.989919,248.75,0.002893737,471465.1964,0.403086982,68.75
WesternSahara,19,-8.75,WesternSahara_lat19p00_lon-08p75,5,3414.030779,91.25,0.000564706,92005.2936,0.826015945,-88.75
WesternSahara,19,-8.75,WesternSahara_lat19p00_lon-08p75,6,5433.725959,258.75,0.000297734,48508.61528,0.813451055,78.75
WesternSahara,19,-8.75,WesternSahara_lat19p00_lon-08p75,7,7699.640646,233.75,9.81E-06,1598.11632,0.210187349,53.75
WesternSahara,19,-8.5,WesternSahara_lat19p00_lon-08p50,1,104.6020474,121.25,1,125734061.3,0.994607595,-58.75
WesternSahara,19,-8.5,WesternSahara_lat19p00_lon-08p50,2,2023.989919,256.25,0.002332108,293225.4317,0.556372766,76.25
WesternSahara,19,-8.5,WesternSahara_lat19p00_lon-08p50,3,2706.152597,258.75,0.000915478,115106.7098,0.442682298,78.75
WesternSahara,19,-8.5,WesternSahara_lat19p00_lon-08p50,4,4064.000891,91.25,7.97E-05,10027.10522,0.671543089,-88.75
WesternSahara,19,-8.5,WesternSahara_lat19p00_lon-08p50,5,5433.725959,91.25,0.000165996,20871.36604,0.857805917,-88.75
WesternSahara,19,-8.5,WesternSahara_lat19p00_lon-08p50,6,8648.245934,181.25,1.88E-05,2360.138979,0.72006643,1.25
WesternSahara,19,-8.25,WesternSahara_lat19p00_lon-08p25,1,117.4891495,118.75,1,129945064.3,0.992706504,-61.25
WesternSahara,19,-8.25,WesternSahara_lat19p00_lon-08p25,2,799.0017781,248.75,0.024248267,3150942.625,0.224633905,68.75
WesternSahara,19,-8.25,WesternSahara_lat19p00_lon-08p25,3,1428.353227,91.25,0.006664583,866029.6413,0.401135979,-88.75
WesternSahara,19,-8.25,WesternSahara_lat19p00_lon-08p25,4,2023.989919,248.75,0.002678192,348017.8926,0.219658704,68.75
WesternSahara,19,-8.25,WesternSahara_lat19p00_lon-08p25,5,3414.030779,91.25,0.000668501,86868.38235,0.664494246,-88.75
WesternSahara,19,-8.25,WesternSahara_lat19p00_lon-08p25,6,5433.725959,231.25,0.000244051,31713.16849,0.685600459,51.25
WesternSahara,19,-8.25,WesternSahara_lat19p00_lon-08p25,7,7699.640646,233.75,6.62E-05,8600.900415,0.923005381,53.75
WesternSahara,19,-5.75,WesternSahara_lat19p00_lon-05p75,1,104.6020474,196.25,1,121719139.2,0.983692087,16.25
WesternSahara,19,-5.75,WesternSahara_lat19p00_lon-05p75,2,2273.34799,181.25,0.00213329,259662.2333,0.279389969,1.25
WesternSahara,19,-5.75,WesternSahara_lat19p00_lon-05p75,3,3039.553957,181.25,0.000372607,45353.3586,0.212856979,1.25
WesternSahara,19,-5.75,WesternSahara_lat19p00_lon-05p75,4,4564.690847,181.25,0.000245735,29910.63299,0.73451489,1.25
WesternSahara,19,-5.75,WesternSahara_lat19p00_lon-05p75,5,6855.085589,181.25,0.000111527,13575.00728,0.98032226,1.25
WesternSahara,19,-5.75,WesternSahara_lat19p00_lon-05p75,6,9165.513867,181.25,3.15E-05,3832.461507,0.961598442,1.25
WesternSahara,19,-5.5,WesternSahara_lat19p00_lon-05p50,1,104.6020474,191.25,1,227280238.3,0.988038582,11.25
WesternSahara,19,-5.5,WesternSahara_lat19p00_lon-05p50,2,633.3336976,243.75,0.13777806,31314230.4,0.422115565,63.75
WesternSahara,19,-5.5,WesternSahara_lat19p00_lon-05p50,3,3414.030779,91.25,0.000751439,170787.1279,0.519692187,-88.75
WesternSahara,19,-5.5,WesternSahara_lat19p00_lon-05p50,4,5127.066427,246.25,0.000132993,30226.71497,0.400462534,66.25
WesternSahara,19,-5.5,WesternSahara_lat19p00_lon-05p50,5,7699.640646,211.25,4.37E-05,9935.964984,1,31.25
WesternSahara,19,-5.25,WesternSahara_lat19p00_lon-05p25,1,104.6020474,198.75,1,86208020.24,0.980113515,18.75
WesternSahara,19,-5.25,WesternSahara_lat19p00_lon-05p25,2,2868.012698,236.25,0.000682524,58839.03861,0.559410398,56.25
WesternSahara,19,-5.25,WesternSahara_lat19p00_lon-05p25,3,6855.085589,256.25,0.000144275,12437.67387,0.870627088,76.25
WesternSahara,19.25,-12.75,WesternSahara_lat19p25_lon-12p75,1,532.0423875,163.75,1,20901797.93,0.949581457,-16.25
WesternSahara,19.25,-12.75,WesternSahara_lat19p25_lon-12p75,2,3834.64361,233.75,0.015010869,313754.155,0.432841364,53.75
WesternSahara,19.25,-12.75,WesternSahara_lat19p25_lon-12p75,3,5127.066427,201.25,0.005096115,106517.9566,0.336599353,21.25
WesternSahara,19.25,-12.75,WesternSahara_lat19p25_lon-12p75,4,6855.085589,91.25,0.00203839,42606.01428,0.724785074,-88.75
WesternSahara,19.25,-12.75,WesternSahara_lat19p25_lon-12p75,5,9165.513867,91.25,0.000973097,20339.47124,0.802263441,-88.75
WesternSahara,19.25,-12.25,WesternSahara_lat19p25_lon-12p25,1,65.72186596,241.25,1,38990691.17,0.94810029,61.25
WesternSahara,19.25,-12.25,WesternSahara_lat19p25_lon-12p25,2,753.9090529,256.25,0.200899413,7833206.971,0.228140827,76.25
WesternSahara,19.25,-12.25,WesternSahara_lat19p25_lon-12p25,3,2273.34799,241.25,0.014765406,575713.3885,0.276847761,61.25
WesternSahara,19.25,-12.25,WesternSahara_lat19p25_lon-12p25,4,3039.553957,263.75,0.00545917,212856.8296,0.301093936,83.75
WesternSahara,19.25,-12.25,WesternSahara_lat19p25_lon-12p25,5,5433.725959,216.25,0.000380174,14823.26321,0.465937871,36.25
WesternSahara,19.25,-12.25,WesternSahara_lat19p25_lon-12p25,6,7699.640646,233.75,0.000184231,7183.294682,1,53.75
WesternSahara,19.25,-10.75,WesternSahara_lat19p25_lon-10p75,1,65.72186596,253.75,1,48691982.26,0.960851844,73.75
WesternSahara,19.25,-10.75,WesternSahara_lat19p25_lon-10p75,2,250.0184145,268.75,0.207844782,10120374.42,0.200293049,88.75
WesternSahara,19.25,-10.75,WesternSahara_lat19p25_lon-10p75,3,354.2784382,91.25,0.228389449,11120734.98,0.275522773,-88.75
WesternSahara,19.25,-10.75,WesternSahara_lat19p25_lon-10p75,4,3834.64361,233.75,0.00040253,19599.97772,0.417110133,53.75
WesternSahara,19.25,-10.75,WesternSahara_lat19p25_lon-10p75,5,6103.167745,241.25,0.000123965,6036.087857,1,61.25
WesternSahara,19.25,-10.75,WesternSahara_lat19p25_lon-10p75,6,8648.245934,181.25,5.83E-05,2839.831044,0.783133441,1.25
WesternSahara,19.25,-10.5,WesternSahara_lat19p25_lon-10p50,1,73.81888146,253.75,1,47523588.5,0.962463286,73.75
WesternSahara,19.25,-10.5,WesternSahara_lat19p25_lon-10p50,2,1347.742218,251.25,0.024062539,1143538.202,0.247934677,71.25
WesternSahara,19.25,-10.5,WesternSahara_lat19p25_lon-10p50,3,3834.64361,171.25,0.000342398,16271.97173,0.703565468,-8.75
WesternSahara,19.25,-10.5,WesternSahara_lat19p25_lon-10p50,4,5433.725959,101.25,9.56E-05,4542.474876,0.723337085,-78.75
WesternSahara,19.25,-10.5,WesternSahara_lat19p25_lon-10p50,5,8648.245934,251.25,5.00E-05,2376.946106,0.94962014,71.25
WesternSahara,19.25,-10.25,WesternSahara_lat19p25_lon-10p25,1,78.23412826,236.25,1,35573971.22,0.96449633,56.25
WesternSahara,19.25,-10.25,WesternSahara_lat19p25_lon-10p25,2,951.1173591,256.25,0.16285202,5793293.088,0.391531827,76.25
WesternSahara,19.25,-10.25,WesternSahara_lat19p25_lon-10p25,3,3834.64361,253.75,0.00084583,30089.53777,0.693950395,73.75
WesternSahara,19.25,-10.25,WesternSahara_lat19p25_lon-10p25,4,5433.725959,181.25,0.000257775,9170.080585,0.657857477,1.25
WesternSahara,19.25,-10.25,WesternSahara_lat19p25_lon-10p25,5,8648.245934,251.25,4.57E-05,1627.428381,0.469421391,71.25
WesternSahara,19.25,-10,WesternSahara_lat19p25_lon-10p00,1,87.87267,261.25,1,37144177.96,0.975779636,81.25
WesternSahara,19.25,-10,WesternSahara_lat19p25_lon-10p00,2,563.8648481,261.25,0.624279468,23188347.67,0.200792541,81.25
WesternSahara,19.25,-10,WesternSahara_lat19p25_lon-10p00,3,1428.353227,251.25,0.107526063,3993967.224,0.388883367,71.25
WesternSahara,19.25,-10,WesternSahara_lat19p25_lon-10p00,4,3834.64361,253.75,0.000807917,30009.39551,0.649146995,73.75
WesternSahara,19.25,-10,WesternSahara_lat19p25_lon-10p00,5,5433.725959,181.25,0.000248437,9227.981146,0.358658508,1.25
WesternSahara,19.25,-10,WesternSahara_lat19p25_lon-10p00,6,8648.245934,108.75,0.000204988,7614.124286,0.843041088,-71.25
WesternSahara,19.25,-9.25,WesternSahara_lat19p25_lon-09p25,1,104.6020474,131.25,1,75063099.63,0.993849694,-48.75
WesternSahara,19.25,-9.25,WesternSahara_lat19p25_lon-09p25,2,633.3336976,258.75,0.0504665,3788171.907,0.378407078,78.75
WesternSahara,19.25,-9.25,WesternSahara_lat19p25_lon-09p25,3,1008.005486,258.75,0.019375843,1454410.809,0.326179971,78.75
WesternSahara,19.25,-9.25,WesternSahara_lat19p25_lon-09p25,4,1347.742218,261.25,0.005575014,418477.8429,0.23820757,81.25
WesternSahara,19.25,-9.25,WesternSahara_lat19p25_lon-09p25,5,2023.989919,256.25,0.001684079,126412.2045,0.420780875,76.25
WesternSahara,19.25,-9.25,WesternSahara_lat19p25_lon-09p25,6,2706.152597,258.75,0.001094151,82130.3312,0.490659537,78.75
WesternSahara,19.25,-9.25,WesternSahara_lat19p25_lon-09p25,7,3834.64361,253.75,0.000291533,21883.35364,0.471196445,73.75
WesternSahara,19.25,-9.25,WesternSahara_lat19p25_lon-09p25,8,5127.066427,246.25,4.09E-05,3070.357976,0.705933594,66.25
WesternSahara,19.25,-9.25,WesternSahara_lat19p25_lon-09p25,9,8648.245934,181.25,2.86E-05,2144.421595,0.939350896,1.25
WesternSahara,19.25,-9,WesternSahara_lat19p25_lon-09p00,1,110.8584935,141.25,1,151924123.9,0.99441302,-38.75
WesternSahara,19.25,-9,WesternSahara_lat19p25_lon-09p00,2,473.6839381,243.75,0.053200423,8082427.729,0.25702036,63.75
WesternSahara,19.25,-9,WesternSahara_lat19p25_lon-09p00,3,2145.048581,181.25,0.001886845,286657.3,0.255197226,1.25
WesternSahara,19.25,-9,WesternSahara_lat19p25_lon-09p00,4,3834.64361,181.25,0.000398379,60523.32019,0.65997827,1.25
WesternSahara,19.25,-9,WesternSahara_lat19p25_lon-09p00,5,5127.066427,181.25,0.000231398,35154.86698,0.976075827,1.25
WesternSahara,19.25,-9,WesternSahara_lat19p25_lon-09p00,6,8648.245934,181.25,4.88E-05,7412.172065,0.949460166,1.25
WesternSahara,19.25,-8.75,WesternSahara_lat19p25_lon-08p75,1,110.8584935,131.25,1,305094990.2,0.994178517,-48.75
WesternSahara,19.25,-8.75,WesternSahara_lat19p25_lon-08p75,2,1132.193013,91.25,0.006143985,1874499.061,0.308360915,-88.75
WesternSahara,19.25,-8.75,WesternSahara_lat19p25_lon-08p75,3,2023.989919,256.25,0.001593901,486291.2067,0.207524746,76.25
WesternSahara,19.25,-8.75,WesternSahara_lat19p25_lon-08p75,4,2706.152597,263.75,0.000705091,215119.857,0.397327422,83.75
WesternSahara,19.25,-8.75,WesternSahara_lat19p25_lon-08p75,5,3834.64361,261.25,0.000359067,109549.6829,0.82021054,81.25
WesternSahara,19.25,-8.75,WesternSahara_lat19p25_lon-08p75,6,5433.725959,258.75,0.000132716,40490.9547,0.92503108,78.75
WesternSahara,19.25,-8.75,WesternSahara_lat19p25_lon-08p75,7,8648.245934,108.75,1.53E-05,4660.570303,0.63010167,-71.25
WesternSahara,19.25,-8.5,WesternSahara_lat19p25_lon-08p50,1,117.4891495,138.75,1,264324053.2,0.993472196,-41.25
WesternSahara,19.25,-8.5,WesternSahara_lat19p25_lon-08p50,2,2023.989919,238.75,0.000787459,208144.4463,0.209000825,58.75
WesternSahara,19.25,-8.5,WesternSahara_lat19p25_lon-08p50,3,3039.553957,256.25,0.000302484,79953.74026,0.473012438,76.25
WesternSahara,19.25,-8.5,WesternSahara_lat19p25_lon-08p50,4,5433.725959,231.25,4.77E-05,12611.97035,0.371079274,51.25
WesternSahara,19.25,-8.5,WesternSahara_lat19p25_lon-08p50,5,8648.245934,181.25,1.12E-05,2966.037313,0.951191836,1.25
WesternSahara,19.25,-8.25,WesternSahara_lat19p25_lon-08p25,1,117.4891495,141.25,1,338731271.7,0.997117285,-38.75
WesternSahara,19.25,-8.25,WesternSahara_lat19p25_lon-08p25,2,1428.353227,251.25,0.002195902,743820.8218,0.295942925,71.25
WesternSahara,19.25,-8.25,WesternSahara_lat19p25_lon-08p25,3,2023.989919,251.25,0.00050018,169426.5178,0.438379171,71.25
WesternSahara,19.25,-8.25,WesternSahara_lat19p25_lon-08p25,4,2706.152597,263.75,0.000298632,101155.8288,0.433601836,83.75
WesternSahara,19.25,-8.25,WesternSahara_lat19p25_lon-08p25,5,4064.000891,91.25,7.40E-05,25056.92548,0.619878368,-88.75
WesternSahara,19.25,-8.25,WesternSahara_lat19p25_lon-08p25,6,5433.725959,101.25,4.95E-05,16757.91874,0.701903129,-78.75
WesternSahara,19.25,-8.25,WesternSahara_lat19p25_lon-08p25,7,8648.245934,108.75,1.69E-05,5732.105393,0.977136957,-71.25
WesternSahara,19.25,-7.75,WesternSahara_lat19p25_lon-07p75,1,124.5163975,126.25,1,403053567.8,0.997287478,-53.75
WesternSahara,19.25,-7.75,WesternSahara_lat19p25_lon-07p75,2,3414.030779,263.75,0.000103917,41884.26688,0.560821673,83.75
WesternSahara,19.25,-7.75,WesternSahara_lat19p25_lon-07p75,3,8648.245934,198.75,1.44E-05,5791.357198,0.877333345,18.75
WesternSahara,19.25,-7.25,WesternSahara_lat19p25_lon-07p25,1,139.8569723,136.25,1,280998913.6,0.997208705,-43.75
WesternSahara,19.25,-7.25,WesternSahara_lat19p25_lon-07p25,2,1428.353227,263.75,0.001010004,283809.9274,0.238911611,83.75
WesternSahara,19.25,-7.25,WesternSahara_lat19p25_lon-07p25,3,2145.048581,266.25,0.000332984,93568.20892,0.27763971,86.25
WesternSahara,19.25,-7.25,WesternSahara_lat19p25_lon-07p25,4,3414.030779,238.75,3.08E-05,8666.445318,0.505574558,58.75
WesternSahara,19.25,-7.25,WesternSahara_lat19p25_lon-07p25,5,5433.725959,91.25,2.85E-05,7998.619717,0.763042416,-88.75
WesternSahara,19.25,-7.25,WesternSahara_lat19p25_lon-07p25,6,8648.245934,181.25,1.19E-05,3353.237952,0.967154908,1.25
WesternSahara,19.25,-6.75,WesternSahara_lat19p25_lon-06p75,1,139.8569723,151.25,1,356546841.4,0.997926437,-28.75
WesternSahara,19.25,-6.75,WesternSahara_lat19p25_lon-06p75,2,3834.64361,253.75,1.92E-05,6859.613218,0.481742044,73.75
WesternSahara,19.25,-6.75,WesternSahara_lat19p25_lon-06p75,3,5433.725959,231.25,1.37E-05,4893.565729,0.533838841,51.25
WesternSahara,19.25,-6.75,WesternSahara_lat19p25_lon-06p75,4,8648.245934,181.25,6.24E-06,2225.52864,0.805192655,1.25
WesternSahara,19.25,-6.5,WesternSahara_lat19p25_lon-06p50,1,131.9639586,141.25,1,442399179.1,0.998511711,-38.75
WesternSahara,19.25,-6.5,WesternSahara_lat19p25_lon-06p50,2,597.5906703,243.75,0.031140354,13776467.13,0.565094726,63.75
WesternSahara,19.25,-6.5,WesternSahara_lat19p25_lon-06p50,3,2553.427285,241.25,5.55E-05,24540.16129,0.339806938,61.25
WesternSahara,19.25,-6.5,WesternSahara_lat19p25_lon-06p50,4,3414.030779,173.75,1.47E-05,6523.363982,0.234572648,-6.25
WesternSahara,19.25,-6.5,WesternSahara_lat19p25_lon-06p50,5,6468.209741,223.75,5.93E-06,2623.673906,0.942608345,43.75
WesternSahara,19.25,-6.5,WesternSahara_lat19p25_lon-06p50,6,8648.245934,198.75,4.77E-06,2108.999539,0.89769633,18.75
WesternSahara,19.25,-6.25,WesternSahara_lat19p25_lon-06p25,1,124.5163975,146.25,1,625648788.5,0.998462358,-33.75
WesternSahara,19.25,-6.25,WesternSahara_lat19p25_lon-06p25,2,563.8648481,238.75,0.015776553,9870581.225,0.369994026,58.75
WesternSahara,19.25,-6.25,WesternSahara_lat19p25_lon-06p25,3,3414.030779,186.25,1.69E-05,10593.57157,0.36086105,6.25
WesternSahara,19.25,-6.25,WesternSahara_lat19p25_lon-06p25,4,6103.167745,118.75,5.51E-06,3449.693756,0.972482459,-61.25
WesternSahara,19.25,-6.25,WesternSahara_lat19p25_lon-06p25,5,8648.245934,251.25,3.42E-06,2141.64284,0.883738612,71.25
WesternSahara,19.25,-5.75,WesternSahara_lat19p25_lon-05p75,1,139.8569723,158.75,1,161467252.7,0.994532408,-21.25
WesternSahara,19.25,-5.75,WesternSahara_lat19p25_lon-05p75,2,473.6839381,246.25,0.124449412,20094504.64,0.287003265,66.25
WesternSahara,19.25,-5.75,WesternSahara_lat19p25_lon-05p75,3,846.7915844,243.75,0.030367796,4903404.548,0.244641864,63.75
WesternSahara,19.25,-5.75,WesternSahara_lat19p25_lon-05p75,4,3039.553957,181.25,0.000127009,20507.73888,0.248412246,1.25
WesternSahara,19.25,-5.75,WesternSahara_lat19p25_lon-05p75,5,5127.066427,246.25,2.94E-05,4740.201074,0.688444881,66.25
WesternSahara,19.25,-5.75,WesternSahara_lat19p25_lon-05p75,6,6855.085589,91.25,2.24E-05,3610.908174,0.888154029,-88.75
WesternSahara,19.25,-5.75,WesternSahara_lat19p25_lon-05p75,7,9165.513867,181.25,1.18E-05,1904.457188,0.948339169,1.25
WesternSahara,19.25,-5.5,WesternSahara_lat19p25_lon-05p50,1,124.5163975,143.75,1,87993788.22,0.989357893,-36.25
WesternSahara,19.25,-5.5,WesternSahara_lat19p25_lon-05p50,2,473.6839381,251.25,0.384630821,33845123.05,0.541700918,71.25
WesternSahara,19.25,-5.5,WesternSahara_lat19p25_lon-05p50,3,1801.983335,183.75,0.001426303,125505.8389,0.254423412,3.75
WesternSahara,19.25,-5.5,WesternSahara_lat19p25_lon-05p50,4,2553.427285,196.25,0.00030778,27082.73336,0.228295943,16.25
WesternSahara,19.25,-5.5,WesternSahara_lat19p25_lon-05p50,5,3834.64361,181.25,8.55E-05,7523.442109,0.446280564,1.25
WesternSahara,19.25,-5.5,WesternSahara_lat19p25_lon-05p50,6,5433.725959,231.25,2.72E-05,2389.241578,0.546981978,51.25
WesternSahara,19.25,-5.5,WesternSahara_lat19p25_lon-05p50,7,9165.513867,91.25,3.34E-05,2936.954329,0.912361667,-88.75
WesternSahara,19.25,-5.25,WesternSahara_lat19p25_lon-05p25,1,104.6020474,181.25,1,42971139.07,0.990421004,1.25
WesternSahara,19.25,-5.25,WesternSahara_lat19p25_lon-05p25,2,421.7266867,246.25,0.768387841,33018500.8,0.652270901,66.25
WesternSahara,19.25,-5.25,WesternSahara_lat19p25_lon-05p25,3,2023.989919,91.25,0.0013463,57852.03647,0.219364835,-88.75
WesternSahara,19.25,-5.25,WesternSahara_lat19p25_lon-05p25,4,2868.012698,91.25,0.000444553,19102.96034,0.466443997,-88.75
WesternSahara,19.25,-5.25,WesternSahara_lat19p25_lon-05p25,5,3834.64361,233.75,0.000236398,10158.29271,0.422882277,53.75
WesternSahara,19.25,-5.25,WesternSahara_lat19p25_lon-05p25,6,5433.725959,216.25,0.000140072,6019.044692,0.658818277,36.25
WesternSahara,19.25,-5.25,WesternSahara_lat19p25_lon-05p25,7,8648.245934,181.25,0.000115778,4975.128458,0.974573934,1.25
WesternSahara,19.25,-4.25,WesternSahara_lat19p25_lon-04p25,1,82.91345931,241.25,1,80019033.92,0.992893624,61.25
WesternSahara,19.25,-4.25,WesternSahara_lat19p25_lon-04p25,2,711.3611955,246.25,0.094891511,7593127.031,0.227045035,66.25
WesternSahara,19.25,-4.25,WesternSahara_lat19p25_lon-04p25,3,1700.286015,258.75,0.004758944,380806.075,0.309082057,78.75
WesternSahara,19.25,-4.25,WesternSahara_lat19p25_lon-04p25,4,2706.152597,258.75,0.001823497,145914.4523,0.592785389,78.75
WesternSahara,19.25,-4.25,WesternSahara_lat19p25_lon-04p25,5,3834.64361,233.75,0.000267163,21378.13843,0.386001148,53.75
WesternSahara,19.25,-4.25,WesternSahara_lat19p25_lon-04p25,6,5433.725959,258.75,0.000112564,9007.301622,0.707386218,78.75
WesternSahara,19.25,-4.25,WesternSahara_lat19p25_lon-04p25,7,8648.245934,251.25,3.81E-05,3052.490881,0.68250276,71.25
WesternSahara,19.25,-4,WesternSahara_lat19p25_lon-04p00,1,73.81888146,241.25,1,21438844.77,0.990133095,61.25
WesternSahara,19.25,-4,WesternSahara_lat19p25_lon-04p00,2,354.2784382,241.25,0.300833792,6449528.966,0.31130626,61.25
WesternSahara,19.25,-4,WesternSahara_lat19p25_lon-04p00,3,597.5906703,248.75,0.180055653,3860185.186,0.270503201,68.75
WesternSahara,19.25,-4,WesternSahara_lat19p25_lon-04p00,4,2409.32123,238.75,0.001077629,23103.11856,0.256359271,58.75
WesternSahara,19.25,-4,WesternSahara_lat19p25_lon-04p00,5,3414.030779,263.75,0.000373562,8008.740541,0.439285224,83.75
WesternSahara,19.25,-4,WesternSahara_lat19p25_lon-04p00,6,5433.725959,231.25,0.000206863,4434.911083,0.818566199,51.25
WesternSahara,19.25,-4,WesternSahara_lat19p25_lon-04p00,7,8648.245934,181.25,8.34E-05,1787.707438,0.920019232,1.25
WesternSahara,19.5,-10.75,WesternSahara_lat19p50_lon-10p75,1,58.51299261,246.25,1,81373067.84,0.931957435,66.25
WesternSahara,19.5,-10.75,WesternSahara_lat19p50_lon-10p75,2,563.8648481,238.75,0.16864689,13723314.8,0.412393761,58.75
WesternSahara,19.5,-10.75,WesternSahara_lat19p50_lon-10p75,3,1008.005486,233.75,0.141364149,11503234.46,0.254784957,53.75
WesternSahara,19.5,-10.75,WesternSahara_lat19p50_lon-10p75,4,2706.152597,251.25,0.011216283,912703.3647,0.25313846,71.25
WesternSahara,19.5,-10.75,WesternSahara_lat19p50_lon-10p75,5,3834.64361,126.25,0.001441767,117321.0414,0.526605667,-53.75
WesternSahara,19.5,-10.75,WesternSahara_lat19p50_lon-10p75,6,5433.725959,128.75,0.000646968,52645.78908,0.443251412,-51.25
WesternSahara,19.5,-10.75,WesternSahara_lat19p50_lon-10p75,7,8648.245934,251.25,0.000180781,14710.73065,0.484810924,71.25
WesternSahara,19.5,-10.5,WesternSahara_lat19p50_lon-10p50,1,69.65281496,246.25,1,40949003.86,0.949670995,66.25
WesternSahara,19.5,-10.5,WesternSahara_lat19p50_lon-10p50,2,421.7266867,248.75,0.127574726,5224057.93,0.284167669,68.75
WesternSahara,19.5,-10.5,WesternSahara_lat19p50_lon-10p50,3,711.3611955,233.75,0.097221815,3981136.469,0.310309344,53.75
WesternSahara,19.5,-10.5,WesternSahara_lat19p50_lon-10p50,4,1428.353227,266.25,0.025672399,1051259.182,0.340916616,86.25
WesternSahara,19.5,-10.5,WesternSahara_lat19p50_lon-10p50,5,3834.64361,211.25,0.000448337,18358.9418,0.638214979,31.25
WesternSahara,19.5,-10.5,WesternSahara_lat19p50_lon-10p50,6,5433.725959,258.75,0.000185124,7580.627167,0.7201366,78.75
WesternSahara,19.5,-10.5,WesternSahara_lat19p50_lon-10p50,7,8648.245934,181.25,5.24E-06,214.6468676,0.22516427,1.25
WesternSahara,19.5,-10.25,WesternSahara_lat19p50_lon-10p25,1,98.69869206,268.75,1,70377997.29,0.969697278,88.75
WesternSahara,19.5,-10.25,WesternSahara_lat19p50_lon-10p25,2,711.3611955,173.75,0.428124334,30130533.2,0.291434061,-6.25
WesternSahara,19.5,-10.25,WesternSahara_lat19p50_lon-10p25,3,1347.742218,118.75,0.062555558,4402534.868,0.203894719,-61.25
WesternSahara,19.5,-10.25,WesternSahara_lat19p50_lon-10p25,4,3414.030779,256.25,0.000848497,59715.49359,0.21494665,76.25
WesternSahara,19.5,-10.25,WesternSahara_lat19p50_lon-10p25,5,4837.713633,201.25,0.000141283,9943.246235,0.70400823,21.25
WesternSahara,19.5,-10.25,WesternSahara_lat19p50_lon-10p25,6,6468.209741,166.25,0.000103183,7261.817689,1,-13.75
WesternSahara,19.5,-10.25,WesternSahara_lat19p50_lon-10p25,7,8648.245934,161.25,1.93E-05,1357.2534,0.829376465,-18.75
WesternSahara,19.5,-10,WesternSahara_lat19p50_lon-10p00,1,104.6020474,121.25,1,53237353.55,0.991841062,-58.75
WesternSahara,19.5,-10,WesternSahara_lat19p50_lon-10p00,2,1801.983335,253.75,0.003383857,180147.6085,0.330354539,73.75
WesternSahara,19.5,-10,WesternSahara_lat19p50_lon-10p00,3,4307.076464,251.25,0.000292543,15574.20006,0.689181968,71.25
WesternSahara,19.5,-10,WesternSahara_lat19p50_lon-10p00,4,8648.245934,251.25,5.56E-05,2958.128495,0.906035284,71.25
WesternSahara,19.5,-9.25,WesternSahara_lat19p50_lon-09p25,1,139.8569723,141.25,1,184003438.5,0.996039604,-38.75
WesternSahara,19.5,-9.25,WesternSahara_lat19p50_lon-09p25,2,2706.152597,258.75,0.001197043,220260.0489,0.819392208,78.75
WesternSahara,19.5,-9.25,WesternSahara_lat19p50_lon-09p25,3,3834.64361,233.75,0.00012808,23567.19428,0.685075602,53.75
WesternSahara,19.5,-9.25,WesternSahara_lat19p50_lon-09p25,4,5127.066427,181.25,3.12E-05,5741.087035,0.640738644,1.25
WesternSahara,19.5,-9.25,WesternSahara_lat19p50_lon-09p25,5,8648.245934,181.25,1.70E-05,3136.043164,0.898957741,1.25
WesternSahara,19.5,-9,WesternSahara_lat19p50_lon-09p00,1,139.8569723,138.75,1,278492390.1,0.998504261,-41.25
WesternSahara,19.5,-9,WesternSahara_lat19p50_lon-09p00,2,1347.742218,181.25,0.001957955,545275.4928,0.233858214,1.25
WesternSahara,19.5,-9,WesternSahara_lat19p50_lon-09p00,3,2145.048581,181.25,0.000542114,150974.6916,0.319089197,1.25
WesternSahara,19.5,-9,WesternSahara_lat19p50_lon-09p00,4,3834.64361,253.75,0.000136971,38145.33396,0.593575177,73.75
WesternSahara,19.5,-9,WesternSahara_lat19p50_lon-09p00,5,6468.209741,181.25,3.98E-05,11073.57009,0.991951826,1.25
WesternSahara,19.5,-9,WesternSahara_lat19p50_lon-09p00,6,8648.245934,181.25,3.83E-06,1065.242693,0.784976513,1.25
WesternSahara,19.5,-8.75,WesternSahara_lat19p50_lon-08p75,1,124.5163975,131.25,1,278946654.9,0.994602266,-48.75
WesternSahara,19.5,-8.75,WesternSahara_lat19p50_lon-08p75,2,3414.030779,261.25,0.000277326,77359.06857,0.672276349,81.25
WesternSahara,19.5,-8.75,WesternSahara_lat19p50_lon-08p75,3,4564.690847,261.25,0.000181136,50527.28691,0.870080861,81.25
WesternSahara,19.5,-8.75,WesternSahara_lat19p50_lon-08p75,4,6855.085589,256.25,1.58E-05,4402.34647,0.849890895,76.25
WesternSahara,19.5,-8.5,WesternSahara_lat19p50_lon-08p50,1,117.4891495,126.25,1,258964474.9,0.993742021,-53.75
WesternSahara,19.5,-8.5,WesternSahara_lat19p50_lon-08p50,2,2409.32123,248.75,0.0003803,98484.17543,0.241017216,68.75
WesternSahara,19.5,-8.5,WesternSahara_lat19p50_lon-08p50,3,3834.64361,261.25,0.000383227,99242.12517,0.948717,81.25
WesternSahara,19.5,-8.5,WesternSahara_lat19p50_lon-08p50,4,5433.725959,258.75,5.50E-05,14232.97708,0.929607647,78.75
WesternSahara,19.5,-8.5,WesternSahara_lat19p50_lon-08p50,5,8648.245934,181.25,9.01E-06,2332.307229,0.827141761,1.25
WesternSahara,19.5,-8.25,WesternSahara_lat19p50_lon-08p25,1,131.9639586,121.25,1,145694491.9,0.992275354,-58.75
WesternSahara,19.5,-8.25,WesternSahara_lat19p50_lon-08p25,2,563.8648481,176.25,0.041879848,6101663.197,0.218163177,-3.75
WesternSahara,19.5,-8.25,WesternSahara_lat19p50_lon-08p25,3,1604.328118,256.25,0.001847142,269118.4423,0.211001921,76.25
WesternSahara,19.5,-8.25,WesternSahara_lat19p50_lon-08p25,4,2553.427285,258.75,0.000648643,94503.73801,0.644556912,78.75
WesternSahara,19.5,-8.25,WesternSahara_lat19p50_lon-08p25,5,4307.076464,251.25,9.98E-05,14533.29334,0.700669937,71.25
WesternSahara,19.5,-8.25,WesternSahara_lat19p50_lon-08p25,6,6855.085589,103.75,1.57E-05,2285.418624,0.955556244,-76.25
WesternSahara,19.5,-7.75,WesternSahara_lat19p50_lon-07p75,1,124.5163975,123.75,1,381605586.7,0.998636524,-56.25
WesternSahara,19.5,-7.75,WesternSahara_lat19p50_lon-07p75,2,2145.048581,266.25,0.000294609,112424.283,0.300876434,86.25
WesternSahara,19.5,-7.75,WesternSahara_lat19p50_lon-07p75,3,3039.553957,91.25,0.000118706,45298.69759,0.265355155,-88.75
WesternSahara,19.5,-7.75,WesternSahara_lat19p50_lon-07p75,4,4564.690847,261.25,1.62E-05,6179.063401,0.312796212,81.25
WesternSahara,19.5,-7.75,WesternSahara_lat19p50_lon-07p75,5,6468.209741,223.75,9.48E-06,3616.390205,1,43.75
WesternSahara,19.5,-7.75,WesternSahara_lat19p50_lon-07p75,6,8648.245934,181.25,4.76E-06,1817.083807,0.732756741,1.25
WesternSahara,19.5,-7.5,WesternSahara_lat19p50_lon-07p50,1,131.9639586,148.75,1,43318811.12,0.997971136,-31.25
WesternSahara,19.5,-7.5,WesternSahara_lat19p50_lon-07p50,2,2706.152597,108.75,0.000882396,38224.34007,0.573246042,-71.25
WesternSahara,19.5,-7.5,WesternSahara_lat19p50_lon-07p50,3,3834.64361,106.25,0.000422758,18313.36923,0.497063153,-73.75
WesternSahara,19.5,-7.5,WesternSahara_lat19p50_lon-07p50,4,5433.725959,101.25,0.000201481,8727.938993,0.764834518,-78.75
WesternSahara,19.5,-7.5,WesternSahara_lat19p50_lon-07p50,5,8648.245934,108.75,0.000130457,5651.22404,0.972576908,-71.25
WesternSahara,19.5,-7.25,WesternSahara_lat19p50_lon-07p25,1,124.5163975,128.75,1,244967175.9,0.997846038,-51.25
WesternSahara,19.5,-7.25,WesternSahara_lat19p50_lon-07p25,2,633.3336976,191.25,0.034571558,8468896.886,0.334797368,11.25
WesternSahara,19.5,-7.25,WesternSahara_lat19p50_lon-07p25,3,2023.989919,191.25,0.002838004,695217.8461,0.563039134,11.25
WesternSahara,19.5,-7.25,WesternSahara_lat19p50_lon-07p25,4,2868.012698,191.25,0.001345422,329584.1352,0.81776229,11.25
WesternSahara,19.5,-7.25,WesternSahara_lat19p50_lon-07p25,5,4307.076464,188.75,0.000692909,169739.9215,0.975002199,8.75
WesternSahara,19.5,-7.25,WesternSahara_lat19p50_lon-07p25,6,6468.209741,193.75,0.000322442,78987.70236,1,13.75
WesternSahara,19.5,-7.25,WesternSahara_lat19p50_lon-07p25,7,8648.245934,198.75,0.000202485,49602.21757,0.990349798,18.75
WesternSahara,19.5,-6.75,WesternSahara_lat19p50_lon-06p75,1,124.5163975,143.75,1,484830987.7,0.998533024,-36.25
WesternSahara,19.5,-6.75,WesternSahara_lat19p50_lon-06p75,2,2868.012698,123.75,3.66E-05,17745.71901,0.214583528,-56.25
WesternSahara,19.5,-6.75,WesternSahara_lat19p50_lon-06p75,3,3834.64361,181.25,2.65E-05,12827.6081,0.885063503,1.25
WesternSahara,19.5,-6.75,WesternSahara_lat19p50_lon-06p75,4,5433.725959,181.25,1.04E-05,5018.495253,0.690634478,1.25
WesternSahara,19.5,-6.75,WesternSahara_lat19p50_lon-06p75,5,8648.245934,181.25,2.19E-06,1061.705214,0.908111292,1.25
WesternSahara,19.5,-6.5,WesternSahara_lat19p50_lon-06p50,1,124.5163975,141.25,1,446990674.5,0.994773056,-38.75
WesternSahara,19.5,-6.5,WesternSahara_lat19p50_lon-06p50,2,3221.355423,161.25,0.000106163,47453.68457,0.557457139,-18.75
WesternSahara,19.5,-6.5,WesternSahara_lat19p50_lon-06p50,3,6103.167745,118.75,3.33E-05,14898.23449,0.983912087,-61.25
WesternSahara,19.5,-6.5,WesternSahara_lat19p50_lon-06p50,4,8648.245934,181.25,1.25E-05,5593.290284,0.928160908,1.25
WesternSahara,19.5,-6.25,WesternSahara_lat19p50_lon-06p25,1,131.9639586,133.75,1,580035325,0.998192935,-46.25
WesternSahara,19.5,-6.25,WesternSahara_lat19p50_lon-06p25,2,597.5906703,248.75,0.01639946,9512266.098,0.219477962,68.75
WesternSahara,19.5,-6.25,WesternSahara_lat19p50_lon-06p25,3,2273.34799,241.25,9.70E-05,56269.0861,0.336148664,61.25
WesternSahara,19.5,-6.25,WesternSahara_lat19p50_lon-06p25,4,3039.553957,91.25,2.41E-05,14006.14229,0.283895243,-88.75
WesternSahara,19.5,-6.25,WesternSahara_lat19p50_lon-06p25,5,5758.727378,91.25,5.58E-06,3234.690274,0.729221009,-88.75
WesternSahara,19.5,-6.25,WesternSahara_lat19p50_lon-06p25,6,9165.513867,91.25,3.58E-06,2078.791777,0.935685883,-88.75
WesternSahara,19.5,-5.75,WesternSahara_lat19p50_lon-05p75,1,139.8569723,153.75,1,98677062.86,0.989547936,-26.25
WesternSahara,19.5,-5.75,WesternSahara_lat19p50_lon-05p75,2,473.6839381,251.25,0.120159885,11857024.51,0.328886968,71.25
WesternSahara,19.5,-5.75,WesternSahara_lat19p50_lon-05p75,3,2273.34799,181.25,0.000190204,18768.79338,0.294006244,1.25
WesternSahara,19.5,-5.75,WesternSahara_lat19p50_lon-05p75,4,3039.553957,181.25,0.000102246,10089.35167,0.431417143,1.25
WesternSahara,19.5,-5.75,WesternSahara_lat19p50_lon-05p75,5,4307.076464,216.25,2.62E-05,2587.189338,0.546215942,36.25
WesternSahara,19.5,-5.75,WesternSahara_lat19p50_lon-05p75,6,6855.085589,256.25,1.06E-05,1043.14208,0.782554226,76.25
WesternSahara,19.5,-5.75,WesternSahara_lat19p50_lon-05p75,7,9165.513867,181.25,1.38E-05,1364.531382,0.925331308,1.25
WesternSahara,19.5,-5.5,WesternSahara_lat19p50_lon-05p50,1,124.5163975,163.75,1,71177825.21,0.994327991,-16.25
WesternSahara,19.5,-5.5,WesternSahara_lat19p50_lon-05p50,2,446.9509568,248.75,0.631815772,44971272.57,0.689347339,68.75
WesternSahara,19.5,-5.5,WesternSahara_lat19p50_lon-05p50,3,2553.427285,96.25,0.000275384,19601.26502,0.327299933,-83.75
WesternSahara,19.5,-5.5,WesternSahara_lat19p50_lon-05p50,4,4307.076464,228.75,1.71E-05,1216.859885,0.33585695,48.75
WesternSahara,19.5,-5.5,WesternSahara_lat19p50_lon-05p50,5,6855.085589,91.25,1.88E-05,1335.934314,0.970574512,-88.75
WesternSahara,19.5,-5.25,WesternSahara_lat19p50_lon-05p25,1,104.6020474,253.75,0.72234589,36380092.96,0.646446438,73.75
WesternSahara,19.5,-5.25,WesternSahara_lat19p50_lon-05p25,2,446.9509568,253.75,1,50363812.51,0.99052194,73.75
WesternSahara,19.5,-5.25,WesternSahara_lat19p50_lon-05p25,3,2553.427285,233.75,0.000537128,27051.80827,0.282925464,53.75
WesternSahara,19.5,-5.25,WesternSahara_lat19p50_lon-05p25,4,3414.030779,103.75,0.000274811,13840.54958,0.580750373,-76.25
WesternSahara,19.5,-5.25,WesternSahara_lat19p50_lon-05p25,5,4837.713633,121.25,7.93E-05,3994.914879,0.46341984,-58.75
WesternSahara,19.5,-5.25,WesternSahara_lat19p50_lon-05p25,6,6468.209741,193.75,2.54E-05,1279.06086,0.355230691,13.75
WesternSahara,19.5,-5.25,WesternSahara_lat19p50_lon-05p25,7,8648.245934,181.25,3.28E-05,1651.088465,0.861532612,1.25
WesternSahara,19.5,-5,WesternSahara_lat19p50_lon-05p00,1,104.6020474,248.75,0.641561876,46910964.37,0.504279574,68.75
WesternSahara,19.5,-5,WesternSahara_lat19p50_lon-05p00,2,446.9509568,251.25,1,73119937.65,0.991263581,71.25
WesternSahara,19.5,-5,WesternSahara_lat19p50_lon-05p00,3,2553.427285,91.25,0.000957193,69989.90894,0.47194596,-88.75
WesternSahara,19.5,-5,WesternSahara_lat19p50_lon-05p00,4,3414.030779,98.75,0.000430686,31491.72079,0.553967456,-81.25
WesternSahara,19.5,-5,WesternSahara_lat19p50_lon-05p00,5,5433.725959,101.25,3.50E-05,2562.279908,0.685945625,-78.75
WesternSahara,19.5,-5,WesternSahara_lat19p50_lon-05p00,6,8648.245934,181.25,3.11E-05,2277.508809,0.918311739,1.25
WesternSahara,19.5,-4.25,WesternSahara_lat19p50_lon-04p25,1,93.12850046,251.25,1,35943741.73,0.990067856,71.25
WesternSahara,19.5,-4.25,WesternSahara_lat19p50_lon-04p25,2,397.9259817,243.75,0.697367012,25065979.76,0.348257036,63.75
WesternSahara,19.5,-4.25,WesternSahara_lat19p50_lon-04p25,3,532.0423875,241.25,0.578053073,20777390.37,0.244024116,61.25
WesternSahara,19.5,-4.25,WesternSahara_lat19p50_lon-04p25,4,3414.030779,256.25,0.000729896,26235.20036,0.693309523,76.25
WesternSahara,19.5,-4.25,WesternSahara_lat19p50_lon-04p25,5,5433.725959,258.75,8.44E-05,3032.987143,0.5006401,78.75
WesternSahara,19.5,-4.25,WesternSahara_lat19p50_lon-04p25,6,8648.245934,108.75,5.44E-05,1954.664953,0.981033314,-71.25
WesternSahara,19.5,-4,WesternSahara_lat19p50_lon-04p00,1,78.23412826,243.75,1,65362958.23,0.993566866,63.75
WesternSahara,19.5,-4,WesternSahara_lat19p50_lon-04p00,2,502.0158696,243.75,0.55696629,36404964.34,0.413274417,63.75
WesternSahara,19.5,-4,WesternSahara_lat19p50_lon-04p00,3,4307.076464,251.25,0.0001143,7470.955965,0.683852049,71.25
WesternSahara,19.5,-4,WesternSahara_lat19p50_lon-04p00,4,8648.245934,251.25,0.000146636,9584.565749,0.96360588,71.25
WesternSahara,19.75,-10.75,WesternSahara_lat19p75_lon-10p75,1,58.51299261,243.75,1,75839123.17,0.910172328,63.75
WesternSahara,19.75,-10.75,WesternSahara_lat19p75_lon-10p75,2,597.5906703,246.25,0.018774916,1423873.175,0.221738668,66.25
WesternSahara,19.75,-10.75,WesternSahara_lat19p75_lon-10p75,3,1271.680598,241.25,0.009471695,718325.0332,0.366631896,61.25
WesternSahara,19.75,-10.75,WesternSahara_lat19p75_lon-10p75,4,2409.32123,253.75,0.005107526,387350.3237,0.527731143,73.75
WesternSahara,19.75,-10.75,WesternSahara_lat19p75_lon-10p75,5,3414.030779,256.25,0.001145888,86903.10882,0.322947748,76.25
WesternSahara,19.75,-10.75,WesternSahara_lat19p75_lon-10p75,6,5433.725959,128.75,3.79E-05,2874.459527,0.253526732,-51.25
WesternSahara,19.75,-10.75,WesternSahara_lat19p75_lon-10p75,7,8648.245934,181.25,2.14E-05,1622.73117,0.92535804,1.25
WesternSahara,19.75,-10.5,WesternSahara_lat19p75_lon-10p50,1,87.87267,243.75,1,72526305.03,0.927606815,63.75
WesternSahara,19.75,-10.5,WesternSahara_lat19p75_lon-10p50,2,633.3336976,243.75,0.058665096,4254762.643,0.292188924,63.75
WesternSahara,19.75,-10.5,WesternSahara_lat19p75_lon-10p50,3,1428.353227,251.25,0.020756347,1505381.178,0.301917692,71.25
WesternSahara,19.75,-10.5,WesternSahara_lat19p75_lon-10p50,4,3414.030779,256.25,0.001285074,93201.69628,0.348859037,76.25
WesternSahara,19.75,-10.5,WesternSahara_lat19p75_lon-10p50,5,5433.725959,258.75,0.000126899,9203.499172,0.897151531,78.75
WesternSahara,19.75,-10.5,WesternSahara_lat19p75_lon-10p50,6,8648.245934,181.25,3.77E-05,2733.219533,0.990777353,1.25
WesternSahara,19.75,-10.25,WesternSahara_lat19p75_lon-10p25,1,87.87267,238.75,1,45609636.7,0.96264076,58.75
WesternSahara,19.75,-10.25,WesternSahara_lat19p75_lon-10p25,2,2023.989919,98.75,0.007213516,329005.8329,0.214212601,-81.25
WesternSahara,19.75,-10.25,WesternSahara_lat19p75_lon-10p25,3,2706.152597,258.75,0.002508739,114422.694,0.301618376,78.75
WesternSahara,19.75,-10.25,WesternSahara_lat19p75_lon-10p25,4,3834.64361,253.75,0.000463426,21136.67587,0.491953557,73.75
WesternSahara,19.75,-10.25,WesternSahara_lat19p75_lon-10p25,5,6468.209741,136.25,5.05E-05,2301.894124,1,-43.75
WesternSahara,19.75,-10.25,WesternSahara_lat19p75_lon-10p25,6,8648.245934,251.25,5.69E-05,2593.948271,0.787553777,71.25
WesternSahara,19.75,-10,WesternSahara_lat19p75_lon-10p00,1,124.5163975,138.75,1,43549301.71,0.981857395,-41.25
WesternSahara,19.75,-10,WesternSahara_lat19p75_lon-10p00,2,1347.742218,243.75,0.01691182,736497.9469,0.537300207,63.75
WesternSahara,19.75,-10,WesternSahara_lat19p75_lon-10p00,3,5127.066427,246.25,0.000424728,18496.62099,0.833716234,66.25
WesternSahara,19.75,-10,WesternSahara_lat19p75_lon-10p00,4,6855.085589,256.25,8.11E-05,3529.952608,0.950829441,76.25
WesternSahara,19.75,-9.5,WesternSahara_lat19p75_lon-09p50,1,131.9639586,133.75,1,427255484.7,0.998806301,-46.25
WesternSahara,19.75,-9.5,WesternSahara_lat19p75_lon-09p50,2,1008.005486,193.75,0.015254845,6517716.354,0.301600109,13.75
WesternSahara,19.75,-9.5,WesternSahara_lat19p75_lon-09p50,3,2145.048581,193.75,0.002935592,1254247.592,0.53992639,13.75
WesternSahara,19.75,-9.5,WesternSahara_lat19p75_lon-09p50,4,2868.012698,191.25,0.001675075,715684.8774,0.97484927,11.25
WesternSahara,19.75,-9.5,WesternSahara_lat19p75_lon-09p50,5,4064.000891,198.75,0.000397929,170017.2631,0.948159304,18.75
WesternSahara,19.75,-9.5,WesternSahara_lat19p75_lon-09p50,6,6468.209741,193.75,0.000289489,123685.7753,0.997256679,13.75
WesternSahara,19.75,-6.75,WesternSahara_lat19p75_lon-06p75,1,139.8569723,173.75,1,226251311.6,0.997593276,-6.25
WesternSahara,19.75,-6.75,WesternSahara_lat19p75_lon-06p75,2,2553.427285,211.25,0.000134341,30394.79853,0.239736674,31.25
WesternSahara,19.75,-6.75,WesternSahara_lat19p75_lon-06p75,3,3414.030779,91.25,2.47E-05,5587.876588,0.293497024,-88.75
WesternSahara,19.75,-6.75,WesternSahara_lat19p75_lon-06p75,4,6468.209741,181.25,1.09E-05,2462.833413,0.97390959,1.25
WesternSahara,19.75,-6.75,WesternSahara_lat19p75_lon-06p75,5,8648.245934,108.75,9.85E-06,2227.656161,0.964622736,-71.25
WesternSahara,19.75,-6.5,WesternSahara_lat19p75_lon-06p50,1,139.8569723,161.25,1,360621961.6,0.99790184,-18.75
WesternSahara,19.75,-6.5,WesternSahara_lat19p75_lon-06p50,2,2023.989919,191.25,0.000355495,128199.3365,0.254437402,11.25
WesternSahara,19.75,-6.5,WesternSahara_lat19p75_lon-06p50,3,2868.012698,191.25,6.47E-05,23346.0248,0.675724105,11.25
WesternSahara,19.75,-6.5,WesternSahara_lat19p75_lon-06p50,4,3834.64361,233.75,1.35E-05,4881.770564,0.355755275,53.75
WesternSahara,19.75,-6.5,WesternSahara_lat19p75_lon-06p50,5,5433.725959,101.25,6.90E-06,2486.662481,0.594007902,-78.75
WesternSahara,19.75,-6.5,WesternSahara_lat19p75_lon-06p50,6,8648.245934,181.25,1.05E-05,3795.308233,0.952505286,1.25
WesternSahara,19.75,-6.25,WesternSahara_lat19p75_lon-06p25,1,124.5163975,143.75,1,284383479.3,0.997003793,-36.25
WesternSahara,19.75,-6.25,WesternSahara_lat19p75_lon-06p25,2,3221.355423,233.75,2.65E-05,7539.320604,0.206420532,53.75
WesternSahara,19.75,-6.25,WesternSahara_lat19p75_lon-06p25,3,4307.076464,198.75,6.87E-06,1954.898827,0.274040537,18.75
WesternSahara,19.75,-6.25,WesternSahara_lat19p75_lon-06p25,4,6855.085589,91.25,6.10E-06,1735.044949,0.990700271,-88.75
WesternSahara,19.75,-5.75,WesternSahara_lat19p75_lon-05p75,1,117.4891495,246.25,1,76116361.26,0.993707344,66.25
WesternSahara,19.75,-5.75,WesternSahara_lat19p75_lon-05p75,2,354.2784382,243.75,0.268322793,20423754.64,0.244337312,63.75
WesternSahara,19.75,-5.75,WesternSahara_lat19p75_lon-05p75,3,502.0158696,251.25,0.356750764,27154570.01,0.477457148,71.25
WesternSahara,19.75,-5.75,WesternSahara_lat19p75_lon-05p75,4,4564.690847,261.25,1.51E-05,1147.584125,0.321192208,81.25
WesternSahara,19.75,-5.75,WesternSahara_lat19p75_lon-05p75,5,8648.245934,181.25,2.67E-05,2034.762809,0.959664412,1.25
WesternSahara,19.75,-5.5,WesternSahara_lat19p75_lon-05p50,1,124.5163975,243.75,1,41747502.9,0.991465914,63.75
WesternSahara,19.75,-5.5,WesternSahara_lat19p75_lon-05p50,2,502.0158696,251.25,0.65970256,27540934.56,0.520672731,71.25
WesternSahara,19.75,-5.5,WesternSahara_lat19p75_lon-05p50,3,5433.725959,216.25,2.13E-05,890.288127,0.519560659,36.25
WesternSahara,19.75,-5.5,WesternSahara_lat19p75_lon-05p50,4,8648.245934,181.25,4.19E-05,1751.013687,0.994444446,1.25
WesternSahara,19.75,-5.25,WesternSahara_lat19p75_lon-05p25,1,110.8584935,248.75,1,58994074.44,0.993688305,68.75
WesternSahara,19.75,-5.25,WesternSahara_lat19p75_lon-05p25,2,502.0158696,251.25,0.405964421,23949495.26,0.524580408,71.25
WesternSahara,19.75,-5.25,WesternSahara_lat19p75_lon-05p25,3,2553.427285,91.25,0.000282663,16675.43294,0.384171163,-88.75
WesternSahara,19.75,-5.25,WesternSahara_lat19p75_lon-05p25,4,3414.030779,103.75,0.000105103,6200.470954,0.44585624,-76.25
WesternSahara,19.75,-5.25,WesternSahara_lat19p75_lon-05p25,5,6855.085589,91.25,2.40E-05,1414.314564,0.963940692,-88.75
WesternSahara,19.75,-5,WesternSahara_lat19p75_lon-05p00,1,98.69869206,243.75,0.935543378,22329804.92,0.579808603,63.75
WesternSahara,19.75,-5,WesternSahara_lat19p75_lon-05p00,2,502.0158696,253.75,1,23868273.17,0.991775843,73.75
WesternSahara,19.75,-5,WesternSahara_lat19p75_lon-05p00,3,2553.427285,96.25,0.001047416,25000.00005,0.432775684,-83.75
WesternSahara,19.75,-5,WesternSahara_lat19p75_lon-05p00,4,3414.030779,103.75,0.00028126,6713.181806,0.611869208,-76.25
WesternSahara,19.75,-5,WesternSahara_lat19p75_lon-05p00,5,4564.690847,91.25,0.000114539,2733.857992,0.281425578,-88.75
WesternSahara,19.75,-5,WesternSahara_lat19p75_lon-05p00,6,8648.245934,181.25,5.59E-05,1333.130165,0.992669526,1.25
WesternSahara,20,-9,WesternSahara_lat20p00_lon-09p00,1,139.8569723,143.75,1,307247049,0.998707761,-36.25
WesternSahara,20,-9,WesternSahara_lat20p00_lon-09p00,2,2023.989919,181.25,0.000633727,194710.7328,0.537847036,1.25
WesternSahara,20,-9,WesternSahara_lat20p00_lon-09p00,3,3221.355423,181.25,0.000178149,54735.76372,0.727527158,1.25
WesternSahara,20,-9,WesternSahara_lat20p00_lon-09p00,4,5127.066427,181.25,9.94E-05,30533.91533,0.992089567,1.25
WesternSahara,20,-9,WesternSahara_lat20p00_lon-09p00,5,8648.245934,181.25,7.78E-06,2391.157349,0.952735741,1.25
WesternSahara,20,-8.75,WesternSahara_lat20p00_lon-08p75,1,157.087525,138.75,1,267483589.8,0.998240652,-41.25
WesternSahara,20,-8.75,WesternSahara_lat20p00_lon-08p75,2,2023.989919,251.25,0.00026258,70235.93223,0.394315915,71.25
WesternSahara,20,-8.75,WesternSahara_lat20p00_lon-08p75,3,2706.152597,251.25,0.00012364,33071.60436,0.24453687,71.25
WesternSahara,20,-8.75,WesternSahara_lat20p00_lon-08p75,4,3834.64361,233.75,2.61E-05,6992.64735,0.521125082,53.75
WesternSahara,20,-8.75,WesternSahara_lat20p00_lon-08p75,5,5127.066427,246.25,7.73E-06,2068.741628,0.905611402,66.25
WesternSahara,20,-8.75,WesternSahara_lat20p00_lon-08p75,6,9165.513867,91.25,4.21E-06,1127.028755,0.977328773,-88.75
WesternSahara,20,-8.5,WesternSahara_lat20p00_lon-08p50,1,157.087525,131.25,1,321574220.2,0.998549231,-48.75
WesternSahara,20,-8.5,WesternSahara_lat20p00_lon-08p50,2,2023.989919,248.75,0.000256292,82416.747,0.503910511,68.75
WesternSahara,20,-8.5,WesternSahara_lat20p00_lon-08p50,3,3414.030779,261.25,6.56E-05,21100.18427,0.798592853,81.25
WesternSahara,20,-8.5,WesternSahara_lat20p00_lon-08p50,4,5127.066427,246.25,8.94E-06,2876.467639,0.923039399,66.25
WesternSahara,20,-8.5,WesternSahara_lat20p00_lon-08p50,5,6855.085589,91.25,3.60E-06,1159.263864,0.882425476,-88.75
WesternSahara,20,-8.5,WesternSahara_lat20p00_lon-08p50,6,9165.513867,91.25,3.98E-06,1281.061901,0.832549378,-88.75
WesternSahara,20,-8.25,WesternSahara_lat20p00_lon-08p25,1,148.2220821,123.75,1,517415349.9,0.99772236,-56.25
WesternSahara,20,-8.25,WesternSahara_lat20p00_lon-08p25,2,2409.32123,248.75,0.000104575,54108.70549,0.282497504,68.75
WesternSahara,20,-8.25,WesternSahara_lat20p00_lon-08p25,3,3414.030779,261.25,3.72E-05,19268.75814,0.247603576,81.25
WesternSahara,20,-8.25,WesternSahara_lat20p00_lon-08p25,4,5433.725959,258.75,1.94E-05,10043.90982,0.852917597,78.75
WesternSahara,20,-8.25,WesternSahara_lat20p00_lon-08p25,5,8648.245934,108.75,2.94E-06,1523.748401,0.523743006,-71.25
WesternSahara,20,-7.75,WesternSahara_lat20p00_lon-07p75,1,157.087525,121.25,1,260815225.1,0.997427114,-58.75
WesternSahara,20,-7.75,WesternSahara_lat20p00_lon-07p75,2,2706.152597,258.75,0.00017604,45913.95348,0.554785422,78.75
WesternSahara,20,-7.75,WesternSahara_lat20p00_lon-07p75,3,4064.000891,91.25,4.00E-05,10420.64774,0.511295508,-88.75
WesternSahara,20,-7.75,WesternSahara_lat20p00_lon-07p75,4,5433.725959,91.25,1.77E-05,4604.135704,0.725380548,-88.75
WesternSahara,20,-7.75,WesternSahara_lat20p00_lon-07p75,5,8648.245934,181.25,8.75E-06,2282.532593,0.979832228,1.25
WesternSahara,20,-7.5,WesternSahara_lat20p00_lon-07p50,1,131.9639586,123.75,1,130562019.6,0.997394453,-56.25
WesternSahara,20,-7.5,WesternSahara_lat20p00_lon-07p50,2,2706.152597,251.25,0.000193347,25243.79798,0.320233065,71.25
WesternSahara,20,-7.5,WesternSahara_lat20p00_lon-07p50,3,4564.690847,261.25,3.94E-05,5143.195239,0.810645392,81.25
WesternSahara,20,-7.5,WesternSahara_lat20p00_lon-07p50,4,6855.085589,91.25,9.46E-06,1234.916621,0.914214746,-88.75
WesternSahara,20,-7.25,WesternSahara_lat20p00_lon-07p25,1,139.8569723,121.25,1,130270803.7,0.997990699,-58.75
WesternSahara,20,-7.25,WesternSahara_lat20p00_lon-07p25,2,3414.030779,261.25,4.00E-05,5210.265141,0.539811418,81.25
WesternSahara,20,-7.25,WesternSahara_lat20p00_lon-07p25,3,5433.725959,91.25,7.99E-06,1040.46089,0.607057753,-88.75
WesternSahara,20,-7.25,WesternSahara_lat20p00_lon-07p25,4,8648.245934,181.25,6.08E-06,791.9819573,0.804759213,1.25
WesternSahara,20,-4.5,WesternSahara_lat20p00_lon-04p50,1,93.12850046,258.75,1,27017358.75,0.98721181,78.75
WesternSahara,20,-4.5,WesternSahara_lat20p00_lon-04p50,2,2553.427285,263.75,0.002626448,70959.68967,0.35796022,83.75
WesternSahara,20,-4.5,WesternSahara_lat20p00_lon-04p50,3,3414.030779,261.25,0.000664569,17954.90236,0.358354519,81.25
WesternSahara,20,-4.5,WesternSahara_lat20p00_lon-04p50,4,4564.690847,261.25,0.000291654,7879.709077,0.400079049,81.25
WesternSahara,20,-4.5,WesternSahara_lat20p00_lon-04p50,5,6103.167745,241.25,5.89E-05,1591.276806,0.918974162,61.25
WesternSahara,20,-4.5,WesternSahara_lat20p00_lon-04p50,6,8648.245934,251.25,0.000122618,3312.814009,0.991752116,71.25
WesternSahara,20,-4.25,WesternSahara_lat20p00_lon-04p25,1,87.87267,253.75,1,21066449.32,0.984999652,73.75
WesternSahara,20,-4.25,WesternSahara_lat20p00_lon-04p25,2,2553.427285,258.75,0.00172008,36235.98015,0.207193518,78.75
WesternSahara,20,-4.25,WesternSahara_lat20p00_lon-04p25,3,3414.030779,91.25,0.001422059,29957.72698,0.429188879,-88.75
WesternSahara,20,-4.25,WesternSahara_lat20p00_lon-04p25,4,8648.245934,181.25,8.72E-05,1837.34031,0.796289991,1.25
WesternSahara,20.25,-7.75,WesternSahara_lat20p25_lon-07p75,1,166.4832267,141.25,1,94463497.26,0.997614224,-38.75
WesternSahara,20.25,-7.75,WesternSahara_lat20p25_lon-07p75,2,2409.32123,171.25,0.00014928,14101.5475,0.420162821,-8.75
WesternSahara,20.25,-7.75,WesternSahara_lat20p25_lon-07p75,3,3414.030779,256.25,4.24E-05,4005.757322,0.314814101,76.25
WesternSahara,20.25,-7.75,WesternSahara_lat20p25_lon-07p75,4,5433.725959,258.75,1.61E-05,1519.150743,0.337810565,78.75
WesternSahara,20.25,-7.75,WesternSahara_lat20p25_lon-07p75,5,8648.245934,181.25,1.33E-05,1254.815431,0.754040567,1.25
WesternSahara,20.25,-7.5,WesternSahara_lat20p25_lon-07p50,1,139.8569723,121.25,1,279156980,0.997782554,-58.75
WesternSahara,20.25,-7.5,WesternSahara_lat20p25_lon-07p50,2,3834.64361,253.75,1.71E-05,4774.341036,0.272249229,73.75
WesternSahara,20.25,-7.5,WesternSahara_lat20p25_lon-07p50,3,5433.725959,258.75,6.41E-06,1788.328001,0.240673075,78.75
WesternSahara,20.25,-7.5,WesternSahara_lat20p25_lon-07p50,4,9165.513867,91.25,2.60E-06,724.5446739,0.770886647,-88.75
WesternSahara,20.25,-7.25,WesternSahara_lat20p25_lon-07p25,1,139.8569723,121.25,1,201097866.8,0.998363137,-58.75
WesternSahara,20.25,-7.25,WesternSahara_lat20p25_lon-07p25,2,2145.048581,261.25,0.000224491,45144.66313,0.280095535,81.25
WesternSahara,20.25,-7.25,WesternSahara_lat20p25_lon-07p25,3,2868.012698,243.75,5.51E-05,11077.78484,0.230972023,63.75
WesternSahara,20.25,-7.25,WesternSahara_lat20p25_lon-07p25,4,3834.64361,136.25,1.38E-05,2765.760226,0.80128528,-43.75
WesternSahara,20.25,-7.25,WesternSahara_lat20p25_lon-07p25,5,8648.245934,181.25,8.54E-06,1718.380834,0.960568088,1.25
WesternSahara,20.25,-6.5,WesternSahara_lat20p25_lon-06p50,1,110.8584935,138.75,1,43741326.06,0.989721429,-41.25
WesternSahara,20.25,-6.5,WesternSahara_lat20p25_lon-06p50,2,1909.763363,161.25,0.004755591,208015.8688,0.231740618,-18.75
WesternSahara,20.25,-6.5,WesternSahara_lat20p25_lon-06p50,3,3834.64361,148.75,0.000513872,22477.42327,0.295320427,-31.25
WesternSahara,20.25,-6.5,WesternSahara_lat20p25_lon-06p50,4,8648.245934,108.75,6.19E-05,2707.657147,0.5997692,-71.25
WesternSahara,20.25,-6.25,WesternSahara_lat20p25_lon-06p25,1,98.69869206,133.75,1,12861899.28,0.987378283,-46.25
WesternSahara,20.25,-6.25,WesternSahara_lat20p25_lon-06p25,2,421.7266867,228.75,0.387764131,4987383.204,0.205196141,48.75
WesternSahara,20.25,-6.25,WesternSahara_lat20p25_lon-06p25,3,799.0017781,231.25,0.144732,1861528.413,0.201349973,51.25
WesternSahara,20.25,-6.25,WesternSahara_lat20p25_lon-06p25,4,2273.34799,121.25,0.002766279,35579.60517,0.413813245,-58.75
WesternSahara,20.25,-6.25,WesternSahara_lat20p25_lon-06p25,5,4564.690847,258.75,0.000720953,9272.822515,0.537346928,78.75
WesternSahara,20.25,-6.25,WesternSahara_lat20p25_lon-06p25,6,8648.245934,196.25,0.000133004,1710.688145,0.793515624,16.25
WesternSahara,20.5,-7.25,WesternSahara_lat20p50_lon-07p25,1,117.4891495,113.75,1,55509364.09,0.989817705,-66.25
WesternSahara,20.5,-7.25,WesternSahara_lat20p50_lon-07p25,2,1271.680598,218.75,0.005372822,298241.9481,0.261530738,38.75
WesternSahara,20.5,-7.25,WesternSahara_lat20p50_lon-07p25,3,2023.989919,238.75,0.001033176,57350.9171,0.343847256,58.75
WesternSahara,20.5,-7.25,WesternSahara_lat20p50_lon-07p25,4,3414.030779,238.75,0.000110837,6152.481441,0.490082582,58.75
WesternSahara,20.5,-7.25,WesternSahara_lat20p50_lon-07p25,5,4837.713633,238.75,2.24E-05,1243.623512,0.295322509,58.75
WesternSahara,20.5,-7.25,WesternSahara_lat20p50_lon-07p25,6,8648.245934,181.25,2.76E-05,1532.270593,0.899421857,1.25
WesternSahara,20.5,-6.5,WesternSahara_lat20p50_lon-06p50,1,110.8584935,138.75,1,34550169.8,0.98312623,-41.25
WesternSahara,20.5,-6.5,WesternSahara_lat20p50_lon-06p50,2,4307.076464,196.25,0.00124019,42848.78974,0.717793156,16.25
WesternSahara,20.5,-6.5,WesternSahara_lat20p50_lon-06p50,3,6468.209741,223.75,0.000278924,9636.876193,0.643462307,43.75
WesternSahara,20.5,-6.5,WesternSahara_lat20p50_lon-06p50,4,8648.245934,251.25,0.000275095,9504.582539,0.978744994,71.25
WhiteSands,33,-106.25,WhiteSands_lat33p00_lon-106p25,1,82.91345931,103.75,1,57682905.14,0.93562838,-76.25
WhiteSands,33,-106.25,WhiteSands_lat33p00_lon-106p25,2,2553.427285,151.25,0.032537129,1876836.129,0.272708125,-28.75
WhiteSands,33,-106.25,WhiteSands_lat33p00_lon-106p25,3,3414.030779,98.75,0.010537588,607838.6617,0.256750783,-81.25
WhiteSands,33,-106.25,WhiteSands_lat33p00_lon-106p25,4,4564.690847,101.25,0.008203219,473185.5189,0.723927028,-78.75
WhiteSands,33,-106.25,WhiteSands_lat33p00_lon-106p25,5,6855.085589,91.25,0.004378271,252551.4049,1,-88.75
WhiteSands,33,-106.25,WhiteSands_lat33p00_lon-106p25,6,9165.513867,91.25,0.000711873,41062.87734,1,-88.75
