region,wavelength_source,fft_confidence,incip_real,l0_m,Qr_m2s,t0_years,intermittency_frac,modern_used,W_modern_l0,age_power_years,age_linear_years,age_geomean_years,age_floor_years,flagged_W_gt_5000,linear_unphysical
AlNafudDesert,physics_colI,,50.94401612,1.173041426696447,2.71e-06,0.007313143907694785,0.01383819951,671.2145829,572.2002374547792,150042913.00524268,2955879.212492067,21059646.899555378,608937.9361219333,False,False
AlNafudDesert,physics_colI,,50.83155645,1.1704519203757857,2.72e-06,0.007286257349210613,0.012203467150000001,563.8648481,481.74968854676695,72506036.33679217,2685703.8653584775,13954559.901750574,687970.4252828873,False,False
AlNafudDesert,physics_colI,,50.47875744,1.1623283391282322,2.78e-06,0.007128999996349952,0.015092761560000001,1700.286015,1462.8276346382863,13788581090.377823,7734960.712159466,326579443.6434991,544262.4879482696,False,False
AlNafudDesert,physics_colI,,51.22076736,1.1794139252573166,2.67e-06,0.007422704116049763,0.0147886253,473.6839381,401.6265434517867,24834824.932013843,1770856.629426656,6631660.001199331,578339.4834823965,False,False
AlNafudDesert,physics_colI,,51.80123704,1.1927798715144258,2.58e-06,0.007681635654981733,0.011367092459999999,473.6839381,397.1260325667485,31628227.16374885,2347438.4712250414,8616572.243115526,778668.8670568925,False,False
AlNafudDesert,physics_colI,,55.42333555,1.2761826325727048,2.13e-06,0.00930451642716097,0.0073753041399999995,2706.152597,2120.5057394838263,230175196669.77954,30704069.323460497,2658442249.7188206,1453658.431963955,False,False
AlNafudDesert,physics_colI,,53.81474938,1.2391431849685695,2.32e-06,0.008542508616315891,0.00942822384,1428.353227,1152.6942522273807,8159431325.177934,11435342.129065173,305460126.33733606,1044008.5126427653,False,False
AlNafudDesert,physics_colI,,57.04840271,1.3136015729121093,1.95e-06,0.010163394866591215,0.01030261557,597.5906703,454.9253614055955,90288878.54560739,4117034.3676965027,19280104.14891582,1136684.1473457708,False,False
AlNafudDesert,physics_colI,,51.64622671,1.189210589928389,2.61e-06,0.007593340992280792,0.015206812649999998,502.0158696,422.1421116256878,31594719.978727218,1885769.7637975242,7718832.01213327,575364.6912289356,False,False
AlNafudDesert,physics_colI,,51.73569121,1.191270607428216,2.59e-06,0.00765197683005902,0.01277372263,502.0158696,421.4121178426293,37580790.05741204,2257005.4949323176,9209780.109398747,690247.216233349,False,False
AlNafudDesert,physics_colI,,53.79970621,1.238796799603951,2.32e-06,0.008542508616315891,0.00881995134,334.2842646,269.84592203246905,6731240.62436687,1871961.957098257,3549736.099048646,1116009.0989868727,False,False
AlNafudDesert,physics_colI,,51.84286006,1.1937382868590112,2.58e-06,0.007681635654981733,0.01573905109,753.9090529,631.5530474302714,225540665.66722864,3080541.24890557,26358818.712027255,562371.9598434281,False,False
AlNafudDesert,physics_colI,,52.66393346,1.2126443956803057,2.46e-06,0.008056349589371082,0.01513077859,3039.553957,2506.5501212288864,221791843844.2756,15447110.424572522,1850957347.7344286,613515.4813845508,False,False
AlNafudDesert,physics_colI,,53.43915155,1.2304946360726703,2.36e-06,0.008397720334683417,0.01075881995,3414.030779,2774.5190258581306,536773964332.3954,25176940.096842013,3676183611.510874,899384.2271606121,False,False
AlNafudDesert,physics_colI,,52.83147124,1.2165021354394527,2.44e-06,0.008122385241742977,0.00996046229,3414.030779,2806.432212111741,593354591716.8251,26618362.434847903,3974182629.7617035,939620.7254828963,False,False
AlNafudDesert,physics_colI,,55.8861931,1.2868404315088995,2.07e-06,0.009574212555484475,0.009618309,597.5906703,464.38599197515754,100848287.81346063,4268307.241758948,20747324.57916405,1146972.0603258803,False,False
AlNafudDesert,physics_colI,,58.21667662,1.3405023514241636,1.84e-06,0.010770989124920034,0.00824969586,502.0158696,374.4983133126571,45743625.33793803,4177649.4374996126,13823922.405100148,1504409.7821933012,False,False
AlNafudDesert,physics_colI,,58.7261782,1.352234179925856,1.79e-06,0.011071854742934562,0.0082877129,1428.353227,1056.2913201013139,7817570143.096915,15301665.087768903,345863904.05737716,1539338.6736360448,False,False
AlNafudDesert,physics_colI,,53.46205279,1.231021962053006,2.36e-06,0.008397720334683417,0.01524482968,446.9509568,363.073097456855,16562892.604520885,1686403.1772067023,5285046.330165651,634727.521986387,False,False
AlNafudDesert,physics_colI,,53.95682428,1.2424146141978862,2.3e-06,0.00861679129993603,0.01110097324,1008.005486,811.3277761552871,1235055249.8660297,6588728.9840026945,90207784.15212847,894402.527315962,False,False
AlNafudDesert,physics_colI,,52.77271913,1.2151493041516037,2.45e-06,0.008089232648919538,0.01003649635,1909.763363,1571.6285698187219,33525052292.204742,14260105.578706272,691426630.3943523,928696.2547667888,False,False
AlNafudDesert,physics_colI,,54.98507829,1.266091282092611,2.18e-06,0.009091110087088471,0.00908607056,532.0423875,420.2243511389115,61901359.24370532,3755403.1965080574,15246788.592093894,1152893.8189236112,False,False
AlNafudDesert,physics_colI,,56.68719053,1.3052842692670796,1.99e-06,0.00995910552253913,0.009048053529999999,799.0017781,612.1285584393364,435962821.5915454,6688473.827860998,53999314.08949085,1268275.7008303031,False,False
AlNafudDesert,physics_colI,,58.32410052,1.3429759036588456,1.83e-06,0.010829846988990637,0.00908607056,597.5906703,444.97497585169276,97809863.3050662,4830801.09018988,21737064.98783672,1373392.6367505312,False,False
AlNafudDesert,physics_colI,,58.44654525,1.345795326855327,1.81e-06,0.010949513806548544,0.009048053529999999,446.9509568,332.1091609408205,23434463.801465604,3251133.91262063,8728606.990180356,1394402.566106245,False,False
AlNafudDesert,physics_colI,,52.6000642,1.2111737364433903,2.47e-06,0.008023732789414114,0.01330596107,473.6839381,391.09495512260037,26169563.912503093,2050662.0799734895,7325635.287455468,694830.2343395938,False,False
AlNafudDesert,physics_colI,,53.5038771,1.2319850123189573,2.36e-06,0.008397720334683417,0.0141803528,563.8648481,457.688074499089,55846485.1247508,2491347.0428964435,11795464.194838122,682374.6279352743,False,False
Chad,physics_colI,,18.34587458,0.4224337327592162,6.34e-07,0.031259652980840484,0.08078619221,1801.983335,4265.718372512442,2223707102199.1587,19466692.71268199,6579378606.032605,445856.9215749787,False,False
Chad,physics_colI,,19.59450137,0.4511847238020677,5.19e-07,0.0381861656837242,0.042883211680000005,250.0184145,554.1375878002503,215800000.97347218,4785866.934068479,32137051.654295947,1026046.983330185,False,False
Chad,physics_colI,,17.88026035,0.41171245826521446,6.83e-07,0.02901701316230288,0.09922445255,951.1173591,2310.1495716394256,81431956636.48643,7788730.442789674,796399120.8373667,336963.21591695317,False,False
Chad,physics_colI,,16.84306044,0.38782980128485567,8.11e-07,0.02443726262620575,0.1467837591,597.5906703,1540.858047319262,6281066752.328268,2883568.981998381,134580419.30710092,191832.88117185936,False,False
Chad,physics_colI,,16.59316888,0.38207577609431487,8.46e-07,0.023426264763419462,0.1256462895,532.0423875,1392.5048924553282,4267797860.136379,2894440.534147465,111143542.85304454,214833.43803235696,False,False
Chad,physics_colI,,17.58090115,0.40481938681526164,7.18e-07,0.027602534804809006,0.09451034063,334.2842646,825.7615012705648,506957483.9929949,2530093.418890499,35814100.49000201,336525.62291891,False,False
Chad,physics_colI,,17.63809892,0.40613642773262104,7.11e-07,0.027874289718499107,0.08781934307,297.6174279,732.8016094531065,305564298.3503915,2392455.2175985086,27037915.968140397,365731.295798162,False,False
Chad,physics_colI,,17.83232197,0.41060862488199124,6.89e-07,0.028764325094126075,0.08591849148,473.6839381,1153.6141946266632,3026787854.992456,4229063.814540839,113139201.83490902,385758.9796617992,False,False
Chad,physics_colI,,18.43458189,0.424476315135048,6.25e-07,0.031709791983764585,0.07401916058,502.0158696,1182.6710977744012,4379125868.84318,5562304.849142052,156070602.7901149,493625.6703386156,False,False
Chad,physics_colI,,19.94933332,0.459355115706095,4.91e-07,0.040363788166706445,0.04250304135999999,563.8648481,1227.5140274279051,11665018257.17752,12845976.242616603,387102760.7772791,1094259.7116561022,False,False
Chad,physics_colI,,20.24804388,0.46623325151396533,4.68e-07,0.04234747861079672,0.0334169708,633.3336976,1358.405252185299,25666399490.363976,19149896.739868168,701076957.2056088,1460188.6798659088,False,False
Chad,physics_colI,,20.49134133,0.4718354401436828,4.5e-07,0.044041377755228595,0.020453163019999998,633.3336976,1342.2766577413897,41115082452.74792,32118710.371132135,1149157702.4869246,2481126.548839898,False,False
Chad,physics_colI,,16.25767388,0.3743506385134357,8.95e-07,0.022143709485869124,0.12728102189999999,532.0423875,1421.240764040809,4404763564.0978365,2761358.983536593,110286596.8197234,200463.45939908485,False,False
Chad,physics_colI,,16.33504359,0.3761321603076286,8.83e-07,0.022444643250116497,0.12112226279999999,473.6839381,1259.3550567773475,2582838441.418918,2578026.138264581,81600398.36233965,213519.3458324532,False,False
Chad,physics_colI,,16.4818507,0.379512553823482,8.62e-07,0.02299143850330959,0.1155337591,446.9509568,1177.6974234372358,1992331391.639506,2571840.485302991,71581831.02686414,229300.88955204608,False,False
Chad,physics_colI,,16.09551747,0.3706168106564738,9.21e-07,0.021518588479753385,0.1455672141,397.9259817,1073.6857321586506,937666738.8695749,1724310.4102843124,40209806.25680942,170332.96600420203,False,False
Chad,physics_colI,,16.53502549,0.3807369612470929,8.54e-07,0.02320681497640851,0.09234336983000001,532.0423875,1397.4014651934779,5853084404.061876,3916303.12246534,151401627.22930261,289573.1696138765,False,False
Chad,physics_colI,,16.94831845,0.39025348154459,7.97e-07,0.024866524454018653,0.08911192214,397.9259817,1019.6602990575328,1371854099.021616,3072436.9232494277,64922532.19911473,321534.64654616744,False,False
Chad,physics_colI,,16.59138955,0.3820348050841603,8.46e-07,0.023426264763419462,0.1026840024,473.6839381,1239.8973386617217,2944627583.917827,3120199.1737258127,95853140.5550733,262874.68075254763,False,False
Chad,physics_colI,,16.13386531,0.3714998114163347,9.15e-07,0.021659693977981273,0.1236313869,473.6839381,1275.0583541189176,2595948705.958308,2470680.835497369,80085958.30571915,201870.1353596119,False,False
Chad,physics_colI,,16.04157672,0.36937476617007065,9.29e-07,0.021333283089185,0.1282314477,421.7266867,1141.7311774508848,1429165329.4701712,2077616.8675434976,54490898.27682774,191695.38174126646,False,False
Chad,physics_colI,,16.03439717,0.3692094492159616,9.3e-07,0.02131034407511061,0.1280033455,446.9509568,1210.562074587005,1909295625.4485323,2217811.8899708884,65072717.32138715,191830.4918885729,False,False
Chad,physics_colI,,16.07973874,0.3702534882221557,9.23e-07,0.021471960985756083,0.1225288929,354.2784382,956.853748768545,629482593.9287094,1796217.7686542405,33625701.78112733,201921.09791090872,False,False
Chad,physics_colI,,15.83065658,0.3645181003476939,9.64e-07,0.020558734429307952,0.1404349148,563.8648481,1546.8775009036867,5630383123.852223,2546246.9665470147,119734481.03869757,168682.40348830697,False,False
Chad,physics_colI,,15.23624805,0.3508311968960833,1.07e-06,0.01852207475687184,0.1837743309,633.3336976,1805.2376846851348,8308251663.732815,2068255.04916034,131086168.04686217,116132.36799347909,False,False
Chad,physics_colI,,16.34743683,0.3764175281493932,8.82e-07,0.022470090691443158,0.1257603406,421.7266867,1120.3694173684294,1398278542.722417,2185119.9859129298,55275730.565737076,205877.84773703365,False,False
Chad,physics_colI,,14.90878159,0.3432909251882383,1.14e-06,0.017384754377063914,0.1692518248,1008.005486,2936.3009973167095,93436141488.18263,3514332.350252895,573031984.0242139,118354.20659027458,False,False
Chad,physics_colI,,14.84444276,0.34180945359091847,1.15e-06,0.01723358259987206,0.1624847932,633.3336976,1852.8852579893276,9942884693.304758,2237699.465259235,149161616.24674857,122211.29529705262,False,False
Chad,physics_colI,,16.09754299,0.3706634504593705,9.2e-07,0.02154197824984007,0.1113899027,397.9259817,1073.5506325396868,1225937464.5590692,2255506.5780702513,52584313.39872896,222837.48977372216,False,False
Chad,physics_colI,,15.98532945,0.368079611549886,9.38e-07,0.021128592739715207,0.1207801095,315.4184887,856.9300738279311,364584619.8158257,1581461.953372379,24012011.682144873,201568.95862883862,False,False
Chad,physics_colI,,15.69506937,0.3613960572428562,9.87e-07,0.020079655511502394,0.1351505474,473.6839381,1310.7058823878838,2522426495.88059,2159348.2734573004,73802420.68389559,171193.37256698697,False,False
Chad,physics_colI,,15.62797459,0.35985112689677407,9.99e-07,0.019838458448301167,0.13754562039999998,421.7266867,1171.9476616255683,1409530045.2657158,1853968.8011446653,51119709.782026984,166191.82414229488,False,False
Chad,physics_colI,,15.76851635,0.3630872539086785,9.75e-07,0.02032678973318243,0.13575882,354.2784382,975.7391216192511,592307720.3669057,1568943.8288061966,30484381.94590671,172523.88897629947,False,False
Chad,physics_colI,,15.8086544,0.36401147620253743,9.68e-07,0.020473780981252958,0.1332116788,354.2784382,973.2617276134395,600416869.7568556,1605896.540551646,31051688.746852122,177094.164433722,False,False
Chad,physics_colI,,15.81073979,0.3640594945773561,9.67e-07,0.020494953453829227,0.1299422141,375.4685011,1031.3383023724978,820230973.7950182,1758901.2917117365,37982960.90762321,181737.76085860553,False,False
Chad,physics_colI,,15.58041192,0.3587559446452831,1.01e-06,0.01962239602955729,0.14286800489999998,563.8648481,1571.7226613694627,5714650264.419656,2430203.0574459196,117846342.94209889,158257.95726058254,False,False
Chad,physics_colI,,14.94846848,0.3442047590319832,1.13e-06,0.01753860176093174,0.1787940998,375.4685011,1090.8289070608457,672815426.4101791,1164572.2247092966,27991823.055193037,113029.10351250361,False,False
Chad,physics_colI,,14.53236149,0.3346234426305003,1.22e-06,0.016244770483485955,0.1769692822,532.0423875,1589.9734439331996,4043303527.0454936,1644488.6191188397,81542422.29581715,105770.41039809147,False,False
Chad,physics_colI,,14.6170498,0.3365734831564162,1.2e-06,0.016515516658210723,0.17145681270000002,633.3336976,1881.7100255805656,9744906092.002031,2065860.4692793202,141885926.97059926,110990.52797364962,False,False
Chad,physics_colI,,15.52985071,0.3575917177462064,1.02e-06,0.019430019597894966,0.1329455596,473.6839381,1324.6501934817957,2614353818.4221115,2148815.179848765,74951738.94260903,168402.25448414788,False,False
Chad,physics_colI,,15.44170428,0.3555620502429252,1.03e-06,0.01924137863092511,0.1432481752,799.0017781,2247.151453745163,32631698012.063313,3475055.1092285253,336744634.5520934,154773.13748063843,False,False
Chad,physics_colI,,15.24903782,0.351125695272744,1.07e-06,0.01852207475687184,0.15069951339999998,354.2784382,1008.9789581614272,573631355.129705,1337367.089657366,27697575.63300486,141620.55166817943,False,False
Chad,physics_colI,,15.32037015,0.3527681998203965,1.06e-06,0.01869681131118195,0.1500912409,502.0158696,1423.0757473479453,3174051215.353577,1979957.0766723084,79274744.81548116,143535.95263541964,False,False
Chad,physics_colI,,15.47349116,0.35629397775679844,1.03e-06,0.01924137863092511,0.1433242092,799.0017781,2242.5351759534597,32285024662.015358,3465708.691233651,334500359.5929897,154691.02978368415,False,False
Chad,physics_colI,,15.51181294,0.35717637845679157,1.02e-06,0.019430019597894966,0.1397506083,264.9724883,741.8533371239004,142208189.78219795,1063208.1066488635,12296214.87321578,160202.03584542574,False,False
Chad,physics_colI,,15.47293849,0.3562812519284349,1.03e-06,0.01924137863092511,0.14355231140000002,2706.152597,7595.5514985772425,13286615877501.639,12146695.585954353,12703876511.975397,154445.22834816697,True,False
Chad,physics_colI,,15.30551349,0.35242610905155536,1.06e-06,0.01869681131118195,0.1460994526,473.6839381,1344.0659642804903,2459661317.3586955,1911643.4523485838,68571097.79144448,147457.69995317396,False,False
Chad,physics_colI,,15.08585501,0.3473682334384858,1.1e-06,0.018016927263502607,0.1648038321,633.3336976,1823.2343566100867,9464166502.101044,2267250.1812244994,146484242.2140601,125968.48854409282,False,False
Chad,physics_colI,,14.41845194,0.33200055124456007,1.25e-06,0.015854895991882292,0.21574665450000002,375.4685011,1130.9273424170322,602362347.2164787,908132.1030457969,23388556.714199003,84677.46080207267,False,False
Chad,physics_colI,,14.5003091,0.333885401459854,1.23e-06,0.016112699178742165,0.1780337591,354.2784382,1061.077952647768,541556715.9454046,1041863.1260477761,23753483.38680133,104283.22085984539,False,False
Chad,physics_colI,,15.02776019,0.34603053696838515,1.11e-06,0.01785461260347105,0.1583409367,2706.152597,7820.56006012916,12909956858919.53,10525720.50619455,11657040689.815588,129928.88781713063,True,False
Chad,physics_colI,,14.82891266,0.34145185613299867,1.16e-06,0.017085017232631783,0.16411952549999997,1347.742218,3947.092961401393,407826042802.4583,4835649.392865702,1404316116.9311306,119950.94329055275,False,False
Chad,physics_colI,,14.9137961,0.34340638973957494,1.14e-06,0.017384754377063914,0.1611922141,375.4685011,1093.3649236542735,748266734.0749723,1283721.5354338575,30993001.158016328,124271.91691611709,False,False
Chad,physics_colI,,14.92645933,0.3436979743949895,1.13e-06,0.01753860176093174,0.1636253041,264.9724883,770.9457373626664,132558146.25396638,857430.2928200186,10661114.864694837,123507.40568444328,False,False
Chad,physics_colI,,13.87510179,0.3194893225724746,1.39e-06,0.014257999992699904,0.20149026760000002,2023.989919,6335.0784392516525,2864264217995.2725,5332800.831532572,3908266956.523592,81536.68218817339,True,False
Chad,physics_colI,,13.89947907,0.320050635980566,1.38e-06,0.014361318833226716,0.1946091849,1271.680598,3973.373132360276,298727930775.8044,3451398.5713396156,1015396057.4568186,85031.43129844865,False,False
Chad,physics_colI,,14.07920766,0.3241890824103709,1.33e-06,0.014901218037483357,0.1875,2273.34799,7012.413783639727,5310996539955.357,6640929.299844296,5938851112.2574215,91573.3277173036,True,False
Chad,physics_colI,,13.64249778,0.3141333620391904,1.46e-06,0.01357439725332388,0.2172293187,2706.152597,8614.661554675584,11531253408653.707,6433819.747986838,8613362055.529581,72003.0036365291,True,False
Chad,physics_colI,,13.63549602,0.31397213889336617,1.46e-06,0.01357439725332388,0.2239963504,1347.742218,4292.553545516124,359213898772.2925,3068458.8750090697,1049872885.5030262,69827.76012370619,False,False
Chad,physics_colI,,13.6712488,0.31479538557185294,1.45e-06,0.013668013786105424,0.2250228102,2706.152597,8596.54467959891,11092781440768.729,6240501.383115862,8320127278.096124,69988.60916766888,True,False
Chad,physics_colI,,13.74441044,0.316480011973566,1.43e-06,0.013859174818078926,0.22764598540000003,354.2784382,1119.4338498369088,474481384.83169305,743856.4586608201,18786858.242435988,70149.70939141313,False,False
Chad,physics_colI,,13.79861107,0.31772804047986364,1.41e-06,0.014055758858051678,0.239165146,2409.32123,7582.966949851861,5778169177971.436,5316891.518101601,5542733864.485325,67718.12231192041,True,False
Chad,physics_colI,,13.83978988,0.3186762274056506,1.4e-06,0.01415615713560919,0.24441149639999998,1132.193013,3552.8003523112016,134971965545.2664,2413961.316461223,570803909.9664701,66737.85496959423,False,False
Chad,physics_colI,,13.70633059,0.3156031819751779,1.44e-06,0.013762930548508934,0.2555885036,1700.286015,5387.41721283953,979572643899.7432,3440285.8248458724,1835758666.3870282,62046.61626732936,True,False
Chad,physics_colI,,14.86577889,0.34230074120979065,1.15e-06,0.01723358259987206,0.1213123479,250.0184145,730.4057058607644,134567294.41749945,1066660.645139288,11980719.389002418,163688.83618850252,False,False
Chad,physics_colI,,14.50498456,0.33399305901586496,1.23e-06,0.016112699178742165,0.1301322993,2553.427285,7645.150748113931,12674297652803.496,11294930.583772585,11964752909.545908,142669.68247393295,True,False
Chad,physics_colI,,14.32543546,0.3298587455386953,1.27e-06,0.015605212590435328,0.140625,532.0423875,1612.9400681225436,5246503416.398413,2018882.172179074,102917793.47441997,127866.16888610373,False,False
Chad,physics_colI,,14.28053193,0.3288247928803334,1.28e-06,0.015483296867072551,0.15157390510000002,375.4685011,1141.8497304022976,877972461.5968858,1275825.337003439,33468485.35109687,117702.99128396208,False,False
Chad,physics_colI,,13.91847104,0.32048794676368325,1.38e-06,0.014361318833226716,0.1756006691,1347.742218,4205.282075689975,438037335555.9302,4054625.25216661,1332695479.8966093,94235.95946805787,False,False
Chad,physics_colI,,13.63844416,0.3140400230260886,1.46e-06,0.01357439725332388,0.1922141119,2273.34799,7239.039050163183,5521681881502.92,6095004.738221684,5801265140.528669,81373.64769790786,True,False
Chad,physics_colI,,13.44375829,0.30955716894241175,1.52e-06,0.013038565782797938,0.2017563869,502.0158696,1621.7226411364168,3138381665.36575,1182597.9999268483,60921620.79646788,74464.80039348941,False,False
Chad,physics_colI,,13.57793415,0.3126467141771627,1.48e-06,0.013390959452603287,0.197156326,2409.32123,7706.20998317848,7230926266364.993,6246064.404769781,6720478492.329042,78261.73607543924,True,False
Chad,physics_colI,,13.46978988,0.31015657463906604,1.51e-06,0.01312491390056481,0.2046456813,2023.989919,6525.703739652619,3005059296484.8564,4981321.74945829,3869000805.374928,73899.64943096432,True,False
Chad,physics_colI,,13.28050705,0.3057981314329135,1.57e-06,0.012623324834301187,0.2185218978,421.7266867,1379.1015815690787,1260655483.4371824,887414.8374604502,33447337.426587973,66562.1426438447,False,False
Chad,physics_colI,,13.31798712,0.3066611508439061,1.56e-06,0.012704243583239013,0.21802767639999998,446.9509568,1457.4749868707788,1670470401.3608518,950415.2259406273,39845206.78747325,67140.67216133891,False,False
Chad,physics_colI,,13.34001156,0.3071682875497939,1.55e-06,0.012786206445066364,0.22650547450000003,315.4184887,1026.8588961966611,287324005.71298224,626456.2110506338,13416255.362911273,65044.63907952372,False,False
Chad,physics_colI,,13.32537644,0.306831297980612,1.56e-06,0.012704243583239013,0.2404577251,446.9509568,1456.666773375387,1510506693.4520183,861242.9334418741,36068174.55392221,60877.74779197928,False,False
Chad,physics_colI,,13.31281442,0.30654204379562044,1.56e-06,0.012704243583239013,0.2550182482,1513.785733,4938.264631683869,589710984617.2839,2911860.611745206,1310403063.3436997,57401.871617400924,False,False
Chad,physics_colI,,13.33726756,0.30710510396278984,1.55e-06,0.012786206445066364,0.2615191606,2706.152597,8811.812510051572,10088281248603.258,5150600.802780922,7208377729.9566965,56336.08950329723,True,False
Chad,physics_colI,,13.33124161,0.3069663499044417,1.56e-06,0.012704243583239013,0.2638762165,264.9724883,863.1971823051147,104014010.13259143,438896.247142162,6756578.91964574,55474.96829169857,False,False
Chad,physics_colI,,14.40374853,0.33166198922379053,1.25e-06,0.015854895991882292,0.1248479319,1604.328118,4837.238423838409,1357486096822.966,7267601.901761059,3140966179.2010407,146329.04687788477,False,False
Chad,physics_colI,,14.18871434,0.3267105929217804,1.31e-06,0.015128717549506005,0.1340860706,446.9509568,1368.0332578227942,2366260877.357547,1718151.5847705526,63762017.505819455,130007.06380233174,False,False
Chad,physics_colI,,14.05965846,0.32373894079992627,1.34e-06,0.014790014917800645,0.1414613747,446.9509568,1380.5906564580375,2293832250.399305,1608007.1720820111,60733011.70035207,120470.09059989337,False,False
Chad,physics_colI,,13.70758706,0.31563211356466875,1.44e-06,0.013762930548508934,0.1642715937,446.9509568,1416.0503243863548,2083250271.9606142,1324530.007413414,52529301.32948647,96537.69984219816,False,False
Chad,physics_colI,,13.51277527,0.3111463600359207,1.5e-06,0.013212413326568577,0.1754105839,375.4685011,1206.726317018954,850408188.5897672,999920.2627465895,29160596.348094996,86791.0327559301,False,False
Chad,physics_colI,,13.40535033,0.3086727838541067,1.53e-06,0.012953346398596645,0.1812652068,473.6839381,1534.5827778709681,2642278277.5186357,1232293.6070490968,57061919.258213826,82340.97929596587,False,False
Chad,physics_colI,,13.18166788,0.303522251951461,1.61e-06,0.012309701857051469,0.192328163,473.6839381,1560.6234305870632,2571495568.4070787,1123878.6222882369,53759174.999637544,73748.49295266284,False,False
Chad,physics_colI,,13.15522047,0.30291327154666237,1.62e-06,0.012233716043119054,0.20494981750000002,375.4685011,1239.524762922647,769301801.99507,816111.8121018069,25056661.542978585,68779.55458626735,False,False
Chad,physics_colI,,14.47612624,0.3333285647839001,1.23e-06,0.016112699178742165,0.1214644161,502.0158696,1506.0691540956334,4471218401.404001,2241733.052559526,100116322.72331879,152850.80533749677,False,False
Chad,physics_colI,,14.32076414,0.329751183310691,1.27e-06,0.015605212590435328,0.1290678224,502.0158696,1522.4080913365565,4298218754.707739,2067142.208397979,94260433.95181334,139315.74628943563,False,False
Chad,physics_colI,,14.03736206,0.3232255419189942,1.35e-06,0.014680459251742863,0.1365571776,563.8648481,1744.4934727383459,7484427536.4062805,2127037.3140086294,126173121.71746342,123872.13099682676,False,False
Chad,physics_colI,,13.82583783,0.3183549662667802,1.4e-06,0.01415615713560919,0.1435142944,473.6839381,1487.9112572192596,3131521973.7675886,1645236.6456954747,71778093.51078545,113657.6608472299,False,False
Chad,physics_colI,,13.64418249,0.3141721543208455,1.46e-06,0.01357439725332388,0.1512317518,446.9509568,1422.6307158449038,2283541143.2726755,1426178.5832512793,57067832.20439191,103425.12890415938,False,False
Chad,physics_colI,,13.48573899,0.3105238202583527,1.51e-06,0.01312491390056481,0.16046989050000002,473.6839381,1525.4351106008542,2936281141.035545,1401365.604956748,64146733.33483449,94243.49987719876,False,False
Chad,physics_colI,,12.98769767,0.29905587671832184,1.68e-06,0.011796797613007658,0.2125912409,446.9509568,1494.5399558925212,1800746758.2411048,929996.8305195617,40922961.497582294,63939.20923313663,False,False
Chad,physics_colI,,12.97056432,0.29866136268392085,1.68e-06,0.011796797613007658,0.22285583939999998,264.9724883,887.2004263250669,130941617.14805734,497944.93622869893,8074757.903520831,60994.20984271169,False,False
Chad,physics_colI,,14.63896228,0.337078041861429,1.2e-06,0.016515516658210723,0.12207268859999999,563.8648481,1672.8020757038867,7656893228.815782,2559422.6211118842,139990091.56818753,155891.3986781164,False,False
Chad,physics_colI,,14.39827564,0.3315359699739805,1.25e-06,0.015854895991882292,0.1268628345,597.5906703,1802.4912058468346,10225159571.80772,2560495.6187625527,161806910.49754843,144004.9716026333,False,False
Chad,physics_colI,,14.21224977,0.32725252181721887,1.3e-06,0.01524509229988682,0.1354927007,421.7266867,1288.6888826957552,1757035254.3773746,1605312.5514532656,53109234.10479463,129647.0555326754,False,False
Chad,physics_colI,,13.89640202,0.3199797835547675,1.38e-06,0.014361318833226716,0.1422977494,563.8648481,1762.188979053076,7385232688.961763,2018475.0757433968,122093849.60445267,116290.6483457808,False,False
Chad,physics_colI,,13.71045438,0.31569813672891384,1.44e-06,0.013762930548508934,0.14860857660000001,563.8648481,1786.088615987569,7242894160.39809,1879023.2222118939,116660045.96009265,106712.56106499932,False,False
Chad,physics_colI,,13.55663628,0.31215630753643875,1.48e-06,0.013390959452603287,0.15625,502.0158696,1608.219528100993,3993665209.598382,1554279.4196616607,78786240.19648062,98750.69664649767,False,False
Chad,physics_colI,,13.40149021,0.3085839003891409,1.53e-06,0.012953346398596645,0.1621046229,532.0423875,1724.1417547353117,5250070977.530238,1561328.8676625371,90537767.66905199,92073.59033434308,False,False
Chad,physics_colI,,13.20214841,0.30399383844896266,1.6e-06,0.01238663749365804,0.17636100970000002,753.9090529,2480.0142553763417,27759069470.07339,2015046.6805528745,236507549.12033573,80928.10110901238,False,False
Chad,physics_colI,,13.01006987,0.2995710209767667,1.67e-06,0.011867437119672374,0.2004638078,532.0423875,1776.0142011241558,4502366507.123584,1193898.6924970592,73316911.32335976,68213.36324343881,False,False
Chad,physics_colI,,14.57071378,0.33550654585645534,1.21e-06,0.016379024785002368,0.1318810827,532.0423875,1585.7883968905676,5399784930.302163,2218659.830541599,109454492.45428567,143104.7453777045,False,False
Chad,physics_colI,,14.32415308,0.3298292173432499,1.27e-06,0.015605212590435328,0.13880018249999998,446.9509568,1355.0981335133288,2249878290.6999784,1694468.1918738687,61744207.81886073,129547.23600315394,False,False
Chad,physics_colI,,14.0743339,0.32407685878099884,1.34e-06,0.014790014917800645,0.1451490268,563.8648481,1739.9108662709007,7002441988.848275,2010411.6751097993,118649867.79874496,117409.43086016245,False,False
Chad,physics_colI,,13.85192611,0.31895567731239494,1.4e-06,0.01415615713560919,0.15043339420000001,597.5906703,1873.5853060696627,9318924798.184553,2008946.1262993019,136825501.55065158,108430.04032707454,False,False
Chad,physics_colI,,11.73536016,0.2702194423081351,2.27e-06,0.008730669599054126,0.4016879562,280.8209936,1039.233118095832,117366697.29213278,244461.1730357736,5356454.097196141,25044.204524689583,False,False
Chad,physics_colI,,12.01036432,0.2765517124502061,2.11e-06,0.009392710895664865,0.3963275547,1513.785733,5473.789041434922,466334710003.4864,1538906.1485484526,847139511.8313894,27307.703984852298,True,False
Chad,physics_colI,,12.16896682,0.2802037076607796,2.03e-06,0.009762866990075303,0.3937804136,3039.553957,10847.65787853081,14271302269217.486,3222884.0975683616,6781943168.0789175,28567.468737422707,True,False
Chad,physics_colI,,11.89493737,0.27389388127748737,2.17e-06,0.00913300460361883,0.4137013382,297.6174279,1086.615832788458,148554460.83785084,260964.55041063938,6226351.105105195,25437.548226200684,False,False
Chad,physics_colI,,12.25718986,0.2822351391927053,1.98e-06,0.010009404035279224,0.40537560829999997,2706.152597,9588.290829910748,7729581814282.975,2833292.5896409303,4679761412.233667,28451.102865879835,True,False
Chad,physics_colI,,11.34164326,0.2611536821018213,2.52e-06,0.007864531742005106,0.4515663017,532.0423875,2037.2769903836231,2607743898.3214545,406322.02395829797,32551248.49726774,20067.80367484517,False,False
Chad,physics_colI,,12.06378336,0.2777817439959474,2.08e-06,0.00952818268742926,0.4276916058,1068.296199,3845.8114044225504,76767370991.38232,1007536.9776553572,278111425.42370474,25670.116992165586,False,False
Chad,physics_colI,,11.27865759,0.25970336848649517,2.57e-06,0.007711525287880493,0.5154349148,297.6174279,1145.9898638760876,130908125.0251357,187610.89826607564,4955783.583480361,17239.114431845384,False,False
Chad,physics_colI,,11.38102052,0.262060386377766,2.49e-06,0.007959285136487096,0.5136100973,446.9509568,1705.5265886531586,965048716.7202716,299302.3083441856,16995331.964365136,17856.198668513225,False,False
Chad,physics_colI,,11.63482658,0.2679045471919685,2.33e-06,0.008505845489207237,0.4900775547,1271.680598,4746.767501071082,169018593777.05563,974247.3123080719,405790476.37590784,19998.672847772832,False,False
GrandErgOccidental,physics_colI,,23.00022555,0.529605230376016,1.89e-06,0.010486042322673474,0.1225288929,671.2145829,1267.3866200744321,1230861216.8275359,1198937.2481492471,38415170.96352481,98610.14464114749,False,False
GrandErgOccidental,physics_colI,,22.99113593,0.5293959319809344,1.89e-06,0.010486042322673474,0.1161800487,633.3336976,1196.3327621920769,976423551.5849633,1186814.704981436,34041648.45173092,103998.85338995102,False,False
GrandErgOccidental,physics_colI,,22.80521974,0.5251150093255658,1.93e-06,0.010268715020649152,0.1087667275,633.3336976,1206.085688568349,1063121285.0350552,1252579.3496285423,36491694.50416724,108784.8803776576,False,False
GrandErgOccidental,physics_colI,,22.69651708,0.5226120122498791,1.96e-06,0.010111540811149422,0.1073600973,753.9090529,1442.578883050108,2566578916.1301503,1519225.1321945544,62443664.15534553,108523.28758118529,False,False
GrandErgOccidental,physics_colI,,22.89214456,0.5271165479288032,1.91e-06,0.0103762408323837,0.1025319343,597.5906703,1133.6974197606023,839582696.3073255,1253971.301823762,32447073.930898625,116608.2805987266,False,False
GrandErgOccidental,physics_colI,,23.05553596,0.5308788127748739,1.88e-06,0.010541819143538758,0.08717305353,473.6839381,892.2637835631083,307659212.05407697,1144973.4853376714,18768634.482076693,139341.923510824,False,False
GrandErgOccidental,physics_colI,,22.54677387,0.5191640118354095,2e-06,0.009909309994926433,0.10462287099999999,711.3611955,1370.205136109324,2001987795.6445005,1444804.3792466233,53781788.12893327,109135.30847142682,False,False
GrandErgOccidental,physics_colI,,22.61933513,0.5208348138340739,1.98e-06,0.010009404035279224,0.10656173969999999,633.3336976,1215.9972428451483,1101320566.8179612,1257483.726762193,37214146.37905995,108231.9335582498,False,False
GrandErgOccidental,physics_colI,,22.73936914,0.5235987275783462,1.95e-06,0.010163394866591215,0.09922445255,951.1173591,1816.5005165290133,8706774597.668308,2115902.065500522,135730182.181613,118023.52639552773,False,False
GrandErgOccidental,physics_colI,,22.7223191,0.5232061318473831,1.95e-06,0.010163394866591215,0.1184610706,1271.680598,2430.5536968954016,30699676371.77544,2410112.354075387,272010421.28884006,98857.96013240414,False,False
GrandErgOccidental,physics_colI,,22.79796016,0.5249478495935895,1.94e-06,0.010215783499924158,0.1308926399,1801.983335,3432.6901927402523,153480676510.70227,3139352.7248611217,694139740.9869294,89930.07440370547,False,False
GrandErgOccidental,physics_colI,,22.49329165,0.517932525501393,2.01e-06,0.009860009945200431,0.09420620438,1700.286015,3282.8330550471037,165123903726.246,4020107.2936699335,814748924.349786,120599.73288491432,False,False
GrandErgOccidental,physics_colI,,22.48560731,0.5177555852080407,2.01e-06,0.009860009945200431,0.10070711680000001,633.3336976,1223.229098234679,1182047279.8924809,1319300.3010729002,39490192.86157707,112814.69915271812,False,False
GrandErgOccidental,physics_colI,,22.20648276,0.5113284386009348,2.08e-06,0.00952818268742926,0.1022277981,597.5906703,1168.702198405179,898482763.8143944,1194408.226425218,32759047.672378674,107396.36147414158,False,False
GrandErgOccidental,physics_colI,,22.37006347,0.5150950625158305,2.04e-06,0.009715009798947483,0.09857816302,597.5906703,1160.1560833863248,916217391.7908489,1252718.8398858963,33878647.967820585,113556.2444785789,False,False
GrandErgOccidental,physics_colI,,22.60896746,0.5205960869465104,1.98e-06,0.010009404035279224,0.07029349148,3039.553957,5838.6031574461385,3852660006160.5703,9875216.66627274,6168131994.560371,164074.6943739934,True,False
GrandErgOccidental,physics_colI,,22.61896201,0.5208262223399112,1.98e-06,0.010009404035279224,0.1075881995,951.1173591,1826.1702623706692,8118233679.8911,1932739.3573646338,125261445.56649764,107199.33212621436,False,False
GrandErgOccidental,physics_colI,,22.70204209,0.5227392316194248,1.96e-06,0.010111540811149422,0.1145833333,597.5906703,1143.1907807047282,762875854.8581313,1103601.5080440813,29015701.678088907,101682.07171567711,False,False
GrandErgOccidental,physics_colI,,22.74144451,0.5236465152317575,1.95e-06,0.010163394866591215,0.1189172749,563.8648481,1076.8043550341254,549932560.2982672,1000144.0390533325,23452329.77901448,98478.70971197906,False,False
GrandErgOccidental,physics_colI,,22.72516647,0.5232716956411615,1.95e-06,0.010163394866591215,0.1339340024,597.5906703,1142.027507464886,652714952.2711816,947927.2455667545,24874209.27078199,87437.24211004922,False,False
GrandErgOccidental,physics_colI,,22.32221052,0.5139931962513528,2.05e-06,0.0096676195072453,0.07687043796,633.3336976,1232.1830370888556,1574025348.7297354,1708309.034250762,51854813.88815037,144913.44901972363,False,False
GrandErgOccidental,physics_colI,,22.2398507,0.5120967717423841,2.07e-06,0.009574212555484475,0.07759276156,473.6839381,924.9891118983501,375000186.30667686,1217158.1897263462,21364328.86640901,142177.33031772968,False,False
GrandErgOccidental,physics_colI,,22.4826521,0.5176875382808722,2.01e-06,0.009860009945200431,0.1096791363,563.8648481,1089.1991914127827,612071999.6725678,1065505.3064945152,25537540.281080913,103586.18300251555,False,False
GrandErgOccidental,physics_colI,,22.40075731,0.5158018215938658,2.03e-06,0.009762866990075303,0.11089568129999999,633.3336976,1227.8624678814667,1082890754.776225,1191223.7921933767,35916085.97043507,101440.46659937319,False,False
GrandErgOccidental,physics_colI,,22.39536697,0.5156777031476664,2.03e-06,0.009762866990075303,0.1126064477,532.0423875,1031.7343260188381,451727542.2415707,967265.24558926,20903118.238332905,99899.33866750849,False,False
GrandErgOccidental,physics_colI,,22.46550237,0.5172926470791406,2.02e-06,0.009811198014778645,0.09101277372,753.9090529,1457.4130468640888,3089798718.739973,1758230.9614835242,73706036.1981347,124213.32571913673,False,False
GrandErgOccidental,physics_colI,,22.26454487,0.5126653818876787,2.07e-06,0.009574212555484475,0.08937804136000001,597.5906703,1165.6544237483306,1019397246.1667465,1368773.7533335506,37354038.53365179,123430.00050925436,False,False
GrandErgOccidental,physics_colI,,22.22052155,0.5116516970227267,2.08e-06,0.00952818268742926,0.09504257908,532.0423875,1039.8526782886202,542944674.0050566,1128320.6594516751,24751074.575039368,115515.52644853969,False,False
GrandErgOccidental,physics_colI,,22.20574305,0.5113114059729673,2.08e-06,0.00952818268742926,0.100935219,1008.005486,1971.4120870859128,12018034067.392315,2127076.7606491554,159885211.86601356,108771.68213657082,False,False
GrandErgOccidental,physics_colI,,21.79822322,0.5019278182781091,2.19e-06,0.009049598168882586,0.07185218978,502.0158696,1000.1754262638659,562935906.5502014,1357023.1456749062,27639049.45399008,145123.51418662485,False,False
GrandErgOccidental,physics_colI,,21.85998777,0.5033500142761749,2.18e-06,0.009091110087088471,0.07493156934,1428.353227,2837.6938243540017,93241338545.61664,4006229.4302147394,611184255.8460299,139797.88064222323,False,False
GrandErgOccidental,physics_colI,,21.61352701,0.4976749869902599,2.25e-06,0.008808275551045717,0.06097931873,1428.353227,2870.0522717408635,117400547640.91118,4826297.765919806,752735013.6648961,166439.66129358037,False,False
GrandErgOccidental,physics_colI,,21.74487511,0.5006994199728292,2.21e-06,0.0089677013528746,0.0646669708,532.0423875,1062.598369953917,835691527.341016,1598958.5848977417,36554563.90067078,159789.08802339766,False,False
GrandErgOrientalAlgeria,physics_colI,,22.81901903,0.525432752999148,8.33e-07,0.023791860732116286,0.012963807789999999,334.2842646,636.2075121733836,879398440.1166642,11687125.966327611,101378697.68464902,2114678.378227969,False,False
GrandErgOrientalAlgeria,physics_colI,,20.42584675,0.47032735614451177,1.14e-06,0.017384754377063914,0.07618613139,473.6839381,1007.1366930110204,1055431891.7720082,2477846.4010448838,51139007.75900197,262930.6026265755,False,False
GrandErgOrientalAlgeria,physics_colI,,19.89545881,0.458114596467798,1.23e-06,0.016112699178742165,0.097361618,473.6839381,1033.985692122116,871596499.1295397,1850852.0339304083,40164613.19595312,190690.48154821963,False,False
GrandErgOrientalAlgeria,physics_colI,,22.68330253,0.5223077328513205,8.48e-07,0.023371014138977436,0.03356903893,446.9509568,855.7234149302333,1440924626.6230023,6283764.366469285,95154772.99401057,802208.2971208016,False,False
GrandErgOrientalAlgeria,physics_colI,,25.00896724,0.5758586944207787,6.33e-07,0.031309036318882884,0.01467457421,375.4685011,652.0149903747845,1153995368.1264975,13995072.760515813,127083630.50459553,2458400.8117052675,False,False
GrandErgOrientalAlgeria,physics_colI,,20.01583778,0.4608864532915793,1.21e-06,0.016379024785002368,0.08694495134,1347.742218,2924.2391664468223,167918931039.34467,6417912.056899477,1038117976.0022856,217066.1834764504,False,False
GrandErgOrientalAlgeria,physics_colI,,19.64180392,0.4522739165074029,1.27e-06,0.015605212590435328,0.10500304140000001,473.6839381,1047.3386167345925,833888798.4579709,1686132.1055400968,37497288.90906968,171244.37311401853,False,False
GrandErgOrientalAlgeria,physics_colI,,19.33471096,0.44520276681480114,1.33e-06,0.014901218037483357,0.1379638078,421.7266867,947.268791066236,369169667.0128291,1094555.2790189674,20101656.84421477,124452.92153638591,False,False
GrandErgOrientalAlgeria,physics_colI,,22.01108081,0.5068290959957632,9.24e-07,0.0214487229327412,0.06246198297,421.7266867,832.0885482539965,618941263.2039088,3001067.5897928025,43098544.81286656,395670.9545320428,False,False
GrandErgOrientalAlgeria,physics_colI,,23.86195394,0.5494474645973888,7.31e-07,0.027111655252876694,0.03615419708,280.8209936,511.09707787217366,121930422.69672757,3639570.663376911,21065953.323316652,864063.8014648946,False,False
GrandErgOrientalAlgeria,physics_colI,,21.3230147,0.490985624812913,1.01e-06,0.01962239602955729,0.05839416058,397.9259817,810.4636095030831,531863340.0075309,2848814.2137117796,38925311.081167676,387196.22628007806,False,False
GrandErgOrientalAlgeria,physics_colI,,19.00979613,0.4377212491653043,1.39e-06,0.014257999992699904,0.1599376521,563.8648481,1288.182488684843,1389414123.7338123,1271354.548298478,42029013.37979666,102720.3269373942,False,False
GrandErgOrientalAlgeria,physics_colI,,18.65159224,0.4294732146722236,1.47e-06,0.013482054414865895,0.17358576639999998,502.0158696,1168.910778249911,749364618.2193769,995495.3862150608,27312799.56412744,89493.2878093545,False,False
GrandErgOrientalAlgeria,physics_colI,,21.04948424,0.4846872882175505,1.05e-06,0.018874876180812253,0.1014294404,951.1173591,1962.3319658284368,23157417883.640507,4172650.038800118,310850125.6726191,214421.62400867988,False,False
GrandErgOrientalAlgeria,physics_colI,,20.982737,0.4831503603582859,1.06e-06,0.01869681131118195,0.09196319951,2553.427285,5284.953700761966,3364019552518.197,12736881.52496754,6545771038.471984,234262.067431344,True,False
GrandErgOrientalAlgeria,physics_colI,,18.94568215,0.43624495498399685,1.4e-06,0.01415615713560919,0.1600517032,502.0158696,1150.766017726018,789951786.2043397,1114229.5349803786,29667955.969351526,101913.93576900531,False,False
GrandErgOrientalAlgeria,physics_colI,,18.6146864,0.4286234175320638,1.47e-06,0.013482054414865895,0.1751064477,532.0423875,1241.2816606320857,999254274.688311,1054308.848245221,32458013.239425898,88716.09901342643,False,False
GrandErgOrientalAlgeria,physics_colI,,18.55872816,0.42733491814225516,1.49e-06,0.013301087241511992,0.18324209249999998,473.6839381,1108.460642905656,538874242.1421037,877254.897180382,21742356.53933417,83639.30176581621,False,False
GrandErgOrientalAlgeria,physics_colI,,19.85642219,0.4572157357986599,1.23e-06,0.016112699178742165,0.1384200122,1604.328118,3508.9083607272955,255118395946.3366,4789644.369896301,1105407792.9892418,134127.52625616232,False,False
GrandErgOrientalAlgeria,physics_colI,,19.27297748,0.4437812862373069,1.34e-06,0.014790014917800645,0.1572384428,3834.64361,8640.841173166255,17619303410431.9,9714299.85874931,13082782449.892677,108382.30348141343,True,False
GrandErgOrientalAlgeria,physics_colI,,19.1500684,0.4409511708766031,1.36e-06,0.014572514698421225,0.1543491484,421.7266867,956.4022380564606,338352233.83185655,967218.0367502716,18090339.50308609,108787.44161715434,False,False
GrandErgOrientalAlgeria,physics_colI,,18.63712561,0.4291401047687029,1.47e-06,0.013482054414865895,0.1697080292,1347.742218,3140.5645918980317,100715210936.87032,2914529.940591241,541791009.2909174,91538.16130723516,False,False
GrandErgOrientalAlgeria,physics_colI,,18.56846561,0.42755913352828756,1.48e-06,0.013390959452603287,0.17392791970000002,446.9509568,1045.3547164615288,427974988.5675032,871657.38445601,19314439.13623537,88713.74059799818,False,False
GrandErgOrientalAlgeria,physics_colI,,19.37973615,0.44623952082709706,1.32e-06,0.015014106052918837,0.1750684307,1909.763363,4279.682264493937,500873290927.27496,4329061.184649792,1472518632.201667,98818.92827518712,False,False
GrandErgOrientalAlgeria,physics_colI,,19.23655123,0.44294253217895874,1.35e-06,0.014680459251742863,0.17134276159999998,2023.989919,4569.418766455831,691403861644.0276,4625435.309374836,1788307533.5876656,98723.91710198828,False,False
GrandErgOrientalAlgeria,physics_colI,,19.14103732,0.4407432204287457,1.36e-06,0.014572514698421225,0.16411952549999997,2553.427285,5793.457883517936,2312078740975.729,6109301.59239602,3758348884.0164914,102311.09868900086,True,False
GrandErgOrientalAlgeria,physics_colI,,18.82217453,0.4334010575882475,1.43e-06,0.013859174818078926,0.1639294404,563.8648481,1301.0232398548958,1383777112.1272538,1218842.7291205502,41068317.12938498,97415.69104954915,False,False
GrandErgOrientalAlgeria,physics_colI,,18.56166887,0.4274026311911395,1.49e-06,0.013301087241511992,0.1665906326,563.8648481,1319.282584968067,1399902490.3829892,1168725.4012675271,40448752.75961262,91999.4145625635,False,False
GrandErgOrientalAlgeria,physics_colI,,19.01842425,0.4379199210205162,1.39e-06,0.014257999992699904,0.1487986618,446.9509568,1020.6225735482371,473271381.0756166,1056142.5860526916,22357147.85731692,110409.91709584858,False,False
GrandErgOrientalAlgeria,physics_colI,,17.87337089,0.41155382094913534,1.65e-06,0.01201128484233507,0.14263990270000002,280.8209936,682.3433031246408,57004362.54331598,583274.7871877385,5766212.572497247,97027.96689635076,False,False
GrandErgOrientalAlgeria,physics_colI,,17.75819007,0.4089016571875935,1.68e-06,0.011796797613007658,0.1070939781,753.9090529,1843.7417399708067,10077302544.858816,2311816.3625069354,152633131.76744226,126925.11823909223,False,False
GrandErgOrientalAlgeria,physics_colI,,17.52735276,0.4035863768449653,1.74e-06,0.011390011488421186,0.1228330292,2273.34799,5632.8660242991555,2101737987337.4175,6199800.763967361,3609758548.6502757,106845.81079610206,True,False
GrandErgOrientalAlgeria,physics_colI,,17.36608974,0.3998731202652605,1.79e-06,0.011071854742934562,0.12944799270000001,671.2145829,1678.568898191361,4923581810.309663,1624026.9544758392,89420520.98097976,98553.84171563394,False,False
GrandErgOrientalAlgeria,physics_colI,,17.12592402,0.39434304312786383,1.86e-06,0.010655172037555305,0.1306265207,502.0158696,1273.0435552205843,1199255490.0463228,1148339.6217110963,37110006.67979932,93989.1248693725,False,False
GrandErgOrientalAlgeria,physics_colI,,16.9674769,0.3906946257109305,1.91e-06,0.0103762408323837,0.1419555961,633.3336976,1621.045327786502,3542381146.1748667,1336987.922047246,68819479.85653245,84224.03127216062,False,False
GrandErgOrientalAlgeria,physics_colI,,16.62886961,0.3828978242648921,2.02e-06,0.009811198014778645,0.13617700729999999,3039.553957,7938.28996765782,8880040788913.713,6828007.921914689,7786718747.561671,83016.94633205858,True,False
GrandErgOrientalAlgeria,physics_colI,,16.49445693,0.3798028259918487,2.07e-06,0.009574212555484475,0.1500912409,2553.427285,6723.033927753875,3462314041169.2407,5106875.6786408555,4204950340.808311,73501.50231572213,True,False
GrandErgOrientalAlgeria,physics_colI,,16.50745714,0.3801021699785857,2.07e-06,0.009574212555484475,0.14153740880000001,4564.690847,12009.115462974512,64329895004913.695,9744490.940886656,25037213884.607273,77943.57537073235,True,False
GrandErgOrientalAlgeria,physics_colI,,16.82506031,0.3874153286974142,1.96e-06,0.010111540811149422,0.12165450119999999,633.3336976,1634.7667494970424,4199187006.2208166,1534106.651714637,80262075.21636248,95771.80128236747,False,False
GrandErgOrientalAlgeria,physics_colI,,16.53649203,0.38077072992700733,2.06e-06,0.009620689315462555,0.1456812652,280.8209936,737.506776463182,65616206.41010283,501536.35256478324,5736629.047799842,76094.09996420109,False,False
GrandErgOrientalAlgeria,physics_colI,,16.54456742,0.3809566745722904,2.05e-06,0.0096676195072453,0.11800486619999999,502.0158696,1317.7768053640898,1428344036.3976843,1197717.3697818527,41361243.48249009,94399.16040038939,False,False
GrandErgOrientalAlgeria,physics_colI,,16.3034861,0.3754055147482097,2.14e-06,0.00926103737843592,0.1581508516,711.3611955,1894.9140797175583,6132218226.019745,1265251.0452342578,88084025.33987674,67474.0224536173,False,False
Karakum,physics_colI,,25.78912448,0.5938226641184462,2.01e-06,0.009860009945200431,0.03436739659,1271.680598,2141.5157669804694,54955320071.077324,7055505.107797399,622685748.5619267,330582.0111970735,False,False
Karakum,physics_colI,,25.38042761,0.5844119737963113,2.1e-06,0.009437438090406126,0.05200729927,1513.785733,2590.2715907179704,88897045536.38971,5448462.728546106,695954193.3797693,209092.43162147,False,False
Karakum,physics_colI,,27.23615998,0.627142231688503,1.73e-06,0.011455849705117262,0.05326186131,3221.355423,5136.56274482887,3092193766121.867,13088345.425675698,6361737194.675999,247833.19000257688,True,False
Karakum,physics_colI,,28.26799728,0.6509014087360979,1.56e-06,0.012704243583239013,0.03896745742,375.4685011,576.8438907346571,96330491.80871959,1841841.6080822642,13320116.663915804,375660.2486401302,False,False
Karakum,physics_colI,,26.49016198,0.609964815676161,1.86e-06,0.010655172037555305,0.0334169708,1801.983335,2954.24143932377,298903089279.671,10978658.083069673,1811506228.8534248,367402.31299851905,False,False
Karakum,physics_colI,,26.29447469,0.6054589028068802,1.9e-06,0.010430852626238352,0.04949817518,897.4397893,1482.247242776528,6565385941.062486,3500415.82991629,151596770.6701069,242817.01737870206,False,False
Karakum,physics_colI,,27.26765321,0.627867397591471,1.72e-06,0.011522453482472595,0.04991636253,846.7915844,1348.6790166973672,4512352232.650383,3461072.038600578,124970301.03485839,265980.9497007977,False,False
Karakum,physics_colI,,28.69738877,0.660788615211034,1.49e-06,0.013301087241511992,0.09743765206999999,502.0158696,759.7223348644902,157031339.15803695,1073431.5947844149,12983158.353172157,157292.79539491172,False,False
Karakum,physics_colI,,29.45579903,0.6782518370213452,1.39e-06,0.014257999992699904,0.05584701946,446.9509568,658.9749299653339,145518817.01295307,1696183.4677511773,15710716.459285991,294175.9125583819,False,False
Karakum,physics_colI,,30.49621533,0.702208554882682,1.26e-06,0.015729063484010212,0.018704379559999998,2706.152597,3853.773324439371,2927454549448.1685,38112361.14215587,10562774494.223372,968964.9271308419,False,False
Karakum,physics_colI,,28.87548926,0.6648895728660572,1.47e-06,0.013482054414865895,0.08934002433,421.7266867,634.2807947522999,71235789.17961405,957476.6837946926,8258729.151097928,173883.5540794236,False,False
Karakum,physics_colI,,25.55982228,0.5885427313546248,2.06e-06,0.009620689315462555,0.22289385639999998,502.0158696,852.9811734222434,87928628.88602738,388140.47413540597,5841973.956283853,49734.36655493251,False,False
Karakum,physics_colI,,25.43591258,0.5856895756291879,2.09e-06,0.009482593296580317,0.2105383212,502.0158696,857.1364259995581,93979966.53435867,407286.07379357045,6186819.181536671,51897.26461193602,False,False
Karakum,physics_colI,,26.36785828,0.6071486398489488,1.89e-06,0.010486042322673474,0.1074741484,532.0423875,876.2967625726143,227058160.57256415,904922.0557257357,14334222.59610297,112423.23881106156,False,False
Karakum,physics_colI,,27.04174543,0.6226656250431739,1.76e-06,0.011260579539689128,0.09827402676000001,3221.355423,5173.491667821939,1706608387139.091,7023844.514284692,3462217780.273094,132029.35150028698,True,False
Karakum,physics_colI,,27.27738182,0.6280914094268806,1.72e-06,0.011522453482472595,0.09804592457,633.3336976,1008.3463777635535,546797045.8115675,1277857.69529181,26433479.013424244,135414.1089450355,False,False
Karakum,physics_colI,,25.61201015,0.5897444138709157,2.05e-06,0.0096676195072453,0.1870437956,446.9509568,757.8723024544483,58745674.34341156,405276.5917008224,4879369.495648417,59555.89308218832,False,False
Karakum,physics_colI,,26.29638278,0.6055028386561974,1.9e-06,0.010430852626238352,0.09070863747,397.9259817,657.182685688351,64668636.85409269,761490.8652419876,7017447.985702704,132501.15532681363,False,False
Karakum,physics_colI,,26.87264077,0.6187718061663865,1.79e-06,0.011071854742934562,0.09633515815,1008.005486,1629.0423641715656,5706795225.578272,2113334.3864541333,109819700.35775381,132429.2940184719,False,False
Karakum,physics_colI,,27.33903889,0.6295111305809482,1.71e-06,0.011589836251375945,0.09188716545,446.9509568,709.9969088513631,103882559.57923889,915896.9681000558,9754266.828270504,145335.244155582,False,False
Karakum,physics_colI,,27.53650316,0.6340579603490755,1.68e-06,0.011796797613007658,0.08367548662,2553.427285,4027.119671511153,609834831611.9387,6685447.76261052,2019162923.2337837,162448.0045723247,False,False
Karakum,physics_colI,,26.76448892,0.6162814920905386,1.81e-06,0.010949513806548544,0.07755474453,3039.553957,4932.0870349185425,1660981797514.556,8241826.128860816,3699935564.0764437,162680.2994060313,False,False
Karakum,physics_colI,,26.85207215,0.6182981913007437,1.8e-06,0.011010344438807149,0.0810142944,473.6839381,766.1092087354942,162933693.49222815,1079202.474453766,13260408.93746132,156598.55508373227,False,False
Karakum,physics_colI,,27.08737186,0.6237162232609547,1.75e-06,0.011324925708487352,0.08572840633,2145.048581,3439.1418741444854,262200158819.4423,5323984.423004433,1181503094.0560415,152215.5812565163,False,False
Karakum,physics_colI,,28.03729267,0.6455891839554214,1.59e-06,0.0124645408741213,0.07531173966,3039.553957,4708.1859989926415,1548107432979.8062,9213002.80908379,3776601399.248595,190705.01130433154,False,False
Karakum,physics_colI,,27.53372733,0.6339940438416726,1.68e-06,0.011796797613007658,0.07318278589,711.3611955,1122.0313540952577,1270764854.5090837,1974618.839992956,50092676.340105295,185739.25094172516,False,False
Karakum,physics_colI,,28.27763769,0.6511233896704967,1.56e-06,0.012704243583239013,0.07086374696,3618.230411,5556.90437235102,3800057204102.8086,11821659.781622566,6702460997.097056,206572.8298495675,True,False
Karakum,physics_colI,,27.13569111,0.6248288265905271,1.74e-06,0.011390011488421186,0.07934154501,3221.355423,5155.580674114882,2101847504406.5063,8768744.1967594,4293083170.256288,165413.9025873663,True,False
Karakum,physics_colI,,27.9057031,0.6425591908632481,1.61e-06,0.012309701857051469,0.05926855231,421.7266867,656.3234838076629,116048990.8187207,1373200.7113670052,12623729.906239688,239315.98834093558,False,False
LencoisMaranhensesBrazil,physics_colI,,37.56454334,0.8649645016003131,1.47e-06,0.013482054414865895,0.2263534063,264.9724883,306.33914780289996,774182.6649958045,141433.8221245668,330901.21385836543,68630.5596455368,False,False
LutDesert,physics_colI,,17.74860163,0.4086808729190172,2.63e-06,0.00753559695431668,0.08519616788,502.0158696,1228.3811229391147,1090246713.712184,1197373.6874373227,36130772.58811359,101916.87537373154,False,False
LutDesert,physics_colI,,17.46615879,0.40217731907250914,2.76e-06,0.007180659416613358,0.09260948905,473.6839381,1177.7987361206683,776600338.8153129,1002159.4911541065,27897623.56146596,89342.34334743608,False,False
LutDesert,physics_colI,,18.19035296,0.41885267816436017,2.45e-06,0.008089232648919538,0.1191833942,446.9509568,1067.0839178080028,417607910.0612755,786268.3330284506,18120482.203941874,78206.00037270584,False,False
LutDesert,physics_colI,,18.12028894,0.4172393778350871,2.48e-06,0.00799137902816648,0.1208561436,597.5906703,1432.248972761618,1739114541.1217527,1058328.5038397657,42901684.00321094,76190.61803319844,False,False
LutDesert,physics_colI,,18.48123496,0.4255505528563862,2.34e-06,0.008469495722159345,0.07147201946,1199.911617,2819.668800676998,88250729702.17212,3887099.0452297535,585695592.5787237,136543.17548667634,False,False
LutDesert,physics_colI,,18.60722706,0.42845165810863706,2.29e-06,0.008654419209542736,0.1602417883,250.0184145,583.539378990117,16893395.36482025,309495.78185953246,2286577.0502428394,62231.553729471656,False,False
Namib,physics_colI,,28.73726635,0.6617068398996062,1.01e-06,0.01962239602955729,0.07432329684,1801.983335,2723.235164492777,165587995461.29895,8352034.461815812,1176008777.4144244,304211.4595917715,False,False
Namib,physics_colI,,26.59035664,0.6122719067903934,1.26e-06,0.015729063484010212,0.1062956204,1604.328118,2620.287000280791,76732924272.79974,4496723.887801608,587406821.1711287,170504.55803523402,False,False
Namib,physics_colI,,26.47971093,0.6097241688733335,1.28e-06,0.015483296867072551,0.1189172749,397.9259817,652.6327838296119,70753593.40125857,855035.9495849835,7777973.124175407,150026.15932684307,False,False
Namib,physics_colI,,22.36232167,0.5149167991434295,2.04e-06,0.009715009798947483,0.2058622263,502.0158696,974.9456037074526,185938463.9234676,494054.53862540046,9584557.475774478,54376.97911531974,False,False
Namib,physics_colI,,21.64913198,0.4984948301825969,2.24e-06,0.008847598209755742,0.2462743309,532.0423875,1067.2977035792223,221265041.33565497,416277.05280384654,9597268.32467071,41395.65352800615,False,False
Namib,physics_colI,,24.96838309,0.5749242001888138,1.5e-06,0.013212413326568577,0.046114659370000005,3834.64361,6669.8246633915305,14953019081805.12,22753179.296258636,18445290027.231575,330135.0577232231,True,False
Namib,physics_colI,,22.42094366,0.5162666342766353,2.03e-06,0.009762866990075303,0.1579987835,1271.680598,2463.224453352112,23616527133.937397,1760232.448258528,203888639.6451126,71198.71055796694,False,False
Namib,physics_colI,,21.87145392,0.503614034861498,2.17e-06,0.00913300460361883,0.18936283450000002,1068.296199,2121.2597843779286,8815068767.44222,1174258.9118839928,101740714.85417858,55573.45911880221,False,False
RegistanDesert,physics_colI,,18.96120323,0.43660234474659787,1.73e-06,0.011455849705117262,0.20757299270000001,354.2784382,811.4441950732574,87875112.8414983,468538.9417284019,6416612.21946749,63592.36248527686,False,False
RegistanDesert,physics_colI,,19.56868307,0.450590229339842,1.59e-06,0.0124645408741213,0.1578086983,563.8648481,1251.3916445239308,1066979154.3031979,1091249.0646360677,34122426.70326287,91010.99190303108,False,False
RegistanDesert,physics_colI,,21.4127269,0.4930513458748762,1.24e-06,0.01598275805633296,0.07873327251000001,375.4685011,761.5200815115193,236257655.99519575,1600692.2543663438,19446742.657480147,233906.30112125588,False,False
RegistanDesert,physics_colI,,19.15347109,0.4410295215178797,1.69e-06,0.011726994076836014,0.1094890511,711.3611955,1612.9559605255604,5064072805.630795,1948607.7513035901,99337261.49948913,123414.02398366293,False,False
RegistanDesert,physics_colI,,19.61670164,0.45169590918510666,1.58e-06,0.0125434303733246,0.07766879562,633.3336976,1402.1240500995052,3824519873.754498,2525961.2760996395,98288295.84837323,186087.9500748785,False,False
RegistanDesert,physics_colI,,20.42240307,0.4702480616638652,1.41e-06,0.014055758858051678,0.05919251825,502.0158696,1067.5554255848108,1464237742.6943939,2752204.094360221,63481344.58689638,273612.52888706594,False,False
RegistanDesert,physics_colI,,20.96931334,0.4828412659743489,1.31e-06,0.015128717549506005,0.0514370438,354.2784382,733.7368679230104,284937225.3086623,2220282.3359777518,25152357.508101217,338902.3755579468,False,False
RegistanDesert,physics_colI,,18.98983391,0.43726159731976333,1.73e-06,0.011455849705117262,0.1178527981,633.3336976,1448.4091479381664,2702176003.544198,1574821.5757514962,65233772.479133494,112004.61259079879,False,False
RegistanDesert,physics_colI,,19.04654363,0.43856740035460173,1.71e-06,0.011589836251375945,0.1063716545,502.0158696,1144.6721055739602,947949525.49381,1364552.1022954332,35965629.67448974,125545.13406990498,False,False
RegistanDesert,physics_colI,,20.15824201,0.46416546570264106,1.46e-06,0.01357439725332388,0.03801703163,421.7266867,908.5697189074625,993343082.7207386,3451170.0553793237,58550797.618854,411425.16271507327,False,False
RegistanDesert,physics_colI,,19.79413485,0.4557815019917566,1.54e-06,0.012869233759644718,0.029691301700000002,532.0423875,1167.318956945345,4153875942.4168754,5547116.222114168,151796023.0863458,499426.92321308557,False,False
RegistanDesert,physics_colI,,21.40616859,0.4929003336480232,1.24e-06,0.01598275805633296,0.01486465937,397.9259817,807.31530196966,1669440669.3230858,9074471.313995685,123082457.98727818,1238925.7022030207,False,False
RegistanDesert,physics_colI,,18.37230373,0.4230422927076377,1.89e-06,0.010486042322673474,0.173091545,502.0158696,1186.6800985473585,629691769.2663013,789517.4071460511,22296919.36058297,69804.63344751281,False,False
RegistanDesert,physics_colI,,18.17262411,0.41844445209422276,1.95e-06,0.010163394866591215,0.18658759119999999,375.4685011,897.2959235589395,142478090.9135357,519043.3805454651,8599552.893111693,62763.12223819905,False,False
RegistanDesert,physics_colI,,18.69366922,0.430442082939971,1.8e-06,0.011010344438807149,0.17001216549999998,315.4184887,732.7780001101518,62336272.23228348,488129.02114232816,5516171.094736477,74622.43308799043,False,False
RegistanDesert,physics_colI,,20.57716677,0.473811664325681,1.38e-06,0.014361318833226716,0.06595954988,1801.983335,3803.163726592813,710084297058.9513,9734454.854015883,2629122198.047471,250879.47940786407,False,False
RegistanDesert,physics_colI,,18.27544327,0.4208119751778765,1.92e-06,0.010322197911381701,0.1560979319,532.0423875,1264.3233056167344,939774351.2673118,923947.2902657,29466963.965000514,76194.4838675188,False,False
RegistanDesert,physics_colI,,20.41931863,0.47017703907527225,1.41e-06,0.014055758858051678,0.07143400243,397.9259817,846.3322294143221,385653044.6031502,1753578.042020164,26005243.91068669,226724.1657843125,False,False
RegistanDesert,physics_colI,,20.32450093,0.46799375831817447,1.43e-06,0.013859174818078926,0.07979774939,1428.353227,3052.0775151640096,191215765315.4943,6185734.41874204,1087570660.1955357,200122.18191623708,False,False
RegistanDesert,physics_colI,,22.08945421,0.5086337288447811,1.14e-06,0.017384754377063914,0.03919555961,334.2842646,657.2200104763657,249503115.63990197,2937344.304211858,27071692.88404363,511069.76498045615,False,False
RegistanDesert,physics_colI,,20.80120651,0.47897042321950767,1.34e-06,0.014790014917800645,0.0670620438,1604.328118,3349.5348360262974,384257099305.2199,8649034.336086506,1823033967.2578373,254120.86570636946,False,False
RegistanDesert,physics_colI,,20.89617171,0.48115710032466785,1.32e-06,0.015014106052918837,0.04626672749,3414.030779,7095.459625757019,22983868618123.652,27443102.13991118,25114709913.862564,373920.43127173994,True,False
RegistanDesert,physics_colI,,21.51762927,0.4954668371364756,1.22e-06,0.016244770483485955,0.0364203163,2868.012698,5788.505875742417,11565520665061.92,30662573.508295745,18831585901.197346,513947.0358237845,True,False
RubAlKhali,physics_colI,,20.33280737,0.468185023141219,9.8e-07,0.020223081622298845,0.028740875909999998,532.0423875,1136.3934367877455,5906381891.671103,8741712.526632495,227226522.59253675,810766.5716602674,False,False
RubAlKhali,physics_colI,,20.42589565,0.47032848212024225,9.68e-07,0.020473780981252958,0.03147810219,633.3336976,1346.5773851180131,12616750358.455963,9735550.581823757,350472554.2649396,749441.9710408647,False,False
RubAlKhali,physics_colI,,20.43265091,0.4704840293352368,9.67e-07,0.020494953453829227,0.03630626521,1132.193013,2406.4430297447393,192293962672.0863,15692898.444748813,1737138344.4479516,650449.9125687822,False,False
RubAlKhali,physics_colI,,20.24880186,0.4662507048285708,9.92e-07,0.019978447570416197,0.032010340629999995,563.8648481,1209.3597763188789,7122713051.486764,8305240.676956216,243219748.7160424,719150.7566591756,False,False
RubAlKhali,physics_colI,,20.49398173,0.4718962382279122,9.59e-07,0.020665922825706846,0.02661192214,3221.355423,6826.406235186343,45447104127218.39,63142610.8553971,53569103132.399574,894802.2308752852,True,False
RubAlKhali,physics_colI,,21.17935366,0.4876776729834903,8.73e-07,0.02270174111094257,0.020453163019999998,1008.005486,2066.950245708962,178488004868.73077,26293841.250163738,2166364527.2845607,1278931.2107422152,False,False
RubAlKhali,physics_colI,,21.23612235,0.488984833866771,8.67e-07,0.02285884658575878,0.03045164234,532.0423875,1088.0549879077855,5084400269.906401,8886648.462373838,212563585.40600702,864952.1683216129,False,False
RubAlKhali,physics_colI,,20.3219297,0.46793455294849057,9.82e-07,0.020181894083353222,0.05155109489,532.0423875,1137.0017113452323,3294923329.4527903,4866655.061811062,126630388.53119254,451099.68936976907,False,False
RubAlKhali,physics_colI,,20.98806971,0.4832731518110019,8.96e-07,0.022118995524389357,0.012127433089999999,446.9509568,924.841272735948,5538644687.525135,17987999.859338872,315640839.9750104,2101575.5764474683,False,False
RubAlKhali,physics_colI,,21.34030256,0.49138369660825715,8.55e-07,0.02317967250275189,0.012127433089999999,633.3336976,1288.8781251220648,29868917833.133793,27274298.217787046,902581726.174128,2202352.884791733,False,False
RubAlKhali,physics_colI,,21.53067891,0.49576731930277,8.33e-07,0.023791860732116286,0.01429440389,532.0423875,1073.1695430191849,10532460658.15861,19404160.763436846,452076940.1832873,1917833.317428133,False,False
RubAlKhali,physics_colI,,19.78511483,0.4555738062124387,1.06e-06,0.01869681131118195,0.01585310219,597.5906703,1311.7318470705434,20100674165.124004,17155703.23807407,587231811.8614571,1358944.7028483301,False,False
RubAlKhali,physics_colI,,19.8651143,0.45741588109327863,1.05e-06,0.018874876180812253,0.014598540149999999,563.8648481,1232.718126778405,16216491331.725668,17570656.89317884,533792473.9081289,1489783.5748911926,False,False
RubAlKhali,physics_colI,,19.86701355,0.45745961339197305,1.05e-06,0.018874876180812253,0.00977037713,502.0158696,1097.3993220464886,13648968741.58131,23088599.20779235,561369369.3763998,2225980.1278376654,False,False
RubAlKhali,physics_colI,,21.39766553,0.49270454143544634,8.48e-07,0.023371014138977436,0.02984336983,711.3611955,1443.7885906785414,21429236273.22119,12643622.516949909,520522020.92239976,902356.59409168,False,False
RubAlKhali,physics_colI,,19.55506508,0.45027666029611546,1.09e-06,0.018182220174176943,0.01794403893,753.9090529,1674.3240753456037,57604328705.3948,19187476.6006413,1051323788.9111102,1167549.2488387947,False,False
RubAlKhali,physics_colI,,19.85601098,0.4572062672407838,1.05e-06,0.018874876180812253,0.01448448905,671.2145829,1468.0782635608766,38718722737.97327,21422084.130644392,910733625.1198575,1501514.154747461,False,False
RubAlKhali,physics_colI,,21.94249931,0.5052499323032996,7.89e-07,0.02511865651438893,0.01836222628,633.3336976,1253.5057544942179,18633739734.96858,18934481.38553799,593986698.6345083,1576229.935619308,False,False
RubAlKhali,physics_colI,,20.38245714,0.46932826314214,9.74e-07,0.020347659127159003,0.050866788319999995,502.0158696,1069.6476411606182,2490584150.464326,4646451.069879764,107574984.96653648,460923.27079178795,False,False
RubAlKhali,physics_colI,,19.84458059,0.45694307006838747,1.05e-06,0.018874876180812253,0.05926855231,473.6839381,1036.636660293605,1698570469.581678,3571868.625496063,77891402.40419933,366951.18212276784,False,False
RubAlKhali,physics_colI,,20.67490241,0.4760621338276267,9.35e-07,0.021196385015885416,0.01589111922,532.0423875,1117.5902255075023,10311357535.369232,16267656.707457535,409562723.61293095,1536936.1042260285,False,False
RubAlKhali,physics_colI,,21.73859052,0.5005547104469363,8.1e-07,0.024467432086238108,0.01482664234,563.8648481,1126.479955800506,13265929782.488039,20303873.21891673,518989167.9357949,1901490.1468496316,False,False
RubAlKhali,physics_colI,,20.20983306,0.46535340578875867,9.97e-07,0.019878254754115213,0.024406934310000003,2273.34799,4885.207590018064,9140522602138.459,47082448.36097964,20745076124.40965,938455.1434316717,False,False
RubAlKhali,physics_colI,,20.12112132,0.4633107214073545,1.01e-06,0.01962239602955729,0.019236618,397.9259817,858.8749694616573,2149839998.623847,9245631.544043632,140984497.39571851,1175362.4578586991,False,False
RubAlKhali,physics_colI,,21.44472568,0.49378815261691494,8.43e-07,0.023509632253680742,0.0237986618,473.6839381,959.2857495458949,3593231822.6747804,10154646.352141982,191018319.59402466,1138260.8468416813,False,False
RubAlKhali,physics_colI,,21.09089213,0.48564074995970435,8.84e-07,0.022419253382186498,0.02957725061,563.8648481,1161.073999961466,7074482973.000823,9643483.551512994,261194678.7084151,873397.2965927144,False,False
RubAlKhali,physics_colI,,20.7052288,0.47676043196942136,9.31e-07,0.021287454339261942,0.0320863747,597.5906703,1253.4401561628097,9034827180.179096,9182490.799550703,288031625.7939832,764454.3876836841,False,False
RubAlKhali,physics_colI,,19.76680264,0.4551521481038016,1.06e-06,0.01869681131118195,0.015206812649999998,473.6839381,1040.715593836925,6686074093.203559,13850739.394258441,304314097.3331096,1416699.8529316243,False,False
RubAlKhali,physics_colI,,21.29158033,0.49026181422551746,8.6e-07,0.02304490696494519,0.01516879562,532.0423875,1085.2209412647908,10158493015.213823,17933198.49372256,426818780.7945237,1750541.2880417875,False,False
RubAlKhali,physics_colI,,21.12740557,0.48648151166271386,8.8e-07,0.022521159079378256,0.02311435523,532.0423875,1093.6538691502717,6768731924.247152,11600665.40789306,280217405.39965636,1122683.7948397014,False,False
RubAlKhali,physics_colI,,21.00796215,0.48373119689608324,8.94e-07,0.022168478735853318,0.04052615572,473.6839381,979.2296654411527,2202428627.11793,5755128.663993611,112584457.72985938,630302.4305544759,False,False
RubAlKhali,physics_colI,,19.57052133,0.4506325572773952,1.09e-06,0.018182220174176943,0.04755930657,1700.286015,3773.10957129393,1198940779657.4792,16953428.866277914,4508453972.572289,440514.1850211713,False,False
RubAlKhali,physics_colI,,19.54905913,0.45013836675953856,1.09e-06,0.018182220174176943,0.041590632599999997,563.8648481,1252.6478295088618,5934890486.68826,6046550.939345527,189434995.83550483,503732.3999216013,False,False
RubAlKhali,physics_colI,,19.55245868,0.45021664509889703,1.09e-06,0.018182220174176943,0.03550790754,633.3336976,1406.7309694000287,12324253987.407223,8037568.361894005,314733274.27065974,590024.8881254011,False,False
RubAlKhali,physics_colI,,19.3340432,0.4451873909139054,1.13e-06,0.01753860176093174,0.026041666669999998,532.0423875,1195.0976113851605,7248866170.659437,8845754.803309193,253222615.00043046,776023.1735474826,False,False
RubAlKhali,physics_colI,,19.23089673,0.44281233116120566,1.14e-06,0.017384754377063914,0.02208789538,421.7266867,952.3824361306473,2762640331.7151823,8024913.4109592065,148895767.05748877,906906.9322149315,False,False
RubAlKhali,physics_colI,,19.28658092,0.44409452025144486,1.14e-06,0.017384754377063914,0.015625,4307.076464,9698.558004186467,368523446621409.4,129155446.99826555,218166932594.58362,1282026.5880422501,True,False
RubAlKhali,physics_colI,,19.53423017,0.4497969138133505,1.1e-06,0.018016927263502607,0.012127433089999999,532.0423875,1182.8502400991981,15197589228.619396,19292562.907851648,541479866.8841052,1711828.8331790292,False,False
RubAlKhali,physics_colI,,20.19066107,0.4649119498491791,1e-06,0.019818619989852865,0.01817214112,633.3336976,1362.2659039103173,22400379095.55786,16531583.36032658,608534086.4085854,1256654.262626736,False,False
RubAlKhali,physics_colI,,20.28252492,0.4670272149945888,9.87e-07,0.020079655511502394,0.02539537713,711.3611955,1523.1686134356048,28177922768.816685,13525522.732893916,617350091.095287,911066.5258185292,False,False
RubAlKhali,physics_colI,,19.32286552,0.4449300126643487,1.13e-06,0.01753860176093174,0.05261557178,2409.32123,5415.056663793933,6218950440044.364,21407910.436773065,11538402577.098799,384086.6140962633,True,False
RubAlKhali,physics_colI,,19.47172764,0.4483577250224504,1.11e-06,0.01785461260347105,0.04717913625,1513.785733,3376.2900659829174,685780402036.3695,14964029.489882436,3203441611.7132,436062.7056065207,False,False
RubAlKhali,physics_colI,,19.45959696,0.44807840291049755,1.11e-06,0.01785461260347105,0.04303527981,597.5906703,1333.6743445306538,7674401404.457426,6145265.065411831,217166366.75314093,478051.07558689953,False,False
RubAlKhali,physics_colI,,19.09121388,0.43959598148702483,1.17e-06,0.01693899144431869,0.03254257908,532.0423875,1210.2985693824041,5963111949.747807,6932456.168536775,203319974.96484336,599769.088462421,False,False
RubAlKhali,physics_colI,,19.07392088,0.43919779133758546,1.17e-06,0.01693899144431869,0.02798053528,633.3336976,1442.0238673586448,16465951182.922777,9761089.084941896,400905994.4236474,697557.526891882,False,False
RubAlKhali,physics_colI,,19.27606761,0.4438524398443436,1.14e-06,0.017384754377063914,0.0230763382,397.9259817,896.5276429246402,1962264428.182529,7171750.29337792,118629130.01663254,868060.8363661509,False,False
RubAlKhali,physics_colI,,19.53125688,0.4497284505745009,1.1e-06,0.018016927263502607,0.01919860097,563.8648481,1253.7895865376024,12797508272.663015,12992756.154953057,407768199.3212627,1081333.4611387283,False,False
RubAlKhali,physics_colI,,19.9982274,0.4604809551221534,1.03e-06,0.01924137863092511,0.02550942822,633.3336976,1375.3743570827883,16242461000.936522,11553293.20105929,433190390.3026827,869128.4384295845,False,False
RubAlKhali,physics_colI,,20.06107552,0.4619281014989983,1.02e-06,0.019430019597894966,0.03539385645,532.0423875,1151.786145448771,4924478886.066766,6922460.729576926,184633452.28432444,632548.5325941829,False,False
RubAlKhali,physics_colI,,19.09213945,0.43961729374381175,1.17e-06,0.01693899144431869,0.05561891727,2553.427285,5808.2958094183105,8031126572177.826,21009451.69996542,12989594520.78774,350924.3607939773,True,False
RubAlKhali,physics_colI,,19.24020513,0.443026667203942,1.14e-06,0.017384754377063914,0.04934610706,1347.742218,3042.1243635421683,381672331399.5664,12505134.796909248,2184688525.2598815,405942.1630525713,False,False
RubAlKhali,physics_colI,,19.23520957,0.44291163899698355,1.14e-06,0.017384754377063914,0.04451794404,502.0158696,1133.4447447280088,3236221456.442291,4837633.191680784,125122549.25997454,449968.34130887594,False,False
RubAlKhali,physics_colI,,19.31808682,0.444819977894955,1.13e-06,0.01753860176093174,0.029995437960000003,563.8648481,1267.624828292127,8417412455.071181,8193180.194791564,262612598.74248424,673733.6804572898,False,False
RubAlKhali,physics_colI,,19.35418289,0.4456511291993829,1.12e-06,0.017695196419511484,0.03820711679,2409.32123,5406.294458017804,8571880875606.822,29695237.07237918,15954436209.322403,533653.8179947777,True,False
RubAlKhali,physics_colI,,19.006126,0.43763674042690365,1.18e-06,0.016795440669366835,0.046418795619999995,597.5906703,1365.4947473492864,7519004711.83235,5498740.178415589,203334830.53979874,416913.5729028605,False,False
RubAlKhali,physics_colI,,19.01788571,0.4379075205507841,1.18e-06,0.016795440669366835,0.04303527981,502.0158696,1146.3970040262902,3420805271.907836,4895860.750840907,129413238.37615389,449692.11347581225,False,False
RubAlKhali,physics_colI,,19.2225895,0.4426210481475512,1.15e-06,0.01723358259987206,0.04455596107,633.3336976,1430.871171288884,10124692340.953583,6184212.506562413,250226395.49020767,445674.9796474703,False,False
RubAlKhali,physics_colI,,18.06742214,0.4160220622164913,1.36e-06,0.014572514698421225,0.06702402676000001,1068.296199,2567.883523552353,102045414670.52356,6469189.8467240445,812496867.988607,250525.81562054882,False,False
RubAlKhali,physics_colI,,18.25924329,0.4204389530037532,1.32e-06,0.015014106052918837,0.05885036496,421.7266867,1003.0628315645988,1156643280.5869098,2757750.778028372,56477729.30049365,293967.1607534049,False,False
RubAlKhali,physics_colI,,18.4247891,0.4242508254852748,1.29e-06,0.015363271309963466,0.05265358881,633.3336976,1492.8284391092652,9415283084.14604,4884061.914779424,214440727.30744183,336205.04157840495,False,False
RubAlKhali,physics_colI,,18.71322217,0.43089231089824775,1.23e-06,0.016112699178742165,0.05075273723,532.0423875,1234.745605905319,4014336558.3557596,4322209.909427229,131722455.38366367,365811.4780410201,False,False
RubAlKhali,physics_colI,,18.83336343,0.4336586941905178,1.21e-06,0.016379024785002368,0.050600669099999995,846.7915844,1952.6682982354369,39311479446.75764,7220242.05334926,532764860.96668816,372975.4783009281,False,False
RubAlKhali,physics_colI,,19.06732115,0.43904582537014436,1.17e-06,0.01693899144431869,0.05170316302,532.0423875,1211.8151608694911,3776523835.217796,4369384.794846099,128456552.27731481,377501.7204165598,False,False
RubAlKhali,physics_colI,,18.52610945,0.42658383683713647,1.27e-06,0.015605212590435328,0.06462895377,446.9509568,1047.7447062079837,1357418869.7936316,2740655.8429728635,60993589.473497435,278221.74042302056,False,False
RubAlKhali,physics_colI,,17.79053962,0.4096465407907159,1.42e-06,0.013956774640741455,0.0743993309,1700.286015,4150.617290013095,941914363877.0664,9176186.036735864,2939928814.37794,216154.62642708386,False,False
RubAlKhali,physics_colI,,18.04594153,0.41552744778834416,1.37e-06,0.014466145977994792,0.06595954988,375.4685011,903.5949444457666,593830845.5625359,2106611.9403575156,35369070.525172666,252710.71648383382,False,False
RubAlKhali,physics_colI,,18.30866683,0.42157698381265973,1.31e-06,0.015128717549506005,0.05139902676,532.0423875,1262.029019441035,4145743015.8960476,4104452.0627763844,130445404.18633123,339153.043050696,False,False
RubAlKhali,physics_colI,,18.47172836,0.4253316530428976,1.28e-06,0.015483296867072551,0.05155109489,563.8648481,1325.7062907639522,5393849803.413741,4419800.946943667,154401238.55979902,346078.0429383698,False,False
RubAlKhali,physics_colI,,18.64422122,0.4293034889129383,1.25e-06,0.015854895991882292,0.05364203163,563.8648481,1313.4411032339651,5069987989.90807,4305571.358072858,147747064.52285802,340570.22682535683,False,False
RubAlKhali,physics_colI,,18.00025756,0.41447552464942783,1.37e-06,0.014466145977994792,0.05322384428,502.0158696,1211.2075134584018,3125311049.5833764,3622904.1050635907,106408186.8614263,313180.78080634977,False,False
RubAlKhali,physics_colI,,18.15098377,0.4179461597089502,1.34e-06,0.014790014917800645,0.053718065690000004,597.5906703,1429.8269200897812,7181172356.874152,4398649.581076783,177728615.5327967,317246.4311138986,False,False
RubAlKhali,physics_colI,,17.26171957,0.3974698834879919,1.54e-06,0.012869233759644718,0.07603406326,502.0158696,1263.0286984124837,2393299059.2368155,2362268.2979013543,75190521.31108192,195026.21349480748,False,False
RubAlKhali,physics_colI,,17.49927099,0.40293976352207045,1.49e-06,0.013301087241511992,0.07010340633,532.0423875,1320.40179616291,3340619377.0097213,2779878.1947828936,96366565.58795969,218623.33762586946,False,False
RubAlKhali,physics_colI,,17.86818759,0.411434469824311,1.4e-06,0.01415615713560919,0.060599148420000006,473.6839381,1151.2986218735405,2091155125.0260327,2944358.4319388536,78467255.74953254,269170.432669996,False,False
RubAlKhali,physics_colI,,17.97530841,0.41390104331207256,1.38e-06,0.014361318833226716,0.05839416058,2553.427285,6169.173347733677,8732685979865.986,18040305.967757087,12551506961.202906,283382.74532092677,True,False
RubAlKhali,physics_colI,,18.11234634,0.4170564908241037,1.35e-06,0.014680459251742863,0.05387013382,532.0423875,1275.7082054967761,4048147791.929893,3845270.3181834617,124764668.66836916,314007.54727555526,False,False
RubAlKhali,physics_colI,,17.169878,0.3953551313638352,1.57e-06,0.012623324834301187,0.08128041362999999,375.4685011,949.6993242626361,537588976.3941162,1578440.2852794335,29129917.563608162,178951.9157515544,False,False
Taklamakan,physics_colI,,11.55343545,0.2660304278247254,1.75e-06,0.011324925708487352,0.03991788321,375.4685011,1411.374270868662,6940177416.290116,4469132.98910959,176115234.552311,326901.0816797709,False,False
Taklamakan,physics_colI,,11.45190436,0.263692563954961,1.79e-06,0.011071854742934562,0.049802311440000004,633.3336976,2401.7882343780243,75010276341.34322,6167759.289592849,680180364.8439481,256164.7564959354,False,False
Taklamakan,physics_colI,,11.47015286,0.2641127555320178,1.79e-06,0.011071854742934562,0.058774330900000005,846.7915844,3206.1745094221524,264481335525.88422,7060736.667935581,1366540545.9525099,217060.69278216723,False,False
Taklamakan,physics_colI,,12.17126233,0.2802565642773262,1.51e-06,0.01312491390056481,0.06447688564,502.0158696,1791.2724752567551,16149162127.87833,4142846.1083166525,258657096.31489992,234552.95576883035,False,False
Taklamakan,physics_colI,,12.41173501,0.2857937095028667,1.42e-06,0.013956774640741455,0.06291818735,671.2145829,2348.598169174424,67012041867.1565,6011268.939072555,634686856.5047393,255597.94797735056,False,False
Taklamakan,physics_colI,,12.39328845,0.28536895737871004,1.43e-06,0.013859174818078926,0.05394616788000001,671.2145829,2352.0938964963816,78182400078.3813,6972873.407681044,738346787.3941251,296022.87516426784,False,False
Taklamakan,physics_colI,,12.05401743,0.2775568728269129,1.55e-06,0.012786206445066364,0.041248479319999996,502.0158696,1808.6955098138098,25795304082.101933,6374089.037242425,405489290.8105721,357175.9997281947,False,False
Taklamakan,physics_colI,,12.20986415,0.28114541320315917,1.49e-06,0.013301087241511992,0.043605535279999996,397.9259817,1415.3742619035856,7566845333.139684,4819855.003985406,190974075.05553448,351474.65963653935,False,False
Taklamakan,physics_colI,,12.26343263,0.28237888576757464,1.47e-06,0.013482054414865895,0.04592457421,563.8648481,1996.837853394307,39815011360.48494,6705318.843723441,516693667.4070261,338266.8477448814,False,False
Taklamakan,physics_colI,,11.7175876,0.26981020976766673,1.68e-06,0.011796797613007658,0.053908150849999996,2273.34799,8425.73004171183,36195006425352.84,22030257.99971078,28238012144.12432,252149.54730796994,True,False
Taklamakan,physics_colI,,11.62493596,0.26767680489995166,1.72e-06,0.011522453482472595,0.05193126521,532.0423875,1987.6297750149067,29413332514.170612,5043124.780721999,385142968.3712659,255661.0446067488,False,False
Taklamakan,physics_colI,,11.7986441,0.27167662391489555,1.65e-06,0.01201128484233507,0.049992396589999995,502.0158696,1847.8434484567936,22222567676.86126,5054359.506585231,335143023.4963535,276843.29420691804,False,False
Taklamakan,physics_colI,,12.13589872,0.2794422786617237,1.52e-06,0.013038565782797938,0.05196928224,446.9509568,1599.439279340591,11379620493.463663,4523426.508934834,226880755.0272866,289089.02395916794,False,False
Taklamakan,physics_colI,,12.19487756,0.28080033065463167,1.5e-06,0.013212413326568577,0.05942062044,315.4184887,1123.2838934507763,1762570819.6972554,2727158.2057588045,69331158.03279498,256208.46130972716,False,False
Taklamakan,physics_colI,,12.37590995,0.28496879849869905,1.44e-06,0.013762930548508934,0.06527524331000001,502.0158696,1761.6520553996434,15405545184.880098,4215492.699853264,254837130.85836148,242946.65176346665,False,False
Taklamakan,physics_colI,,13.02548342,0.29992593474406504,1.24e-06,0.01598275805633296,0.08443582725000001,753.9090529,2513.6507569554833,79957166738.38365,5507825.136827682,663618936.4621776,218108.9372578624,False,False
Taklamakan,physics_colI,,12.97839236,0.2988416118261991,1.26e-06,0.015729063484010212,0.08914993917,671.2145829,2246.054620031852,42759030680.79378,4562190.91447344,441672798.8948475,203296.6925846418,False,False
Taklamakan,physics_colI,,13.0339541,0.30012098137189436,1.24e-06,0.01598275805633296,0.08979622871,846.7915844,2821.500784547615,132978893760.33293,5842399.900628678,881428315.6848778,205088.88638811032,False,False
Taklamakan,physics_colI,,12.94559669,0.2980864558244491,1.27e-06,0.015605212590435328,0.08439781022,597.5906703,2004.7561994964872,25571602987.26304,4240977.380277974,329315334.97004235,213052.68410088777,False,False
Taklamakan,physics_colI,,12.86089344,0.2961360712887702,1.29e-06,0.015363271309963466,0.08424574208999999,397.9259817,1343.7268211476062,3500669723.1912117,2723355.2043166277,97639987.24521852,210128.1510014685,False,False
Taklamakan,physics_colI,,12.82567783,0.29532519353427433,1.3e-06,0.01524509229988682,0.07888534063,563.8648481,1909.3015443484674,21007649991.02711,4209295.179219603,297367449.18360376,222680.5329309138,False,False
Taklamakan,physics_colI,,13.2609599,0.30534803702595037,1.18e-06,0.016795440669366835,0.09861618005,532.0423875,1742.4129943065059,11787418995.684181,3365425.7311746054,199172496.07365942,196241.89379440327,False,False
Taklamakan,physics_colI,,13.27829736,0.305747250915287,1.18e-06,0.016795440669366835,0.108196472,1132.193013,3703.035790544836,443792036576.6533,6752049.606431797,1731041838.2884216,178865.59121615213,False,False
Taklamakan,physics_colI,,13.20374546,0.30403061226369477,1.2e-06,0.016515516658210723,0.1134428224,421.7266867,1387.1191573769024,3269330243.680015,2250600.943988525,85778538.88145027,167750.42936742163,False,False
Taklamakan,physics_colI,,12.73517589,0.29324128784913306,1.33e-06,0.014901218037483357,0.04356751825,597.5906703,2037.8803908658622,51287005175.75461,7982040.553071906,639824159.5614235,394100.91822236,False,False
Taklamakan,physics_colI,,12.60344026,0.2902079315664648,1.36e-06,0.014572514698421225,0.04200881995,597.5906703,2059.1810398646426,54756017190.010086,8185054.712872128,669463215.2397914,399707.7040061558,False,False
Taklamakan,physics_colI,,12.23369396,0.28169412051854753,1.48e-06,0.013390959452603287,0.04786344282,671.2145829,2382.7781057851553,90766069566.56987,7697443.889503552,835862864.0868355,322371.2178215445,False,False
Taklamakan,physics_colI,,12.57850444,0.28963375716687007,1.37e-06,0.014466145977994792,0.05044860097,597.5906703,2063.2631919203504,45707435746.90278,6780160.337367963,556689988.2106241,330409.2638572525,False,False
Taklamakan,physics_colI,,12.83618267,0.29556707891040546,1.3e-06,0.01524509229988682,0.05079075426,597.5906703,2021.844491284316,43287173681.900085,6946602.977507979,548360109.4049349,345854.8696088032,False,False
Taklamakan,physics_colI,,13.02491611,0.29991287181376497,1.25e-06,0.015854895991882292,0.05630322384,563.8648481,1880.0955247100553,28368108485.077896,6033894.584939402,413727176.01468366,324473.0520496971,False,False
Taklamakan,physics_colI,,13.32810789,0.3068941925902047,1.17e-06,0.01693899144431869,0.07014142336,753.9090529,2456.576471965677,91077729122.69987,6860102.770018195,790444546.9744227,278266.85082867206,False,False
Taklamakan,physics_colI,,13.38929736,0.3083031467452624,1.15e-06,0.01723358259987206,0.07869525547,473.6839381,1536.4226512140813,8145290201.852021,3781240.516562329,175497297.21679765,252333.8532221392,False,False
Taklamakan,physics_colI,,13.29136059,0.30604804600612495,1.18e-06,0.016795440669366835,0.08565237226000001,563.8648481,1842.4063001164052,17874916854.92814,4112174.860734403,271117656.6152657,225943.84044654886,False,False
Taklamakan,physics_colI,,13.22227888,0.3044573644339036,1.19e-06,0.016654302512481397,0.1040906326,563.8648481,1852.0322185289517,14965018092.340244,3373968.8849751423,224703149.5254262,184358.55699767757,False,False
Taklamakan,physics_colI,,12.98544432,0.2990039908816689,1.26e-06,0.015729063484010212,0.1270529197,597.5906703,1998.604328115798,16863572915.837553,2830304.458098337,218469781.8993771,142648.33756026629,False,False
Taklamakan,physics_colI,,13.01237215,0.2996240334799327,1.25e-06,0.015854895991882292,0.1270529197,711.3611955,2374.179358171024,39769019271.34735,3420354.8367644832,368814529.83597714,143789.5242607484,False,False
Taklamakan,physics_colI,,12.91323468,0.2973412853162633,1.28e-06,0.015483296867072551,0.1311587591,1347.742218,4532.644084613044,915382340890.6675,6320456.47409826,2405334538.6364946,136023.7177698443,False,False
Taklamakan,physics_colI,,12.7858121,0.29440724170485155,1.31e-06,0.015128717549506005,0.1361389903,2409.32123,8183.63439719797,15917115659141.705,10861701.485974733,13148648554.407831,128046.61101925447,True,False
Taklamakan,physics_colI,,12.72427986,0.29299039489741874,1.33e-06,0.014901218037483357,0.1439704988,563.8648481,1924.5164958305863,11700552345.065071,2273428.3008354506,163096188.9091144,119260.53663845766,False,False
Taklamakan,physics_colI,,12.55133145,0.2890080694927352,1.38e-06,0.014361318833226716,0.1548813869,421.7266867,1459.2211471472458,2674011996.4850307,1514376.3040727202,63635370.70123122,106842.3899545507,False,False
Taklamakan,physics_colI,,12.40384639,0.28561206544014367,1.43e-06,0.013859174818078926,0.1545012165,1008.005486,3529.281875562956,202296371915.7113,3713085.273057351,866685455.8334069,103360.34939849083,False,False
Taklamakan,physics_colI,,12.39970859,0.28551678809090697,1.43e-06,0.013859174818078926,0.1510416667,1604.328118,5619.032522491079,2054656935402.0872,6119558.99120301,3545926440.7031155,105727.77743276769,True,False
Taklamakan,physics_colI,,12.38078672,0.28508109143659766,1.43e-06,0.013859174818078926,0.1361009732,2023.989919,7099.698927068748,7233507339800.147,8616723.109375106,7894879977.3454685,117334.20668833159,True,False
Taklamakan,physics_colI,,12.7749312,0.29415669713785714,1.31e-06,0.015128717549506005,0.04413777372,846.7915844,2878.7091799686254,282754478510.8586,11488348.765313588,1802326847.185912,394948.24650839134,False,False
Taklamakan,physics_colI,,12.23534725,0.2817321893205001,1.48e-06,0.013390959452603287,0.050334549879999996,563.8648481,2001.421454395984,36491882660.162994,6091269.916400192,471467821.8507141,306544.8362566198,False,False
Taklamakan,physics_colI,,12.13149925,0.279340976075894,1.52e-06,0.013038565782797938,0.04828163017,502.0158696,1797.1436795710472,21773088013.75396,5515291.021493877,346532706.7283161,311169.05178473436,False,False
Taklamakan,physics_colI,,12.18358464,0.28054029887862947,1.5e-06,0.013212413326568577,0.04786344282,671.2145829,2392.578127217254,91388646362.84995,7627562.351838753,834908736.5591402,318072.9349172573,False,False
Taklamakan,physics_colI,,12.5794518,0.28965557116212665,1.37e-06,0.014466145977994792,0.05238746959,671.2145829,2317.285250917222,78072366364.34088,7378438.856767903,758981015.3241464,318180.7642090769,False,False
Taklamakan,physics_colI,,12.80782945,0.2949142151557715,1.3e-06,0.01524509229988682,0.054174270069999995,532.0423875,1804.0581299852881,23122817206.326515,5770772.788666987,365289644.4351932,324254.10936275247,False,False
Taklamakan,physics_colI,,12.94891312,0.29816282023532664,1.27e-06,0.015605212590435328,0.05702554745,2273.34799,7624.518671394871,27640642513912.87,24894865.70484911,26231852458.025223,315317.9724468973,True,False
Taklamakan,physics_colI,,13.33288897,0.3070042821616892,1.17e-06,0.01693899144431869,0.0743993309,532.0423875,1733.0129200601527,15342574969.384016,4473082.70611102,261970621.94597977,262341.512415777,False,False
Taklamakan,physics_colI,,13.22830346,0.30459608694651036,1.19e-06,0.016654302512481397,0.08002585158,633.3336976,2079.257497852291,34461353028.12743,4961060.181739263,413478955.1073945,239797.49598700134,False,False
Taklamakan,physics_colI,,13.1602804,0.30302978194294133,1.21e-06,0.016379024785002368,0.09051855231,421.7266867,1391.700459261818,4130115619.6341105,2807302.15723874,107677678.69268103,208496.5819524549,False,False
Taklamakan,physics_colI,,12.85460336,0.29599123534965116,1.29e-06,0.015363271309963466,0.1119981752,563.8648481,1905.0052189346509,14746449918.214607,2980643.461917357,209651877.0133435,158059.73609397066,False,False
Taklamakan,physics_colI,,12.90992621,0.2972651041930507,1.28e-06,0.015483296867072551,0.11865115570000001,421.7266867,1418.688842892643,3274725630.0112276,2067194.9938860023,82276949.55884908,150362.6486030207,False,False
Taklamakan,physics_colI,,12.86732182,0.29628409173593684,1.29e-06,0.015363271309963466,0.1186131387,711.3611955,2400.9429305910917,43626082665.12763,3592090.0012451834,395864642.6935611,149244.86620231633,False,False
Taklamakan,physics_colI,,12.80459832,0.29483981487024796,1.31e-06,0.015128717549506005,0.125,563.8648481,1912.4447230715555,13263612362.873852,2640741.05282685,187151718.33414388,139457.09068398527,False,False
Taklamakan,physics_colI,,12.72995247,0.2931210129176357,1.33e-06,0.014901218037483357,0.1342761557,502.0158696,1712.6573922595642,7054647608.550383,2152927.048151186,123240178.7227818,127870.79625183539,False,False
Taklamakan,physics_colI,,12.7218342,0.2929340809136752,1.33e-06,0.014901218037483357,0.13838199510000002,633.3336976,2162.034870181723,21620341868.97032,2674881.4603664856,240482539.1418138,124076.82758574728,False,False
Taklamakan,physics_colI,,12.59850956,0.2900943968316102,1.37e-06,0.014466145977994792,0.143020073,671.2145829,2313.779894513498,28384593769.225822,2698389.2733012326,276753831.6878232,116547.87163425636,False,False
Taklamakan,physics_colI,,12.5667393,0.28936285201132883,1.38e-06,0.014361318833226716,0.1491788321,711.3611955,2458.3708328674807,36437747862.61958,2736760.3120598462,315786925.3329858,110926.57921318746,False,False
Taklamakan,physics_colI,,12.36965769,0.28482483340624926,1.44e-06,0.013762930548508934,0.1604318735,502.0158696,1762.5424847838615,6283738896.306122,1716090.8881139755,103843473.85964273,98848.19929632082,False,False
Taklamakan,physics_colI,,12.26514939,0.28241841603536805,1.47e-06,0.013482054414865895,0.1667807178,633.3336976,2242.536823521756,19440001893.738262,2086824.8349316537,201414693.4634397,93144.82607438794,False,False
Taklamakan,physics_colI,,12.24207419,0.2818870844366667,1.48e-06,0.013390959452603287,0.1685295012,3618.230411,12835.743851942709,104957106334484.55,12241427.481766531,35844452930.53935,91555.46204758636,True,False
Taklamakan,physics_colI,,12.1327329,0.279369382210044,1.52e-06,0.013038565782797938,0.16875760339999998,633.3336976,2267.011841418713,19602933912.65747,2017430.9781299832,198865698.7457364,89025.61292607289,False,False
Taklamakan,physics_colI,,11.95903992,0.2753699122706026,1.58e-06,0.0125434303733246,0.1664005474,563.8648481,2047.6632448714913,11573793577.625566,1768133.27714299,143052471.3781051,86858.04937268194,False,False
Taklamakan,physics_colI,,11.8177487,0.27211652812636716,1.64e-06,0.012084524384056624,0.1592533455,563.8648481,2072.144797607255,12354688101.799967,1802385.704680789,149224372.0726413,87435.84206556185,False,False
Taklamakan,physics_colI,,12.58205145,0.28971543093324736,1.37e-06,0.014466145977994792,0.04683698297,375.4685011,1295.9906895208176,4959544553.099021,4433961.522398806,148291704.81541994,355887.2508889522,False,False
Taklamakan,physics_colI,,12.24382937,0.2819274993667826,1.48e-06,0.013390959452603287,0.05227341849,671.2145829,2380.8056482874767,82769695150.69987,7041942.251568699,763452299.3816799,295174.8096208211,False,False
Taklamakan,physics_colI,,12.26744541,0.2824712843952198,1.47e-06,0.013482054414865895,0.050486618,711.3611955,2518.348712942795,113845230633.3981,7785438.027910145,941453656.7826685,307700.56635686266,False,False
Taklamakan,physics_colI,,12.22426387,0.2814769824310944,1.49e-06,0.013301087241511992,0.05113290754,671.2145829,2384.6162378990025,84714043880.01555,7162696.566202986,778961482.4935546,299733.40864330414,False,False
Taklamakan,physics_colI,,12.60203155,0.29017549448525176,1.37e-06,0.014466145977994792,0.052691605839999996,563.8648481,1943.1856197927789,32550955192.375874,6092428.195362482,445325001.7683844,316344.22301990667,False,False
Taklamakan,physics_colI,,12.90956805,0.29725685716917266,1.28e-06,0.015483296867072551,0.05436435523,1801.983335,6062.041266804043,9275127572537.764,20522038.21901791,13796540237.678679,328169.10925150313,True,False
Taklamakan,physics_colI,,13.05406884,0.30058414515646226,1.24e-06,0.01598275805633296,0.05919251825,502.0158696,1670.1342292644445,15161508541.73336,5099306.881050916,278052485.75399065,311123.9239764218,False,False
Taklamakan,physics_colI,,13.22985476,0.30463180731769096,1.19e-06,0.016654302512481397,0.06721411192,532.0423875,1746.509637928746,17349040593.12872,4908529.724616999,291818918.92911816,285505.5028615398,False,False
Taklamakan,physics_colI,,13.15864182,0.3029920518547514,1.21e-06,0.016379024785002368,0.07044555961,671.2145829,2215.2877568609206,52639770602.14412,5925494.164038106,558494989.6814739,267906.29337608995,False,False
Taklamakan,physics_colI,,13.00137241,0.29937075249257405,1.25e-06,0.015854895991882292,0.08238290754,711.3611955,2376.188019628422,61589295214.83177,5279634.328819828,570235878.6537765,221755.6945381157,False,False
Taklamakan,physics_colI,,12.71087589,0.2926817538971655,1.33e-06,0.014901218037483357,0.1108196472,563.8648481,1926.545951675947,15279966785.529848,2956810.7546379557,212555804.72423097,154936.41588668068,False,False
Taklamakan,physics_colI,,12.52862735,0.28848528287549796,1.39e-06,0.014257999992699904,0.122642944,502.0158696,1740.1784402868682,7995409470.710212,2294129.110757951,135434491.98481944,133956.7314472752,False,False
Taklamakan,physics_colI,,12.65798053,0.2914637806534804,1.35e-06,0.014680459251742863,0.123783455,446.9509568,1533.469976262256,4369513336.821627,2043545.3608469379,94494966.57822923,136655.00443677336,False,False
Taklamakan,physics_colI,,12.53143699,0.28854997789495496,1.39e-06,0.014257999992699904,0.1280033455,1132.193013,3923.732801019894,423772569781.02747,5142623.481506514,1476246174.6518667,128347.01975278616,False,False
Taklamakan,physics_colI,,12.53155535,0.28855270326279675,1.39e-06,0.014257999992699904,0.1346943431,897.4397893,3110.141680019767,127903997085.19255,3844519.0587249473,701234165.2266544,121971.32808401671,False,False
Taklamakan,physics_colI,,12.53896036,0.28872321167883214,1.38e-06,0.014361318833226716,0.14020681270000002,532.0423875,1842.7419964136086,9345612532.30969,2148468.203245144,141699510.81608117,118024.91774261295,False,False
Taklamakan,physics_colI,,12.41423356,0.28585124133643414,1.42e-06,0.013956774640741455,0.1422977494,671.2145829,2348.1254786996374,29600534012.33941,2657373.5512190936,280463324.13767034,113014.85543463203,False,False
Taklamakan,physics_colI,,12.37540463,0.28495716295562873,1.44e-06,0.013762930548508934,0.1441225669,1132.193013,3973.2042572879495,386485016216.6895,4466055.021250654,1313797300.6947026,110034.1337676392,False,False
Taklamakan,physics_colI,,12.19010944,0.28069053950125494,1.5e-06,0.013212413326568577,0.1529425182,597.5906703,2129.001823010598,16075705479.892887,2111385.6020727507,184233582.96849102,99541.09499552967,False,False
Taklamakan,physics_colI,,12.10891282,0.2788208989384973,1.53e-06,0.012953346398596645,0.1583029197,421.7266867,1512.5361416793403,2816985027.2183733,1389201.1505925157,62556844.877388544,94284.77168003724,False,False
Taklamakan,physics_colI,,12.02109083,0.27679870201938794,1.56e-06,0.012704243583239013,0.1650319343,597.5906703,2158.9359557695566,15347106048.988451,1909355.3579486504,171181421.78297925,88701.16444651577,False,False
Taklamakan,physics_colI,,11.89465546,0.2738873899928619,1.61e-06,0.012309701857051469,0.17685523109999998,250.0184145,912.8511338419635,198181925.09795555,676357.6406194356,11577644.806810707,80200.69344504728,False,False
Taklamakan,physics_colI,,11.72711337,0.27002955099127307,1.67e-06,0.011867437119672374,0.1767791971,753.9090529,2791.9501777950413,47615210939.3162,2179536.0309869186,322147587.0859227,77352.48696083314,False,False
Taklamakan,physics_colI,,11.58531835,0.266764566303622,1.73e-06,0.011455849705117262,0.173053528,473.6839381,1775.6628800575772,5029706614.568394,1334755.6255359573,81935518.54104896,76277.30648711263,False,False
Taklamakan,physics_colI,,11.44609182,0.26355872389417206,1.8e-06,0.011010344438807149,0.1777676399,473.6839381,1797.2614645463243,4995291274.843668,1265024.8500644958,79493192.1361043,71366.87785979941,False,False
Taklamakan,physics_colI,,11.38041361,0.26204641161435904,1.83e-06,0.010829846988990637,0.1764370438,473.6839381,1807.633751524511,5093082370.1932,1261378.2383801648,80151751.49701579,70726.31764475173,False,False
Taklamakan,physics_colI,,11.29547346,0.2600905721983007,1.87e-06,0.010598192507942708,0.18518096109999999,473.6839381,1821.2268676115236,4927684409.867703,1185529.1908748972,76432412.70113945,65945.31835426943,False,False
Taklamakan,physics_colI,,12.58600136,0.2898063819107048,1.37e-06,0.014466145977994792,0.058888382,711.3611955,2454.6084555142224,92279336668.24605,6972306.223638002,802122056.401143,283055.57977677113,False,False
Taklamakan,physics_colI,,12.77806466,0.29422884846531117,1.31e-06,0.015128717549506005,0.05672141119,563.8648481,1916.415915846125,29530540088.383705,5832365.1330725,415009508.7733398,307329.0309563287,False,False
Taklamakan,physics_colI,,12.84404374,0.2957480886043888,1.29e-06,0.015363271309963466,0.06246198297,532.0423875,1798.9715166399378,19930544854.282677,5028735.35283578,316584010.19320375,283410.82324620744,False,False
Taklamakan,physics_colI,,12.41910594,0.28596343318980405,1.42e-06,0.013956774640741455,0.0996426399,753.9090529,2636.382716805627,74861997212.49515,4283754.29786684,566295331.3474529,161394.3547988485,False,False
Taklamakan,physics_colI,,12.36403534,0.28469537267724326,1.44e-06,0.013762930548508934,0.1068658759,633.3336976,2224.6013050517863,29767662219.216724,3296698.568132884,313265078.5114024,148395.37571422392,False,False
Taklamakan,physics_colI,,12.27919883,0.2827419196850031,1.47e-06,0.013482054414865895,0.1244297445,597.5906703,2113.555255498595,19450858609.758755,2627905.771095994,226086318.89912584,124847.6480801789,False,False
Taklamakan,physics_colI,,12.29211552,0.28303934053282365,1.46e-06,0.01357439725332388,0.1286876521,1132.193013,4000.1259572914437,441380454870.4284,4967581.086310637,1480740760.3903952,121543.62263259321,False,False
Taklamakan,physics_colI,,12.22309087,0.28144997282921547,1.49e-06,0.013301087241511992,0.13617700729999999,671.2145829,2384.845079758791,31824223773.014694,2689781.182223249,292575115.5575551,112546.46415487138,False,False
Taklamakan,physics_colI,,12.19969663,0.2809112949872205,1.5e-06,0.013212413326568577,0.1368613139,753.9090529,2683.797577218451,56342068931.098885,3007890.611045975,411668288.97154254,111237.17359695553,False,False
Taklamakan,physics_colI,,11.72871462,0.27006642151557714,1.67e-06,0.011867437119672374,0.1607740268,421.7266867,1561.5665373478328,2974522093.5689,1296994.4220831592,62112306.05702854,85052.98281565653,False,False
Taklamakan,physics_colI,,13.27385793,0.3056450282069585,1.18e-06,0.016795440669366835,0.055809002430000004,446.9509568,1462.320389839158,8770076459.538342,4926318.174484514,207856169.1512728,346765.308268239,False,False
Taklamakan,physics_colI,,12.73590417,0.2932580572889083,1.33e-06,0.014901218037483357,0.07337287105,354.2784382,1208.0774232606211,2305611178.7866178,2699355.3708077027,78890201.66314657,234010.18252773452,False,False
Taklamakan,physics_colI,,12.5248753,0.2883988878399226,1.39e-06,0.014257999992699904,0.0758439781,597.5906703,2072.097693496294,30604096662.233955,4465126.993928876,369663601.3071201,216613.74211740104,False,False
Taklamakan,physics_colI,,12.47260049,0.2871952034354924,1.41e-06,0.014055758858051678,0.06113138686,897.4397893,3124.8425411170774,284363157475.9848,8391620.307881145,1544754882.5262465,264934.519589211,False,False
Taklamakan,physics_colI,,12.46153996,0.28694052269221026,1.41e-06,0.014055758858051678,0.059382603410000005,597.5906703,2082.629057384871,39509754421.93833,5652185.525617815,472563712.17476517,272736.6885172457,False,False
Taklamakan,physics_colI,,12.53608995,0.28865711736397337,1.39e-06,0.014257999992699904,0.05968673966,2553.427285,8845.883684829894,50237969524881.17,25263737.85590259,35625817779.93905,275251.22006825346,True,False
Taklamakan,physics_colI,,12.7543782,0.2936834419397177,1.32e-06,0.015014106052918837,0.0683926399,753.9090529,2567.080554220519,102874850524.7474,6529713.213487191,819599457.5443317,252952.2872912655,False,False
Taklamakan,physics_colI,,12.60775556,0.2903072960464206,1.36e-06,0.014572514698421225,0.07276459854,597.5906703,2058.4762368646925,31558646655.095493,4723727.655551067,386101608.3577466,230761.23976678084,False,False
Taklamakan,physics_colI,,12.57068509,0.2894537081213014,1.37e-06,0.014466145977994792,0.07409519465,711.3611955,2457.5991792162145,73782649580.73387,5548424.759179536,639826132.4231853,224963.10574340294,False,False
Taklamakan,physics_colI,,12.45839233,0.2868680450850814,1.41e-06,0.014055758858051678,0.07656630169999999,846.7915844,2951.850507256228,171402864221.4027,6315492.785714357,1040429503.8305316,211526.66708435657,False,False
Taklamakan,physics_colI,,12.28709621,0.2829237654562619,1.47e-06,0.013482054414865895,0.08082420924999999,1801.983335,6369.1480003244,6932987367262.837,12639675.00594585,9361127450.394552,192204.30482643514,True,False
Taklamakan,physics_colI,,12.26251531,0.2823577634760183,1.47e-06,0.013482054414865895,0.09032846715,753.9090529,2670.0489606478704,84928459461.70511,4625575.022485391,626771857.0454693,171980.7879197757,False,False
Taklamakan,physics_colI,,12.2077121,0.2810958599092772,1.49e-06,0.013301087241511992,0.09500456204,397.9259817,1415.6237727173548,3476080884.2312517,2212657.2836209806,87700488.5217291,161321.1022893223,False,False
Taklamakan,physics_colI,,12.07815001,0.27811255175113403,1.54e-06,0.012869233759644718,0.1029881387,315.4184887,1134.1397096749836,1038685788.9649589,1549029.9644377148,40111786.43170047,143983.9154430942,False,False
Taklamakan,physics_colI,,12.02676864,0.27692943977526535,1.56e-06,0.012704243583239013,0.10781630169999999,671.2145829,2423.7747472594683,41586085754.80678,3300409.810564204,370474189.935181,135772.83316582994,False,False
Taklamakan,physics_colI,,12.01129267,0.2765730887195192,1.56e-06,0.012704243583239013,0.1135568735,799.0017781,2888.9353689443406,93919232580.67352,3763591.915005895,594536512.2548666,128909.19142178465,False,False
Taklamakan,physics_colI,,11.96730816,0.2755602974970642,1.58e-06,0.0125434303733246,0.1171304745,671.2145829,2435.8174562761574,38730613754.5592,3015120.3515790724,341727174.4543003,123394.2492200055,False,False
Taklamakan,physics_colI,,11.89334995,0.2738573292039881,1.61e-06,0.012309701857051469,0.1227569951,753.9090529,2752.9263324496815,66351095202.45304,3208288.6147537366,461382122.88131773,115544.63484585646,False,False
Taklamakan,physics_colI,,11.80724083,0.27187457298118767,1.64e-06,0.012084524384056624,0.1407770681,473.6839381,1742.2884858481286,5939090705.473174,1696138.4519384385,100366927.39694305,98911.35362798734,False,False
Taklamakan,physics_colI,,11.72146758,0.2698995505307513,1.68e-06,0.011796797613007658,0.1441605839,473.6839381,1755.0378915730364,5869064542.087532,1629523.585656665,97794576.01049696,94290.09972980038,False,False
Taklamakan,physics_colI,,11.571158,0.26643850883050496,1.74e-06,0.011390011488421186,0.1527144161,473.6839381,1777.835869819157,5701138478.687091,1505793.113995531,92653845.37698357,85939.46094009443,False,False
Taklamakan,physics_colI,,11.34825092,0.2613058306661447,1.84e-06,0.010770989124920034,0.1690237226,597.5906703,2286.9396705636736,16881974329.876839,1679323.5172876671,168375462.9107486,73427.10810644267,False,False
Taklamakan,physics_colI,,11.2685249,0.259470052269221,1.88e-06,0.010541819143538758,0.17468826029999998,563.8648481,2173.1403804356773,12426673276.26159,1507156.9167582027,136853741.56599435,69534.50069467678,False,False
Taklamakan,physics_colI,,11.16186863,0.25701417555089917,1.93e-06,0.010268715020649152,0.1779577251,597.5906703,2325.1272775872744,16588732342.88694,1547314.802894354,160212331.3462522,66488.68675696946,False,False
Taklamakan,physics_colI,,10.89946473,0.25097204011144625,2.08e-06,0.00952818268742926,0.19270833329999998,2706.152597,10782.68557644234,27629443831108.016,6388444.25274069,13285675054.33065,56971.55576744935,True,False
Taklamakan,physics_colI,,10.79570256,0.24858280319602108,2.14e-06,0.00926103737843592,0.20069191,1801.983335,7249.0265289149465,3632631092982.829,3988196.540376131,3806264147.099736,53171.421368789095,True,False
Taklamakan,physics_colI,,10.6595032,0.24544666467107232,2.22e-06,0.008927306301735525,0.2006538929,2023.989919,8246.149613450185,6616533507787.439,4382289.346192909,5384752946.970297,51265.04525782286,True,False
Taklamakan,physics_colI,,10.56346373,0.24323525132975662,2.29e-06,0.008654419209542736,0.1890206813,597.5906703,2456.8423657056187,17276661708.9348,1300754.8791366613,149908979.09428397,52756.6369442457,False,False
Taklamakan,physics_colI,,12.93073723,0.29774430058256,1.27e-06,0.015605212590435328,0.07553984185,1909.763363,6414.105523643605,8889497328306.281,15766063.327345582,11838596953.45467,238035.71147678193,True,False
Taklamakan,physics_colI,,12.42642545,0.28613197287526765,1.42e-06,0.013956774640741455,0.09340784671999999,1801.983335,6297.7349818418625,5874040295553.971,11192814.993253049,8108455234.5714445,172167.11595248836,True,False
Taklamakan,physics_colI,,12.52242003,0.288342352575468,1.39e-06,0.014257999992699904,0.08770529197,532.0423875,1845.1759956447893,14929487660.917337,3414650.309149892,225785251.19414,187318.77568950772,False,False
Taklamakan,physics_colI,,12.46498721,0.287019899375993,1.41e-06,0.014055758858051678,0.07519768856,3039.553957,10590.046068611491,95558488016819.47,23715083.749378704,47604385788.31655,215376.49520508482,True,False
Taklamakan,physics_colI,,12.29782221,0.28317074328213865,1.46e-06,0.01357439725332388,0.06508515815,633.3336976,2236.5788578976703,49501909511.471855,5369071.510503928,515537866.76983,240318.43616741427,False,False
Taklamakan,physics_colI,,12.35424228,0.2844698768104262,1.44e-06,0.013762930548508934,0.06284215328000001,597.5906703,2100.7168737878033,38151019461.464485,5277711.870349402,448720501.28972507,252352.93473397236,False,False
Taklamakan,physics_colI,,12.48291598,0.287432728821755,1.4e-06,0.01415615713560919,0.06941909975999999,2023.989919,7041.612579391167,13910062679647.352,17112288.76557621,15428318421.700735,234971.341547756,True,False
Taklamakan,physics_colI,,12.47482168,0.28724634875313726,1.4e-06,0.01415615713560919,0.0715100365,711.3611955,2476.4847267435653,77692572037.14003,5671074.182491691,663777326.707685,228100.83448418745,False,False
Taklamakan,physics_colI,,12.40108807,0.28554855211955144,1.43e-06,0.013859174818078926,0.0743993309,1008.005486,3530.066878356909,420559751411.51935,7712541.197344842,1800995393.86042,214643.05561290844,False,False
Taklamakan,physics_colI,,12.36068414,0.2846182076492666,1.44e-06,0.013762930548508934,0.07766879562,4307.076464,15132.821261061365,527529748480460.5,32227752.40922344,130388259143.71353,204179.83410993608,True,False
Taklamakan,physics_colI,,12.24968681,0.2820623732989477,1.48e-06,0.013390959452603287,0.08006386860999999,1801.983335,6388.598783752497,7056954496548.21,12712880.77150778,9471759135.692434,192718.59602707328,True,False
Taklamakan,physics_colI,,12.05206963,0.27751202261161895,1.55e-06,0.012786206445066364,0.08344738443000001,799.0017781,2879.160947986068,126497855689.5185,5136481.95713584,806073168.741886,176553.9679766421,False,False
Taklamakan,physics_colI,,11.9376708,0.27487786502106887,1.59e-06,0.0124645408741213,0.08375152068,633.3336976,2304.0549210881577,40905500751.21648,3952860.0808474408,402111577.8071537,171487.34789049535,False,False
Taklamakan,physics_colI,,11.77452991,0.271121368440443,1.65e-06,0.01201128484233507,0.0885796837,532.0423875,1962.377183917443,16876204774.685846,3040589.726159504,226525086.58970588,156244.17675894566,False,False
Taklamakan,physics_colI,,11.70086757,0.2694252128761887,1.68e-06,0.011796797613007658,0.09124087591,397.9259817,1476.9441116962664,3957503022.016594,2139350.0275622974,92013500.09226404,148978.3575340213,False,False
Taklamakan,physics_colI,,11.69713622,0.2693392944806466,1.69e-06,0.011726994076836014,0.09473844282,753.9090529,2799.105323097118,88913345056.95346,4029544.231092305,598565164.908021,142629.3696221837,False,False
Taklamakan,physics_colI,,11.67314792,0.2687869377604826,1.7e-06,0.011658011758736979,0.1003269465,799.0017781,2972.6213065159977,112315340217.99345,4026803.1822464406,672511538.492023,133892.23578311526,False,False
Taklamakan,physics_colI,,11.66616742,0.26862620414930116,1.7e-06,0.011658011758736979,0.10659975669999999,711.3611955,2648.145208888962,59749254111.70749,3360241.3377629216,448075789.9805129,126013.41308856844,False,False
Taklamakan,physics_colI,,11.6610613,0.26850863017799165,1.7e-06,0.011658011758736979,0.1289157543,1132.193013,4216.598223489058,490819745104.6494,4495722.651183159,1485459338.290657,104199.82607337536,False,False
Taklamakan,physics_colI,,11.59015296,0.266875888461627,1.73e-06,0.011455849705117262,0.1355687348,315.4184887,1181.8920417209317,860980749.780307,1096371.4622731847,30723846.17240651,97368.00312701693,False,False
Taklamakan,physics_colI,,11.42428073,0.2630564998042782,1.81e-06,0.010949513806548544,0.1364811436,633.3336976,2407.5956992935703,27393592919.93437,2231402.6221363894,247237001.8247236,92442.28710066777,False,False
Taklamakan,physics_colI,,11.37014066,0.2618098657579037,1.83e-06,0.010829846988990637,0.1429440389,563.8648481,2153.718869484496,14925044497.66755,1874368.0666752248,167257366.95325208,87298.09581517131,False,False
Taklamakan,physics_colI,,11.20431427,0.2579915326164544,1.91e-06,0.0103762408323837,0.16183850360000002,711.3611955,2757.3044288920596,42757406927.72759,2054703.7630702623,296401425.28929985,73876.5639772302,False,False
Taklamakan,physics_colI,,11.11156954,0.25585598425015543,1.96e-06,0.010111540811149422,0.1672749392,951.1173591,3717.393446502599,176150109909.04,2639829.29658724,681913646.0982037,69652.21909362938,False,False
Taklamakan,physics_colI,,10.99587051,0.25319188813926174,2.02e-06,0.009811198014778645,0.1740799878,799.0017781,3155.716338196939,73169754018.5824,2078040.8457507682,389935555.60393643,64941.40681852947,False,False
Taklamakan,physics_colI,,10.67546811,0.2458142741025582,2.21e-06,0.0089677013528746,0.19137773719999998,2553.427285,10387.628197436019,21779089704754.52,5830343.272263431,11268521160.122889,53993.0947065649,True,False
Taklamakan,physics_colI,,10.56867804,0.24335531649358721,2.28e-06,0.008692377188531957,0.20057785890000002,502.0158696,2062.892550832062,6901660709.545705,1024493.941649212,84087511.46423574,49934.88700103019,False,False
Taklamakan,physics_colI,,10.48183959,0.24135576665361855,2.34e-06,0.008469495722159345,0.20612834549999998,563.8648481,2336.2393860231646,12093554544.188557,1107318.695619504,115721299.00443651,47344.36921735214,False,False
Taklamakan,physics_colI,,10.32246502,0.2376859936908517,2.46e-06,0.008056349589371082,0.21099452549999997,502.0158696,2112.0969805774553,6831160790.682932,925398.5045736405,79508150.40107569,43996.24534508079,False,False
Taklamakan,physics_colI,,10.13790283,0.23343624835939117,2.61e-06,0.007593340992280792,0.21665906329999998,532.0423875,2279.1763971501296,9130241479.327902,920302.9636663459,91665633.1043149,40383.55438114516,False,False
Taklamakan,physics_colI,,9.93950206,0.22886785465932902,2.79e-06,0.00710344802503687,0.2287104623,354.2784382,1547.9606724471869,1198671930.4342816,540617.0372124654,25456285.424647637,35787.52582882016,False,False
Taklamakan,physics_colI,,16.73637725,0.38537330470422987,6.15e-07,0.03222539835748433,0.02805656934,799.0017781,2073.3189568312882,187529167012.8809,27297966.61102273,2262557168.2745447,1323464.2907152958,False,False
Taklamakan,physics_colI,,16.78721419,0.38654388058670475,6.09e-07,0.032542889966917676,0.028512773720000002,1132.193013,2929.0154879221805,1025583565729.2126,38949622.42586655,6320292133.384874,1315119.2941799117,False,False
Taklamakan,physics_colI,,16.47241615,0.37929531303967395,6.44e-07,0.030774254642628673,0.039841849150000004,951.1173591,2507.5905934026505,322408311667.01764,22418513.156811308,2688478189.7892265,890013.4203236455,False,False
Taklamakan,physics_colI,,15.81755184,0.36421634944391995,7.24e-07,0.02737378451637136,0.04919403893,446.9509568,1227.1578623046385,6825175375.235304,7524525.284780742,226619073.96338227,641166.5587395319,False,False
Taklamakan,physics_colI,,12.41976157,0.28597852978424554,1.42e-06,0.013956774640741455,0.1040526156,2145.048581,7500.732948792753,12496617165672.248,12001285.699250732,12246447357.474476,154554.11172878288,True,False
Taklamakan,physics_colI,,12.57973408,0.2896620709664049,1.37e-06,0.014466145977994792,0.08960614355,502.0158696,1733.1087495339489,10882115280.574162,3171970.290403661,185789521.68173784,186021.67718360617,False,False
Taklamakan,physics_colI,,12.40845234,0.2857181224527389,1.43e-06,0.013859174818078926,0.07360097323999999,3039.553957,10638.295992242414,98450449366740.69,24000683.205486283,48609444007.19793,216971.3118854932,True,False
Taklamakan,physics_colI,,12.30317218,0.2832939321651431,1.46e-06,0.01357439725332388,0.06443886861,2706.152597,9552.455205508877,64736831896739.74,24080657.182088677,39482976786.96343,242728.70957715032,True,False
Taklamakan,physics_colI,,12.28447159,0.28286333072370995,1.47e-06,0.013482054414865895,0.06489507299,633.3336976,2239.0095456332447,49574243160.3256,5354280.410933132,515203259.9277368,239382.7487402072,False,False
Taklamakan,physics_colI,,12.2292864,0.2815926316516613,1.49e-06,0.013301087241511992,0.06405869830000001,1008.005486,3579.658601461325,502195730224.29956,8721490.15812508,2092819896.3608088,239253.07690504703,False,False
Taklamakan,physics_colI,,12.09086195,0.2784052580073223,1.53e-06,0.012953346398596645,0.06649178832,4307.076464,15470.528447730394,646707294530206.9,36227170.98762744,153063306307.85336,224472.14937830644,True,False
Taklamakan,physics_colI,,12.07804379,0.27811010592000734,1.54e-06,0.012869233759644718,0.07318278589,1801.983335,6479.388187059637,7954898417417.362,13559628.315592907,10385830050.047886,202624.6373909729,True,False
Taklamakan,physics_colI,,11.98585413,0.2759873386446844,1.57e-06,0.012623324834301187,0.07732664234,2145.048581,7772.271697440474,18127393586379.78,15142959.801864265,16568113724.595238,188101.86621336298,True,False
Taklamakan,physics_colI,,11.88916231,0.27376090423449767,1.61e-06,0.012309701857051469,0.07941757908,633.3336976,2313.4556023291775,43466759413.762794,4134430.7874604757,423922526.3552273,178599.15069075776,False,False
Taklamakan,physics_colI,,11.80481004,0.27181860139538094,1.64e-06,0.012084524384056624,0.07930352798000001,563.8648481,2074.4159715538212,24944571849.70458,3623650.0114173726,300649959.3680057,175584.2485224874,False,False
Taklamakan,physics_colI,,11.7059138,0.2695414078150544,1.68e-06,0.011796797613007658,0.08006386860999999,633.3336976,2349.6712536077625,44611902447.159164,3994781.2472747546,422154937.55392957,169775.90602385026,False,False
Taklamakan,physics_colI,,11.57169266,0.26645081995901354,1.74e-06,0.011390011488421186,0.084131691,563.8648481,2116.2060908153176,24454472244.604923,3287885.9477965417,283555136.8849048,155995.84938112416,False,False
Taklamakan,physics_colI,,11.5292393,0.2654732851320546,1.76e-06,0.011260579539689128,0.08671684915,711.3611955,2679.596160292163,75202141503.92545,4039320.1556893075,551149277.3539718,149625.5473950722,False,False
Taklamakan,physics_colI,,11.51630925,0.2651755566556909,1.76e-06,0.011260579539689128,0.08987226276999999,753.9090529,2843.0563601263225,97193794170.22978,4145451.3674690095,634753611.2165731,144372.19696637947,False,False
Taklamakan,physics_colI,,11.48972363,0.2645633938151926,1.78e-06,0.011134056174074645,0.09405413624999999,532.0423875,2011.020420578863,16625801416.344503,2724184.705506812,212818593.96020636,136403.02689106937,False,False
Taklamakan,physics_colI,,11.48907235,0.26454839738423636,1.78e-06,0.011134056174074645,0.1126064477,597.5906703,2258.90867685751,24647277940.20187,2572098.759826527,251784100.02042016,113930.1446601361,False,False
Taklamakan,physics_colI,,11.41921547,0.2629398666789472,1.81e-06,0.010949513806548544,0.1178908151,473.6839381,1801.491512423918,7578212189.299759,1901749.3968921206,120049408.41387488,107019.61005016977,False,False
Taklamakan,physics_colI,,11.32533975,0.26077827603674963,1.85e-06,0.010712767562082628,0.12055200729999999,532.0423875,2040.2097735511645,13400606657.498127,2076379.3294776785,166807501.82797557,102394.28904816095,False,False
Taklamakan,physics_colI,,11.06405767,0.25476197172396325,1.99e-06,0.00995910552253913,0.145377129,711.3611955,2792.258164302347,48616157423.67877,2224397.461151391,328848988.3581329,78935.56923875453,False,False
Taklamakan,physics_colI,,10.99991656,0.25328505284487324,2.02e-06,0.009811198014778645,0.1557937956,671.2145829,2650.0362945265924,34527595429.44421,1936411.0868327096,258572269.57129443,72563.8608594529,False,False
Taklamakan,physics_colI,,10.90306216,0.25105487485320865,2.08e-06,0.00952818268742926,0.16628649639999998,633.3336976,2522.690300159713,24636584104.510433,1673549.725948099,203053068.37474957,66023.96343142368,False,False
Taklamakan,physics_colI,,10.82168389,0.24918105160146442,2.12e-06,0.009348405655590974,0.17609489050000002,711.3611955,2854.796506107286,42026949177.41971,1763962.1150533715,272275496.804692,61170.114543481766,False,False
Taklamakan,physics_colI,,10.61414116,0.24440215432084553,2.25e-06,0.008808275551045717,0.1933166058,1271.680598,5203.22990414629,698104115100.9419,2809428.0217911,1400454662.9906538,52501.320894464414,True,False
Taklamakan,physics_colI,,10.51361212,0.24208736374312093,2.32e-06,0.008542508616315891,0.2018324209,3221.355423,13306.582273406812,66787330995304.164,6761909.227933432,21251114553.504993,48768.90394600356,True,False
Taklamakan,physics_colI,,10.40229342,0.23952412949872204,2.4e-06,0.008257758329105361,0.207915146,375.4685011,1567.560236564823,1631038291.8653817,700749.6824804404,33807537.105475545,45764.05935874474,False,False
Taklamakan,physics_colI,,10.30344308,0.23724799281586034,2.48e-06,0.00799137902816648,0.2176094891,563.8648481,2376.6896461697056,11764550328.710833,1007668.2906577945,108879586.33320406,42314.81040682697,False,False
Taklamakan,physics_colI,,10.15825349,0.23390484445877177,2.59e-06,0.00765197683005902,0.2279881387,446.9509568,1910.8238558897392,3662802969.8955626,731651.6320336205,51767709.73050363,38673.18070391542,False,False
Taklamakan,physics_colI,,10.00374607,0.23034714292293168,2.73e-06,0.007259567761850866,0.245209854,473.6839381,2056.3916360728754,4641997910.426663,697554.9085540265,56903852.48746919,34113.11228083468,False,False
Taklamakan,physics_colI,,9.887238513,0.22766442959773422,2.83e-06,0.007003045932810199,0.2612910584,671.2145829,2948.262862520883,24874649879.463814,920882.8611906,151349392.96909997,30882.39161628988,False,False
Taklamakan,physics_colI,,9.802752173,0.2257190396509245,2.92e-06,0.00678719862666194,0.2726961679,671.2145829,2973.672863122386,24099157879.427685,862828.6321821098,144199318.40978757,28678.737117517154,False,False
Taklamakan,physics_colI,,9.764720455,0.22484331794423082,2.96e-06,0.006695479726301644,0.2574893552,1199.911617,5336.656779356107,451436414169.7572,1645317.5706663316,861833083.7651249,29962.008213952104,True,False
Taklamakan,physics_colI,,9.863945242,0.22712807667687487,2.86e-06,0.006929587409039463,0.23996350360000002,897.4397893,3951.2498957878647,113720392270.74663,1342864.1645076377,390782598.8374316,33274.43440430721,False,False
Taklamakan,physics_colI,,10.02079197,0.2307396433258882,2.71e-06,0.007313143907694785,0.2181037105,1513.785733,6560.579322999059,1612968500844.0466,2618461.982528385,2055114765.2809901,38635.769331686584,True,False
Taklamakan,physics_colI,,12.54218674,0.28879750259043496,1.38e-06,0.014361318833226716,0.0683926399,897.4397893,3107.5053670831967,252663216720.8619,7619665.397438676,1387519070.014355,241954.3617568627,False,False
Taklamakan,physics_colI,,12.65155173,0.2913157505353565,1.35e-06,0.014680459251742863,0.05847019465,421.7266867,1447.6618099947732,6961855440.677164,4065429.600504453,168234756.16816497,289303.4424373023,False,False
Taklamakan,physics_colI,,12.67047874,0.2917515655437611,1.34e-06,0.014790014917800645,0.05314781022,1801.983335,6176.430730171052,9938627643320.746,20437233.83171159,14251949239.064066,320650.3627515675,True,False
Taklamakan,physics_colI,,12.69326633,0.29227627460913214,1.34e-06,0.014790014917800645,0.04965024331,1199.911617,4105.4020501823825,1416977229162.576,14408074.0381,4518397152.539403,343238.2902957916,False,False
Taklamakan,physics_colI,,12.49399064,0.2876877349236685,1.4e-06,0.01415615713560919,0.04501216545,951.1173591,3306.0754548759533,513748757810.7195,12168169.960375704,2500276425.1123776,362379.78858768067,False,False
Taklamakan,physics_colI,,13.42781667,0.3091900957885284,1.14e-06,0.017384754377063914,0.03839720195,354.2784382,1145.827253284044,3958812575.112933,5676653.742520245,149909333.33335534,521695.9679573776,False,False
Taklamakan,physics_colI,,10.68170555,0.2459578979483755,2.21e-06,0.0089677013528746,0.17723540150000003,3039.553957,12358.025427742015,55424770417115.33,7502562.181735022,20391855885.691116,58301.42399269869,True,False
Taklamakan,physics_colI,,10.61621546,0.24444991733634205,2.25e-06,0.008808275551045717,0.1890206813,597.5906703,2444.63437260143,17156737857.495941,1316992.1611400258,150317295.30914423,53694.532712143395,False,False
Taklamakan,physics_colI,,10.54840638,0.24288853945520272,2.3e-06,0.00861679129993603,0.1998935523,502.0158696,2066.8569654460357,6930433407.361443,1021130.9377903178,84124193.69332664,49670.12896254815,False,False
Taklamakan,physics_colI,,10.34375023,0.2381761088212945,2.44e-06,0.008122385241742977,0.2181037105,597.5906703,2509.028606006731,15588618585.47445,1081532.8170334708,129844532.3161838,42911.038888881405,False,False
Taklamakan,physics_colI,,10.24983319,0.23601356674111768,2.52e-06,0.007864531742005106,0.2338807786,532.0423875,2254.287305795413,8297880579.830128,872852.2925224465,85104782.98651735,38745.99675499585,False,False
Taklamakan,physics_colI,,10.16040498,0.23395438485804412,2.59e-06,0.00765197683005902,0.2515586983,1700.286015,7267.596271092239,2424990597836.717,2635780.9992151977,2528189894.1838846,35049.57906794207,True,False
Taklamakan,physics_colI,,10.08494083,0.23221674065716458,2.65e-06,0.0074787245244727785,0.2693506691,532.0423875,2291.145702908155,7422728681.574033,733118.6771997041,73768157.30549231,31993.22179788676,False,False
Taklamakan,physics_colI,,9.932760741,0.228712628451035,2.79e-06,0.00710344802503687,0.2867244526,2145.048581,9378.793796946953,6954316182677.015,2779958.27042651,4396897632.103104,28546.50694303095,True,False
Taklamakan,physics_colI,,9.908316407,0.22814977105160145,2.81e-06,0.007052889676104222,0.2814400852,2409.32123,10560.261440959655,12634649261581.232,3170442.8822792345,6329094233.891198,28875.508172458543,True,False
Taklamakan,physics_colI,,9.857797755,0.22698652409680167,2.86e-06,0.006929587409039463,0.2815161192,1513.785733,6669.05552663745,1283933839988.6582,1954574.0462266128,1584153957.3898442,28363.029025323172,True,False
Taklamakan,physics_colI,,12.25955559,0.2822896127011904,1.47e-06,0.013482054414865895,0.07527372263,2553.427285,9045.417082713764,42051284797399.695,19374822.932559226,28543584165.907383,206376.94549002242,True,False
Taklamakan,physics_colI,,12.58102938,0.28969189665891454,1.37e-06,0.014466145977994792,0.07337287105,2273.34799,7847.468349025508,22958725068563.0,18468215.87456026,20591422747.61265,227177.76843933348,True,False
Taklamakan,physics_colI,,12.74192636,0.29339672476916345,1.32e-06,0.015014106052918837,0.07055961071,1428.353227,4868.333919282124,2347644907048.8677,12257443.979904534,5364338349.960755,245183.81723640984,False,False
Taklamakan,physics_colI,,12.85888649,0.296089859080338,1.29e-06,0.015363271309963466,0.055809002430000004,711.3611955,2402.517930568458,93020888644.18892,7639663.758615825,842999591.7966084,317196.1734546684,False,False
Taklamakan,physics_colI,,12.97992301,0.2988768567086509,1.26e-06,0.015729063484010212,0.04505018248,421.7266867,1411.0382829377277,8530974884.340749,5498567.6543641,216582876.88371986,402304.42541335087,False,False
Taklamakan,physics_colI,,12.93661857,0.2978797248382417,1.27e-06,0.015605212590435328,0.03995590024,563.8648481,1892.927920509517,40688367416.75137,8429344.20651322,585641745.572218,450025.6505698077,False,False
Taklamakan,physics_colI,,12.87430856,0.29644496902991085,1.29e-06,0.015363271309963466,0.03672445255,354.2784382,1195.090068012771,4502551924.184721,5494574.36498157,157288290.66279477,482033.10834971967,False,False
Taklamakan,physics_colI,,12.67565183,0.2918706815722213,1.34e-06,0.014790014917800645,0.03239051095,1008.005486,3453.6030839759983,925268714374.9393,18482448.49069447,4135363509.2317953,526137.5670424385,False,False
Taklamakan,physics_colI,,12.387616,0.2852383430426673,1.43e-06,0.013859174818078926,0.08021593674,2145.048581,7520.197173067764,16303938000880.7,15499393.648593478,15896576772.938007,199078.89091531016,True,False
Taklamakan,physics_colI,,12.22080078,0.28139724101406893,1.49e-06,0.013301087241511992,0.07173813869,532.0423875,1890.7164319830686,19204929453.665516,3996713.1220147954,277049803.38349533,213641.45976850556,False,False
Taklamakan,physics_colI,,12.14476323,0.27964639365401,1.51e-06,0.01312491390056481,0.06960918491,1428.353227,5107.711951283796,2636401854499.5073,11407847.548993748,5484128958.550735,217259.31894166252,True,False
Taklamakan,physics_colI,,11.88030486,0.27355695180639666,1.61e-06,0.012309701857051469,0.07276459854,671.2145829,2453.6557322624208,63427335310.84379,4799589.600040916,551747386.8685142,194928.74911976515,False,False
Taklamakan,physics_colI,,11.80523727,0.27182843883119573,1.64e-06,0.012084524384056624,0.07257451338,951.1173591,3498.9619305088227,359859397982.68195,6831348.511603309,1567904640.8488805,191864.1919463099,False,False
Taklamakan,physics_colI,,11.76321567,0.2708608457482327,1.66e-06,0.011938927704730644,0.07333485401,897.4397893,3313.287259444569,268819724263.4541,6313113.731929421,1302723874.29612,187587.28150517543,False,False
Taklamakan,physics_colI,,11.57147855,0.26644588984319234,1.74e-06,0.011390011488421186,0.07622414842,532.0423875,1996.8121400300656,20264686258.168472,3412983.2621045564,262988659.47209436,172178.95994193488,False,False
Taklamakan,physics_colI,,11.40134828,0.2625284551797186,1.82e-06,0.010889351642776301,0.07873327251000001,1801.983335,6863.954361695457,8316293453088.364,11308602.351180388,9697713941.785515,159364.73263206444,True,False
Taklamakan,physics_colI,,11.30742478,0.26036576435100967,1.86e-06,0.010655172037555305,0.08200273723000001,1700.286015,6530.37475659732,6109773365972.268,10099477.809496127,7855286152.0562935,149720.27495726524,True,False
Taklamakan,physics_colI,,11.3173892,0.2605952059683621,1.86e-06,0.010655172037555305,0.08291514599,3221.355423,12361.529871701065,140963808783337.5,19060302.22729311,51834474999.95315,148072.73410342546,True,False
Taklamakan,physics_colI,,11.36677673,0.26173240760781963,1.83e-06,0.010829846988990637,0.08770529197,532.0423875,2032.7722973351217,18287951770.596806,2874082.0008929553,229262018.2609207,142280.3815346534,False,False
Taklamakan,physics_colI,,11.47637544,0.2642560372101591,1.78e-06,0.011134056174074645,0.09143096107,897.4397893,3396.099475245967,227135481944.2218,4844337.015794881,1048961783.2804031,140316.46092293505,False,False
Taklamakan,physics_colI,,11.51377344,0.26511716687006376,1.77e-06,0.011196960446244556,0.09534671533,532.0423875,2006.8198290635726,16323725069.943777,2696464.128635401,209800712.81292108,135314.05435975705,False,False
Taklamakan,physics_colI,,11.48198432,0.2643851877777522,1.78e-06,0.011134056174074645,0.10123935519999999,354.2784382,1340.008648660809,2082474680.7959833,1637425.4387982613,58394323.50827118,126722.15119091405,False,False
Taklamakan,physics_colI,,11.43392441,0.2632785560339865,1.8e-06,0.011010344438807149,0.10500304140000001,563.8648481,2141.7044236113593,20094022415.416157,2578913.3586113118,227641698.36686745,120822.41880822419,False,False
Taklamakan,physics_colI,,11.19263663,0.2577226422436621,1.92e-06,0.010322197911381701,0.1133287713,563.8648481,2187.8746981295417,19391886269.390335,2291023.2953302967,210777757.80088603,104949.5306220407,False,False
Taklamakan,physics_colI,,11.16711356,0.25713494577356144,1.93e-06,0.010268715020649152,0.11929744530000001,563.8648481,2192.875209566231,18533897343.79245,2170333.420690673,200561055.09515762,99182.13596613186,False,False
Taklamakan,physics_colI,,11.10444028,0.25569182527804,1.96e-06,0.010111540811149422,0.12461982969999999,473.6839381,1852.5580064396456,7599781555.878934,1711541.892741896,114049745.76286429,93492.9115380739,False,False
Taklamakan,physics_colI,,10.90444054,0.2510866135531557,2.08e-06,0.00952818268742926,0.1421456813,532.0423875,2118.9595891672866,12185896714.80619,1630137.813618374,140942154.89928302,77236.9125607277,False,False
Taklamakan,physics_colI,,10.82521133,0.24926227474728868,2.12e-06,0.009348405655590974,0.1549574209,846.7915844,3397.1911122872834,112703903004.04672,2400731.840871412,520165212.72793525,69514.2224221601,False,False
Taklamakan,physics_colI,,10.71731393,0.24677781965967438,2.19e-06,0.009049598168882586,0.164689781,597.5906703,2421.5736694818183,19306287619.64754,1537633.2363679793,172296226.06096077,63315.66062910662,False,False
Taklamakan,physics_colI,,10.68747699,0.24609079163692463,2.21e-06,0.0089677013528746,0.17856599760000003,597.5906703,2428.3341376773997,17889351964.869385,1409421.485192684,158788025.41583818,57866.98715460085,False,False
Taklamakan,physics_colI,,10.64562112,0.24512701466761838,2.23e-06,0.008887273538050614,0.1913397202,502.0158696,2047.9826357805227,7136937639.779471,1089653.5182210351,88186105.52978191,53519.483297635765,False,False
Taklamakan,physics_colI,,10.34147858,0.238123801607221,2.45e-06,0.008089232648919538,0.2514826642,2706.152597,11364.477547959394,23297540592382.555,4382650.5885193255,10104700885.64022,37063.61470631162,True,False
Taklamakan,physics_colI,,10.15599169,0.23385276405167055,2.59e-06,0.00765197683005902,0.2953923358,1068.296199,4568.242771609731,208776008834.08414,1398101.1949896275,540268440.1629417,29848.52827144486,False,False
Taklamakan,physics_colI,,10.11495823,0.23290792396785556,2.63e-06,0.00753559695431668,0.2979774939,897.4397893,3853.195606276834,87971790214.08592,1145970.580886854,317510761.2873814,29139.540407905522,False,False
Taklamakan,physics_colI,,10.10259399,0.23262322388265905,2.64e-06,0.0075070530264594185,0.2971411192,1513.785733,6507.457457315574,1167518694732.5303,1956683.1749443447,1511444404.0109859,29110.872879476025,True,False
Taklamakan,physics_colI,,12.15582256,0.2799010467659859,1.51e-06,0.01312491390056481,0.10378649640000001,633.3336976,2262.7057130283088,31785907909.25638,3295489.0823982647,323651220.4350094,145714.94973050125,False,False
Taklamakan,physics_colI,,12.14483997,0.2796481606760459,1.51e-06,0.01312491390056481,0.09869221411,264.9724883,947.5209408115982,455148908.5228005,1348110.4534114446,24770769.09258969,153236.44567113311,False,False
Taklamakan,physics_colI,,12.05794099,0.27764721706693685,1.55e-06,0.012786206445066364,0.08724908759,799.0017781,2877.7590012990186,120695467347.16022,4910182.7838459965,769829075.7410197,168860.9846285358,False,False
Taklamakan,physics_colI,,12.27103005,0.2825538246333095,1.47e-06,0.013482054414865895,0.08074817517999999,1801.983335,6377.4869702739425,6984476997229.38,12668432.819041276,9406507195.316418,192385.28818036104,True,False
Taklamakan,physics_colI,,12.52992679,0.28851520389601415,1.39e-06,0.014257999992699904,0.06592153285,1271.680598,4407.672735535752,1460950274908.3892,11252898.344766155,4054617729.2443085,249218.2326933135,False,False
Taklamakan,physics_colI,,12.12315581,0.2791488592875728,1.52e-06,0.013038565782797938,0.0639446472,1271.680598,4555.564372519765,1620967481493.7383,10973696.483484332,4217582856.508013,234949.28405235024,False,False
Taklamakan,physics_colI,,12.00395722,0.27640418199820393,1.57e-06,0.012623324834301187,0.06592153285,753.9090529,2727.5602252099748,121045884176.84943,6067781.195773454,857018051.0549697,220645.44168388902,False,False
Taklamakan,physics_colI,,11.79489993,0.2715904103248981,1.65e-06,0.01201128484233507,0.06919099757,2409.32123,8871.15722207488,37026013275000.164,18412441.775038492,26110138138.04406,200026.88562587084,True,False
Taklamakan,physics_colI,,11.74584534,0.27046087499136523,1.67e-06,0.011867437119672374,0.07082572993,3834.64361,14178.182371562709,361632637143308.25,28537613.27269311,101588052179.27887,193069.8144888756,True,False
Taklamakan,physics_colI,,11.59630834,0.2670176227866172,1.73e-06,0.011455849705117262,0.07017944039,502.0158696,1880.0851582787768,16443938026.701336,3497699.110184069,239824826.49616414,188090.08622150583,False,False
Taklamakan,physics_colI,,11.53411943,0.2655856554376108,1.76e-06,0.011260579539689128,0.07272658151,1604.328118,6040.71825850879,4955470725088.358,11116809.624363769,7422198100.9614105,178408.71594742237,True,False
Taklamakan,physics_colI,,11.34132098,0.2611462612540008,1.85e-06,0.010712767562082628,0.07375304136,846.7915844,3242.595089563156,215624020981.55463,5508308.241488095,1089827312.850756,167367.16009527026,False,False
Taklamakan,physics_colI,,11.31403782,0.26051803679568947,1.86e-06,0.010655172037555305,0.07580596107,897.4397893,3444.827852759441,281268159892.6477,5674458.629752358,1263346562.577902,161959.1941323299,False,False
Taklamakan,physics_colI,,11.30033219,0.2602024497455617,1.87e-06,0.010598192507942708,0.0795696472,671.2145829,2579.585947620191,63932337304.37943,3981927.023571559,504553170.2332278,153473.31379004885,False,False
Taklamakan,physics_colI,,11.37325308,0.2618815326164544,1.83e-06,0.010829846988990637,0.08264902676000001,633.3336976,2418.397705528804,45741190025.883736,3661655.941484419,409253589.14595366,150984.74710822804,False,False
Taklamakan,physics_colI,,11.45047679,0.26365969260171773,1.79e-06,0.011071854742934562,0.08538625304,799.0017781,3030.4282395829305,137831977236.6178,4584259.2764182035,794894659.8348914,149410.43234425478,False,False
Taklamakan,physics_colI,,11.32357735,0.2607376948582744,1.85e-06,0.010712767562082628,0.09025243309,753.9090529,2891.446337706529,100074690663.61067,3996705.7229875466,632431094.1924512,136770.1308229873,False,False
Taklamakan,physics_colI,,11.29509167,0.26008178106795,1.87e-06,0.010598192507942708,0.09492852798,563.8648481,2168.029016814071,22724286779.215565,2781405.4215197368,251406949.87983018,128642.22897738314,False,False
Taklamakan,physics_colI,,11.29136468,0.2599959630661539,1.87e-06,0.010598192507942708,0.1059914842,502.0158696,1930.8602475195587,11488762327.124687,2203990.3710532887,159126118.35994297,115215.08095731602,False,False
Taklamakan,physics_colI,,11.23241232,0.258638520804071,1.9e-06,0.010430852626238352,0.1101733577,563.8648481,2180.127099192429,19807377146.340305,2372565.5878412765,216781690.65398663,109091.70341911163,False,False
Taklamakan,physics_colI,,11.15506524,0.25685752009026225,1.94e-06,0.010215783499924158,0.114203163,563.8648481,2195.243681796244,19363744840.615986,2258024.5460622786,209102393.9456402,103072.31897862957,False,False
Taklamakan,physics_colI,,10.99306706,0.2531273356512929,2.02e-06,0.009811198014778645,0.12807937960000002,502.0158696,1983.2542712477912,10044930424.231777,1737053.2796356645,132093070.73849058,88265.56891507964,False,False
Taklamakan,physics_colI,,10.95225065,0.2521874933799995,2.05e-06,0.0096676195072453,0.1387241484,532.0423875,2109.709646458603,12398540200.09884,1686983.9016536253,144624125.65534168,80300.08056218342,False,False
Taklamakan,physics_colI,,10.89463603,0.2508608540376246,2.08e-06,0.00952818268742926,0.1527904501,563.8648481,2247.7195585702284,15168698170.176533,1613778.4626872393,156457401.2759838,71855.888573321,False,False
Taklamakan,physics_colI,,10.81057087,0.24892516221879388,2.13e-06,0.00930451642716097,0.1667046837,597.5906703,2400.6840649349265,18789282179.33024,1547722.98580065,170530360.68584368,64312.36851571235,False,False
Taklamakan,physics_colI,,10.72800682,0.24702403509175894,2.18e-06,0.009091110087088471,0.1803527981,532.0423875,2153.8081802540746,9932127468.93442,1247129.6867024722,111295332.42064197,58082.12956651541,False,False
Taklamakan,physics_colI,,10.57085994,0.24340555711621265,2.28e-06,0.008692377188531957,0.2074969586,473.6839381,1946.068708175969,5003308121.655074,931083.0062969209,68253169.65050346,48269.78085200753,False,False
Taklamakan,physics_colI,,10.55594697,0.24306216974832487,2.29e-06,0.008654419209542736,0.21354166670000002,1909.763363,7857.0983093643745,4748042892894.936,3801045.846050479,4248238307.2172155,46698.59335839899,True,False
Taklamakan,physics_colI,,10.61266603,0.24436818784683045,2.26e-06,0.00876930088046587,0.21951034060000002,1909.763363,7815.106294429111,4558082327496.506,3726467.1883026273,4121352233.7938795,46031.8560813146,True,False
Taklamakan,physics_colI,,10.63175342,0.24480769577931796,2.24e-06,0.008847598209755742,0.2443354623,532.0423875,2173.3074436500146,7459448379.636863,904441.9270931252,82137919.79062079,41724.13934028413,False,False
Taklamakan,physics_colI,,10.5916736,0.24388481429459577,2.27e-06,0.008730669599054126,0.26045468369999997,3039.553957,12463.071822620459,38285366878340.21,5013064.2327680085,13853772169.925716,38624.5898413742,True,False
Taklamakan,physics_colI,,10.54219958,0.24274562112873885,2.3e-06,0.00861679129993603,0.2689324818,473.6839381,1951.359352631882,3878399149.007349,714189.8039759011,52629964.16462641,36919.07520827729,False,False
Taklamakan,physics_colI,,10.3804673,0.23902155932671715,2.42e-06,0.008189512392501184,0.2829227494,421.7266867,1764.3876472395712,2131233119.1679459,579688.7880852709,35148996.343816966,33353.28954625147,False,False
Taklamakan,physics_colI,,10.34036108,0.23809806995325702,2.45e-06,0.008089232648919538,0.2937576034,2145.048581,9009.096887770287,6338116541360.781,2966704.8181807767,4336279612.922385,31729.75427135972,True,False
Taklamakan,physics_colI,,12.16362988,0.28008081880770913,1.51e-06,0.01312491390056481,0.1008972019,446.9509568,1595.7928097420208,5834039339.856473,2339575.593152232,116829688.21758519,149887.64624632124,False,False
Taklamakan,physics_colI,,12.18692573,0.28061723111285086,1.5e-06,0.013212413326568577,0.08576642336000001,280.8209936,1000.7261225062377,690421741.7012881,1660854.043112012,33862807.6384257,177506.12811612204,False,False
Taklamakan,physics_colI,,11.77111088,0.2710426415528794,1.66e-06,0.011938927704730644,0.07208029197,2145.048581,7914.06314781473,20109136884873.777,15648704.248427518,17739276642.595516,190852.2500025441,True,False
Taklamakan,physics_colI,,11.75474105,0.2706657083976145,1.66e-06,0.011938927704730644,0.07048357664,502.0158696,1854.7450010273428,15957961157.260603,3577498.973268919,238934278.94625145,195175.7637609409,False,False
Taklamakan,physics_colI,,11.57699471,0.26657290543185425,1.74e-06,0.011390011488421186,0.06949513382,2023.989919,7592.631800749179,16215636439936.64,14846787.288235378,15516124031.699982,188850.55508214977,True,False
Taklamakan,physics_colI,,11.42651131,0.2631078613368947,1.81e-06,0.010949513806548544,0.07059762774,846.7915844,3218.4199289877224,221890444686.52164,5836284.054073619,1137987550.0528336,178711.79902763496,False,False
Taklamakan,physics_colI,,11.47992961,0.26433787584333046,1.78e-06,0.011134056174074645,0.0722323601,502.0158696,1899.1446761021039,16320429894.493845,3338400.722532869,233418368.92546672,177611.099213205,False,False
Taklamakan,physics_colI,,11.37679108,0.26196299891777386,1.83e-06,0.010829846988990637,0.07599604623,446.9509568,1706.1606358396095,8890717467.3169,2753426.2623302266,156460649.89468896,164202.52135661367,False,False
Taklamakan,physics_colI,,11.37420549,0.2619034628934583,1.83e-06,0.010829846988990637,0.07580596107,473.6839381,1808.6203705244382,11886029123.91415,2937542.139038907,186857462.83555686,164614.2628885976,False,False
Taklamakan,physics_colI,,11.3548129,0.26145692739874277,1.84e-06,0.010770989124920034,0.07747871046,421.7266867,1612.9872361608268,6573530695.687709,2529243.5668276465,128942080.88677722,160184.94729995506,False,False
Taklamakan,physics_colI,,11.35855542,0.2615431029956941,1.84e-06,0.010770989124920034,0.08055809002,532.0423875,2034.2436157024536,19873115215.178005,3114449.490626182,248784673.07908374,154061.78508976992,False,False
Taklamakan,physics_colI,,11.39669528,0.26242131478965663,1.82e-06,0.010889351642776301,0.08363746959,502.0158696,1913.014840286087,14289261684.543512,2841660.657326413,201507401.23183823,150020.16421960024,False,False
Taklamakan,physics_colI,,11.3717579,0.26184710446936377,1.83e-06,0.010829846988990637,0.09344586375000001,502.0158696,1917.2099329390753,12857795189.791132,2535378.0755737214,180552961.8267551,133539.8047952633,False,False
Taklamakan,physics_colI,,11.37793573,0.2619893557300421,1.83e-06,0.010829846988990637,0.0990343674,375.4685011,1433.1441063845684,2885033629.879894,1751450.378140348,71084409.27517623,126004.16129986582,False,False
Taklamakan,physics_colI,,11.45566105,0.26377906583158717,1.79e-06,0.011071854742934562,0.1076262165,753.9090529,2858.107979582209,81907646965.41652,3422350.1710343016,529449383.41744286,118536.14665495873,False,False
Taklamakan,physics_colI,,11.22420265,0.2584494842156163,1.9e-06,0.010430852626238352,0.1183850365,563.8648481,2181.7217001276167,18500099277.39382,2209695.528437538,202187009.1002576,101524.64887651659,False,False
Taklamakan,physics_colI,,11.11587698,0.2559551677450551,1.96e-06,0.010111540811149422,0.1215784672,446.9509568,1746.2079814117556,5818350496.7700615,1647274.767586288,97900061.0944777,95831.69604256973,False,False
Taklamakan,physics_colI,,11.09204393,0.2554063858251399,1.97e-06,0.010060213192818713,0.1306645377,597.5906703,2339.7640132190404,22830485562.691563,2078209.5998676766,217822253.83561248,88715.18184767403,False,False
Taklamakan,physics_colI,,10.93493495,0.25178878053834997,2.06e-06,0.009620689315462555,0.1425638686,502.0158696,1993.7976129303263,9083776488.39401,1538880.1661518665,118232159.21121544,77758.02428694817,False,False
Taklamakan,physics_colI,,10.90614342,0.25112582421883994,2.07e-06,0.009574212555484475,0.16168643549999998,397.9259817,1584.568146019237,2564780972.204092,1056952.2561890956,52065833.66471699,68230.40941230323,False,False
Taklamakan,physics_colI,,10.98633255,0.2529722662276359,2.03e-06,0.009762866990075303,0.201946472,671.2145829,2653.31292204186,26667626836.68948,1488424.1205436452,199230366.7149806,55704.41287494928,False,False
Taklamakan,physics_colI,,11.01876066,0.2537189587602754,2.01e-06,0.009860009945200431,0.21430200729999999,473.6839381,1866.9631170430469,4477399060.165674,978552.8172942457,66191928.99799588,53015.103439629085,False,False
Taklamakan,physics_colI,,10.9764489,0.2527446844274563,2.03e-06,0.009762866990075303,0.2267715937,473.6839381,1874.1598430567924,4269830600.922678,919384.9009859896,62654750.69183697,49606.34386072749,False,False
Taklamakan,physics_colI,,11.25826424,0.25923378940339403,1.89e-06,0.010486042322673474,0.140586983,375.4685011,1448.37793701242,2073225429.821145,1208371.0531836625,50052228.68284816,85943.88750478179,False,False
Taklamakan,physics_colI,,10.91597495,0.2513522058992839,2.07e-06,0.009574212555484475,0.1667046837,633.3336976,2519.7061443485995,24549657368.840214,1675341.1425061342,202802985.7384918,66176.49513935616,False,False
Tengger,physics_colI,,35.86282498,0.8257805839416058,2.78e-06,0.007128999996349952,0.03246654501,563.8648481,682.826478443665,149165907.9808761,1522242.764483012,15068733.328698449,253011.95289260027,False,False
Tengger,physics_colI,,34.50367662,0.7944847134403279,3.1e-06,0.006393103222533182,0.0222399635,711.3611955,895.3743016899832,744001976.3643256,2732522.055599283,45088821.339939415,331227.3160517724,False,False
Tengger,physics_colI,,34.99024666,0.8056885182712011,2.98e-06,0.006650543620755996,0.01969282238,473.6839381,587.9243992658639,109610443.86245674,1953199.2920682442,14631850.236912506,389132.65897255065,False,False
Tengger,physics_colI,,34.99730569,0.8058510601211172,2.98e-06,0.006650543620755996,0.02300030414,633.3336976,785.919047503408,393205389.8838236,2365427.7169213383,30497523.303934984,333174.73928862374,False,False
Tengger,physics_colI,,36.32327604,0.8363829708259458,2.69e-06,0.007367516724852367,0.02505322384,354.2784382,423.58399268954815,18922852.374391794,1115717.5740136674,4594840.469980996,338848.84592741495,False,False
Tengger,physics_colI,,34.83044376,0.8020088825439222,3.02e-06,0.006562456950282405,0.030413625299999997,563.8648481,703.0655898865557,169312406.68863192,1548725.5870329025,16193160.792161765,248626.13313038438,False,False
Tengger,physics_colI,,35.07466184,0.8076322696815491,2.96e-06,0.006695479726301644,0.03501368613,397.9259817,492.7068873274504,25948125.64881804,885529.5886531231,4793519.900043953,220339.50229814407,False,False
Tengger,physics_colI,,35.17093579,0.8098490821801101,2.94e-06,0.006741027207432948,0.02482512165,354.2784382,437.4622951306977,20486644.431338828,1075847.2625656566,4694731.124421487,312883.8837340113,False,False
Tengger,physics_colI,,36.9745206,0.8513785857376407,2.56e-06,0.007741648433536276,0.023532542580000003,354.2784382,416.12326658774316,19391043.509450648,1218420.0935063756,4860703.348896233,379064.47996877256,False,False
Tengger,physics_colI,,37.61382781,0.8660993301710838,2.44e-06,0.008122385241742977,0.05828010949,951.1173591,1098.161984390546,988051336.3097225,1666953.2169367755,40583683.34146337,160587.49520161256,False,False
Tengger,physics_colI,,35.59216603,0.8195483669897994,2.84e-06,0.006978387320370727,0.024711070560000003,354.2784382,432.2849662934043,20089953.857350077,1101168.8469653437,4703448.875525825,325395.84916135046,False,False
Tengger,physics_colI,,35.58284174,0.8193336650625158,2.84e-06,0.006978387320370727,0.03136405109,3618.230411,4416.064620906217,1517065830548.7173,11598537.784541097,4194728281.6954327,256372.48726204806,False,False
Tengger,physics_colI,,35.99328553,0.8287845801192751,2.76e-06,0.007180659416613358,0.03877737226,1132.193013,1366.0884144792603,3856386315.7644706,2815509.254932099,104200246.46145692,213370.53765426346,False,False
Tengger,physics_colI,,36.50924199,0.840665039259481,2.65e-06,0.0074787245244727785,0.03737074209,3039.553957,3615.6540536971306,508519120044.84784,8492978.92412067,2078182419.5804567,230592.0411527344,False,False
Tengger,physics_colI,,36.79394747,0.8472206928550047,2.59e-06,0.00765197683005902,0.03144008516,2706.152597,3194.1530935471815,335428385712.58575,9086939.76355085,1745857249.5926943,280439.0141255722,False,False
Tengger,physics_colI,,36.89182598,0.8494744520942227,2.57e-06,0.007711525287880493,0.025015206810000003,2145.048581,2525.147843718876,133183621803.36311,9012886.410073765,1095613460.5762815,355209.59494340775,False,False
Tengger,physics_colI,,35.35637558,0.8141190352068893,2.9e-06,0.006834006893052712,0.04565845499,397.9259817,488.78108051960294,19523965.252860047,686014.128398761,3659742.614696897,172465.68593207598,False,False
Tengger,physics_colI,,35.66281157,0.821175057450091,2.83e-06,0.007003045932810199,0.027866484179999998,1428.353227,1739.4016221526697,17245363032.514015,4956779.302999947,292372123.41857404,289569.81940100883,False,False
Tengger,physics_colI,,35.83654898,0.825175550438647,2.79e-06,0.00710344802503687,0.03394920925,473.6839381,574.0402001103873,60354881.55475817,1174972.9868677764,8421125.545462737,241094.91083014396,False,False
Tengger,physics_colI,,35.68245278,0.8216273176909438,2.82e-06,0.007027879429025839,0.03911952555,354.2784382,431.1911624307291,12621627.180469068,698141.976766676,2968448.710991093,207004.23103132832,False,False
Tengger,physics_colI,,36.00237819,0.828993948513666,2.75e-06,0.007206770905401041,0.04067822384,1068.296199,1288.6658592808642,2766347628.985961,2527642.7548279986,83620204.1479329,204139.5879777571,False,False
Tengger,physics_colI,,36.0248118,0.8295105068042091,2.75e-06,0.007206770905401041,0.036952554740000004,1068.296199,1287.863372720548,3035910546.472088,2780592.635812178,91878346.24385014,224721.56290118996,False,False
Tengger,physics_colI,,36.20738102,0.8337143618319556,2.71e-06,0.007313143907694785,0.0335310219,1347.742218,1616.5515189621412,10425920462.133108,3977439.7768430035,203638087.6857019,251307.71959153886,False,False
Tengger,physics_colI,,35.63803328,0.8206045103502269,2.83e-06,0.007003045932810199,0.02900699513,1271.680598,1549.6875558937127,9368961118.732216,4207383.50879105,198541714.77414632,278184.3743269408,False,False
Tengger,physics_colI,,35.85570202,0.8256165700338484,2.79e-06,0.00710344802503687,0.027562347929999998,1428.353227,1730.044283076151,17220969765.299664,5054127.767419397,295020306.8819008,296962.421259249,False,False
Tengger,physics_colI,,36.3623352,0.8372823505031199,2.68e-06,0.007395007458900323,0.023342457419999997,3039.553957,3630.2615899804205,821195208609.3973,13500885.564119717,3329694060.6066036,365040.07097155217,False,False
Tengger,physics_colI,,36.04245547,0.8299167715121232,2.75e-06,0.007206770905401041,0.02619373479,897.4397893,1081.3611919962152,1807636392.2856665,3234853.0949937874,76468543.71706507,317023.74330883176,False,False
Tengger,physics_colI,,36.13763467,0.8321083762002348,2.73e-06,0.007259567761850866,0.03147810219,3039.553957,3652.83422681059,616373651107.3601,9891188.747722907,2469143195.9742646,265736.2007207169,False,False
Tengger,physics_colI,,33.85249985,0.7794906594671763,3.27e-06,0.006060740058058981,0.03174422141,532.0423875,682.551331485716,129441658.31848378,1322950.6021239553,13086058.222870683,219993.31157277216,False,False
Tengger,physics_colI,,36.27890637,0.8353613108752216,2.7e-06,0.007340229625871431,0.03908150852,2145.048581,2567.8093455783796,88138552490.27951,5588189.563918792,701808335.0923445,216414.73465088414,False,False
Tengger,physics_colI,,36.52182767,0.8409548382417279,2.65e-06,0.0074787245244727785,0.04679896594,2409.32123,2864.9828985316494,128754815173.22235,5329649.025800493,828382746.8357166,184136.45525787238,False,False
Tengger,physics_colI,,35.85398869,0.8255771187455387,2.79e-06,0.00710344802503687,0.058166058390000004,2145.048581,2598.2413178545853,60741063076.89892,3678553.8084261813,472693631.1284312,140717.48719851064,False,False
Tengger,physics_colI,,33.62158011,0.7741734810840681,3.33e-06,0.00595153753449035,0.046684914839999994,1604.328118,2072.3108672664343,20764199075.56854,3028280.5124932756,250758488.2273681,146893.0015320961,False,False
Tengger,physics_colI,,36.04970212,0.8300836335167745,2.74e-06,0.007233072988997396,0.04501216545,2409.32123,2902.5041968271885,138056437947.31476,5432198.394065075,865996512.9882151,185157.55621268353,False,False
Tengger,physics_colI,,35.78343235,0.8239524822123465,2.8e-06,0.007078078567804595,0.055048661799999996,532.0423875,645.719745963316,66293551.190771915,833612.1861765251,7433916.339154265,148155.27268316544,False,False
Tengger,physics_colI,,35.59212294,0.8195473747956435,2.84e-06,0.006978387320370727,0.06554136253000001,297.6174279,363.1485342433215,3204662.4888727455,326055.645766568,1022202.6693730066,122684.04986052473,False,False
Thar,physics_colI,,21.97595443,0.5060202728591494,1.45e-06,0.013668013786105424,0.13454227489999998,397.9259817,786.3834771907698,138550756.33798215,831631.916891037,10734208.45149092,117056.3938256877,False,False
Thar,physics_colI,,20.47010495,0.47134644937714426,1.77e-06,0.011196960446244556,0.1675410584,421.7266867,894.727619688843,172356060.39281574,634756.3874596034,10459641.975312203,77006.5006416833,False,False
Thar,physics_colI,,21.02180158,0.4840498648368602,1.64e-06,0.012084524384056624,0.1449969586,297.6174279,614.8486953927903,33741117.6291634,509189.8959137414,4144953.096671543,96032.7064787851,False,False
Thar,physics_colI,,20.00013964,0.46052498652973817,1.89e-06,0.010486042322673474,0.1689857056,532.0423875,1155.2953760645594,565064095.3154701,785122.6666381333,21062873.245014466,71500.67402854144,False,False
Thar,physics_colI,,22.2986451,0.5134505768035184,1.39e-06,0.014257999992699904,0.10002281019999999,354.2784382,689.9952092868548,101958670.62660736,1000585.3346752024,10100413.386191808,164251.01314851095,False,False
Thar,physics_colI,,20.26302034,0.4665781008082157,1.82e-06,0.010889351642776301,0.1485325426,2553.427285,5472.668521254863,1441128166965.7876,4759541.473206143,2618990125.7697043,84475.13725388567,True,False
Thar,physics_colI,,19.68273362,0.453216367404269,1.97e-06,0.010060213192818713,0.16123023109999998,397.9259817,878.0044374369429,146609966.65479526,580004.3866307833,9221411.160097685,71896.74134938185,False,False
Thar,physics_colI,,25.48974696,0.5869291708305511,9.58e-07,0.02068749477020132,0.03995590024,563.8648481,960.7033968035474,1897074711.6506066,5331175.583467764,100566586.81075868,596589.3279996406,False,False
Thar,physics_colI,,22.20467919,0.5112869094383937,1.41e-06,0.014055758858051678,0.08683090024000001,671.2145829,1312.7943831718155,2769956849.901206,2356780.4005620964,80797153.50338703,186521.325528253,False,False
Thar,physics_colI,,20.36136427,0.46884257684957054,1.79e-06,0.011071854742934562,0.13401003649999998,473.6839381,1010.3261979382534,388149020.7349765,900339.7165662798,18694009.182462916,95198.81731367442,False,False
Thar,physics_colI,,19.77093334,0.4552472619678095,1.95e-06,0.010163394866591215,0.1457953163,753.9090529,1656.0430251490648,3753963473.8662615,1304609.6003177427,69981831.83689941,80323.70374998605,False,False
Thar,physics_colI,,26.57635767,0.611949565267448,8.48e-07,0.023371014138977436,0.0266879562,671.2145829,1096.8462451748792,6171754920.50855,10460288.483900953,254083326.72659695,1009045.4793243853,False,False
Thar,physics_colI,,23.46801237,0.5403765311197587,1.21e-06,0.016379024785002368,0.05942062044,375.4685011,694.8275498233812,204068396.86151418,1950967.737500972,19953216.74618804,317613.79501205846,False,False
Thar,physics_colI,,25.77469306,0.5934903649635036,9.28e-07,0.021356271540789725,0.03231447689,3414.030779,5752.462012100136,16616291219858.266,45144152.7515138,27388471826.535324,761512.091126215,True,False
Thar,physics_colI,,20.79033873,0.4787201807547951,1.69e-06,0.011726994076836014,0.100973236,397.9259817,831.2287588807989,208270655.3017165,1013801.5969005045,14530833.525038911,133822.43566407933,False,False
Thar,physics_colI,,20.68890748,0.4763846158097124,1.72e-06,0.011522453482472595,0.1146213504,1513.785733,3177.6545311544405,135048073825.61852,3733167.955755286,710040239.4880682,115831.83643366596,False,False
Thar,physics_colI,,20.14987189,0.46397273457827715,1.85e-06,0.010712767562082628,0.129752129,334.2842646,720.4825622002205,73102784.81807277,610011.6131512884,6677840.046955608,95133.98489833032,False,False
Thar,physics_colI,,19.93160715,0.4589469513458749,1.9e-06,0.010430852626238352,0.1294860097,354.2784382,771.937665477608,100257103.95145881,645361.0781177817,8043757.374205165,92820.8328509184,False,False
Thar,physics_colI,,23.0653484,0.5311047548872873,1.27e-06,0.015605212590435328,0.0677843674,473.6839381,891.884197497962,584473248.928579,2178669.8690103027,35684369.92134306,265270.3077318729,False,False
Thar,physics_colI,,22.01122875,0.5068325024753045,1.45e-06,0.013668013786105424,0.08816149635000001,563.8648481,1112.5270091127875,1171929177.7705164,1881290.4083220975,46954649.624637544,178638.45520923188,False,False
Thar,physics_colI,,21.50851548,0.49525698220083353,1.54e-06,0.012869233759644718,0.1002889294,3414.030779,6893.45309949727,7880948062672.553,10537987.255713543,9113140526.041706,147859.145998845,True,False
Thar,physics_colI,,20.01589491,0.4608877687720187,1.88e-06,0.010541819143538758,0.12173053530000001,1008.005486,2187.0953284043794,18405191782.955315,2177462.034315737,200191424.24610794,99784.83153176626,False,False
Thar,physics_colI,,20.35695765,0.46874110962720755,1.79e-06,0.011071854742934562,0.1041666667,1271.680598,2712.9700636058456,65433161965.26561,3349248.4723619428,468136644.31870466,122472.93099724712,False,False
Thar,physics_colI,,20.58988423,0.47410449768587803,1.74e-06,0.011390011488421186,0.09652524331000001,1700.286015,3586.3106620990948,288022883932.34216,4965886.665110357,1195946904.576556,135966.449266185,False,False
Thar,physics_colI,,21.97089938,0.5059038748301825,1.45e-06,0.013668013786105424,0.08234489051,897.4397893,1773.9334168990995,12550924157.09499,3343277.643029809,204844390.0471244,191256.96104952335,False,False
Thar,physics_colI,,22.17669174,0.5106424679361716,1.42e-06,0.013956774640741455,0.08188868613,502.0158696,983.1063828846097,699732728.93008,1801145.4477093883,35500991.80763378,196385.60999237877,False,False
Thar,physics_colI,,22.12812352,0.5095241318013308,1.42e-06,0.013956774640741455,0.08105231144,1199.911617,2354.965235420604,52718994155.57891,4679619.5001210375,496693902.79850835,198412.10313933148,False,False
Thar,physics_colI,,22.22469069,0.5117476960095788,1.41e-06,0.014055758858051678,0.0834093674,2553.427285,4989.6214578212885,2099321816753.646,9954690.334478324,4571443819.866651,194172.6105163615,False,False
Thar,physics_colI,,24.12873441,0.5555903753252435,1.12e-06,0.017695196419511484,0.03585006083,597.5906703,1075.5957929439824,3158448690.166434,5768871.235976404,134984013.12380844,568740.2832101659,False,False
Thar,physics_colI,,22.23835238,0.5120622712933753,1.41e-06,0.014055758858051678,0.0558850365,446.9509568,872.8449289401539,574020889.5149658,2322207.901056359,36510215.625261,289805.9234438597,False,False
Thar,physics_colI,,21.97162397,0.5059205593036911,1.45e-06,0.013668013786105424,0.07424726277,2145.048581,4239.892096799297,1026686573998.2341,9203702.794601232,3073974315.1638584,212116.01518139488,False,False
Thar,physics_colI,,22.41192806,0.5160590402726288,1.38e-06,0.014361318833226716,0.07481751824999999,1428.353227,2767.8097185264214,130435492628.9775,6175927.394616343,897530017.4131114,221176.77681552133,False,False
Thar,physics_colI,,22.40000377,0.5157844705150936,1.38e-06,0.014361318833226716,0.07215632603000001,3039.553957,5893.069936682114,5637569653949.7,13934240.08567948,8863139909.641285,229333.981458416,True,False
Thar,physics_colI,,22.42469256,0.5163529567800318,1.37e-06,0.014466145977994792,0.07173813869,3414.030779,6611.816073040111,10080072041988.676,15872451.619911266,12648931014.583225,232354.58033217024,True,False
Thar,physics_colI,,22.07608297,0.5083258414884064,1.43e-06,0.013859174818078926,0.07611009732,264.9724883,521.2650364658735,32631489.70400622,906203.1915299342,5437900.340586118,209818.41151496608,False,False
Thar,physics_colI,,21.45098975,0.4939323896474706,1.55e-06,0.012786206445066364,0.05915450122,2553.427285,5169.588669458248,3207362192176.2456,13239509.9980729,6516433365.788253,249059.1000606321,True,False
Thar,physics_colI,,21.88555416,0.5039387082364319,1.47e-06,0.013482054414865895,0.06443886861,1909.763363,3789.673886499705,670478013915.464,9319955.671727026,2499765062.6728306,241077.49386574115,False,False
Thar,physics_colI,,22.13571505,0.5096989350434042,1.42e-06,0.013956774640741455,0.06702402676000001,1909.763363,3746.8458960726903,630910283173.5078,9168019.275321208,2405035891.028049,239940.217777427,False,False
Thar,physics_colI,,22.33280248,0.5142370876603192,1.39e-06,0.014257999992699904,0.06599756691,4064.000891,7902.971194649593,26047668325071.67,20381801.275394924,23041232594.828987,248931.11492602466,True,False
Thar,physics_colI,,22.55063876,0.5192530051348176,1.35e-06,0.014680459251742863,0.06291818735,1068.296199,2057.371239907663,36670467143.317955,5500314.704102544,449109240.20187,268851.1749095095,False,False
Thar,physics_colI,,23.2857182,0.5361790094176703,1.24e-06,0.01598275805633296,0.0447080292,502.0158696,936.2840782320554,1153540096.2788067,3575282.8342782133,64220184.5596636,411921.72586274415,False,False
Thar,physics_colI,,22.44256196,0.5167644191669161,1.37e-06,0.014466145977994792,0.05318582725,502.0158696,971.4598199491124,1052886810.625443,2836031.5896556936,54644489.7063335,313404.6412547992,False,False
Thar,physics_colI,,22.12576808,0.509469895231297,1.42e-06,0.013956774640741455,0.05763381995,3414.030779,6701.143307888772,12934072736915.604,19323028.273828622,15809030747.998947,279033.37989857636,True,False
Thar,physics_colI,,22.37345714,0.5151732054617881,1.38e-06,0.014361318833226716,0.0573296837,446.9509568,867.5741518803652,554881263.9024531,2296916.513949078,35700363.2802032,288644.49387972883,False,False
Thar,physics_colI,,22.56559658,0.5195974252227774,1.35e-06,0.014680459251742863,0.04828163017,563.8648481,1085.195616314386,2032886442.6827142,3589056.8089752565,85417474.37722497,350353.3027502194,False,False
Thar,physics_colI,,23.76154249,0.5471353816574178,1.17e-06,0.01693899144431869,0.03824513382,334.2842646,610.9717554499299,173796417.0569894,2685166.0175408875,21602597.831089467,510340.2980072996,False,False
Thar,physics_colI,,24.65981144,0.5678190020493218,1.05e-06,0.018874876180812253,0.03125,473.6839381,834.2164252876746,1102484877.0026503,5294225.81314447,76398978.35985005,695957.2906515073,False,False
Thar,physics_colI,,23.63912726,0.5443166377305486,1.19e-06,0.016654302512481397,0.035583941609999996,334.2842646,614.1356729306513,188396950.9325563,2855403.262106217,23193733.383474212,539288.171991563,False,False
Thar,physics_colI,,26.31771711,0.6059940848281102,8.73e-07,0.02270174111094257,0.02493917275,446.9509568,737.5500322363332,904714347.0654409,6913643.802233503,79087753.40329699,1048879.5601560802,False,False
Thar,physics_colI,,23.6778568,0.5452084275484124,1.18e-06,0.016795440669366835,0.037674878349999996,532.0423875,975.8513636562537,1764545122.404417,4671996.5630034655,90796193.46171933,513674.54333882016,False,False
Thar,physics_colI,,23.29914813,0.5364882481751825,1.23e-06,0.016112699178742165,0.0395377129,297.6174279,554.7510666120264,99302754.50026783,2193301.6469988436,14758078.97380141,469575.31073411705,False,False
Thar,physics_colI,,25.25777668,0.5815878026203688,9.83e-07,0.020161363163634656,0.026117700730000002,532.0423875,914.8100856016241,2221337537.495974,7519524.455382522,129241641.6518305,889474.3944874174,False,False
Thar,physics_colI,,27.14688463,0.6250865695733265,7.96e-07,0.024897763806347818,0.01623327251,421.7266867,674.6692493935096,981903980.8661747,10481284.365957184,101447596.53892131,1767269.4191577465,False,False
Thar,physics_colI,,25.68925594,0.5915230822722144,9.37e-07,0.021151141931539878,0.01494069343,563.8648481,953.2423416750349,4991232232.900698,14448820.814624012,268546867.7481789,1631216.3436111882,False,False
Thar,physics_colI,,26.87485236,0.6188227304335812,8.21e-07,0.02413961021906561,0.018742396589999998,354.2784382,572.5039187745626,366634601.7600888,7208628.714222288,51409461.365348205,1484067.4131607774,False,False
Thar,physics_colI,,26.45650932,0.6091899265467774,8.6e-07,0.02304490696494519,0.0215176399,250.0184145,410.4112750472443,58964212.68632303,3892487.9392964044,15149834.544694554,1234038.823313398,False,False
Thar,physics_colI,,28.4731393,0.6556250270556541,6.88e-07,0.028806133706181486,0.01437043796,334.2842646,509.8711165759442,322093323.19209516,9699239.527284594,55893293.799696766,2309741.976600606,False,False
WesternSahara,physics_colI,,33.30880613,0.7669715197218449,1.15e-06,0.01723358259987206,0.026041666669999998,563.8648481,735.1835545399327,647369436.6494452,5007204.591270241,56934271.009991266,762527.1183553525,False,False
WesternSahara,physics_colI,,33.81574889,0.7786444286076124,1.1e-06,0.018016927263502607,0.02033911192,1068.296199,1371.994918027409,18844801413.76916,13531859.058594277,504980392.4097672,1020697.9398887857,False,False
WesternSahara,physics_colI,,34.31268223,0.7900868597020424,1.06e-06,0.01869681131118195,0.018400243309999998,1513.785733,1915.9738127664582,112373966521.57043,22214026.34728766,1579961472.017399,1170826.324514171,False,False
WesternSahara,physics_colI,,34.21765169,0.7878986780722558,1.06e-06,0.01869681131118195,0.01832420925,1132.193013,1436.9779319469426,27276178822.99376,16389303.38908587,668608682.2835939,1175684.5248213785,False,False
WesternSahara,physics_colI,,33.85895328,0.7796392567178614,1.1e-06,0.018016927263502607,0.01604318735,280.8209936,360.19350126391146,32465218.952876743,3398902.7749318364,10504576.278351374,1294012.7907881998,False,False
WesternSahara,physics_colI,,32.90252307,0.7576164100025329,1.19e-06,0.016654302512481397,0.01440845499,897.4397893,1184.556957124252,11908653143.447336,15034105.309377681,423126394.17961013,1331856.8046629555,False,False
WesternSahara,physics_colI,,31.82437895,0.7327909680167629,1.32e-06,0.015014106052918837,0.0454303528,250.0184145,341.1865394256343,7310926.804592869,924187.2970982136,2599358.7060695495,380804.3220081018,False,False
WesternSahara,physics_colI,,31.62681109,0.7282417529761219,1.34e-06,0.014790014917800645,0.047939476890000006,334.2842646,459.0292485069319,29516785.972919937,1302891.2466405386,6201383.883705283,355487.0793771497,False,False
WesternSahara,physics_colI,,32.35359008,0.7449766303622003,1.25e-06,0.015854895991882292,0.035469890510000004,421.7266867,566.0938471250577,120363690.77897891,2467102.7255830113,17232225.3229828,515053.1511917561,False,False
WesternSahara,physics_colI,,31.93952123,0.7354422443528518,1.3e-06,0.01524509229988682,0.03372110706,2868.012698,3899.7116633185674,1668630869284.4707,20741083.258179888,5882959441.216495,520926.83851302555,False,False
WesternSahara,physics_colI,,31.22621192,0.7190175210113058,1.39e-06,0.014257999992699904,0.03508972019,421.7266867,586.5318637949698,130346139.65439533,2343194.244593394,17476450.561917484,468195.4664885919,False,False
WesternSahara,physics_colI,,30.68627469,0.7065848785373828,1.46e-06,0.01357439725332388,0.04238899027,3834.64361,5427.010577890711,6039914209261.511,20612877.56751374,11157957345.042778,368991.1773007382,True,False
WesternSahara,physics_colI,,30.92258214,0.7120261148080775,1.43e-06,0.013859174818078926,0.06246198297,473.6839381,665.2620293676711,132536884.93190277,1491018.655035695,14057559.102269012,255664.30908224298,False,False
WesternSahara,physics_colI,,30.96202156,0.7129342503856869,1.42e-06,0.013956774640741455,0.05896441606,4307.076464,6041.337559066541,7579353515040.222,16996246.19575042,11349914464.2702,272736.68852669204,True,False
WesternSahara,physics_colI,,30.98641335,0.7134958979023233,1.42e-06,0.013956774640741455,0.06443886861,597.5906703,837.5530567967043,403211054.3287269,1907226.9742248917,27731119.68748118,249566.1380159433,False,False
WesternSahara,physics_colI,,30.56968763,0.7039003345690668,1.47e-06,0.013482054414865895,0.06656782238,3039.553957,4318.159557149293,1236272841750.6746,10317708.059087422,3571484602.033424,233367.419822793,False,False
WesternSahara,physics_colI,,30.17408632,0.6947911837712127,1.53e-06,0.012953346398596645,0.06607360097,3039.553957,4374.773353487013,1276139030493.803,10121608.734262228,3593964378.952441,225892.8591915939,False,False
WesternSahara,physics_colI,,29.57570062,0.6810127016509705,1.62e-06,0.012233716043119054,0.06873479319,2023.989919,2972.0296172057683,171864915455.09268,6166595.932900084,1029476317.6749581,205083.2846942735,False,False
WesternSahara,physics_colI,,31.27699527,0.7201868629256948,1.38e-06,0.014361318833226716,0.05383211679,597.5906703,829.7716899088402,474285311.46493053,2324057.601296274,33200397.336376,307398.2321821947,False,False
WesternSahara,physics_colI,,30.09015156,0.69285849455433,1.54e-06,0.012869233759644718,0.08576642336000001,532.0423875,767.894731293188,181968910.5286508,1194757.3353044658,14744785.201944027,172895.5793338851,False,False
WesternSahara,physics_colI,,29.91797352,0.6888939077574893,1.57e-06,0.012623324834301187,0.07953163016999999,1428.353227,2073.400869009894,25919323182.754726,3772407.190391678,312695124.9135644,182886.8049237328,False,False
WesternSahara,physics_colI,,30.04687942,0.6918621064265813,1.55e-06,0.012786206445066364,0.08090024331000001,502.0158696,725.6010481523209,144915046.3267148,1177524.8166048848,13062965.335219765,182112.76302265006,False,False
WesternSahara,physics_colI,,30.64934054,0.705734429528656,1.46e-06,0.01357439725332388,0.09226733576999999,250.0184145,354.26699341703033,3918657.081399213,434711.9491834112,1305177.0217240376,169520.05055512226,False,False
WesternSahara,physics_colI,,30.94213586,0.7124763604964425,1.42e-06,0.013956774640741455,0.10325425790000001,502.0158696,704.6070542610047,107216664.51856092,972704.6765218084,10212254.940916529,155749.11780092795,False,False
WesternSahara,physics_colI,,31.26957572,0.7200160197103318,1.38e-06,0.014361318833226716,0.1276231752,532.0423875,738.9313194920926,112878163.0164914,856544.2933534433,9832860.538825689,129662.16762699258,False,False
WesternSahara,physics_colI,,31.08492089,0.7157641412420271,1.41e-06,0.014055758858051678,0.05170316302,799.0017781,1116.2919907017626,2089556781.8748126,3311271.7927977825,83181070.14983262,313246.10843076237,False,False
WesternSahara,physics_colI,,30.94236472,0.7124816302470699,1.42e-06,0.013956774640741455,0.056341240880000004,250.0184145,350.91208514849734,6295448.413463237,721899.1090612934,2131825.180642269,285434.9553884816,False,False
WesternSahara,physics_colI,,31.08108321,0.7156757744824886,1.41e-06,0.014055758858051678,0.05980079075,264.9724883,370.24096350278717,7783087.599200083,739961.4422825942,2399830.145096912,270829.4389832346,False,False
WesternSahara,physics_colI,,31.37089637,0.72234903797002,1.37e-06,0.014466145977994792,0.056949513380000004,1347.742218,1865.7769958239164,24641957527.54859,5398867.385829275,364744651.52826065,292692.31850855146,False,False
WesternSahara,physics_colI,,31.29327112,0.720561632089157,1.38e-06,0.014361318833226716,0.05493461071,2553.427285,3543.6625699827127,601516655094.317,10866771.690858578,2556666610.8741803,301228.9942897357,False,False
WesternSahara,physics_colI,,31.3928666,0.7228549264316471,1.37e-06,0.014466145977994792,0.05428832117,250.0184145,345.87633750275296,6305650.185397692,760295.4033223187,2189556.3137120707,307039.98115781066,False,False
WesternSahara,physics_colI,,30.71406472,0.7072247742292016,1.45e-06,0.013668013786105424,0.05596107056,250.0184145,353.52044160570165,6438164.423386566,719478.7023723946,2152236.554145079,281428.38153913856,False,False
WesternSahara,physics_colI,,30.16111523,0.6944925103041746,1.53e-06,0.012953346398596645,0.06269008516,1428.353227,2056.6862936713433,32420697060.885265,4869164.22430147,397318132.3017846,238084.77213109864,False,False
WesternSahara,physics_colI,,29.84634863,0.6872446666973682,1.58e-06,0.0125434303733246,0.1096791363,502.0158696,730.4761956356735,108384736.20355543,858810.5460572037,9647898.967300674,131777.35938927613,False,False
WesternSahara,physics_colI,,30.10951501,0.6933043590688249,1.54e-06,0.012869233759644718,0.09169708029000001,375.4685011,541.5637391985977,30368918.361534696,732927.0827038332,4717859.974563732,161713.27819081704,False,False
WesternSahara,physics_colI,,30.49820739,0.7022544242326556,1.48e-06,0.013390959452603287,0.0625,502.0158696,714.863235142372,182513102.3132285,1568430.191626427,16919192.062136732,246876.74161624417,False,False
WesternSahara,physics_colI,,30.37638376,0.6994493025397776,1.5e-06,0.013212413326568577,0.06941909975999999,532.0423875,760.658972091466,220277597.55614203,1498797.7593636413,18170073.463119283,219306.58544457227,False,False
WesternSahara,physics_colI,,30.22333108,0.6959250979760068,1.52e-06,0.013038565782797938,0.07603406326,563.8648481,810.2378398766131,271045273.36781216,1453326.1613446472,19847347.094618287,197592.34788289704,False,False
WesternSahara,physics_colI,,30.06615523,0.6923059529346749,1.54e-06,0.012869233759644718,0.08264902676000001,597.5906703,863.188692465841,336385400.9943227,1419460.6345816073,21851449.25993216,179416.93974549178,False,False
WesternSahara,physics_colI,,29.95699322,0.6897923788252089,1.56e-06,0.012704243583239013,0.08538625304,354.2784382,513.6015547219795,24783010.57188934,726638.4526039083,4243617.378230979,171438.89352321537,False,False
WesternSahara,physics_colI,,29.87725808,0.6879563904303576,1.57e-06,0.012623324834301187,0.08397962287,446.9509568,649.6791991719207,79874219.91738419,981735.4983167129,8855244.60945331,173200.1792230393,False,False
WesternSahara,physics_colI,,29.75178912,0.6850673310460752,1.59e-06,0.0124645408741213,0.08025395377000001,2553.427285,3727.264707106966,458554488599.48737,6801208.351311005,1765991114.7551055,178960.97934776146,False,False
WesternSahara,physics_colI,,29.5452329,0.6803111492320799,1.62e-06,0.012233716043119054,0.08968217762,753.9090529,1108.182709854154,1011440235.2003936,1648144.2538582257,40828904.12154777,157181.25422774255,False,False
WesternSahara,physics_colI,,29.7414326,0.684828860899399,1.59e-06,0.0124645408741213,0.08770529197,397.9259817,581.0590125792831,43528565.50811931,810142.3355375614,5938378.038096557,163756.66553988412,False,False
WesternSahara,physics_colI,,28.89632328,0.6653692988556034,1.72e-06,0.011522453482472595,0.08337135036,473.6839381,711.9113234029717,115350770.48592791,1006783.9067096097,10776516.104557449,159248.96806887598,False,False
WesternSahara,physics_colI,,30.13790653,0.6939581047226507,1.53e-06,0.012953346398596645,0.05470650852,315.4184887,454.5209380126212,21576423.014938235,987020.9410356294,4614800.2501069475,272829.5964042592,False,False
WesternSahara,physics_colI,,30.4876919,0.7020122936286813,1.48e-06,0.013390959452603287,0.07725060827,2706.152597,3854.8507220749298,604281909666.699,7858525.29784886,2179166050.155007,199736.89135348034,False,False
WesternSahara,physics_colI,,30.73485629,0.7077035227612885,1.45e-06,0.013668013786105424,0.09481447689,421.7266867,595.9087006583268,50009074.98908059,847669.5657092641,6510850.242289095,166103.67987548714,False,False
WesternSahara,physics_colI,,30.79313795,0.7090455214257754,1.44e-06,0.013762930548508934,0.1034443431,532.0423875,750.3642169971671,143966574.4765056,1031134.9795542045,12183963.674819475,153303.71221826752,False,False
WesternSahara,physics_colI,,30.81300265,0.7095029277671602,1.44e-06,0.013762930548508934,0.1067138078,532.0423875,749.8804679698264,139112259.0236792,998788.0654578115,11787436.70488739,148606.84040936385,False,False
WesternSahara,physics_colI,,31.15756436,0.717436836215432,1.4e-06,0.01415615713560919,0.1269768856,1271.680598,1772.533181747779,8397208900.389931,2243668.705627968,137260900.56686038,128460.38019099677,False,False
WesternSahara,physics_colI,,31.12617157,0.7167139830527988,1.4e-06,0.01415615713560919,0.13636709249999998,297.6174279,415.252715779755,6055962.183940228,383381.04972422746,1523726.070909476,119614.62769798884,False,False
WesternSahara,physics_colI,,30.97813853,0.713305361164199,1.42e-06,0.013956774640741455,0.052957725059999995,5433.725959,7617.671553921192,26501944882720.3,23953522.807514247,25195534151.744553,303671.6467501993,True,False
WesternSahara,physics_colI,,30.90226744,0.7115583467268415,1.43e-06,0.013859174818078926,0.0573296837,297.6174279,418.26145286473843,14614393.816844245,901602.5663357268,3629927.681195281,278552.0290587593,False,False
WesternSahara,physics_colI,,31.33376494,0.7214940463745423,1.37e-06,0.014466145977994792,0.0610553528,280.8209936,389.22149809981954,10041583.787313942,800362.4721575184,2834943.8838170045,273009.39794300846,False,False
WesternSahara,physics_colI,,31.49911877,0.7253014983075824,1.35e-06,0.014680459251742863,0.060599148420000006,280.8209936,387.1782896564634,10003772.259657415,812341.8030059044,2850698.5800449955,279139.7079540699,False,False
WesternSahara,physics_colI,,31.44576022,0.7240728596099381,1.36e-06,0.014572514698421225,0.06135948905,297.6174279,411.0324312671077,13173550.343845753,864962.688285376,3375593.2100410974,273653.66351958713,False,False
WesternSahara,physics_colI,,30.87695082,0.7109754039927237,1.43e-06,0.013859174818078926,0.06006690998,375.4685011,528.1033619326762,44094291.47087757,1167341.4304052386,7174475.122147943,265858.5188625326,False,False
WesternSahara,physics_colI,,30.46629618,0.7015196338851919,1.49e-06,0.013301087241511992,0.061435523109999994,334.2842646,476.5144814959059,24911407.713359635,960155.6062919196,4890687.863338451,249468.70955042655,False,False
WesternSahara,physics_colI,,29.78096347,0.6857391022128071,1.59e-06,0.0124645408741213,0.1067138078,446.9509568,651.7798902785867,63064139.48126611,765840.1868572995,6949608.072713715,134587.32716319748,False,False
WesternSahara,physics_colI,,29.78121039,0.6857447878145939,1.59e-06,0.0124645408741213,0.1119221411,3834.64361,5591.939855963994,2434996876535.7334,7390922.538862951,4242272185.615727,128324.26204549418,True,False
WesternSahara,physics_colI,,30.3550005,0.6989569297013516,1.5e-06,0.013212413326568577,0.07196624088,3039.553957,4348.69993820468,1160334816666.4492,9420749.741063034,3306240149.1205797,211544.54570424304,False,False
WesternSahara,physics_colI,,29.98483985,0.6904335777936401,1.56e-06,0.012704243583239013,0.07409519465,1199.911617,1737.9102865107684,11716223066.454168,3378748.217017817,198962729.66554576,197563.75312080898,False,False
WesternSahara,physics_colI,,30.00320998,0.6908565700338484,1.55e-06,0.012786206445066364,0.08013990268,532.0423875,770.1198925761577,196271544.91847858,1274688.5188264193,15817240.115769517,183840.5880927726,False,False
WesternSahara,physics_colI,,30.01603946,0.6911519827764857,1.55e-06,0.012786206445066364,0.08291514599,375.4685011,543.250269776661,33884821.28422493,808474.0946159421,5234023.329044947,177687.2809241105,False,False
WesternSahara,physics_colI,,29.87187455,0.6878324287918212,1.57e-06,0.012623324834301187,0.08614659367,563.8648481,819.7706657861852,245374354.63528723,1258784.1160831994,17574792.747257803,168843.42273457244,False,False
WesternSahara,physics_colI,,29.81725798,0.6865748228142485,1.58e-06,0.0125434303733246,0.08599452554999999,375.4685011,546.8719338716303,33119680.386030436,771117.8402427499,5053630.022944492,168071.47744895605,False,False
WesternSahara,physics_colI,,29.72147597,0.684369337769693,1.59e-06,0.0124645408741213,0.08150851582,2273.34799,3321.8145006447344,255734514007.04102,5945887.16976545,1233113362.8749094,176206.44933501593,False,False
WesternSahara,physics_colI,,29.67620082,0.683326828156301,1.6e-06,0.01238663749365804,0.08276307786,2553.427285,3736.7584291830867,447456616426.85016,6570999.38012753,1714711972.6574473,172450.83186529423,False,False
WesternSahara,physics_colI,,30.21298192,0.6956867973013424,1.52e-06,0.013038565782797938,0.08869373479,421.7266867,606.2019407812991,55496511.78446186,882755.04456488,6999273.228949418,169389.06805753332,False,False
WesternSahara,physics_colI,,29.79078864,0.6859653374473278,1.58e-06,0.0125434303733246,0.08941605839,334.2842646,487.31946987870674,18029968.27661656,640471.352859039,3398187.4836639254,161640.17092624272,False,False
WesternSahara,physics_colI,,29.84881421,0.6873014393607958,1.58e-06,0.0125434303733246,0.08648874696,1008.005486,1466.613378458025,4288019958.526458,2381599.52826842,101056154.24323341,167111.06900872252,False,False
WesternSahara,physics_colI,,29.72640301,0.6844827882290635,1.59e-06,0.0124645408741213,0.08945407543,421.7266867,616.1246037918902,56991312.76614787,853457.5165886956,6974214.239649236,160555.30275362407,False,False
WesternSahara,physics_colI,,30.26926863,0.6969828600704597,1.51e-06,0.01312491390056481,0.07170012165,532.0423875,763.3507478881396,215583741.21506944,1447471.2677436385,17664973.003135134,210923.54876961146,False,False
WesternSahara,physics_colI,,29.52624783,0.6798739973289737,1.62e-06,0.012233716043119054,0.07002737226,375.4685011,552.2618934907146,41634665.93623794,934961.2208776352,6239134.402669773,201297.81691435387,False,False
WesternSahara,physics_colI,,29.99107559,0.6905771624951069,1.55e-06,0.012786206445066364,0.09884428224000001,532.0423875,770.4314831056548,159448973.24536622,1033966.2013018655,12839970.761960251,149052.29219648955,False,False
WesternSahara,physics_colI,,29.99180997,0.6905940723940224,1.55e-06,0.012786206445066364,0.11804288319999999,1347.742218,1951.5693398987619,13118456949.097471,2414697.674579455,177980637.96114552,124810.29299688239,False,False
WesternSahara,physics_colI,,30.13088472,0.693796419903751,1.53e-06,0.012953346398596645,0.1244297445,421.7266867,607.8536507272628,39830823.60796669,627198.3645889087,4998182.412352115,119951.6618809562,False,False
WesternSahara,physics_colI,,30.5301475,0.7029898800340786,1.48e-06,0.013390959452603287,0.1208941606,354.2784382,503.95951387355075,16802515.26780801,528028.5240338246,2978625.0749156843,127630.61734691644,False,False
WesternSahara,physics_colI,,30.825567,0.7097922356029381,1.44e-06,0.013762930548508934,0.1134428224,250.0184145,352.2416870165113,3141294.507561186,355503.61334996356,1056759.9292338805,139792.02447285134,False,False
WesternSahara,physics_colI,,30.95566271,0.7127878309424578,1.42e-06,0.013956774640741455,0.1159519465,671.2145829,941.6751433768319,399558952.6046776,1211647.37511401,22002830.638960086,138693.3127260136,False,False
WesternSahara,physics_colI,,31.26897597,0.7200022098137189,1.38e-06,0.014361318833226716,0.1194875304,375.4685011,521.4824287791316,21582777.975676417,598455.4786121541,3593929.843947053,138490.58123868832,False,False
WesternSahara,physics_colI,,31.09465317,0.7159882375831818,1.4e-06,0.01415615713560919,0.05113290754,264.9724883,370.07938732962236,9147738.529397635,871037.1399641838,2822768.1459494126,319001.98491323076,False,False
WesternSahara,physics_colI,,31.11455736,0.7164465532248037,1.4e-06,0.01415615713560919,0.05170316302,473.6839381,661.1573968328792,158626780.37900648,1826275.2473912262,17020463.054204598,315483.58063383924,False,False
WesternSahara,physics_colI,,31.08176886,0.7156915623201087,1.41e-06,0.014055758858051678,0.05717761557,473.6839381,661.8548590462975,143164923.606608,1641782.6351747948,15331199.742468137,283254.45977628237,False,False
WesternSahara,physics_colI,,31.03591806,0.7146357977388381,1.41e-06,0.014055758858051678,0.05991484185,354.2784382,495.74683960832056,32814606.87893257,1095007.2146812058,5994349.946354374,270313.9006879696,False,False
WesternSahara,physics_colI,,31.08668594,0.715804783439637,1.41e-06,0.014055758858051678,0.06447688564,397.9259817,555.9141136049095,53671556.98166091,1176322.989391866,7945759.01685819,251187.91717087507,False,False
WesternSahara,physics_colI,,31.09901555,0.7160886861313869,1.4e-06,0.01415615713560919,0.06690997567,421.7266867,588.9308054542036,69250598.8466918,1226212.7565984763,9214986.039484663,243782.76686413723,False,False
WesternSahara,physics_colI,,30.96897647,0.7130943947592623,1.42e-06,0.013956774640741455,0.06938108273,334.2842646,468.7798236204801,21349846.593483347,873272.5218890526,4317896.985412644,231788.8240472908,False,False
WesternSahara,physics_colI,,30.98432686,0.7134478541988072,1.42e-06,0.013956774640741455,0.06808850364999999,446.9509568,626.4661869393667,91017591.41061753,1281164.541833799,10798542.068186786,236189.05857853286,False,False
WesternSahara,physics_colI,,30.87429904,0.7109143438716065,1.43e-06,0.013859174818078926,0.06557937956,951.1173591,1337.8789826074674,3970418033.549918,3141049.9521215116,111674891.42230834,243510.9912151764,False,False
WesternSahara,physics_colI,,29.9765229,0.6902420709664049,1.56e-06,0.012704243583239013,0.08804744526000001,397.9259817,576.5020685320812,42508763.100690946,814552.9999897163,5884355.573002023,166257.2343813498,False,False
WesternSahara,physics_colI,,29.59849482,0.681537562918787,1.61e-06,0.012309701857051469,0.1063716545,753.9090529,1106.1885564623485,850449917.9860436,1395391.01220518,34448659.94328891,133342.96848418476,False,False
WesternSahara,physics_colI,,29.47764494,0.6787548628796426,1.63e-06,0.01215866257046188,0.1123783455,446.9509568,658.4865630336614,61443295.416531645,718175.7349309698,6642821.978824083,124667.0466545766,False,False
WesternSahara,physics_colI,,29.55117278,0.6804479214349859,1.62e-06,0.012233716043119054,0.10724604619999999,1801.983335,2648.231081667243,62331966543.0655,3505048.2008351395,467414748.5759171,131439.4111452734,False,False
WesternSahara,physics_colI,,29.46515427,0.6784672516060696,1.63e-06,0.01215866257046188,0.1130626521,1132.193013,1668.7511597941825,6013789861.834468,2029119.6327189596,110465827.63775663,123912.50498017135,False,False
WesternSahara,physics_colI,,29.53333703,0.6800372338759815,1.62e-06,0.012233716043119054,0.10975517030000001,3039.553957,4469.687548835486,806654018871.6013,5882863.914820406,2178402125.26627,128434.56141206298,False,False
WesternSahara,physics_colI,,29.94433014,0.6895007976237076,1.56e-06,0.012704243583239013,0.09211526764,375.4685011,544.5512208165864,30664919.075345997,725234.0613205149,4715850.273394831,158915.29296186156,False,False
WesternSahara,physics_colI,,29.7745534,0.6855915033733219,1.59e-06,0.0124645408741213,0.08994829684000001,532.0423875,776.0341032264654,177030020.34546554,1117041.555449976,14062357.17396055,159673.13076262994,False,False
WesternSahara,physics_colI,,29.75796483,0.6852095334914458,1.59e-06,0.0124645408741213,0.09207725061,397.9259817,580.7362014833493,41348197.87731399,771146.5820901755,5646726.615365661,155981.26646984572,False,False
WesternSahara,physics_colI,,30.18939889,0.6951437723640884,1.53e-06,0.012953346398596645,0.08158454988000001,671.2145829,965.5766326112531,596454907.5905813,1644187.6903190191,31315871.645074833,182945.84773895633,False,False
WesternSahara,physics_colI,,28.94902609,0.6665828384259366,1.72e-06,0.011522453482472595,0.12473388079999999,563.8648481,845.90363807071,180601835.91929147,822779.353648613,12189973.82382044,106441.02008360437,False,False
WesternSahara,physics_colI,,29.63288457,0.6823294243477861,1.61e-06,0.012309701857051469,0.08793339416,3221.355423,4721.11462301245,1327270481144.2942,7814491.6404386675,3220550275.8850226,161302.90783266738,False,False
WesternSahara,physics_colI,,29.62958848,0.6822535282875497,1.61e-06,0.012309701857051469,0.09078467153,1132.193013,1659.4901544031504,7377125965.8163185,2543242.201435406,136973786.11095262,156236.86173625672,False,False
WesternSahara,physics_colI,,29.56327705,0.6807266354279399,1.62e-06,0.012233716043119054,0.1087287105,1132.193013,1663.2124469292216,6189693512.596583,2115480.60300783,114429788.79846573,129647.05545907105,False,False
WesternSahara,physics_colI,,29.80550014,0.6863040857491537,1.58e-06,0.0125434303733246,0.1169403893,502.0158696,731.4773145376383,102344242.34866141,806783.9257751242,9086786.539945448,123594.8250918855,False,False
WesternSahara,physics_colI,,29.96219725,0.6899122072808491,1.56e-06,0.012704243583239013,0.1260264599,280.8209936,407.03873715584734,5328530.917620061,362266.02267488843,1389368.8143277124,116154.37547707302,False,False
WesternSahara,physics_colI,,30.24554345,0.6964365619747173,1.52e-06,0.013038565782797938,0.1240115572,334.2842646,479.9924111568047,12539696.761251606,470701.52850236365,2429496.744693697,121147.97538096007,False,False
WesternSahara,physics_colI,,30.72426864,0.7074597305947637,1.45e-06,0.013668013786105424,0.1125684307,421.7266867,596.1140520965808,42193487.84905542,714279.5358129101,5489803.722825704,139906.30782506178,False,False
WesternSahara,physics_colI,,31.0802741,0.7156571438439752,1.41e-06,0.014055758858051678,0.11389902680000001,375.4685011,524.6485755501076,22832070.71304355,619191.361045883,3759976.1887949873,142194.49511201883,False,False
WesternSahara,physics_colI,,30.7814053,0.7087753643878514,1.45e-06,0.013668013786105424,0.05953467153,532.0423875,750.6502260550626,248891375.00726673,1780085.170896261,21048701.760783628,264535.49019687244,False,False
WesternSahara,physics_colI,,30.66145803,0.7060134479265007,1.46e-06,0.01357439725332388,0.0633363747,473.6839381,670.9276423716403,133493749.81712829,1454920.5303682392,13936383.93862559,246953.8791634823,False,False
WesternSahara,physics_colI,,30.6653106,0.7061021575444979,1.46e-06,0.01357439725332388,0.06649178832,563.8648481,798.5598713660152,300366938.80862975,1701327.9564542319,22605810.54042742,235234.51270466356,False,False
WesternSahara,physics_colI,,30.76394356,0.7083732888162287,1.45e-06,0.013668013786105424,0.07112986618,597.5906703,843.6098307696514,370675953.1424764,1706161.3369194716,25148220.21093077,221412.38782938386,False,False
WesternSahara,physics_colI,,30.63941017,0.7055057719496189,1.46e-06,0.01357439725332388,0.07105383212,421.7266867,597.7650410068028,67300512.66654944,1127679.1751641047,8711681.043973997,220131.1731913502,False,False
WesternSahara,physics_colI,,30.6638297,0.7060680582099519,1.46e-06,0.01357439725332388,0.07055961071,502.0158696,711.0020964164955,159557516.0147018,1399315.905630365,14942267.900899244,221673.04024113767,False,False
WesternSahara,physics_colI,,30.73340701,0.7076701515116627,1.45e-06,0.013668013786105424,0.07189020681,563.8648481,796.7904918633654,276681663.58938664,1580350.4802788934,20910619.310241636,219070.63862706302,False,False
WesternSahara,physics_colI,,30.19529458,0.695279527044141,1.53e-06,0.012953346398596645,0.08086222628,2553.427285,3672.519016711809,439641629072.23254,6908584.080280489,1742785460.0142283,184580.0607630484,False,False
WesternSahara,physics_colI,,29.84377269,0.6871853528748072,1.58e-06,0.0125434303733246,0.09219130169999999,1347.742218,1961.2499194893849,16885506762.837059,3049049.3955124784,226902499.29903856,156774.30186139242,False,False
WesternSahara,physics_colI,,29.32161408,0.6751620824794492,1.66e-06,0.011938927704730644,0.1177007299,3834.64361,5679.589700768956,2394766908871.765,6839332.634099264,4047049230.1067553,116878.50971699721,True,False
WesternSahara,physics_colI,,29.38460511,0.67661251951461,1.65e-06,0.01201128484233507,0.117776764,2553.427285,3773.839843861867,320133431283.48285,4523374.806138024,1203363410.4750836,117510.95281641712,False,False
WesternSahara,physics_colI,,29.18260775,0.6719613104146998,1.68e-06,0.011796797613007658,0.13051246960000001,421.7266867,627.6056078879484,40496868.9498671,566191.3175515106,4788420.991040378,104150.32275994302,False,False
WesternSahara,physics_colI,,29.12417547,0.6706158435607543,1.69e-06,0.011726994076836014,0.1317670316,375.4685011,559.886117671159,22695276.972512987,484517.3984375212,3316060.3968475866,102548.29462519285,False,False
WesternSahara,physics_colI,,29.51817345,0.67968807594004,1.62e-06,0.012233716043119054,0.11557177619999999,473.6839381,696.9137091964917,79534920.2168225,751887.3821133531,7733130.216698868,121970.58506561902,False,False
WesternSahara,physics_colI,,29.58175772,0.6811521729719772,1.62e-06,0.012233716043119054,0.1145833333,375.4685011,551.2255792443121,25210138.2873569,570060.1406080473,3790949.086553259,123022.75343378217,False,False
WesternSahara,physics_colI,,29.61005077,0.6818036512468627,1.61e-06,0.012309701857051469,0.1160659976,1604.328118,2353.064720416283,32341438960.397537,2879821.4233998014,305184483.19292027,122205.57671408918,False,False
WesternSahara,physics_colI,,28.56976052,0.6578498358239885,1.78e-06,0.011134056174074645,0.1172065085,1132.193013,1721.050840701167,6186342040.015149,1852579.952477635,107054627.37547433,109458.67290403118,False,False
WesternSahara,physics_colI,,28.04019978,0.6456561233277303,1.87e-06,0.010598192507942708,0.1152676399,532.0423875,824.033674083099,157956068.0926656,794586.8744353406,11203116.461228412,105943.15493475356,False,False
WesternSahara,physics_colI,,29.10435077,0.6701593582629118,1.69e-06,0.011726994076836014,0.1128725669,671.2145829,1001.5745876321466,467589334.0050007,1121188.1663373518,22896629.18405175,119714.51300806642,False,False
WesternSahara,physics_colI,,29.65811831,0.682910458679684,1.6e-06,0.01238663749365804,0.116560219,446.9509568,654.4795897021695,58558567.39720315,700237.0315852198,6403505.087692252,122447.96507021932,False,False
WesternSahara,physics_colI,,29.7107766,0.6841229731285546,1.6e-06,0.01238663749365804,0.1169784063,446.9509568,653.3196140981114,57840558.69688474,696246.7280041922,6345967.202770624,122010.22458868218,False,False
WesternSahara,physics_colI,,29.74687527,0.6849541843008128,1.59e-06,0.0124645408741213,0.12043795619999999,375.4685011,548.1658623390564,23774939.633467726,548748.2168997757,3611987.781093012,119250.82935946713,False,False
WesternSahara,physics_colI,,29.82524752,0.6867587906698289,1.58e-06,0.0125434303733246,0.1229850973,3039.553957,4425.941099400237,703127590401.6888,5328919.63351913,1935693782.9523957,117520.14901817295,False,False
WesternSahara,physics_colI,,29.98987333,0.6905494791498769,1.55e-06,0.012786206445066364,0.12728102189999999,3221.355423,4664.916157732468,897788408565.5267,5539356.664247751,2230060583.0496697,115751.48139495544,False,False
WesternSahara,physics_colI,,31.38897405,0.7227652962306294,1.37e-06,0.014466145977994792,0.05170316302,3414.030779,4723.5676599372955,2659591721642.6006,15626933.004505027,6446802436.359059,322391.9802097627,False,False
WesternSahara,physics_colI,,31.2396316,0.7193265237514103,1.39e-06,0.014257999992699904,0.05341392944,3834.64361,5330.880321222803,4609530893579.452,16871400.50991984,8818687083.031557,307576.0964518774,True,False
WesternSahara,physics_colI,,30.57906312,0.7041162154320846,1.47e-06,0.013482054414865895,0.06348844282,711.3611955,1010.2894662970792,997467849.707032,2314019.5953080608,48043315.35096082,244686.43838196085,False,False
WesternSahara,physics_colI,,30.46194977,0.701419553063621,1.49e-06,0.013301087241511992,0.06702402676000001,2553.427285,3640.370836323686,521521271778.6793,8481492.86484752,2103159277.2438974,228667.85855298417,False,False
WesternSahara,physics_colI,,30.40264986,0.7000541080844597,1.5e-06,0.013212413326568577,0.06862074209,250.0184145,357.14155750634626,5337215.123823035,575626.6291083443,1752781.546728607,221858.07482283557,False,False
WesternSahara,physics_colI,,30.26882926,0.6969727430979299,1.51e-06,0.01312491390056481,0.07166210462,334.2842646,479.6231530004474,21760885.656106886,819126.4840455288,4221956.626636945,211035.44454665852,False,False
WesternSahara,physics_colI,,30.31899518,0.6981278680144604,1.51e-06,0.01312491390056481,0.07272658151,446.9509568,640.2136016589188,89196692.52613622,1158004.5254251747,10163177.337733688,207946.5828261347,False,False
WesternSahara,physics_colI,,30.31686556,0.6980788311957448,1.51e-06,0.01312491390056481,0.07287864964,1008.005486,1443.9708539412081,4931099125.727713,2908019.548003854,119748622.75099829,207512.68279990664,False,False
WesternSahara,physics_colI,,30.2226851,0.6959102235833199,1.52e-06,0.013038565782797938,0.07732664234,375.4685011,539.5358314563487,35817141.820771754,876431.0549086985,5602789.96481159,194289.42760196046,False,False
WesternSahara,physics_colI,,30.13425412,0.6938740040065394,1.53e-06,0.012953346398596645,0.07880930657,1068.296199,1539.6112159145418,6176295510.21576,2844340.6725258376,132542402.74434973,189388.22443438953,False,False
WesternSahara,physics_colI,,30.02780143,0.6914228149393262,1.55e-06,0.012786206445066364,0.08295316302,397.9259817,575.5175749225441,45028907.3861982,868316.7336303986,6252947.607371211,177605.84770994986,False,False
WesternSahara,physics_colI,,29.88534192,0.6881425296460889,1.57e-06,0.012623324834301187,0.09181113139000001,1132.193013,1645.2885328600253,7169800468.347936,2555240.5978552154,135353482.53829297,158426.168068674,False,False
WesternSahara,physics_colI,,29.43598748,0.6777956545165673,1.64e-06,0.012084524384056624,0.10724604619999999,375.4685011,553.9553087984905,27263130.87145507,605357.3036756414,4062503.586964593,129836.49149716027,False,False
WesternSahara,physics_colI,,29.45448823,0.6782216544244629,1.63e-06,0.01215866257046188,0.1116940389,1199.911617,1769.202751301478,8123414867.024106,2186366.022188783,133269494.81934986,125430.83390471457,False,False
WesternSahara,physics_colI,,29.12105204,0.6705439231849685,1.69e-06,0.011726994076836014,0.122642944,4564.690847,6807.444955012794,5519622188772.381,7752830.251488066,6541612483.3178005,110177.43000693049,True,False
WesternSahara,physics_colI,,28.8681486,0.6647205461788206,1.73e-06,0.011455849705117262,0.1364431265,2706.152597,4071.1132107416474,383188470641.11285,4026159.01961285,1242086034.5738416,96744.02318780146,False,False
WesternSahara,physics_colI,,28.94575382,0.6665074908471298,1.72e-06,0.011522453482472595,0.1409671533,3618.230411,5428.641779256278,1543954612701.553,5262976.076971325,2850578220.392803,94183.6534294171,True,False
WesternSahara,physics_colI,,29.15908962,0.6714197798705933,1.68e-06,0.011796797613007658,0.140586983,1132.193013,1686.2669926379206,4940642670.788911,1601082.2544556288,88940290.67754607,96686.87344287951,False,False
WesternSahara,physics_colI,,29.15390085,0.6713003027930645,1.68e-06,0.011796797613007658,0.1364431265,951.1173591,1416.828437500634,2155673800.7941895,1367680.0905768885,54297993.87753126,99623.30959220033,False,False
WesternSahara,physics_colI,,28.6867126,0.6605427847751502,1.76e-06,0.011260579539689128,0.123745438,532.0423875,805.4624163082913,139694814.10545346,765949.7019474938,10344041.82259926,104852.80291661863,False,False
WesternSahara,physics_colI,,28.38894588,0.6536863819107048,1.81e-06,0.010949513806548544,0.1189172749,597.5906703,914.1855893544259,264067927.35296392,896227.1669396096,15383915.314742262,106095.84747975643,False,False
WesternSahara,physics_colI,,28.15406972,0.6482781026503027,1.85e-06,0.010712767562082628,0.1072080292,250.0184145,385.6653702753032,4047365.1370467916,333243.2275985628,1161359.9879190656,115139.11012937647,False,False
WesternSahara,physics_colI,,28.55449169,0.6574982543922263,1.78e-06,0.011134056174074645,0.1016195255,1347.742218,2049.8034922477727,16909460924.184572,2572818.5330331195,208578461.13475236,126248.06908909499,False,False
WesternSahara,physics_colI,,28.7215349,0.6613446061387552,1.75e-06,0.011324925708487352,0.11515358880000001,3834.64361,5798.253398312985,2571342236490.7227,6772382.857952809,4173022176.3537045,113319.95238446066,True,False
WesternSahara,physics_colI,,29.36346951,0.6761258493172765,1.65e-06,0.01201128484233507,0.1280413625,397.9259817,588.5383351365858,30604071.65266154,543243.2260861935,4077432.355780397,108090.5379874749,False,False
WesternSahara,physics_colI,,30.68738314,0.7066104018052454,1.46e-06,0.01357439725332388,0.06652980535,532.0423875,752.9501209446398,224562063.74693206,1587692.6033821655,18882148.384419564,235100.0929888763,False,False
WesternSahara,physics_colI,,30.52263381,0.7028168691427387,1.48e-06,0.013390959452603287,0.06945711679000001,2023.989919,2879.8254678615826,159346972981.9724,6464514.892050464,1014938855.2248473,222148.52939643967,False,False
WesternSahara,physics_colI,,30.2433137,0.6963852195537544,1.52e-06,0.013038565782797938,0.07158607056,799.0017781,1147.3560260397292,1603080640.30974,2286995.689187125,60549471.62286151,209869.7269048723,False,False
WesternSahara,physics_colI,,29.30480886,0.6747751239954869,1.66e-06,0.011938927704730644,0.09945255473999999,2273.34799,3369.0453443793594,215243174666.7369,4736233.244136457,1009674145.1726242,138324.1078047626,False,False
WesternSahara,physics_colI,,29.29281227,0.6744988894517487,1.66e-06,0.011938927704730644,0.10317822380000001,633.3336976,938.9692221951486,378688887.40848964,1160996.3173793408,20967985.208735157,133329.35377895905,False,False
WesternSahara,physics_colI,,29.30193649,0.6747089845494946,1.66e-06,0.011938927704730644,0.10732208030000001,2868.012698,4250.740339429423,628299644867.6333,5576390.939207776,1871802459.328263,128181.31986316717,False,False
WesternSahara,physics_colI,,28.7577824,0.6621792442837735,1.75e-06,0.011324925708487352,0.10431873480000001,532.0423875,803.4718576470452,164633301.8755758,911164.0455924167,12247773.078245174,125089.69960893125,False,False
WesternSahara,physics_colI,,28.59612565,0.6584569216422206,1.77e-06,0.011196960446244556,0.09105079075000001,753.9090529,1144.963365287007,1071261795.9118634,1540555.7505028301,40624358.702458434,141698.39179774394,False,False
WesternSahara,physics_colI,,28.94678223,0.666531171106864,1.72e-06,0.011522453482472595,0.08166058394,354.2784382,531.5256863556334,27839368.947054025,719731.2702829282,4476255.620062185,162585.18946048466,False,False
WesternSahara,physics_colI,,28.77420862,0.6625574758801722,1.74e-06,0.011390011488421186,0.09253345499,1347.742218,2034.1514012948032,18291433134.36039,2867077.5123385605,229004272.02995384,141831.8877084358,False,False
WesternSahara,physics_colI,,28.69570213,0.660749778489028,1.76e-06,0.011260579539689128,0.1362530414,951.1173591,1439.4516503281636,2228141407.851795,1329969.5512638735,54436754.38849296,95227.64328139725,False,False
WesternSahara,physics_colI,,28.9311201,0.6661705335144719,1.72e-06,0.011522453482472595,0.13594890510000002,563.8648481,846.4271830296298,166210014.27570763,755441.8677107116,11205445.266327644,97660.231258006,False,False
WesternSahara,physics_colI,,31.18813504,0.7181407594004006,1.39e-06,0.014257999992699904,0.055656934309999996,633.3336976,881.9074663423801,615247781.1577067,2393381.799206624,38373465.32990102,295180.611670151,False,False
WesternSahara,physics_colI,,31.28024782,0.7202617564300352,1.38e-06,0.014361318833226716,0.05767183698,473.6839381,657.6552675069215,140538074.23033825,1650437.6817042204,15229882.909067132,286932.03480947,False,False
WesternSahara,physics_colI,,30.53139768,0.7030186667894724,1.48e-06,0.013390959452603287,0.0669479927,1132.193013,1610.4736139802233,9385480290.837317,3632992.9808632275,184654769.82369596,230474.36866640006,False,False
WesternSahara,physics_colI,,30.28971439,0.6974536459508623,1.51e-06,0.01312491390056481,0.06938108273,2023.989919,2901.9705191169023,162377158076.25882,6393741.293325683,1018919791.094985,217973.59612394232,False,False
WesternSahara,physics_colI,,30.19407501,0.6952514451173178,1.53e-06,0.012953346398596645,0.07063564477,1428.353227,2054.4412198366267,28619105881.53212,4316464.413996024,351473117.1768585,211303.43877793654,False,False
WesternSahara,physics_colI,,30.27189592,0.6970433562826682,1.51e-06,0.01312491390056481,0.07565389294,3414.030779,4897.87435491391,1972069024689.5806,10055640.499394892,4453135653.926425,199900.4085305283,False,False
WesternSahara,physics_colI,,30.20694882,0.6955478786064611,1.52e-06,0.013038565782797938,0.07515967153,1428.353227,2053.5656436214335,27016505457.976505,4081496.443101561,332065913.534896,199891.0954876032,False,False
WesternSahara,physics_colI,,30.12749315,0.6937183253125792,1.53e-06,0.012953346398596645,0.07500760341,3834.64361,5527.666590430874,3566430113882.5586,11326425.808126077,6355698709.406971,198987.2221168434,True,False
WesternSahara,physics_colI,,29.6614809,0.6829878859748094,1.6e-06,0.01238663749365804,0.08732512164999999,597.5906703,874.9652557117843,327630351.75471634,1313295.1193117956,20743079.373561576,163441.64605797737,False,False
WesternSahara,physics_colI,,29.52246726,0.6797869455893527,1.62e-06,0.012233716043119054,0.09264750608,563.8648481,829.4728984698992,234336232.67479312,1149842.381425013,16414924.058092687,152150.4221388836,False,False
WesternSahara,physics_colI,,29.4377358,0.6778359114877155,1.64e-06,0.012084524384056624,0.09321776156,473.6839381,698.8180031069136,98725985.63697754,923813.673621466,9550100.286028221,149375.50669019044,False,False
WesternSahara,physics_colI,,29.39199857,0.6767827619793225,1.64e-06,0.012084524384056624,0.09565085158,473.6839381,699.9054419096925,96955936.1731815,901977.7192368755,9351582.442344308,145575.81177313713,False,False
WesternSahara,physics_colI,,29.17596487,0.6718083508715375,1.68e-06,0.011796797613007658,0.09914841849,421.7266867,627.748503204662,53367354.00914147,745502.9169610852,6307576.244827313,137096.64803587584,False,False
WesternSahara,physics_colI,,29.26748825,0.6739157763245757,1.66e-06,0.011938927704730644,0.1015815085,711.3611955,1055.5639450669123,685425327.7843027,1345146.704670159,30364413.72670512,135425.09957227908,False,False
WesternSahara,physics_colI,,29.22170444,0.6728615542609776,1.67e-06,0.011867437119672374,0.10481295619999999,354.2784382,526.5250123988935,21320924.904015034,570682.329534109,3488190.804994059,130463.93341421949,False,False
WesternSahara,physics_colI,,28.92869217,0.6661146277832785,1.72e-06,0.011522453482472595,0.09576490268,563.8648481,846.4982220499359,236051318.4809234,1072537.03224135,15911435.528580924,138639.53431564968,False,False
WesternSahara,physics_colI,,29.09135067,0.6698600168090446,1.69e-06,0.011726994076836014,0.09078467153,421.7266867,629.5743530251942,58775629.24531509,812221.7818035285,6909330.3808873845,148841.03396175936,False,False
WesternSahara,physics_colI,,28.94789506,0.6665567952289945,1.72e-06,0.011522453482472595,0.09249543796,711.3611955,1067.2176783609461,766956049.4029143,1443326.426488148,33271127.634304427,143540.06861484688,False,False
WesternSahara,physics_colI,,28.77833857,0.6626525724746137,1.74e-06,0.011390011488421186,0.09690541362999999,1801.983335,2719.3485845390483,73200892844.85228,3712742.9917098917,521321495.7170211,135433.03831843188,False,False
WesternSahara,physics_colI,,31.1448373,0.7171437818047848,1.4e-06,0.01415615713560919,0.059382603410000005,2706.152597,3773.514692116019,748001764361.9136,10572563.9674968,2812169358.6121016,274684.80772094027,False,False
WesternSahara,physics_colI,,31.0872525,0.7158178291003707,1.41e-06,0.014055758858051678,0.05881234793,1347.742218,1882.800571891067,24247556960.77869,5128810.083145068,352648712.78947854,275381.19424942846,False,False
WesternSahara,physics_colI,,30.72735624,0.7075308259457965,1.45e-06,0.013668013786105424,0.06402068126999999,3414.030779,4825.2749616050605,2254396640646.3193,12186911.888317307,5241577360.001017,245999.1553429206,False,False
WesternSahara,physics_colI,,30.50389621,0.702385415505768,1.48e-06,0.013390959452603287,0.06679592457,3834.64361,5459.457906367234,3894064754226.441,12983004.85010531,7110320779.7360325,230999.06843635836,True,False
WesternSahara,physics_colI,,30.23760117,0.6962536823320823,1.52e-06,0.013038565782797938,0.06919099757,563.8648481,809.8554627551131,297158783.0763112,1596189.3630391771,21778927.6292492,217134.44821229397,False,False
WesternSahara,physics_colI,,30.31570538,0.6980521167883211,1.51e-06,0.01312491390056481,0.07227037713,2145.048581,3072.906061612115,206772226017.39813,6513953.602088698,1160562228.6107407,209259.238794716,False,False
WesternSahara,physics_colI,,30.16436814,0.694567412097907,1.53e-06,0.012953346398596645,0.07698448905000001,2706.152597,3896.169831559183,618248423838.996,7712156.776918748,2183581638.4392977,193877.42679572632,False,False
WesternSahara,physics_colI,,30.14716111,0.694171201501301,1.53e-06,0.012953346398596645,0.07333485401,633.3336976,912.359510492907,501592690.68237853,1715347.9878545124,29332678.239201903,203526.07012979814,False,False
WesternSahara,physics_colI,,30.01207105,0.69106060581639,1.55e-06,0.012786206445066364,0.07204227494,2868.012698,4150.160888728204,890664112866.508,8680633.232932847,2780562622.479426,204504.46422824697,False,False
WesternSahara,physics_colI,,29.65656655,0.6828747277165028,1.6e-06,0.01238663749365804,0.08823753041,3221.355423,4717.344620106302,1325724801124.0732,7829821.854010194,3221830073.1485806,161751.598876022,False,False
WesternSahara,physics_colI,,29.53169998,0.679999539017707,1.62e-06,0.012233716043119054,0.09409215328000001,597.5906703,878.8104050235818,306884252.904472,1209849.0855522815,19268721.616829447,149814.3752565504,False,False
WesternSahara,physics_colI,,29.47017726,0.6785829114186372,1.63e-06,0.01215866257046188,0.09618309002,473.6839381,698.0487279140615,95747321.97576194,899647.9944207595,9281103.715973275,145658.41499269218,False,False
WesternSahara,physics_colI,,29.57002599,0.6808820371180547,1.62e-06,0.012233716043119054,0.08884580292000001,446.9509568,656.4293555045062,76999054.08774489,910576.5637675623,8373382.475712633,158660.9237228646,False,False
WesternSahara,physics_colI,,29.49953473,0.679258899122706,1.63e-06,0.01215866257046188,0.08728710462,446.9509568,657.9979406633577,78816259.14923118,923795.9759078798,8532885.97358317,160503.39282536542,False,False
WesternSahara,physics_colI,,29.41595644,0.6773344180156117,1.64e-06,0.012084524384056624,0.09397810219,446.9509568,659.8674818702308,73784457.72967693,855702.6747448328,7945914.537287801,148166.96699619057,False,False
WesternSahara,physics_colI,,29.12581405,0.6706535736489442,1.69e-06,0.011726994076836014,0.10310218980000001,397.9259817,593.3405819862159,38625923.0725109,665291.9785552137,5069271.819939453,131059.14049561627,False,False
WesternSahara,physics_colI,,29.19679281,0.6722879368624651,1.68e-06,0.011796797613007658,0.1037484793,502.0158696,746.7274691003433,120122769.82238208,876232.7712637371,10259410.679631744,131017.97659830618,False,False
WesternSahara,physics_colI,,29.03547132,0.6685733339473623,1.7e-06,0.011658011758736979,0.1026459854,597.5906703,893.8296518225317,291459181.6496286,1077490.2136504573,17721298.369646784,130867.26308711525,False,False
WesternSahara,physics_colI,,29.02890323,0.6684220965253632,1.7e-06,0.011658011758736979,0.1005170316,633.3336976,947.5056268968933,396908247.65862,1175679.0968549822,21601776.08766418,133639.03571718678,False,False
WesternSahara,physics_colI,,29.05508659,0.669024996891478,1.7e-06,0.011658011758736979,0.1005930657,2023.989919,3025.2829541559117,122160652131.18135,4090037.7422110527,706853363.7393591,133538.02354766082,False,False
WesternSahara,physics_colI,,28.93367394,0.6662293384604756,1.72e-06,0.011522453482472595,0.10306417270000001,1347.742218,2022.9403603185144,16166374209.81881,2588887.7264634306,204579881.15456235,128820.72560738373,False,False
WesternSahara,physics_colI,,30.76606848,0.7084222174123281,1.45e-06,0.013668013786105424,0.06561739659,1008.005486,1422.8880196360403,5304022398.947232,3310304.06237641,132506327.75143418,240013.08091059598,False,False
WesternSahara,physics_colI,,30.5111665,0.7025528218471528,1.48e-06,0.013390959452603287,0.06907694647,2553.427285,3634.4986534770806,505397840226.2216,8271251.381990975,2044571491.639847,223371.14101759542,False,False
WesternSahara,physics_colI,,30.35096308,0.6988639637108844,1.5e-06,0.013212413326568577,0.07048357664,2023.989919,2896.1142999173326,159306525317.69397,6322399.326365859,1003593278.3524778,215994.51189544122,False,False
WesternSahara,physics_colI,,30.32401223,0.698243391052062,1.51e-06,0.01312491390056481,0.07386709245999999,3221.355423,4613.513660539339,1503453508773.4148,9687185.321541224,3816311407.866171,204735.87902245222,False,False
WesternSahara,physics_colI,,30.18687679,0.6950856982661355,1.53e-06,0.012953346398596645,0.07903740876,502.0158696,722.2359355864453,146860965.86400193,1214356.386587423,13354458.125934886,188841.64947157828,False,False
WesternSahara,physics_colI,,30.15860276,0.6944346579474544,1.53e-06,0.012953346398596645,0.0735629562,502.0158696,722.9130399162564,158521660.55299842,1306170.533234479,14389451.757927576,202894.98153960498,False,False
WesternSahara,physics_colI,,29.98016607,0.690325958921458,1.56e-06,0.012704243583239013,0.07116788320999999,502.0158696,727.2156915326386,165482135.54029435,1333462.8629703633,14854773.045321515,205690.03998722258,False,False
WesternSahara,physics_colI,,29.14610643,0.6711208277878836,1.68e-06,0.011796797613007658,0.1008591849,502.0158696,748.0260614988223,124628168.10532282,903172.8788542771,10609466.592341917,134771.22432145744,False,False
WesternSahara,physics_colI,,30.79488506,0.7090857505353565,1.44e-06,0.013762930548508934,0.06352645985,2023.989919,2854.365522747985,171383770758.9242,7197580.330135181,1110652266.6068034,249634.590730466,False,False
WesternSahara,physics_colI,,30.74422307,0.707919203067075,1.45e-06,0.013668013786105424,0.06246198297,2023.989919,2859.069100302719,174514899642.54315,7282217.613078162,1127322259.1262426,252137.90481903963,False,False
WesternSahara,physics_colI,,29.66678018,0.6831099076653848,1.6e-06,0.01238663749365804,0.09572688564,2023.989919,2962.9052313371412,123064781583.73265,4468855.881331763,741592052.9275328,149096.68824246433,False,False
WesternSahara,physics_colI,,29.64899858,0.6827004669690759,1.6e-06,0.01238663749365804,0.0989203163,2409.32123,3529.1044119193994,282320728259.28235,5182924.025586641,1209647421.9441597,144283.42082332296,False,False
WesternSahara,physics_colI,,29.44421173,0.6779850268253931,1.64e-06,0.012084524384056624,0.10230383209999999,2706.152597,3991.463660593403,489012608635.0328,5550482.775696174,1647499942.7396057,136108.785758284,False,False
WesternSahara,physics_colI,,29.49633819,0.6791852953095857,1.63e-06,0.01215866257046188,0.1019996959,2706.152597,3984.409874136753,489190208814.9099,5591006.863383757,1653803439.0411377,137352.13931566858,False,False
WesternSahara,physics_colI,,29.75055761,0.6850389741877547,1.59e-06,0.0124645408741213,0.09511861314,3414.030779,4983.702982809102,1622953822700.4126,7731646.074854587,3542330384.499996,150993.8558720367,False,False
WesternSahara,physics_colI,,29.54203876,0.6802376006815722,1.62e-06,0.012233716043119054,0.09679136253,2553.427285,3753.7285243296797,386428236148.52405,5575244.513018353,1467798318.3197951,145636.5195377603,False,False
WesternSahara,physics_colI,,29.31068994,0.6749105422643855,1.66e-06,0.011938927704730644,0.1056113139,2553.427285,3783.356645212597,359298131680.6457,5027062.433968704,1343954664.5504508,130257.69110628226,False,False
WesternSahara,physics_colI,,30.02166727,0.6912815692279352,1.55e-06,0.012786206445066364,0.08306721411,2409.32123,3485.296494583061,326295508806.1019,6289530.2954866765,1432566050.106318,177361.99529791556,False,False
WesternSahara,physics_colI,,30.00521885,0.6909028264523704,1.55e-06,0.012786206445066364,0.09097475668999999,3834.64361,5550.192390571083,2961389254134.7197,9256334.795666056,5235609839.986051,161945.65805316655,True,False
WesternSahara,physics_colI,,29.63524688,0.6823838191070483,1.61e-06,0.012309701857051469,0.1011253041,2145.048581,3143.46343060561,155026797913.44345,4470105.526099099,832457894.4585316,140260.76163467468,False,False
WesternSahara,physics_colI,,29.58836614,0.681304339036128,1.61e-06,0.012309701857051469,0.10340632599999999,1909.763363,2803.0987821123063,86111865101.65358,3880971.1017305143,578098313.4170467,137166.77424168508,False,False
WesternSahara,physics_colI,,29.66990022,0.6831817499827304,1.6e-06,0.01238663749365804,0.10602950119999999,421.7266867,617.2979396927107,48232255.86293594,717197.0724518546,5881499.188357204,134609.34422172984,False,False
WesternSahara,physics_colI,,29.79055248,0.6859598996062538,1.58e-06,0.0125434303733246,0.09222931873000001,1271.680598,1853.8701733584635,12783095249.593575,2870989.5663619176,191572787.96163547,156709.67931598966,False,False
WesternSahara,physics_colI,,29.56534077,0.6807741548274194,1.62e-06,0.012233716043119054,0.1050410584,4307.076464,6326.733224900218,4683626014025.359,8765314.81015014,6407297126.397445,134198.54459679342,True,False
WhiteSands,physics_colI,,42.70551655,0.983341006009809,3.73e-06,0.005313302946341251,0.02068126521,2553.427285,2596.6854523450324,127404944714.74452,7733807.358545418,992635531.7788918,296030.1694669317,False,False
