region,wavelength_source,fft_confidence,incip_real,l0_m,Qr_m2s,t0_years,intermittency_frac,modern_used,W_modern_l0,age_power_years,age_linear_years,age_geomean_years,age_floor_years,flagged_W_gt_5000,linear_unphysical
AlNafudDesert,fft,high,50.94401612,1.173041426696447,2.71e-06,0.007313143907694785,0.01383819951,1802.0,1536.1776310618834,19640936694.05625,9123410.109820714,423311138.9993198,608937.9361219333,False,False
AlNafudDesert,fft,high,50.83155645,1.1704519203757857,2.72e-06,0.007286257349210613,0.012203467150000001,2409.3,2058.435684591358,94076910487.75325,14082595.868137108,1151020030.6345406,687970.4252828873,False,False
AlNafudDesert,fft,high,50.47875744,1.1623283391282322,2.78e-06,0.007128999996349952,0.015092761560000001,1802.0,1550.3364577271973,18368111751.466053,8235377.302229392,388932295.65418774,544262.4879482696,False,False
AlNafudDesert,fft,high,51.22076736,1.1794139252573166,2.67e-06,0.007422704116049763,0.0147886253,1271.7,1078.2474013290534,3251027858.906885,5882350.790487993,138288417.07004747,578339.4834823965,False,False
AlNafudDesert,fft,high,51.80123704,1.1927798715144258,2.58e-06,0.007681635654981733,0.011367092459999999,1513.8,1269.136104785192,9785821031.005117,9481646.449879272,304607444.4884491,778668.8670568925,False,False
AlNafudDesert,fft,high,55.42333555,1.2761826325727048,2.13e-06,0.00930451642716097,0.0073753041399999995,1347.7,1056.0400726368769,7373777744.4408,14446130.550573012,326377934.22212476,1453658.431963955,False,False
AlNafudDesert,fft,high,53.81474938,1.2391431849685695,2.32e-06,0.008542508616315891,0.00942822384,711.4,574.1063733631755,261502287.0146573,5088688.099648812,36478809.958144665,1044008.5126427653,False,False
AlNafudDesert,fft,high,57.04840271,1.3136015729121093,1.95e-06,0.010163394866591215,0.01030261557,951.1,724.0399369281483,894944331.0843881,7331053.643089513,80999289.49539317,1136684.1473457708,False,False
AlNafudDesert,fft,high,51.64622671,1.189210589928389,2.61e-06,0.007593340992280792,0.015206812649999998,2024.0,1701.9693712295984,30777110741.937023,9622652.534985881,544203493.8333651,575364.6912289356,False,False
AlNafudDesert,fft,high,51.73569121,1.191270607428216,2.59e-06,0.00765197683005902,0.01277372263,1513.8,1270.7440195037457,8728974295.914042,8416620.30157618,271050663.66073847,690247.216233349,False,False
AlNafudDesert,fft,high,53.79970621,1.238796799603951,2.32e-06,0.008542508616315891,0.00881995134,671.2,541.8160591104091,210063149.67565048,5061005.207280098,32605685.000719212,1116009.0989868727,False,False
AlNafudDesert,fft,high,51.84286006,1.1937382868590112,2.58e-06,0.007681635654981733,0.01573905109,753.9,631.5454637747083,225527298.3603335,3080496.439032693,26357845.881324805,562371.9598434281,False,False
AlNafudDesert,fft,high,52.66393346,1.2126443956803057,2.46e-06,0.008056349589371082,0.01513077859,1802.0,1486.0085994039991,16797296904.801537,8868598.611613369,385964355.8785972,613515.4813845508,False,False
AlNafudDesert,fft,high,53.43915155,1.2304946360726703,2.36e-06,0.008397720334683417,0.01075881995,1347.7,1095.250609382102,5461633073.096502,9308404.86596123,225475257.7860956,899384.2271606121,False,False
AlNafudDesert,fft,high,52.83147124,1.2165021354394527,2.44e-06,0.008122385241742977,0.00996046229,1008.0,828.605203915953,1439710971.3838446,7092404.729464426,101049556.6665416,939620.7254828963,False,False
AlNafudDesert,fft,high,55.8861931,1.2868404315088995,2.07e-06,0.009574212555484475,0.009618309,1604.3,1246.6969180622182,13199511015.923908,13695962.39125666,425182321.43055034,1146972.0603258803,False,False
AlNafudDesert,fft,high,58.21667662,1.3405023514241636,1.84e-06,0.010770989124920034,0.00824969586,1008.0,751.9569055056787,1427645053.7778778,10143974.593306258,120341161.51085688,1504409.7821933012,False,False
AlNafudDesert,fft,high,58.7261782,1.352234179925856,1.79e-06,0.011071854742934562,0.0082877129,1700.3,1257.4005488407554,18478416452.803356,18554317.341148525,585537704.0184633,1539338.6736360448,False,False
AlNafudDesert,fft,high,53.46205279,1.231021962053006,2.36e-06,0.008397720334683417,0.01524482968,1428.4,1160.3367316191677,5125173778.485281,7003330.676590398,189455236.78622,634727.521986387,False,False
AlNafudDesert,fft,high,53.95682428,1.2424146141978862,2.3e-06,0.00861679129993603,0.01110097324,1008.0,811.3233605600926,1235022073.0120628,6588687.48919814,90206288.48000637,894402.527315962,False,False
AlNafudDesert,fft,high,52.77271913,1.2151493041516037,2.45e-06,0.008089232648919538,0.01003649635,1008.0,829.5276938859528,1430808723.0552678,7018946.442092187,100213620.81076224,928696.2547667888,False,False
AlNafudDesert,fft,high,54.98507829,1.266091282092611,2.18e-06,0.009091110087088471,0.00908607056,1347.7,1064.457214943069,6081837455.477913,11559158.440694153,265143211.79018965,1152893.8189236112,False,False
AlNafudDesert,fft,high,56.68719053,1.3052842692670796,1.99e-06,0.00995910552253913,0.009048053529999999,1513.8,1159.7473712373799,10215176544.521692,13985795.39974503,377978000.84655035,1268275.7008303031,False,False
AlNafudDesert,fft,high,58.32410052,1.3429759036588456,1.83e-06,0.010829846988990637,0.00908607056,1199.9,893.4635362637222,3052553106.4244742,11302488.590321071,185745650.4382048,1373392.6367505312,False,False
AlNafudDesert,fft,high,58.44654525,1.345795326855327,1.81e-06,0.010949513806548544,0.009048053529999999,951.1,706.7196482413133,974187017.4577544,8739455.593989916,92270603.0072066,1394402.566106245,False,False
AlNafudDesert,fft,high,52.6000642,1.2111737364433903,2.47e-06,0.008023732789414114,0.01330596107,1700.3,1403.8448397939408,14367015333.54508,9444201.00660388,368354422.6352655,694830.2343395938,False,False
AlNafudDesert,fft,high,53.5038771,1.2319850123189573,2.36e-06,0.008397720334683417,0.0141803528,1271.7,1032.2365834680793,3093001284.308103,6610624.318480205,142991851.1913796,682374.6279352743,False,False
Chad,fft,high,18.34587458,0.4224337327592162,6.34e-07,0.031259652980840484,0.08078619221,1802.0,4265.757822486978,2223808610274.6177,19466877.517672114,6579560003.447086,445856.9215749787,False,False
Chad,fft,high,19.59450137,0.4511847238020677,5.19e-07,0.0381861656837242,0.042883211680000005,1513.8,3355.1667867728956,1564408189354.0593,34982348.13573514,7397747759.039825,1026046.983330185,False,False
Chad,physics_colI,,17.88026035,0.41171245826521446,6.83e-07,0.02901701316230288,0.09922445255,951.1173591,2310.1495716394256,81431956636.48643,7788730.442789674,796399120.8373667,336963.21591695317,False,False
Chad,physics_colI,,16.84306044,0.38782980128485567,8.11e-07,0.02443726262620575,0.1467837591,597.5906703,1540.858047319262,6281066752.328268,2883568.981998381,134580419.30710092,191832.88117185936,False,False
Chad,fft,high,16.59316888,0.38207577609431487,8.46e-07,0.023426264763419462,0.1256462895,2024.0,5297.378495674058,3120987770892.6855,11708588.015279768,6045027709.622911,214833.43803235696,True,False
Chad,fft,high,17.58090115,0.40481938681526164,7.18e-07,0.027602534804809006,0.09451034063,1008.0,2489.9993252052386,117743510089.63115,8414531.24614812,995367492.2762737,336525.62291891,False,False
Chad,fft,high,17.63809892,0.40613642773262104,7.11e-07,0.027874289718499107,0.08781934307,671.2,1652.646633416205,16920281718.254831,5927120.071574112,316683661.38618,365731.295798162,False,False
Chad,fft,high,17.83232197,0.41060862488199124,6.89e-07,0.028764325094126075,0.08591849148,1909.8,4651.144384872276,2948667241463.112,18404909.268822994,7366814307.628445,385758.9796617992,False,False
Chad,fft,high,18.43458189,0.424476315135048,6.25e-07,0.031709791983764585,0.07401916058,2024.0,4768.22835063497,4265802700863.097,24158575.2156355,10151636094.928846,493625.6703386156,False,False
Chad,fft,high,19.94933332,0.459355115706095,4.91e-07,0.040363788166706445,0.04250304135999999,1909.8,4157.567717656441,4807882801663.981,46533372.23899022,14957506479.733486,1094259.7116561022,False,False
Chad,fft,high,20.24804388,0.46623325151396533,4.68e-07,0.04234747861079672,0.0334169708,1604.3,3440.981514704224,2521907495327.591,51100667.905360386,11352143295.72942,1460188.6798659088,False,False
Chad,fft,high,20.49134133,0.4718354401436828,4.5e-07,0.044041377755228595,0.020453163019999998,1199.9,2543.047634646961,963289066605.9854,63421320.47007828,7816205255.655764,2481126.548839898,False,False
Chad,fft,high,16.25767388,0.3743506385134357,8.95e-07,0.022143709485869124,0.12728102189999999,1132.2,3024.437208110611,183131170133.1495,6138066.271845038,1060222268.5445728,200463.45939908485,False,False
Chad,fft,high,16.33504359,0.3761321603076286,8.83e-07,0.022444643250116497,0.12112226279999999,846.8,2251.336336960457,45432815732.71109,4803447.028072938,467155352.86270297,213519.3458324532,False,False
Chad,fft,high,16.4818507,0.379512553823482,8.62e-07,0.02299143850330959,0.1155337591,846.8,2231.283238113545,46683036844.71354,5110164.78795156,488424007.47557485,229300.88955204608,False,False
Chad,fft,high,16.09551747,0.3706168106564738,9.21e-07,0.021518588479753385,0.1455672141,846.8,2284.8396933211493,38984884787.56356,3891862.366669377,389517401.3746499,170332.96600420203,False,False
Chad,fft,high,16.53502549,0.3807369612470929,8.54e-07,0.02320681497640851,0.09234336983000001,1347.7,3539.714125956271,575068276264.3375,10434277.184420958,2449575839.7137384,289573.1696138765,False,False
Chad,fft,high,16.94831845,0.39025348154459,7.97e-07,0.024866524454018653,0.08911192214,1700.3,4356.91180324736,1780136590907.7493,14346700.08159525,5053621055.641874,321534.64654616744,False,False
Chad,fft,high,16.59138955,0.3820348050841603,8.46e-07,0.023426264763419462,0.1026840024,1199.9,3140.8133081897295,289341944565.2417,8370487.223859523,1556256100.4892564,262874.68075254763,False,False
Chad,fft,high,16.13386531,0.3714998114163347,9.15e-07,0.021659693977981273,0.1236313869,1428.4,3844.9548454796172,603036231362.4476,7921467.180434049,2185619297.8993993,201870.1353596119,False,False
Chad,fft,high,16.04157672,0.36937476617007065,9.29e-07,0.021333283089185,0.1282314477,846.8,2292.5226018555613,44607214561.322296,4395436.945726644,442795888.56355876,191695.38174126646,False,False
Chad,fft,high,16.03439717,0.3692094492159616,9.3e-07,0.02131034407511061,0.1280033455,1513.8,4100.111747450248,786902105819.0421,8041783.625404301,2515570803.8876057,191830.4918885729,False,False
Chad,fft,high,16.07973874,0.3702534882221557,9.23e-07,0.021471960985756083,0.1225288929,1199.9,3240.752722578128,259412141935.24365,6641622.309217439,1312599508.2884173,201921.09791090872,False,False
Chad,fft,high,15.83065658,0.3645181003476939,9.64e-07,0.020558734429307952,0.1404349148,1909.8,5239.2460022653095,2320632646356.283,9090291.882717842,4592954180.910424,168682.40348830697,True,False
Chad,fft,high,15.23624805,0.3508311968960833,1.07e-06,0.01852207475687184,0.1837743309,2024.0,5769.156272039034,2570529168681.257,6904958.508221272,4213003353.181267,116132.36799347909,True,False
Chad,fft,high,16.34743683,0.3764175281493932,8.82e-07,0.022470090691443158,0.1257603406,1428.4,3794.7223314029475,576356524344.3262,7970072.39227742,2143269283.777865,205877.84773703365,False,False
Chad,physics_colI,,14.90878159,0.3432909251882383,1.14e-06,0.017384754377063914,0.1692518248,1008.005486,2936.3009973167095,93436141488.18263,3514332.350252895,573031984.0242139,118354.20659027458,False,False
Chad,physics_colI,,14.84444276,0.34180945359091847,1.15e-06,0.01723358259987206,0.1624847932,633.3336976,1852.8852579893276,9942884693.304758,2237699.465259235,149161616.24674857,122211.29529705262,False,False
Chad,physics_colI,,16.09754299,0.3706634504593705,9.2e-07,0.02154197824984007,0.1113899027,397.9259817,1073.5506325396868,1225937464.5590692,2255506.5780702513,52584313.39872896,222837.48977372216,False,False
Chad,physics_colI,,15.98532945,0.368079611549886,9.38e-07,0.021128592739715207,0.1207801095,315.4184887,856.9300738279311,364584619.8158257,1581461.953372379,24012011.682144873,201568.95862883862,False,False
Chad,physics_colI,,15.69506937,0.3613960572428562,9.87e-07,0.020079655511502394,0.1351505474,473.6839381,1310.7058823878838,2522426495.88059,2159348.2734573004,73802420.68389559,171193.37256698697,False,False
Chad,physics_colI,,15.62797459,0.35985112689677407,9.99e-07,0.019838458448301167,0.13754562039999998,421.7266867,1171.9476616255683,1409530045.2657158,1853968.8011446653,51119709.782026984,166191.82414229488,False,False
Chad,fft,high,15.76851635,0.3630872539086785,9.75e-07,0.02032678973318243,0.13575882,1604.3,4418.4971593728915,1023676431708.7241,7809556.000444825,2827447332.8012342,172523.88897629947,False,False
Chad,fft,high,15.8086544,0.36401147620253743,9.68e-07,0.020473780981252958,0.1332116788,2273.3,6245.132773602794,5797105185795.861,11415252.237970084,8134827468.723856,177094.164433722,True,False
Chad,fft,high,15.81073979,0.3640594945773561,9.67e-07,0.020494953453829227,0.1299422141,1909.8,5245.845880814411,2515824781311.8477,9806447.251485204,4967021543.330966,181737.76085860553,True,False
Chad,fft,high,15.58041192,0.3587559446452831,1.01e-06,0.01962239602955729,0.14286800489999998,1909.8,5323.396109542655,2355364399616.102,8668442.480806027,4518555169.45521,158257.95726058254,True,False
Chad,fft,high,14.94846848,0.3442047590319832,1.13e-06,0.01753860176093174,0.1787940998,1604.3,4660.888491233585,872943510480.6493,5404292.471939195,2172013361.4042864,113029.10351250361,False,False
Chad,physics_colI,,14.53236149,0.3346234426305003,1.22e-06,0.016244770483485955,0.1769692822,532.0423875,1589.9734439331996,4043303527.0454936,1644488.6191188397,81542422.29581715,105770.41039809147,False,False
Chad,physics_colI,,14.6170498,0.3365734831564162,1.2e-06,0.016515516658210723,0.17145681270000002,633.3336976,1881.7100255805656,9744906092.002031,2065860.4692793202,141885926.97059926,110990.52797364962,False,False
Chad,physics_colI,,15.52985071,0.3575917177462064,1.02e-06,0.019430019597894966,0.1329455596,473.6839381,1324.6501934817957,2614353818.4221115,2148815.179848765,74951738.94260903,168402.25448414788,False,False
Chad,fft,high,15.44170428,0.3555620502429252,1.03e-06,0.01924137863092511,0.1432481752,1068.3,3004.5388681669538,136858840052.53459,4706698.907003678,802591647.657173,154773.13748063843,False,False
Chad,fft,high,15.24903782,0.351125695272744,1.07e-06,0.01852207475687184,0.15069951339999998,421.7,1200.994417889115,1355415862.9573114,1623082.6754678618,46903645.96937357,141620.55166817943,False,False
Chad,physics_colI,,15.32037015,0.3527681998203965,1.06e-06,0.01869681131118195,0.1500912409,502.0158696,1423.0757473479453,3174051215.353577,1979957.0766723084,79274744.81548116,143535.95263541964,False,False
Chad,fft,high,15.47349116,0.35629397775679844,1.03e-06,0.01924137863092511,0.1433242092,2145.0,6020.309446442984,4225513151702.5684,9605768.317131868,6370973266.012702,154691.02978368415,True,False
Chad,fft,high,15.51181294,0.35717637845679157,1.02e-06,0.019430019597894966,0.1397506083,1513.8,4238.242199947519,773923681899.427,6948380.818436023,2318947275.434127,160202.03584542574,False,False
Chad,fft,high,15.47293849,0.3562812519284349,1.03e-06,0.01924137863092511,0.14355231140000002,1132.2,3177.8264892462585,180115440759.01785,4977925.905465703,946890341.3430133,154445.22834816697,False,False
Chad,fft,high,15.30551349,0.35242610905155536,1.06e-06,0.01869681131118195,0.1460994526,1802.0,5113.1285501222355,1798757778094.0586,7751097.673713657,3733945263.305182,147457.69995317396,True,False
Chad,fft,high,15.08585501,0.3473682334384858,1.1e-06,0.018016927263502607,0.1648038321,1700.3,4894.805673994079,1238873283676.049,6332563.056655608,2800936127.098326,125968.48854409282,False,False
Chad,fft,high,14.41845194,0.33200055124456007,1.25e-06,0.015854895991882292,0.21574665450000002,1271.7,3830.415326820447,248266343732.90402,3309842.725020634,906489134.8890094,84677.46080207267,False,False
Chad,physics_colI,,14.5003091,0.333885401459854,1.23e-06,0.016112699178742165,0.1780337591,354.2784382,1061.077952647768,541556715.9454046,1041863.1260477761,23753483.38680133,104283.22085984539,False,False
Chad,physics_colI,,15.02776019,0.34603053696838515,1.11e-06,0.01785461260347105,0.1583409367,2706.152597,7820.56006012916,12909956858919.53,10525720.50619455,11657040689.815588,129928.88781713063,True,False
Chad,fft,high,14.82891266,0.34145185613299867,1.16e-06,0.017085017232631783,0.16411952549999997,2273.3,6657.746792609406,5384627949067.791,8251895.737241857,6665837413.224678,119950.94329055275,True,False
Chad,fft,high,14.9137961,0.34340638973957494,1.14e-06,0.017384754377063914,0.1611922141,1347.7,3924.504727538819,410716099150.6345,4980349.688686202,1430213199.6815279,124271.91691611709,False,False
Chad,fft,high,14.92645933,0.3436979743949895,1.13e-06,0.01753860176093174,0.1636253041,2024.0,5888.891267290245,3025491785266.458,7498837.548625127,4763157713.367571,123507.40568444328,True,False
Chad,fft,high,13.87510179,0.3194893225724746,1.39e-06,0.014257999992699904,0.20149026760000002,1700.3,5321.930593202517,1211868163631.279,4464845.6210649125,2326113553.4829535,81536.68218817339,True,False
Chad,fft,high,13.89947907,0.320050635980566,1.38e-06,0.014361318833226716,0.1946091849,1700.3,5312.596848278861,1252907522339.866,4647874.7999370955,2413163338.801393,85031.43129844865,True,False
Chad,fft,high,14.07920766,0.3241890824103709,1.33e-06,0.014901218037483357,0.1875,2409.3,7431.774019305857,7074279933835.101,7044414.582033895,7059331464.33129,91573.3277173036,True,False
Chad,fft,high,13.64249778,0.3141333620391904,1.46e-06,0.01357439725332388,0.2172293187,2024.0,6443.123350099603,2749550108206.5405,4791001.411483489,3629476332.6631727,72003.0036365291,True,False
Chad,physics_colI,,13.63549602,0.31397213889336617,1.46e-06,0.01357439725332388,0.2239963504,1347.742218,4292.553545516124,359213898772.2925,3068458.8750090697,1049872885.5030262,69827.76012370619,False,False
Chad,fft,high,13.6712488,0.31479538557185294,1.45e-06,0.013668013786105424,0.2250228102,2409.3,7653.5429374966825,6251314464339.329,5547057.515579274,5888667156.637646,69988.60916766888,True,False
Chad,fft,high,13.74441044,0.316480011973566,1.43e-06,0.013859174818078926,0.22764598540000003,1700.3,5372.535186019954,1092483288106.6937,3878607.536193518,2058473685.626342,70149.70939141313,True,False
Chad,fft,high,13.79861107,0.31772804047986364,1.41e-06,0.014055758858051678,0.239165146,1802.0,5671.517053636328,1377794743886.9595,3956890.35539091,2334905294.3951707,67718.12231192041,True,False
Chad,fft,high,13.83978988,0.3186762274056506,1.4e-06,0.01415615713560919,0.24441149639999998,1513.8,4750.275890749289,566095014155.4622,3253634.624824613,1357153763.947472,66737.85496959423,False,False
Chad,fft,high,13.70633059,0.3156031819751779,1.44e-06,0.013762930548508934,0.2555885036,1700.3,5387.46152481355,979612412904.7019,3440314.7123920815,1835803637.7995203,62046.61626732936,True,False
Chad,fft,high,14.86577889,0.34230074120979065,1.15e-06,0.01723358259987206,0.1213123479,1802.0,5264.37656439541,2305754757441.3486,8864409.416726727,4520968279.531006,163688.83618850252,True,False
Chad,fft,high,14.50498456,0.33399305901586496,1.23e-06,0.016112699178742165,0.1301322993,1604.3,4803.393234359982,1278454999138.4893,7035121.2065448295,2999014150.6922636,142669.68247393295,False,False
Chad,fft,high,14.32543546,0.3298587455386953,1.27e-06,0.015605212590435328,0.140625,1604.3,4863.596984157576,1218455002297.9502,6386033.507840786,2789461322.9924755,127866.16888610373,False,False
Chad,fft,high,14.28053193,0.3288247928803334,1.28e-06,0.015483296867072551,0.15157390510000002,1428.4,4343.954686287376,642138392349.0808,5235819.232285482,1833608612.667981,117702.99128396208,False,False
Chad,fft,high,13.91847104,0.32048794676368325,1.38e-06,0.014361318833226716,0.1756006691,1604.3,5005.804480949654,1035258705018.8727,4847239.001854194,2240121954.7106237,94235.95946805787,True,False
Chad,fft,high,13.63844416,0.3140400230260886,1.46e-06,0.01357439725332388,0.1922141119,2409.3,7671.952054976922,7354914099730.391,6465136.087381141,6895688549.068565,81373.64769790786,True,False
Chad,fft,high,13.44375829,0.30955716894241175,1.52e-06,0.013038565782797938,0.2017563869,2409.3,7783.053476781901,7225449364625.137,6003152.667664942,6586006045.269572,74464.80039348941,True,False
Chad,fft,high,13.57793415,0.3126467141771627,1.48e-06,0.013390959452603287,0.197156326,1604.3,5131.350905837174,971584519989.2665,4128803.4130260316,2002868313.7378109,78261.73607543924,True,False
Chad,fft,high,13.46978988,0.31015657463906604,1.51e-06,0.01312491390056481,0.2046456813,1909.8,6157.535116650239,2256155648420.922,4695456.99999293,3254793669.720341,73899.64943096432,True,False
Chad,fft,high,13.28050705,0.3057981314329135,1.57e-06,0.012623324834301187,0.2185218978,2273.3,7433.989178899611,5149669756352.342,5121941.11678155,5135786722.879708,66562.1426438447,True,False
Chad,physics_colI,,13.31798712,0.3066611508439061,1.56e-06,0.012704243583239013,0.21802767639999998,446.9509568,1457.4749868707788,1670470401.3608518,950415.2259406273,39845206.78747325,67140.67216133891,False,False
Chad,physics_colI,,13.34001156,0.3071682875497939,1.55e-06,0.012786206445066364,0.22650547450000003,315.4184887,1026.8588961966611,287324005.71298224,626456.2110506338,13416255.362911273,65044.63907952372,False,False
Chad,physics_colI,,13.32537644,0.306831297980612,1.56e-06,0.012704243583239013,0.2404577251,446.9509568,1456.666773375387,1510506693.4520183,861242.9334418741,36068174.55392221,60877.74779197928,False,False
Chad,physics_colI,,13.31281442,0.30654204379562044,1.56e-06,0.012704243583239013,0.2550182482,1513.785733,4938.264631683869,589710984617.2839,2911860.611745206,1310403063.3436997,57401.871617400924,False,False
Chad,physics_colI,,13.33726756,0.30710510396278984,1.55e-06,0.012786206445066364,0.2615191606,2706.152597,8811.812510051572,10088281248603.258,5150600.802780922,7208377729.9566965,56336.08950329723,True,False
Chad,fft,high,13.33124161,0.3069663499044417,1.56e-06,0.012704243583239013,0.2638762165,2273.3,7405.6977278052655,4211877091749.7593,4252295.558352387,4232038072.7934937,55474.96829169857,True,False
Chad,fft,high,14.40374853,0.33166198922379053,1.25e-06,0.015854895991882292,0.1248479319,951.1,2867.6786333758637,102794592548.96918,4239495.25329117,660149367.3217863,146329.04687788477,False,False
Chad,fft,high,14.18871434,0.3267105929217804,1.31e-06,0.015128717549506005,0.1340860706,1271.7,3892.4357751218213,412617194758.2697,5166387.794714322,1460048094.7175634,130007.06380233174,False,False
Chad,fft,high,14.05965846,0.32373894079992627,1.34e-06,0.014790014917800645,0.1414613747,1802.0,5566.213306151678,2234519447523.207,6905992.643024902,3928304324.4243865,120470.09059989337,True,False
Chad,fft,high,13.70758706,0.31563211356466875,1.44e-06,0.013762930548508934,0.1642715937,1909.8,6050.7151139698835,2703400190162.4214,6025491.8814248815,4036002465.0718627,96537.69984219816,True,False
Chad,fft,high,13.51277527,0.3111463600359207,1.5e-06,0.013212413326568577,0.1754105839,1909.8,6137.947426990695,2608384788477.0615,5496691.413072971,3786487325.8485923,86791.0327559301,True,False
Chad,fft,high,13.40535033,0.3086727838541067,1.53e-06,0.012953346398596645,0.1812652068,1513.8,4904.222462047361,817524871186.7744,4147510.994805005,1841383553.682853,82340.97929596587,False,False
Chad,fft,high,13.18166788,0.303522251951461,1.61e-06,0.012309701857051469,0.192328163,2273.3,7489.730935323794,5919956570488.989,5718121.2643319145,5818163760.984605,73748.49295266284,True,False
Chad,fft,high,13.15522047,0.30291327154666237,1.62e-06,0.012233716043119054,0.20494981750000002,2273.3,7504.788378510543,5576092036122.856,5343733.812862967,5458676722.161299,68779.55458626735,True,False
Chad,fft,high,14.47612624,0.3333285647839001,1.23e-06,0.016112699178742165,0.1214644161,1604.3,4812.968852639683,1383217676327.1897,7552536.242080712,3232151238.9038615,152850.80533749677,False,False
Chad,fft,high,14.32076414,0.329751183310691,1.27e-06,0.015605212590435328,0.1290678224,1909.8,5791.639565401013,3143454555979.479,8316298.144834662,5112915537.368499,139315.74628943563,True,False
Chad,fft,high,14.03736206,0.3232255419189942,1.35e-06,0.014680459251742863,0.1365571776,1802.0,5575.054462903837,2315691114481.1543,7112522.660172229,4058374739.437783,123872.13099682676,True,False
Chad,fft,high,13.82583783,0.3183549662667802,1.4e-06,0.01415615713560919,0.1435142944,1909.8,5998.964056994151,3050698199657.4077,7032250.316351478,4631767846.042555,113657.6608472299,True,False
Chad,fft,high,13.64418249,0.3141721543208455,1.46e-06,0.01357439725332388,0.1512317518,2145.0,6827.466949249226,5257003716778.209,7299449.902643868,6194613407.520695,103425.12890415938,True,False
Chad,fft,high,13.48573899,0.3105238202583527,1.51e-06,0.01312491390056481,0.16046989050000002,2024.0,6518.018483464658,3810097446034.425,6345020.949714178,4916822969.717428,94243.49987719876,True,False
Chad,fft,high,12.98769767,0.29905587671832184,1.68e-06,0.011796797613007658,0.2125912409,2024.0,6767.96598084039,3112549017669.6494,4472673.95134208,3731141502.758428,63939.20923313663,True,False
Chad,fft,high,12.97056432,0.29866136268392085,1.68e-06,0.011796797613007658,0.22285583939999998,2409.3,8066.995939310065,7063387354569.3125,5099155.820703443,6001442555.16415,60994.20984271169,True,False
Chad,fft,high,14.63896228,0.337078041861429,1.2e-06,0.016515516658210723,0.12207268859999999,1199.9,3559.709773362433,318315860519.57556,5650033.033338548,1341079836.1660604,155891.3986781164,False,False
Chad,fft,high,14.39827564,0.3315359699739805,1.25e-06,0.015854895991882292,0.1268628345,1909.8,5760.460924194393,3163832136064.381,8549041.850055216,5200743537.01122,144004.9716026333,True,False
Chad,fft,high,14.21224977,0.32725252181721887,1.3e-06,0.01524509229988682,0.1354927007,1700.3,5195.6818867531065,1711594043912.5369,6927335.525065451,3443368441.640504,129647.0555326754,True,False
Chad,physics_colI,,13.89640202,0.3199797835547675,1.38e-06,0.014361318833226716,0.1422977494,563.8648481,1762.188979053076,7385232688.961763,2018475.0757433968,122093849.60445267,116290.6483457808,False,False
Chad,fft,high,13.71045438,0.31569813672891384,1.44e-06,0.013762930548508934,0.14860857660000001,334.3,1058.9229428587328,548639463.1003994,1063717.7340251051,24157763.27572375,106712.56106499932,False,False
Chad,fft,high,13.55663628,0.31215630753643875,1.48e-06,0.013390959452603287,0.15625,502.0,1608.168689467857,3993042115.366442,1554226.6717236498,78778757.0162055,98750.69664649767,False,False
Chad,fft,high,13.40149021,0.3085839003891409,1.53e-06,0.012953346398596645,0.1621046229,375.5,1216.8489656345464,940143903.5597408,1070573.3161339967,31725273.46575774,92073.59033434308,False,False
Chad,fft,low,13.20214841,0.30399383844896266,1.6e-06,0.01238663749365804,0.17636100970000002,397.9,1308.9081082372109,1184373599.9202719,1019258.2768777454,34744533.30574795,80928.10110901238,False,False
Chad,fft,high,13.01006987,0.2995710209767667,1.67e-06,0.011867437119672374,0.2004638078,375.5,1253.4590254279701,806250513.8273479,819380.369505077,25702642.742206696,68213.36324343881,False,False
Chad,fft,high,14.57071378,0.33550654585645534,1.21e-06,0.016379024785002368,0.1318810827,1604.3,4781.724886781765,1254053307026.4058,7023994.384557869,2967905555.5205426,143104.7453777045,False,False
Chad,fft,high,14.32415308,0.3298292173432499,1.27e-06,0.015605212590435328,0.13880018249999998,1909.8,5790.269325996341,2919630675577.1396,7731312.740727309,4751060706.864081,129547.23600315394,True,False
Chad,fft,high,14.0743339,0.32407685878099884,1.34e-06,0.014790014917800645,0.1451490268,1909.8,5893.046505028562,2886143824688.656,7133720.692235227,4537504151.287179,117409.43086016245,True,False
Chad,fft,high,13.85192611,0.31895567731239494,1.4e-06,0.01415615713560919,0.15043339420000001,334.3,1048.1080092911354,529926453.7362278,1068516.7079508826,23795698.556720704,108430.04032707454,False,False
Chad,fft,high,11.73536016,0.2702194423081351,2.27e-06,0.008730669599054126,0.4016879562,354.3,1311.1565806430265,369637296.72347474,316013.76608701446,10807889.443541162,25044.204524689583,False,False
Chad,fft,high,12.01036432,0.2765517124502061,2.11e-06,0.009392710895664865,0.3963275547,297.6,1076.1097711647103,152008932.5764356,277136.1628016774,6490544.837362443,27307.703984852298,False,False
Chad,fft,high,12.16896682,0.2802037076607796,2.03e-06,0.009762866990075303,0.3937804136,210.0,749.4547511635011,26667423.95181976,191874.46368839845,2262033.967186737,28567.468737422707,False,False
Chad,fft,high,11.89493737,0.27389388127748737,2.17e-06,0.00913300460361883,0.4137013382,250.0,912.7622670282291,62827890.38695703,214499.08344218836,3671038.668089531,25437.548226200684,False,False
Chad,fft,high,12.25718986,0.2822351391927053,1.98e-06,0.010009404035279224,0.40537560829999997,222.6,788.7040594474402,34168761.2760043,202825.712284488,2632546.930955686,28451.102865879835,False,False
Chad,fft,high,11.34164326,0.2611536821018213,2.52e-06,0.007864531742005106,0.4515663017,597.6,2288.3077703151107,4627523423.315472,459251.5826041553,46099863.94443511,20067.80367484517,False,False
Chad,fft,low,12.06378336,0.2777817439959474,2.08e-06,0.00952818268742926,0.4276916058,421.7,1518.0983240070384,780978797.4910249,379726.22648510383,17220863.269190107,25670.116992165586,False,False
Chad,physics_colI,,11.27865759,0.25970336848649517,2.57e-06,0.007711525287880493,0.5154349148,297.6174279,1145.9898638760876,130908125.0251357,187610.89826607564,4955783.583480361,17239.114431845384,False,False
Chad,fft,high,11.38102052,0.262060386377766,2.49e-06,0.007959285136487096,0.5136100973,421.7,1609.1710991836433,724249953.4003658,281224.86851150077,14271548.546478005,17856.198668513225,False,False
Chad,fft,high,11.63482658,0.2679045471919685,2.33e-06,0.008505845489207237,0.4900775547,421.7,1574.0680941030407,727481122.7529905,307591.67334972933,14958848.079913512,19998.672847772832,False,False
GrandErgOccidental,fft,high,23.00022555,0.529605230376016,1.89e-06,0.010486042322673474,0.1225288929,1700.3,3210.504546552153,120956299655.03531,3212161.7524654316,623322708.9330631,98610.14464114749,False,False
GrandErgOccidental,fft,high,22.99113593,0.5293959319809344,1.89e-06,0.010486042322673474,0.1161800487,2145.0,4051.7878404801377,402362061460.3095,4306963.72754345,1316418931.8181205,103998.85338995102,False,False
GrandErgOccidental,fft,high,22.80521974,0.5251150093255658,1.93e-06,0.010268715020649152,0.1087667275,1271.7,2421.7551915594922,33183091704.305817,2642069.632514857,296094645.18106717,108784.8803776576,False,False
GrandErgOccidental,fft,high,22.69651708,0.5226120122498791,1.96e-06,0.010111540811149422,0.1073600973,1428.4,2733.1939689840733,60145208521.65331,2990829.7181601934,424127430.2040631,108523.28758118529,False,False
GrandErgOccidental,fft,high,22.89214456,0.5271165479288032,1.91e-06,0.0103762408323837,0.1025319343,1428.4,2709.837142492692,61945581604.17602,3185030.376142476,444183024.3009217,116608.2805987266,False,False
GrandErgOccidental,fft,high,23.05553596,0.5308788127748739,1.88e-06,0.010541819143538758,0.08717305353,1132.2,2132.6901220300238,22696548273.461456,2961008.5682926457,259238642.7760858,139341.923510824,False,False
GrandErgOccidental,fft,high,22.54677387,0.5191640118354095,2e-06,0.009909309994926433,0.10462287099999999,2024.0,3898.575313116404,349079300722.9785,4343999.151877644,1231422017.944563,109135.30847142682,False,False
GrandErgOccidental,fft,high,22.61933513,0.5208348138340739,1.98e-06,0.010009404035279224,0.10656173969999999,3414.0,6554.861367403951,4499068835057.166,7328700.488664823,5742153600.350667,108231.9335582498,True,False
GrandErgOccidental,fft,high,22.73936914,0.5235987275783462,1.95e-06,0.010163394866591215,0.09922445255,4837.7,9239.327265699158,26702650024918.348,11320596.255226845,17386486703.08995,118023.52639552773,True,False
GrandErgOccidental,fft,high,22.7223191,0.5232061318473831,1.95e-06,0.010163394866591215,0.1184610706,3039.6,5809.564940050507,2264868184638.083,5919834.493671617,3661645095.1778407,98857.96013240414,True,False
GrandErgOccidental,fft,high,22.79796016,0.5249478495935895,1.94e-06,0.010215783499924158,0.1308926399,1604.3,3056.1131000765813,86490003044.14755,2783532.76651869,490660531.7831117,89930.07440370547,False,False
GrandErgOccidental,fft,high,22.49329165,0.517932525501393,2.01e-06,0.009860009945200431,0.09420620438,2409.3,4651.764238339035,922447639215.1218,5754707.589071066,2304000093.296862,120599.73288491432,False,False
GrandErgOccidental,fft,high,22.48560731,0.5177555852080407,2.01e-06,0.009860009945200431,0.10070711680000001,1604.3,3098.5662846212895,116144607509.58116,3542182.81019792,641408943.0446247,112814.69915271812,False,False
GrandErgOccidental,fft,high,22.20648276,0.5113284386009348,2.08e-06,0.00952818268742926,0.1022277981,1428.4,2793.5078359973477,66291310683.98908,3027830.2285770676,448016555.9228543,107396.36147414158,False,False
GrandErgOccidental,fft,high,22.37006347,0.5150950625158305,2.04e-06,0.009715009798947483,0.09857816302,2706.2,5253.787498529613,1583758509866.356,6136893.786288757,3117588452.3427367,113556.2444785789,True,False
GrandErgOccidental,fft,high,22.60896746,0.5205960869465104,1.98e-06,0.010009404035279224,0.07029349148,2706.2,5198.271880745146,2171440890501.4258,8771347.067396171,4364225210.380855,164074.6943739934,True,False
GrandErgOccidental,fft,high,22.61896201,0.5208262223399112,1.98e-06,0.010009404035279224,0.1075881995,2868.0,5506.6351826814,1885511403129.9329,6078137.189059614,3385320808.986944,107199.33212621436,True,False
GrandErgOccidental,fft,high,22.70204209,0.5227392316194248,1.96e-06,0.010111540811149422,0.1145833333,1700.3,3252.673411812884,133022006895.25764,3357279.1365080327,668275398.6537857,101682.07171567711,False,False
GrandErgOccidental,fft,high,22.74144451,0.5236465152317575,1.95e-06,0.010163394866591215,0.1189172749,2868.0,5476.9771526707655,1686564857026.7212,5552996.063194631,3060308483.044119,98478.70971197906,True,False
GrandErgOccidental,fft,high,22.72516647,0.5232716956411615,1.95e-06,0.010163394866591215,0.1339340024,2706.2,5171.691919403571,1128272470527.906,4649930.399129129,2290499609.082751,87437.24211004922,True,False
GrandErgOccidental,fft,high,22.32221052,0.5139931962513528,2.05e-06,0.0096676195072453,0.07687043796,1700.3,3308.020441516739,206042228012.07498,4868937.737533881,1001602106.3743589,144913.44901972363,False,False
GrandErgOccidental,fft,high,22.2398507,0.5120967717423841,2.07e-06,0.009574212555484475,0.07759276156,1199.9,2343.111822238987,36847879749.17297,3335595.5199779663,350584686.79055023,142177.33031772968,False,False
GrandErgOccidental,fft,high,22.4826521,0.5176875382808722,2.01e-06,0.009860009945200431,0.1096791363,2145.0,4143.425988431321,447539644527.4304,4389609.032019316,1401614806.5015304,103586.18300251555,False,False
GrandErgOccidental,fft,high,22.40075731,0.5158018215938658,2.03e-06,0.009762866990075303,0.11089568129999999,2024.0,3923.9876930750074,335040678148.75275,4064800.213768164,1166993324.8138487,101440.46659937319,False,False
GrandErgOccidental,fft,high,22.39536697,0.5156777031476664,2.03e-06,0.009762866990075303,0.1126064477,1513.8,2935.5544960735238,78767809548.72859,2965562.034273492,483312347.78411627,99899.33866750849,False,False
GrandErgOccidental,fft,high,22.46550237,0.5172926470791406,2.02e-06,0.009811198014778645,0.09101277372,2024.0,3912.678850991571,404452709942.7406,4962567.77037741,1416730031.7998652,124213.32571913673,False,False
GrandErgOccidental,fft,high,22.26454487,0.5126653818876787,2.07e-06,0.009574212555484475,0.08937804136000001,1604.3,3129.331639465936,133423635364.72955,3915382.846455573,722775631.3122387,123430.00050925436,False,False
GrandErgOccidental,fft,high,22.22052155,0.5116516970227267,2.08e-06,0.00952818268742926,0.09504257908,1909.8,3732.617347138731,298091187923.00037,4396532.6249120245,1144800258.9544835,115515.52644853969,False,False
GrandErgOccidental,fft,high,22.20574305,0.5113114059729673,2.08e-06,0.00952818268742926,0.100935219,1428.4,2793.6008923601416,67151278947.394516,3066711.05203337,453799040.66243964,108771.68213657082,False,False
GrandErgOccidental,fft,high,21.79822322,0.5019278182781091,2.19e-06,0.009049598168882586,0.07185218978,2145.0,4273.522849079257,730362005769.9392,6348181.424329213,2153246506.5720077,145123.51418662485,False,False
GrandErgOccidental,fft,high,21.85998777,0.5033500142761749,2.18e-06,0.009091110087088471,0.07493156934,2024.0,4021.0587912876954,520918572036.0699,5744393.423432105,1729844276.0397952,139797.88064222323,False,False
GrandErgOccidental,fft,high,21.61352701,0.4976749869902599,2.25e-06,0.008808275551045717,0.06097931873,1428.4,2870.146254764368,117419524235.27324,4826462.118940081,752808664.7651668,166439.66129358037,False,False
GrandErgOccidental,fft,high,21.74487511,0.5006994199728292,2.21e-06,0.0089677013528746,0.0646669708,2024.0,4042.345405772257,611130874175.6096,6601583.803561094,2008589475.4314127,159789.08802339766,False,False
GrandErgOrientalAlgeria,fft,high,22.81901903,0.525432752999148,8.33e-07,0.023791860732116286,0.012963807789999999,3039.6,5784.945804482289,47443025118928.76,126084642.3463485,77342335457.03777,2114678.378227969,True,False
GrandErgOrientalAlgeria,fft,high,20.42584675,0.47032735614451177,1.14e-06,0.017384754377063914,0.07618613139,2868.0,6097.880470977292,7650664510990.001,16541359.742805762,11249550833.157862,262930.6026265755,True,False
GrandErgOrientalAlgeria,fft,high,19.89545881,0.458114596467798,1.23e-06,0.016112699178742165,0.097361618,2145.0,4682.234568683465,1506328905084.767,9160305.851034233,3714624272.0940137,190690.48154821963,False,False
GrandErgOrientalAlgeria,fft,high,22.68330253,0.5223077328513205,8.48e-07,0.023371014138977436,0.03356903893,2868.0,5491.015774059775,13913465630050.08,45353073.75521774,25120080272.768803,802208.2971208016,True,False
GrandErgOrientalAlgeria,fft,low,25.00896724,0.5758586944207787,6.33e-07,0.031309036318882884,0.01467457421,1802.0,3129.2398941940473,2657063188528.572,77981753.43380459,14394528350.240368,2458400.8117052675,False,False
GrandErgOrientalAlgeria,fft,high,20.01583778,0.4608864532915793,1.21e-06,0.016379024785002368,0.08694495134,2024.0,4391.537190006144,1249643439727.2695,9764343.687542558,3493128688.207741,217066.1834764504,False,False
GrandErgOrientalAlgeria,fft,high,19.64180392,0.4522739165074029,1.27e-06,0.015605212590435328,0.10500304140000001,2145.0,4742.701097079274,1441160906449.3958,8334955.671714941,3465835003.4391766,171244.37311401853,False,False
GrandErgOrientalAlgeria,fft,high,19.33471096,0.44520276681480114,1.33e-06,0.014901218037483357,0.1379638078,1604.3,3603.5265716741806,269939219762.9875,4567891.051693322,1110429172.1926382,124452.92153638591,False,False
GrandErgOrientalAlgeria,fft,high,22.01108081,0.5068290959957632,9.24e-07,0.0214487229327412,0.06246198297,3039.6,5997.287890562245,10605610559504.793,24474066.958618246,16110941095.117598,395670.9545320428,True,False
GrandErgOrientalAlgeria,fft,high,23.86195394,0.5494474645973888,7.31e-07,0.027111655252876694,0.03615419708,3414.0,6213.51488536148,27584970216050.184,55409348.26468363,39095590820.09184,864063.8014648946,True,False
GrandErgOrientalAlgeria,fft,high,21.3230147,0.490985624812913,1.01e-06,0.01962239602955729,0.05839416058,1604.3,3267.5091060177338,518042208297.06354,12844573.009709353,2579540844.1392612,387196.22628007806,False,False
GrandErgOrientalAlgeria,fft,high,19.00979613,0.4377212491653043,1.39e-06,0.014257999992699904,0.1599376521,2024.0,4623.947326888034,762772143546.668,4871526.740873729,1927657877.965166,102720.3269373942,False,False
GrandErgOrientalAlgeria,fft,high,18.65159224,0.4294732146722236,1.47e-06,0.013482054414865895,0.17358576639999998,1700.3,3959.0361911107275,308843270305.8833,3619023.012953444,1057218474.4095199,89493.2878093545,False,False
GrandErgOrientalAlgeria,fft,low,21.04948424,0.4846872882175505,1.05e-06,0.018874876180812253,0.1014294404,3414.0,7043.7168108020105,12712274006136.635,15620452.388593016,14091538981.374813,214421.62400867988,True,False
GrandErgOrientalAlgeria,fft,high,20.982737,0.4831503603582859,1.06e-06,0.01869681131118195,0.09196319951,3414.0,7066.123261231364,14107976914887.977,17120963.74017263,15541626723.319202,234262.067431344,True,False
GrandErgOrientalAlgeria,fft,high,18.94568215,0.43624495498399685,1.4e-06,0.01415615713560919,0.1600517032,2273.3,5211.063128703445,1365237519541.8032,5461962.292708927,2730728080.993931,101913.93576900531,True,False
GrandErgOrientalAlgeria,fft,high,18.6146864,0.4286234175320638,1.47e-06,0.013482054414865895,0.1751064477,2273.3,5303.723284857489,1296458243308.2554,4841009.931796527,2505227980.047872,88716.09901342643,True,False
GrandErgOrientalAlgeria,fft,high,18.55872816,0.42733491814225516,1.49e-06,0.013301087241511992,0.18324209249999998,2145.0,5019.482164773515,931304620836.5476,4314195.747667969,2004452652.2211902,83639.30176581621,True,False
GrandErgOrientalAlgeria,fft,high,19.85642219,0.4572157357986599,1.23e-06,0.016112699178742165,0.1384200122,2273.3,4972.051095374096,1425106067496.429,6851584.559391137,3124777548.4909573,134127.52625616232,False,False
GrandErgOrientalAlgeria,fft,high,19.27297748,0.4437812862373069,1.34e-06,0.014790014917800645,0.1572384428,2273.3,5122.568414893411,1334189397475.1968,5707853.465688094,2759593733.9150324,108382.30348141343,True,False
GrandErgOrientalAlgeria,fft,high,19.1500684,0.4409511708766031,1.36e-06,0.014572514698421225,0.1543491484,4064.0,9216.43997887757,24313523441676.188,10408527.841732234,15908110688.365728,108787.44161715434,True,False
GrandErgOrientalAlgeria,fft,high,18.63712561,0.4291401047687029,1.47e-06,0.013482054414865895,0.1697080292,2706.2,6306.099033691065,3143648247396.19,5959062.909741318,4328186418.38957,91538.16130723516,True,False
GrandErgOrientalAlgeria,fft,high,18.56846561,0.42755913352828756,1.48e-06,0.013390959452603287,0.17392791970000002,2273.3,5316.925360102493,1312430274781.641,4853186.888839719,2523780775.361951,88713.74059799818,True,False
GrandErgOrientalAlgeria,fft,high,19.37973615,0.44623952082709706,1.32e-06,0.015014106052918837,0.1750684307,2145.0,4806.835566747383,888647547430.8423,4876390.266387075,2081680150.873449,98818.92827518712,False,False
GrandErgOrientalAlgeria,fft,high,19.23655123,0.44294253217895874,1.35e-06,0.014680459251742863,0.17134276159999998,2145.0,4842.61466029948,920891284736.0736,4908814.528906821,2126143108.5550442,98723.91710198828,False,False
GrandErgOrientalAlgeria,fft,high,19.14103732,0.4407432204287457,1.36e-06,0.014572514698421225,0.16411952549999997,2868.0,6507.190280113828,4102450523186.793,6876538.722302363,5311370809.783814,102311.09868900086,True,False
GrandErgOrientalAlgeria,fft,high,18.82217453,0.4334010575882475,1.43e-06,0.013859174818078926,0.1639294404,2706.2,6244.101052865967,3186263467567.3784,6278228.748996845,4472593308.580592,97415.69104954915,True,False
GrandErgOrientalAlgeria,fft,high,18.56166887,0.4274026311911395,1.49e-06,0.013301087241511992,0.1665906326,1802.0,4216.164965989936,433131557804.6841,3968914.623473578,1311130113.1691325,91999.4145625635,False,False
GrandErgOrientalAlgeria,fft,high,19.01842425,0.4379199210205162,1.39e-06,0.014257999992699904,0.1487986618,2273.3,5191.131736374007,1451336422229.7046,5894173.254840676,2924795432.7922626,110409.91709584858,True,False
GrandErgOrientalAlgeria,fft,high,17.87337089,0.41155382094913534,1.65e-06,0.01201128484233507,0.14263990270000002,3039.6,7385.668277820872,7268923668551.088,7417018.058695426,7342597504.76097,97027.96689635076,True,False
GrandErgOrientalAlgeria,fft,high,17.75819007,0.4089016571875935,1.68e-06,0.011796797613007658,0.1070939781,1008.0,2465.140412814604,42262792125.25168,3140501.121804728,364316272.0493732,126925.11823909223,False,False
GrandErgOrientalAlgeria,fft,high,17.52735276,0.4035863768449653,1.74e-06,0.011390011488421186,0.1228330292,2145.0,5314.847386000806,1577629121912.995,5842789.822512112,3036075654.065947,106845.81079610206,True,False
GrandErgOrientalAlgeria,fft,high,17.36608974,0.3998731202652605,1.79e-06,0.011071854742934562,0.12944799270000001,1132.2,2831.3981176052594,65016020554.93546,2817767.616124102,428018734.69388705,98553.84171563394,False,False
GrandErgOrientalAlgeria,fft,low,17.12592402,0.39434304312786383,1.86e-06,0.010655172037555305,0.1306265207,58.5,148.34799553198064,29580.57294574713,37672.182609225834,33382.10217613191,93989.1248693725,False,False
GrandErgOrientalAlgeria,fft,high,16.9674769,0.3906946257109305,1.91e-06,0.0103762408323837,0.1419555961,633.3,1620.9590773039447,3541450945.2905307,1336911.5966608357,68808479.4030822,84224.03127216062,False,False
GrandErgOrientalAlgeria,fft,high,16.62886961,0.3828978242648921,2.02e-06,0.009811198014778645,0.13617700729999999,846.8,2211.556050561876,16176472584.0057,1832896.1239944496,172191155.11293408,83016.94633205858,False,False
GrandErgOrientalAlgeria,fft,high,16.49445693,0.3798028259918487,2.07e-06,0.009574212555484475,0.1500912409,951.1,2504.1941104998846,26448463645.762253,1848803.4678157952,221128947.23822397,73501.50231572213,False,False
GrandErgOrientalAlgeria,fft,high,16.50745714,0.3801021699785857,2.07e-06,0.009574212555484475,0.14153740880000001,1347.7,3545.6256408005434,156069617387.21417,2813405.4854863314,662636489.8456327,77943.57537073235,False,False
GrandErgOrientalAlgeria,fft,high,16.82506031,0.3874153286974142,1.96e-06,0.010111540811149422,0.12165450119999999,1347.7,3478.695601775231,174551870408.6072,3389573.7990217176,769192073.8718317,95771.80128236747,False,False
GrandErgOrientalAlgeria,fft,high,16.53649203,0.38077072992700733,2.06e-06,0.009620689315462555,0.1456812652,753.9,1979.9315985882645,8588399967.933796,1494864.0783352319,113307063.33869785,76094.09996420109,False,False
GrandErgOrientalAlgeria,fft,high,16.54456742,0.3809566745722904,2.05e-06,0.0096676195072453,0.11800486619999999,1008.0,2645.970177925631,44578196056.64432,2515066.5153432107,334838958.6300717,94399.16040038939,False,False
GrandErgOrientalAlgeria,fft,high,16.3034861,0.3754055147482097,2.14e-06,0.00926103737843592,0.1581508516,1068.3,2845.7227132545595,45635309986.32904,1939315.104610554,297491589.7299834,67474.0224536173,False,False
Karakum,fft,high,25.78912448,0.5938226641184462,2.01e-06,0.009860009945200431,0.03436739659,1271.7,2141.548440034518,54959458655.273506,7055618.593304417,622714202.7977948,330582.0111970735,False,False
Karakum,fft,high,25.38042761,0.5844119737963113,2.1e-06,0.009437438090406126,0.05200729927,1513.8,2590.2960032910178,88901180999.91646,5448516.360463368,695973806.3623946,209092.43162147,False,False
Karakum,fft,high,27.23615998,0.627142231688503,1.73e-06,0.011455849705117262,0.05326186131,897.4,1430.9353678572422,5631436875.425998,3439115.238590083,139165945.45159268,247833.19000257688,False,False
Karakum,fft,high,28.26799728,0.6509014087360979,1.56e-06,0.012704243583239013,0.03896745742,671.2,1031.1853546350703,1694214182.9463384,3635125.5856595514,78477266.28785898,375660.2486401302,False,False
Karakum,fft,high,26.49016198,0.609964815676161,1.86e-06,0.010655172037555305,0.0334169708,1802.0,2954.2687605717692,298916733647.3627,10978763.54940924,1811556275.6028686,367402.31299851905,False,False
Karakum,fft,high,26.29447469,0.6054589028068802,1.9e-06,0.010430852626238352,0.04949817518,1513.8,2500.252276384229,86697477409.94878,6097586.556606242,727080031.871717,242817.01737870206,False,False
Karakum,fft,high,27.26765321,0.627867397591471,1.72e-06,0.011522453482472595,0.04991636253,711.4,1133.0417899208717,1909609604.8020911,2858449.0098570283,73881808.88459627,265980.9497007977,False,False
Karakum,physics_colI,,28.69738877,0.660788615211034,1.49e-06,0.013301087241511992,0.09743765206999999,502.0158696,759.7223348644902,157031339.15803695,1073431.5947844149,12983158.353172157,157292.79539491172,False,False
Karakum,physics_colI,,29.45579903,0.6782518370213452,1.39e-06,0.014257999992699904,0.05584701946,446.9509568,658.9749299653339,145518817.01295307,1696183.4677511773,15710716.459285991,294175.9125583819,False,False
Karakum,fft,high,30.49621533,0.702208554882682,1.26e-06,0.015729063484010212,0.018704379559999998,1513.8,2155.7698058134747,166440593464.8776,20825422.243419826,1861772176.543483,968964.9271308419,False,False
Karakum,physics_colI,,28.87548926,0.6648895728660572,1.47e-06,0.013482054414865895,0.08934002433,421.7266867,634.2807947522999,71235789.17961405,957476.6837946926,8258729.151097928,173883.5540794236,False,False
Karakum,fft,high,25.55982228,0.5885427313546248,2.06e-06,0.009620689315462555,0.22289385639999998,1347.7,2289.893202653364,11507739851.177622,1138999.187674165,114487144.87861477,49734.36655493251,False,False
Karakum,fft,high,25.43591258,0.5856895756291879,2.09e-06,0.009482593296580317,0.2105383212,951.1,1623.8977772111843,2201772186.733251,825382.1920190604,42629843.46455533,51897.26461193602,False,False
Karakum,fft,high,26.36785828,0.6071486398489488,1.89e-06,0.010486042322673474,0.1074741484,846.8,1394.7161278507904,2250916088.1276774,1517284.8024108738,58440403.59219176,112423.23881106156,False,False
Karakum,physics_colI,,27.04174543,0.6226656250431739,1.76e-06,0.011260579539689128,0.09827402676000001,3221.355423,5173.491667821939,1706608387139.091,7023844.514284692,3462217780.273094,132029.35150028698,True,False
Karakum,physics_colI,,27.27738182,0.6280914094268806,1.72e-06,0.011522453482472595,0.09804592457,633.3336976,1008.3463777635535,546797045.8115675,1277857.69529181,26433479.013424244,135414.1089450355,False,False
Karakum,fft,high,25.61201015,0.5897444138709157,2.05e-06,0.0096676195072453,0.1870437956,1199.9,2034.6102002462312,7689215342.166394,1204186.753138085,96225003.28429663,59555.89308218832,False,False
Karakum,physics_colI,,26.29638278,0.6055028386561974,1.9e-06,0.010430852626238352,0.09070863747,397.9259817,657.182685688351,64668636.85409269,761490.8652419876,7017447.985702704,132501.15532681363,False,False
Karakum,fft,high,26.87264077,0.6187718061663865,1.79e-06,0.011071854742934562,0.09633515815,897.4,1450.2923227221036,3215488975.9978037,1864619.5638456042,77431670.85873437,132429.2940184719,False,False
Karakum,fft,high,27.33903889,0.6295111305809482,1.71e-06,0.011589836251375945,0.09188716545,846.8,1345.1708140863616,2434109795.544616,1885815.0277564337,67751611.28450878,145335.244155582,False,False
Karakum,fft,high,27.53650316,0.6340579603490755,1.68e-06,0.011796797613007658,0.08367548662,951.1,1500.020596660248,4658501274.587153,2372163.275635308,105122431.68361318,162448.0045723247,False,False
Karakum,physics_colI,,26.76448892,0.6162814920905386,1.81e-06,0.010949513806548544,0.07755474453,3039.553957,4932.0870349185425,1660981797514.556,8241826.128860816,3699935564.0764437,162680.2994060313,False,False
Karakum,physics_colI,,26.85207215,0.6182981913007437,1.8e-06,0.011010344438807149,0.0810142944,473.6839381,766.1092087354942,162933693.49222815,1079202.474453766,13260408.93746132,156598.55508373227,False,False
Karakum,fft,low,27.08737186,0.6237162232609547,1.75e-06,0.011324925708487352,0.08572840633,633.3,1015.3656043912707,636050452.5312471,1447633.4403576779,30344157.672258217,152215.5812565163,False,False
Karakum,fft,high,28.03729267,0.6455891839554214,1.59e-06,0.0124645408741213,0.07531173966,897.4,1390.0480712854792,3755594778.10061,2564436.6639082623,98137581.70926987,190705.01130433154,False,False
Karakum,physics_colI,,27.53372733,0.6339940438416726,1.68e-06,0.011796797613007658,0.07318278589,711.3611955,1122.0313540952577,1270764854.5090837,1974618.839992956,50092676.340105295,185739.25094172516,False,False
Karakum,physics_colI,,28.27763769,0.6511233896704967,1.56e-06,0.012704243583239013,0.07086374696,3618.230411,5556.90437235102,3800057204102.8086,11821659.781622566,6702460997.097056,206572.8298495675,True,False
Karakum,fft,high,27.13569111,0.6248288265905271,1.74e-06,0.011390011488421186,0.07934154501,447.0,715.3959308169616,122739016.00893994,1051815.244284737,11362163.883112732,165413.9025873663,False,False
Karakum,fft,high,27.9057031,0.6425591908632481,1.61e-06,0.012309701857051469,0.05926855231,421.7,656.2819519139798,116012748.86224735,1373096.2814575783,12621278.622406833,239315.98834093558,False,False
LencoisMaranhensesBrazil,fft,high,37.56454334,0.8649645016003131,1.47e-06,0.013482054414865895,0.2263534063,297.6,344.0603625344112,1373308.5862530537,168634.18286040693,481234.6322304375,68630.5596455368,False,False
LutDesert,fft,high,17.74860163,0.4086808729190172,2.63e-06,0.00753559695431668,0.08519616788,1428.4,3495.147668148998,190128391728.69717,3624678.675079568,830153194.9141575,101916.87537373154,False,False
LutDesert,fft,high,17.46615879,0.40217731907250914,2.76e-06,0.007180659416613358,0.09260948905,1271.7,3162.0380854215286,101661652282.09535,2864773.43902089,539664341.2573451,89342.34334743608,False,False
LutDesert,fft,high,18.19035296,0.41885267816436017,2.45e-06,0.008089232648919538,0.1191833942,1132.2,2703.0983900160677,41037766619.254486,2130575.9840757945,295692543.0224626,78206.00037270584,False,False
LutDesert,fft,high,18.12028894,0.4172393778350871,2.48e-06,0.00799137902816648,0.1208561436,1347.7,3230.0402876467606,96296962439.9026,2497498.9367807475,490409585.25386953,76190.61803319844,False,False
LutDesert,fft,high,18.48123496,0.4255505528563862,2.34e-06,0.008469495722159345,0.07147201946,1199.9,2819.6415019226624,88246512588.3696,3887059.8814785825,585678648.0337542,136543.17548667634,False,False
LutDesert,fft,high,18.60722706,0.42845165810863706,2.29e-06,0.008654419209542736,0.1602417883,1271.7,2968.1294865652058,51814672006.37211,1868674.2751702871,311166747.3472922,62231.553729471656,False,False
Namib,fft,high,28.73726635,0.6617068398996062,1.01e-06,0.01962239602955729,0.07432329684,711.4,1075.098453127571,1685559178.3789892,3084101.294227538,72100175.05898128,304211.4595917715,False,False
Namib,fft,high,26.59035664,0.6122719067903934,1.26e-06,0.015729063484010212,0.1062956204,297.6,486.0585578065418,18777077.838327385,673336.0856154673,3555739.598305295,170504.55803523402,False,False
Namib,fft,high,26.47971093,0.6097241688733335,1.28e-06,0.015483296867072551,0.1189172749,1700.3,2788.6380215858344,91810827872.74225,4222017.668295194,622596930.139819,150026.15932684307,False,False
Namib,fft,high,22.36232167,0.5149167991434295,2.04e-06,0.009715009798947483,0.2058622263,421.7,818.9672597621659,78642671.09008989,404939.5336770631,5643184.0797850685,54376.97911531974,False,False
Namib,fft,high,21.64913198,0.4984948301825969,2.24e-06,0.008847598209755742,0.2462743309,235.9,473.22456666920834,3994715.8176496257,157892.7586424231,794189.3353862304,41395.65352800615,False,False
Namib,fft,low,24.96838309,0.5749242001888138,1.5e-06,0.013212413326568577,0.046114659370000005,447.0,777.4937980575498,369432406.2846733,2314622.5904082013,29242034.69691132,330135.0577232231,False,False
Namib,fft,low,22.42094366,0.5162666342766353,2.03e-06,0.009762866990075303,0.1579987835,473.7,917.5491278140076,180452056.40197888,603955.5304352707,10439588.949876932,71198.71055796694,False,False
Namib,fft,high,21.87145392,0.503614034861498,2.17e-06,0.00913300460361883,0.18936283450000002,157.1,311.9452380694772,685594.418921681,117799.15523820241,284187.33853745187,55573.45911880221,False,False
RegistanDesert,fft,high,18.96120323,0.43660234474659787,1.73e-06,0.011455849705117262,0.20757299270000001,62.0,142.00565055596422,16131.370500245368,21251.06483187078,18515.096551939503,63592.36248527686,False,False
RegistanDesert,fft,low,19.56868307,0.450590229339842,1.59e-06,0.0124645408741213,0.1578086983,43.8,97.20583614112363,3555.136476499728,-12425.493320748978,,91010.99190303108,False,True
RegistanDesert,fft,low,21.4127269,0.4930513458748762,1.24e-06,0.01598275805633296,0.07873327251000001,46.4,94.10784574102983,7787.075732331164,-39548.27650734173,,233906.30112125588,False,True
RegistanDesert,fft,low,19.15347109,0.4410295215178797,1.69e-06,0.011726994076836014,0.1094890511,58.5,132.64418172883776,22358.576102784853,29103.13293529325,25508.912414354683,123414.02398366293,False,False
RegistanDesert,fft,high,19.61670164,0.45169590918510666,1.58e-06,0.0125434303733246,0.07766879562,1700.3,3764.258133458567,500635263911.5858,7144390.063039979,1891225424.0828435,186087.9500748785,False,False
RegistanDesert,fft,high,20.42240307,0.4702480616638652,1.41e-06,0.014055758858051678,0.05919251825,1802.0,3832.020048363486,803866369874.9631,10699483.286806222,2932738445.429929,273612.52888706594,False,False
RegistanDesert,fft,high,20.96931334,0.4828412659743489,1.31e-06,0.015128717549506005,0.0514370438,846.8,1753.7854770784784,21020699155.46305,5852458.756099551,350746026.1096684,338902.3755579468,False,False
RegistanDesert,fft,high,18.98983391,0.43726159731976333,1.73e-06,0.011455849705117262,0.1178527981,799.0,1827.281437239279,8507643940.971684,2020683.3131077592,131115422.98823513,112004.61259079879,False,False
RegistanDesert,fft,high,19.04654363,0.43856740035460173,1.71e-06,0.011589836251375945,0.1063716545,1008.0,2298.392445915921,29585225073.534386,2886402.239570179,292223989.27952075,125545.13406990498,False,False
RegistanDesert,fft,high,20.15824201,0.46416546570264106,1.46e-06,0.01357439725332388,0.03801703163,1132.2,2439.2163649790414,130028748866.56487,10067806.114068963,1144160929.6089163,411425.16271507327,False,False
RegistanDesert,fft,high,19.79413485,0.4557815019917566,1.54e-06,0.012869233759644718,0.029691301700000002,502.0,1101.4049447076493,3117888978.3739533,5201239.644888756,127345544.73039214,499426.92321308557,False,False
RegistanDesert,fft,high,21.40616859,0.4929003336480232,1.24e-06,0.01598275805633296,0.01486465937,1199.9,2434.3663781263344,387728157500.4323,30254078.583084352,3424961042.974443,1238925.7022030207,False,False
RegistanDesert,fft,high,18.37230373,0.4230422927076377,1.89e-06,0.010486042322673474,0.173091545,1700.3,4019.219896709165,259521280530.98047,2866972.884586374,862577807.6529993,69804.63344751281,False,False
RegistanDesert,physics_colI,,18.17262411,0.41844445209422276,1.95e-06,0.010163394866591215,0.18658759119999999,375.4685011,897.2959235589395,142478090.9135357,519043.3805454651,8599552.893111693,62763.12223819905,False,False
RegistanDesert,physics_colI,,18.69366922,0.430442082939971,1.8e-06,0.011010344438807149,0.17001216549999998,315.4184887,732.7780001101518,62336272.23228348,488129.02114232816,5516171.094736477,74622.43308799043,False,False
RegistanDesert,fft,high,20.57716677,0.473811664325681,1.38e-06,0.014361318833226716,0.06595954988,2024.0,4271.739495650693,1260000758710.3066,10969595.518066777,3717754520.609089,250879.47940786407,False,False
RegistanDesert,fft,high,18.27544327,0.4208119751778765,1.92e-06,0.010322197911381701,0.1560979319,1428.4,3394.390094046677,123032731258.8129,2629197.871097807,568750731.9564692,76194.4838675188,False,False
RegistanDesert,fft,high,20.41931863,0.47017703907527225,1.41e-06,0.014055758858051678,0.07143400243,1604.3,3412.1189821503854,375631369629.41077,7865669.226621465,1718892697.2466109,226724.1657843125,False,False
RegistanDesert,fft,high,20.32450093,0.46799375831817447,1.43e-06,0.013859174818078926,0.07979774939,1271.7,2717.343933325304,107772058626.1872,5481907.346535381,768632838.1835747,200122.18191623708,False,False
RegistanDesert,fft,high,22.08945421,0.5086337288447811,1.14e-06,0.017384754377063914,0.03919555961,2024.0,3979.2878160025853,1808693948634.0925,20775918.323232375,6130030811.386396,511069.76498045615,False,False
RegistanDesert,fft,high,20.80120651,0.47897042321950767,1.34e-06,0.014790014917800645,0.0670620438,2409.3,5030.164459436445,2859425512909.705,13136320.786828857,6128811532.721864,254120.86570636946,True,False
RegistanDesert,physics_colI,,20.89617171,0.48115710032466785,1.32e-06,0.015014106052918837,0.04626672749,3414.030779,7095.459625757019,22983868618123.652,27443102.13991118,25114709913.862564,373920.43127173994,True,False
RegistanDesert,physics_colI,,21.51762927,0.4954668371364756,1.22e-06,0.016244770483485955,0.0364203163,2868.012698,5788.505875742417,11565520665061.92,30662573.508295745,18831585901.197346,513947.0358237845,True,False
RubAlKhali,fft,high,20.33280737,0.468185023141219,9.8e-07,0.020223081622298845,0.028740875909999998,2024.0,4323.077202299783,4319263999429.0767,35887738.21024331,12450245606.912308,810766.5716602674,False,False
RubAlKhali,fft,high,20.42589565,0.47032848212024225,9.68e-07,0.020473780981252958,0.03147810219,1604.3,3411.02029961658,1239686045859.796,25991500.148120657,5676380893.191364,749441.9710408647,False,False
RubAlKhali,fft,high,20.43265091,0.4704840293352368,9.67e-07,0.020494953453829227,0.03630626521,1347.7,2864.4968074776357,454437155204.8883,18823312.483281553,2924724359.0525126,650449.9125687822,False,False
RubAlKhali,fft,high,20.24880186,0.4662507048285708,9.92e-07,0.019978447570416197,0.032010340629999995,1513.8,3246.7511240687304,932379112031.2528,23699750.065645613,4700760781.14695,719150.7566591756,False,False
RubAlKhali,fft,high,20.49398173,0.4718962382279122,9.59e-07,0.020665922825706846,0.02661192214,2024.0,4289.078479626419,4584753658469.612,39287849.18316664,13421069639.783768,894802.2308752852,False,False
RubAlKhali,fft,high,21.17935366,0.4876776729834903,8.73e-07,0.02270174111094257,0.020453163019999998,2409.3,4940.353297825804,13166392829321.338,64905209.188294336,29232986177.302517,1278931.2107422152,False,False
RubAlKhali,fft,high,21.23612235,0.488984833866771,8.67e-07,0.02285884658575878,0.03045164234,1700.3,3477.2039585654397,1573111771606.4019,30598995.68054754,6937985320.278703,864952.1683216129,False,False
RubAlKhali,fft,high,20.3219297,0.46793455294849057,9.82e-07,0.020181894083353222,0.05155109489,1604.3,3428.4709045125774,765217420884.8549,15727359.737986367,3469128082.966992,451099.68936976907,False,False
RubAlKhali,fft,high,20.98806971,0.4832731518110019,8.96e-07,0.022118995524389357,0.012127433089999999,1428.4,2955.678366669576,1713862258160.2957,62830679.18656105,10377048217.697777,2101575.5764474683,False,False
RubAlKhali,fft,high,21.34030256,0.49138369660825715,8.55e-07,0.02317967250275189,0.012127433089999999,1909.8,3886.5758330654144,6938054645713.183,87384332.03959186,24622698285.724773,2202352.884791733,False,False
RubAlKhali,fft,high,21.53067891,0.49576731930277,8.33e-07,0.023791860732116286,0.01429440389,2553.4,5150.399997303198,24248502953026.715,101561728.23588124,49625798402.06365,1917833.317428133,True,False
RubAlKhali,fft,high,19.78511483,0.4555738062124387,1.06e-06,0.01869681131118195,0.01585310219,1271.7,2791.4247541417985,835737266609.4845,38283043.69025534,5656373952.558783,1358944.7028483301,False,False
RubAlKhali,fft,high,19.8651143,0.45741588109327863,1.05e-06,0.018874876180812253,0.014598540149999999,2024.0,4424.857298706809,8902664542278.775,67536871.96553667,24520565151.399036,1489783.5748911926,False,False
RubAlKhali,fft,high,19.86701355,0.45745961339197305,1.05e-06,0.018874876180812253,0.00977037713,1802.0,3939.1455491306097,7493282432839.049,89551306.60854924,25904309152.101032,2225980.1278376654,False,False
RubAlKhali,fft,high,21.39766553,0.49270454143544634,8.48e-07,0.023371014138977436,0.02984336983,1700.3,3450.952562861188,1580887578658.345,31673347.104640543,7076157220.713831,902356.59409168,False,False
RubAlKhali,fft,high,19.55506508,0.45027666029611546,1.09e-06,0.018182220174176943,0.01794403893,1428.4,3172.2719073661096,1349899798506.7751,37563153.71533831,7120849221.238588,1167549.2488387947,False,False
RubAlKhali,fft,low,19.85601098,0.4572062672407838,1.05e-06,0.018874876180812253,0.01448448905,1199.9,2624.417218165741,681006687942.7028,39664654.93675425,5197296921.176352,1501514.154747461,False,False
RubAlKhali,fft,high,21.94249931,0.5052499323032996,7.89e-07,0.02511865651438893,0.01836222628,1132.2,2240.8711562584526,327766347462.97833,35286408.02190804,3400837701.571355,1576229.935619308,False,False
RubAlKhali,fft,high,20.38245714,0.46932826314214,9.74e-07,0.020347659127159003,0.050866788319999995,799.0,1702.4331640517805,24688649618.918247,7710929.884258188,436316910.2252355,460923.27079178795,False,False
RubAlKhali,physics_colI,,19.84458059,0.45694307006838747,1.05e-06,0.018874876180812253,0.05926855231,473.6839381,1036.636660293605,1698570469.581678,3571868.625496063,77891402.40419933,366951.18212276784,False,False
RubAlKhali,fft,high,20.67490241,0.4760621338276267,9.35e-07,0.021196385015885416,0.01589111922,1132.2,2378.2609864323904,428702004916.85077,36625367.79158461,3962495249.595812,1536936.1042260285,False,False
RubAlKhali,fft,high,21.73859052,0.5005547104469363,8.1e-07,0.024467432086238108,0.01482664234,1199.9,2397.140562174774,551497288536.4427,45689921.33375268,5019747775.437325,1901490.1468496316,False,False
RubAlKhali,fft,high,20.20983306,0.46535340578875867,9.97e-07,0.019878254754115213,0.024406934310000003,2273.3,4885.104464093975,9139570248217.373,47081431.52050261,20743771372.830673,938455.1434316717,False,False
RubAlKhali,fft,high,20.12112132,0.4633107214073545,1.01e-06,0.01962239602955729,0.019236618,2553.4,5511.204213543304,20758060763324.46,66698763.76681238,37209366980.776695,1175362.4578586991,True,False
RubAlKhali,physics_colI,,21.44472568,0.49378815261691494,8.43e-07,0.023509632253680742,0.0237986618,473.6839381,959.2857495458949,3593231822.6747804,10154646.352141982,191018319.59402466,1138260.8468416813,False,False
RubAlKhali,physics_colI,,21.09089213,0.48564074995970435,8.84e-07,0.022419253382186498,0.02957725061,563.8648481,1161.073999961466,7074482973.000823,9643483.551512994,261194678.7084151,873397.2965927144,False,False
RubAlKhali,physics_colI,,20.7052288,0.47676043196942136,9.31e-07,0.021287454339261942,0.0320863747,597.5906703,1253.4401561628097,9034827180.179096,9182490.799550703,288031625.7939832,764454.3876836841,False,False
RubAlKhali,physics_colI,,19.76680264,0.4551521481038016,1.06e-06,0.01869681131118195,0.015206812649999998,473.6839381,1040.715593836925,6686074093.203559,13850739.394258441,304314097.3331096,1416699.8529316243,False,False
RubAlKhali,physics_colI,,21.29158033,0.49026181422551746,8.6e-07,0.02304490696494519,0.01516879562,532.0423875,1085.2209412647908,10158493015.213823,17933198.49372256,426818780.7945237,1750541.2880417875,False,False
RubAlKhali,physics_colI,,21.12740557,0.48648151166271386,8.8e-07,0.022521159079378256,0.02311435523,532.0423875,1093.6538691502717,6768731924.247152,11600665.40789306,280217405.39965636,1122683.7948397014,False,False
RubAlKhali,physics_colI,,21.00796215,0.48373119689608324,8.94e-07,0.022168478735853318,0.04052615572,473.6839381,979.2296654411527,2202428627.11793,5755128.663993611,112584457.72985938,630302.4305544759,False,False
RubAlKhali,fft,high,19.57052133,0.4506325572773952,1.09e-06,0.018182220174176943,0.04755930657,421.7,935.7956791843932,1230437111.8253145,3821191.1451624115,68569201.51486456,440514.1850211713,False,False
RubAlKhali,fft,high,19.54905913,0.45013836675953856,1.09e-06,0.018182220174176943,0.041590632599999997,1513.8,3362.965949553604,776890474455.6676,17215678.913057912,3657143278.413083,503732.3999216013,False,False
RubAlKhali,fft,high,19.55245868,0.45021664509889703,1.09e-06,0.018182220174176943,0.03550790754,2145.0,4764.372937674967,5078546325807.381,28852556.581776295,12104918224.36358,590024.8881254011,False,False
RubAlKhali,fft,high,19.3340432,0.4451873909139054,1.13e-06,0.01753860176093174,0.026041666669999998,1513.8,3400.3658479463834,1263986045972.3357,26826495.00536423,5823084693.624759,776023.1735474826,False,False
RubAlKhali,physics_colI,,19.23089673,0.44281233116120566,1.14e-06,0.017384754377063914,0.02208789538,421.7266867,952.3824361306473,2762640331.7151823,8024913.4109592065,148895767.05748877,906906.9322149315,False,False
RubAlKhali,physics_colI,,19.28658092,0.44409452025144486,1.14e-06,0.017384754377063914,0.015625,4307.076464,9698.558004186467,368523446621409.4,129155446.99826555,218166932594.58362,1282026.5880422501,True,False
RubAlKhali,physics_colI,,19.53423017,0.4497969138133505,1.1e-06,0.018016927263502607,0.012127433089999999,532.0423875,1182.8502400991981,15197589228.619396,19292562.907851648,541479866.8841052,1711828.8331790292,False,False
RubAlKhali,fft,high,20.19066107,0.4649119498491791,1e-06,0.019818619989852865,0.01817214112,1909.8,4107.874621462308,5203236860401.71,52783077.18928179,16572352061.08957,1256654.262626736,False,False
RubAlKhali,fft,high,20.28252492,0.4670272149945888,9.87e-07,0.020079655511502394,0.02539537713,2273.3,4867.596420534806,8716977784382.085,45539775.49357944,19924086209.49226,911066.5258185292,False,False
RubAlKhali,physics_colI,,19.32286552,0.4449300126643487,1.13e-06,0.01753860176093174,0.05261557178,2409.32123,5415.056663793933,6218950440044.364,21407910.436773065,11538402577.098799,384086.6140962633,True,False
RubAlKhali,physics_colI,,19.47172764,0.4483577250224504,1.11e-06,0.01785461260347105,0.04717913625,1513.785733,3376.2900659829174,685780402036.3695,14964029.489882436,3203441611.7132,436062.7056065207,False,False
RubAlKhali,fft,high,19.45959696,0.44807840291049755,1.11e-06,0.01785461260347105,0.04303527981,1802.0,4021.617619361013,1782548853528.0273,19646262.432839528,5917805554.068912,478051.07558689953,False,False
RubAlKhali,fft,high,19.09121388,0.43959598148702483,1.17e-06,0.01693899144431869,0.03254257908,1909.8,4344.443717478272,3273908392370.762,26682798.97391333,9346498782.572906,599769.088462421,False,False
RubAlKhali,fft,high,19.07392088,0.43919779133758546,1.17e-06,0.01693899144431869,0.02798053528,2553.4,5813.7815133896065,16038604452099.527,41802199.6901423,25893028908.52806,697557.526891882,True,False
RubAlKhali,physics_colI,,19.27606761,0.4438524398443436,1.14e-06,0.017384754377063914,0.0230763382,397.9259817,896.5276429246402,1962264428.182529,7171750.29337792,118629130.01663254,868060.8363661509,False,False
RubAlKhali,physics_colI,,19.53125688,0.4497284505745009,1.1e-06,0.018016927263502607,0.01919860097,563.8648481,1253.7895865376024,12797508272.663015,12992756.154953057,407768199.3212627,1081333.4611387283,False,False
RubAlKhali,physics_colI,,19.9982274,0.4604809551221534,1.03e-06,0.01924137863092511,0.02550942822,633.3336976,1375.3743570827883,16242461000.936522,11553293.20105929,433190390.3026827,869128.4384295845,False,False
RubAlKhali,physics_colI,,20.06107552,0.4619281014989983,1.02e-06,0.019430019597894966,0.03539385645,532.0423875,1151.786145448771,4924478886.066766,6922460.729576926,184633452.28432444,632548.5325941829,False,False
RubAlKhali,physics_colI,,19.09213945,0.43961729374381175,1.17e-06,0.01693899144431869,0.05561891727,2553.427285,5808.2958094183105,8031126572177.826,21009451.69996542,12989594520.78774,350924.3607939773,True,False
RubAlKhali,physics_colI,,19.24020513,0.443026667203942,1.14e-06,0.017384754377063914,0.04934610706,1347.742218,3042.1243635421683,381672331399.5664,12505134.796909248,2184688525.2598815,405942.1630525713,False,False
RubAlKhali,fft,high,19.23520957,0.44291163899698355,1.14e-06,0.017384754377063914,0.04451794404,2145.0,4842.952433712424,4198725230599.8037,22375214.120861273,9692645462.892637,449968.34130887594,False,False
RubAlKhali,fft,high,19.31808682,0.444819977894955,1.13e-06,0.01753860176093174,0.029995437960000003,1347.7,3029.7649992650777,620852052202.5907,20667020.047152378,3582061111.872135,673733.6804572898,False,False
RubAlKhali,fft,high,19.35418289,0.4456511291993829,1.12e-06,0.017695196419511484,0.03820711679,1428.4,3205.1977576409067,649262504428.5504,17353673.141628042,3356648519.7243834,533653.8179947777,False,False
RubAlKhali,fft,high,19.006126,0.43763674042690365,1.18e-06,0.016795440669366835,0.046418795619999995,1802.0,4117.570198156111,1746454547056.1243,17554034.671870463,5536905604.384911,416913.5729028605,False,False
RubAlKhali,fft,high,19.01788571,0.4379075205507841,1.18e-06,0.016795440669366835,0.04303527981,1909.8,4361.194796558696,2501767948715.8784,20085252.607015453,7088627597.362786,449692.11347581225,False,False
RubAlKhali,fft,high,19.2225895,0.4426210481475512,1.15e-06,0.01723358259987206,0.04455596107,2409.3,5443.256731877877,7403558214648.967,24972723.609389532,13597316390.393145,445674.9796474703,True,False
RubAlKhali,physics_colI,,18.06742214,0.4160220622164913,1.36e-06,0.014572514698421225,0.06702402676000001,1068.296199,2567.883523552353,102045414670.52356,6469189.8467240445,812496867.988607,250525.81562054882,False,False
RubAlKhali,physics_colI,,18.25924329,0.4204389530037532,1.32e-06,0.015014106052918837,0.05885036496,421.7266867,1003.0628315645988,1156643280.5869098,2757750.778028372,56477729.30049365,293967.1607534049,False,False
RubAlKhali,fft,high,18.4247891,0.4242508254852748,1.29e-06,0.015363271309963466,0.05265358881,1802.0,4247.487315879236,1641743107602.3955,14614748.864129853,4898332697.666127,336205.04157840495,False,False
RubAlKhali,fft,high,18.71322217,0.43089231089824775,1.23e-06,0.016112699178742165,0.05075273723,2553.4,5925.842572305654,9242061760214.63,22352519.82997186,14373008340.810986,365811.4780410201,True,False
RubAlKhali,fft,high,18.83336343,0.4336586941905178,1.21e-06,0.016379024785002368,0.050600669099999995,1428.4,3293.8345734456,519177160916.3683,12475987.918871239,2545043808.5318847,372975.4783009281,False,False
RubAlKhali,fft,high,19.06732115,0.43904582537014436,1.17e-06,0.01693899144431869,0.05170316302,1513.8,3447.9316566186853,658513113308.4464,13238592.266826946,2952589813.9513617,377501.7204165598,False,False
RubAlKhali,fft,high,18.52610945,0.42658383683713647,1.27e-06,0.015605212590435328,0.06462895377,2024.0,4744.671094448274,2346267041940.5635,13547610.26326015,5637935034.899126,278221.74042302056,False,False
RubAlKhali,physics_colI,,17.79053962,0.4096465407907159,1.42e-06,0.013956774640741455,0.0743993309,1700.286015,4150.617290013095,941914363877.0664,9176186.036735864,2939928814.37794,216154.62642708386,False,False
RubAlKhali,physics_colI,,18.04594153,0.41552744778834416,1.37e-06,0.014466145977994792,0.06595954988,375.4685011,903.5949444457666,593830845.5625359,2106611.9403575156,35369070.525172666,252710.71648383382,False,False
RubAlKhali,fft,high,18.30866683,0.42157698381265973,1.31e-06,0.015128717549506005,0.05139902676,2145.0,5088.0386794389005,4037908640958.447,17738136.38234785,8463153914.043025,339153.043050696,True,False
RubAlKhali,fft,high,18.47172836,0.4253316530428976,1.28e-06,0.015483296867072551,0.05155109489,1604.3,3771.8801046725657,940401414196.063,13314531.826787112,3538503152.3610506,346078.0429383698,False,False
RubAlKhali,fft,high,18.64422122,0.4293034889129383,1.25e-06,0.015854895991882292,0.05364203163,2024.0,4714.613443103097,2783364254586.3003,16476025.119211301,6771911057.779681,340570.22682535683,False,False
RubAlKhali,fft,high,18.00025756,0.41447552464942783,1.37e-06,0.014466145977994792,0.05322384428,2145.0,5175.215115088608,4054828303308.9995,16666611.106970394,8220720554.5978565,313180.78080634977,True,False
RubAlKhali,fft,high,18.15098377,0.4179461597089502,1.34e-06,0.014790014917800645,0.053718065690000004,2145.0,5132.240003099292,3941842245733.4814,16739726.82694336,8123137471.967554,317246.4311138986,True,False
RubAlKhali,fft,high,17.26171957,0.3974698834879919,1.54e-06,0.012869233759644718,0.07603406326,1513.8,3808.5904439241217,555896934007.9937,7578394.353796098,2052512164.6359959,195026.21349480748,False,False
RubAlKhali,fft,high,17.49927099,0.40293976352207045,1.49e-06,0.013301087241511992,0.07010340633,2145.0,5323.3763311188095,3253726966881.302,11974858.452849828,6242028506.232888,218623.33762586946,True,False
RubAlKhali,fft,high,17.86818759,0.411434469824311,1.4e-06,0.01415615713560919,0.060599148420000006,1428.4,3471.7557831504723,485773198405.49243,9506904.44363507,2148999622.7361226,269170.432669996,False,False
RubAlKhali,fft,high,17.97530841,0.41390104331207256,1.38e-06,0.014361318833226716,0.05839416058,1802.0,4353.697650965645,1563208845206.5647,12634813.128120672,4444193024.54453,283382.74532092677,False,False
RubAlKhali,fft,high,18.11234634,0.4170564908241037,1.35e-06,0.014680459251742863,0.05387013382,2024.0,4853.059584327715,2960360393679.8687,15647746.705613185,6806097971.4982,314007.54727555526,False,False
RubAlKhali,fft,high,17.169878,0.3953551313638352,1.57e-06,0.012623324834301187,0.08128041362999999,1199.9,3034.992857840924,166315152239.30054,5499243.1077518985,956351114.7411714,178951.9157515544,False,False
Taklamakan,fft,low,11.55343545,0.2660304278247254,1.75e-06,0.011324925708487352,0.03991788321,166.5,625.8682563548663,125381938.49119662,1771161.686415466,14902069.84361931,326901.0816797709,False,False
Taklamakan,physics_colI,,11.45190436,0.263692563954961,1.79e-06,0.011071854742934562,0.049802311440000004,633.3336976,2401.7882343780243,75010276341.34322,6167759.289592849,680180364.8439481,256164.7564959354,False,False
Taklamakan,fft,high,11.47015286,0.2641127555320178,1.79e-06,0.011071854742934562,0.058774330900000005,1132.2,4286.805450646802,1109261172274.03,9525243.55841212,3250535776.7297196,217060.69278216723,False,False
Taklamakan,fft,high,12.17126233,0.2802565642773262,1.51e-06,0.01312491390056481,0.06447688564,1347.7,4808.807970208297,2113536386686.9692,11579280.507171474,4947042619.945987,234552.95576883035,False,False
Taklamakan,fft,high,12.41173501,0.2857937095028667,1.42e-06,0.013956774640741455,0.06291818735,1199.9,4198.482892038477,1178645509384.8684,10979176.225879757,3597298535.759617,255597.94797735056,False,False
Taklamakan,fft,high,12.39328845,0.28536895737871004,1.43e-06,0.013859174818078926,0.05394616788000001,1008.0,3532.2692743425982,581799184631.532,10643525.940097665,2488452272.7095613,296022.87516426784,False,False
Taklamakan,physics_colI,,12.05401743,0.2775568728269129,1.55e-06,0.012786206445066364,0.041248479319999996,502.0158696,1808.6955098138098,25795304082.101933,6374089.037242425,405489290.8105721,357175.9997281947,False,False
Taklamakan,physics_colI,,12.20986415,0.28114541320315917,1.49e-06,0.013301087241511992,0.043605535279999996,397.9259817,1415.3742619035856,7566845333.139684,4819855.003985406,190974075.05553448,351474.65963653935,False,False
Taklamakan,physics_colI,,12.26343263,0.28237888576757464,1.47e-06,0.013482054414865895,0.04592457421,563.8648481,1996.837853394307,39815011360.48494,6705318.843723441,516693667.4070261,338266.8477448814,False,False
Taklamakan,fft,high,11.7175876,0.26981020976766673,1.68e-06,0.011796797613007658,0.053908150849999996,1909.8,7078.308866237962,15314909973956.62,18460547.3521557,16814327841.701784,252149.54730796994,True,False
Taklamakan,fft,high,11.62493596,0.26767680489995166,1.72e-06,0.011522453482472595,0.05193126521,1008.0,3765.7353253927085,689142105910.9045,9819446.261922767,2601344628.422081,255661.0446067488,False,False
Taklamakan,fft,high,11.7986441,0.27167662391489555,1.65e-06,0.01201128484233507,0.049992396589999995,1132.2,4167.454614551854,1230719317075.169,11801513.969916634,3811082682.5862575,276843.29420691804,False,False
Taklamakan,physics_colI,,12.13589872,0.2794422786617237,1.52e-06,0.013038565782797938,0.05196928224,446.9509568,1599.439279340591,11379620493.463663,4523426.508934834,226880755.0272866,289089.02395916794,False,False
Taklamakan,physics_colI,,12.19487756,0.28080033065463167,1.5e-06,0.013212413326568577,0.05942062044,315.4184887,1123.2838934507763,1762570819.6972554,2727158.2057588045,69331158.03279498,256208.46130972716,False,False
Taklamakan,fft,high,12.37590995,0.28496879849869905,1.44e-06,0.013762930548508934,0.06527524331000001,711.4,2496.4136556278027,86088406044.02037,6091043.4624485215,724132738.4030113,242946.65176346665,False,False
Taklamakan,fft,high,13.02548342,0.29992593474406504,1.24e-06,0.01598275805633296,0.08443582725000001,1428.4,4762.5091215232615,1873716189304.5117,10661381.369958784,4469496937.379115,218108.9372578624,False,False
Taklamakan,fft,high,12.97839236,0.2988416118261991,1.26e-06,0.015729063484010212,0.08914993917,1700.3,5689.636023609937,4201914933444.217,11917689.573094385,7076518762.028243,203296.6925846418,True,False
Taklamakan,fft,high,13.0339541,0.30012098137189436,1.24e-06,0.01598275805633296,0.08979622871,1271.7,4237.291222316027,989671800389.1368,8893191.594442664,2966705401.0261297,205088.88638811032,False,False
Taklamakan,fft,high,12.94559669,0.2980864558244491,1.27e-06,0.015605212590435328,0.08439781022,753.9,2529.132019483607,80506816900.04437,5414796.342165261,660248451.4709055,213052.68410088777,False,False
Taklamakan,fft,high,12.86089344,0.2961360712887702,1.29e-06,0.015363271309963466,0.08424574208999999,1199.9,4051.853577911303,813031721780.703,8702301.888362011,2659933737.473629,210128.1510014685,False,False
Taklamakan,fft,high,12.82567783,0.29532519353427433,1.3e-06,0.01524509229988682,0.07888534063,1068.3,3617.3683227469623,492222338735.363,8205599.489381076,2009721217.330616,222680.5329309138,False,False
Taklamakan,fft,high,13.2609599,0.30534803702595037,1.18e-06,0.016795440669366835,0.09861618005,1513.8,4957.621521802505,2055374285826.9182,9994796.742967388,4532443956.361932,196241.89379440327,False,False
Taklamakan,fft,high,13.27829736,0.305747250915287,1.18e-06,0.016795440669366835,0.108196472,2145.0,7015.5986475061145,10396979213079.678,12977379.69067542,11615745644.778673,178865.59121615213,True,False
Taklamakan,fft,high,13.20374546,0.30403061226369477,1.2e-06,0.016515516658210723,0.1134428224,2145.0,7055.210605370153,10025668628564.734,12240749.411705174,11077982549.501276,167750.42936742163,True,False
Taklamakan,physics_colI,,12.73517589,0.29324128784913306,1.33e-06,0.014901218037483357,0.04356751825,597.5906703,2037.8803908658622,51287005175.75461,7982040.553071906,639824159.5614235,394100.91822236,False,False
Taklamakan,fft,high,12.60344026,0.2902079315664648,1.36e-06,0.014572514698421225,0.04200881995,671.2,2312.8244509963665,97148365921.62811,9250270.410310041,947970808.9887626,399707.7040061558,False,False
Taklamakan,fft,high,12.23369396,0.28169412051854753,1.48e-06,0.013390959452603287,0.04786344282,799.0,2836.4099276519746,214532992920.99048,9233939.152933331,1407474547.8796778,322371.2178215445,False,False
Taklamakan,physics_colI,,12.57850444,0.28963375716687007,1.37e-06,0.014466145977994792,0.05044860097,597.5906703,2063.2631919203504,45707435746.90278,6780160.337367963,556689988.2106241,330409.2638572525,False,False
Taklamakan,physics_colI,,12.83618267,0.29556707891040546,1.3e-06,0.01524509229988682,0.05079075426,597.5906703,2021.844491284316,43287173681.900085,6946602.977507979,548360109.4049349,345854.8696088032,False,False
Taklamakan,fft,high,13.02491611,0.29991287181376497,1.25e-06,0.015854895991882292,0.05630322384,597.6,1992.5786992266474,37791049786.62881,6417370.1111141145,492462337.0049096,324473.0520496971,False,False
Taklamakan,physics_colI,,13.32810789,0.3068941925902047,1.17e-06,0.01693899144431869,0.07014142336,753.9090529,2456.576471965677,91077729122.69987,6860102.770018195,790444546.9744227,278266.85082867206,False,False
Taklamakan,physics_colI,,13.38929736,0.3083031467452624,1.15e-06,0.01723358259987206,0.07869525547,473.6839381,1536.4226512140813,8145290201.852021,3781240.516562329,175497297.21679765,252333.8532221392,False,False
Taklamakan,physics_colI,,13.29136059,0.30604804600612495,1.18e-06,0.016795440669366835,0.08565237226000001,563.8648481,1842.4063001164052,17874916854.92814,4112174.860734403,271117656.6152657,225943.84044654886,False,False
Taklamakan,fft,high,13.22227888,0.3044573644339036,1.19e-06,0.016654302512481397,0.1040906326,563.9,1852.1476760744288,14969623465.953154,3374192.5288840286,224745170.49099445,184358.55699767757,False,False
Taklamakan,fft,high,12.98544432,0.2990039908816689,1.26e-06,0.015729063484010212,0.1270529197,2024.0,6769.140418600633,6950044714644.375,9980293.135518001,8328474263.45957,142648.33756026629,True,False
Taklamakan,fft,high,13.01237215,0.2996240334799327,1.25e-06,0.015854895991882292,0.1270529197,2706.2,9031.985747502618,29084391299233.91,13478777.05859446,19799546111.143517,143789.5242607484,True,False
Taklamakan,fft,high,12.91323468,0.2973412853162633,1.28e-06,0.015483296867072551,0.1311587591,2273.3,7645.42333091092,12086019085422.852,10769169.75645592,11408610397.883032,136023.7177698443,True,False
Taklamakan,fft,high,12.7858121,0.29440724170485155,1.31e-06,0.015128717549506005,0.1361389903,2409.3,8183.562286200031,15916423393644.406,10861604.470492233,13148303901.517307,128046.61101925447,True,False
Taklamakan,fft,high,12.72427986,0.29299039489741874,1.33e-06,0.014901218037483357,0.1439704988,2273.3,7758.957425194515,11396297339499.688,9584271.342195971,10451086354.92555,119260.53663845766,True,False
Taklamakan,physics_colI,,12.55133145,0.2890080694927352,1.38e-06,0.014361318833226716,0.1548813869,421.7266867,1459.2211471472458,2674011996.4850307,1514376.3040727202,63635370.70123122,106842.3899545507,False,False
Taklamakan,fft,high,12.40384639,0.28561206544014367,1.43e-06,0.013859174818078926,0.1545012165,1428.4,5001.189280287435,1130339623301.2476,5311560.509011348,2450279025.92698,103360.34939849083,True,False
Taklamakan,fft,high,12.39970859,0.28551678809090697,1.43e-06,0.013859174818078926,0.1510416667,1428.4,5002.858184105116,1158135277246.7688,5435073.631151934,2508894279.691902,105727.77743276769,True,False
Taklamakan,fft,high,12.38078672,0.28508109143659766,1.43e-06,0.013859174818078926,0.1361009732,2706.2,9492.737614980899,30339752201126.51,11566884.770306783,18733297031.4916,117334.20668833159,True,False
Taklamakan,fft,high,12.7749312,0.29415669713785714,1.31e-06,0.015128717549506005,0.04413777372,82.9,281.822582340013,2951597.0014825757,712173.9368580178,1449844.9767351565,394948.24650839134,False,False
Taklamakan,fft,high,12.23534725,0.2817321893205001,1.48e-06,0.013390959452603287,0.050334549879999996,633.3,2247.879454340783,64733998634.60348,6885064.951471522,667606010.4340836,306544.8362566198,False,False
Taklamakan,fft,high,12.13149925,0.279340976075894,1.52e-06,0.013038565782797938,0.04828163017,532.0,1904.482498319406,28991744760.250828,5866224.387242706,412397963.30886424,311169.05178473436,False,False
Taklamakan,fft,high,12.18358464,0.28054029887862947,1.5e-06,0.013212413326568577,0.04786344282,846.8,3018.461174329725,287749111538.9404,9719223.637004402,1672333090.743673,318072.9349172573,False,False
Taklamakan,fft,high,12.5794518,0.28965557116212665,1.37e-06,0.014466145977994792,0.05238746959,1604.3,5538.647137230575,5758858861783.98,18147674.75456923,10223008245.185192,318180.7642090769,True,False
Taklamakan,physics_colI,,12.80782945,0.2949142151557715,1.3e-06,0.01524509229988682,0.054174270069999995,532.0423875,1804.0581299852881,23122817206.326515,5770772.788666987,365289644.4351932,324254.10936275247,False,False
Taklamakan,physics_colI,,12.94891312,0.29816282023532664,1.27e-06,0.015605212590435328,0.05702554745,2273.34799,7624.518671394871,27640642513912.87,24894865.70484911,26231852458.025223,315317.9724468973,True,False
Taklamakan,fft,high,13.33288897,0.3070042821616892,1.17e-06,0.01693899144431869,0.0743993309,897.4,2923.0862634266728,202548583045.64145,7753372.396569725,1253169818.0016892,262341.512415777,False,False
Taklamakan,physics_colI,,13.22830346,0.30459608694651036,1.19e-06,0.016654302512481397,0.08002585158,633.3336976,2079.257497852291,34461353028.12743,4961060.181739263,413478955.1073945,239797.49598700134,False,False
Taklamakan,physics_colI,,13.1602804,0.30302978194294133,1.21e-06,0.016379024785002368,0.09051855231,421.7266867,1391.700459261818,4130115619.6341105,2807302.15723874,107677678.69268103,208496.5819524549,False,False
Taklamakan,fft,high,12.85460336,0.29599123534965116,1.29e-06,0.015363271309963466,0.1119981752,633.3,2139.5903809512797,26159151002.451744,3370220.404334944,296921040.7979565,158059.73609397066,False,False
Taklamakan,fft,high,12.90992621,0.2972651041930507,1.28e-06,0.015483296867072551,0.11865115570000001,1271.7,4277.999610657729,760649752758.043,6584430.99264437,2237955720.4304414,150362.6486030207,False,False
Taklamakan,fft,high,12.86732182,0.29628409173593684,1.29e-06,0.015363271309963466,0.1186131387,1700.3,5738.748881311495,3218403647777.564,8826068.559714716,5329713993.088251,149244.86620231633,True,False
Taklamakan,physics_colI,,12.80459832,0.29483981487024796,1.31e-06,0.015128717549506005,0.125,563.8648481,1912.4447230715555,13263612362.873852,2640741.05282685,187151718.33414388,139457.09068398527,False,False
Taklamakan,physics_colI,,12.72995247,0.2931210129176357,1.33e-06,0.014901218037483357,0.1342761557,502.0158696,1712.6573922595642,7054647608.550383,2152927.048151186,123240178.7227818,127870.79625183539,False,False
Taklamakan,physics_colI,,12.7218342,0.2929340809136752,1.33e-06,0.014901218037483357,0.13838199510000002,633.3336976,2162.034870181723,21620341868.97032,2674881.4603664856,240482539.1418138,124076.82758574728,False,False
Taklamakan,physics_colI,,12.59850956,0.2900943968316102,1.37e-06,0.014466145977994792,0.143020073,671.2145829,2313.779894513498,28384593769.225822,2698389.2733012326,276753831.6878232,116547.87163425636,False,False
Taklamakan,physics_colI,,12.5667393,0.28936285201132883,1.38e-06,0.014361318833226716,0.1491788321,711.3611955,2458.3708328674807,36437747862.61958,2736760.3120598462,315786925.3329858,110926.57921318746,False,False
Taklamakan,physics_colI,,12.36965769,0.28482483340624926,1.44e-06,0.013762930548508934,0.1604318735,502.0158696,1762.5424847838615,6283738896.306122,1716090.8881139755,103843473.85964273,98848.19929632082,False,False
Taklamakan,fft,high,12.26514939,0.28241841603536805,1.47e-06,0.013482054414865895,0.1667807178,1347.7,4771.9975875483415,808082299328.882,4562297.510321586,1920081212.4394898,93144.82607438794,False,False
Taklamakan,fft,high,12.24207419,0.2818870844366667,1.48e-06,0.013390959452603287,0.1685295012,2409.3,8547.039339581066,14103184414856.186,8115877.65147105,10698584916.104845,91555.46204758636,True,False
Taklamakan,fft,high,12.1327329,0.279369382210044,1.52e-06,0.013038565782797938,0.16875760339999998,1700.3,6086.207395202774,2566052816237.664,5589816.512081833,3787316253.3751235,89025.61292607289,True,False
Taklamakan,fft,high,11.95903992,0.2753699122706026,1.58e-06,0.0125434303733246,0.1664005474,1428.4,5187.2043253452075,1137490292345.5945,4633285.467274592,2295717151.717687,86858.04937268194,True,False
Taklamakan,physics_colI,,11.8177487,0.27211652812636716,1.64e-06,0.012084524384056624,0.1592533455,563.8648481,2072.144797607255,12354688101.799967,1802385.704680789,149224372.0726413,87435.84206556185,False,False
Taklamakan,fft,high,12.58205145,0.28971543093324736,1.37e-06,0.014466145977994792,0.04683698297,93.1,321.34981454077587,5083736.362469581,789540.8198168416,2003451.3658576596,355887.2508889522,False,False
Taklamakan,fft,high,12.24382937,0.2819274993667826,1.48e-06,0.013390959452603287,0.05227341849,753.9,2674.0917494507685,146857400525.4721,7951525.0270441845,1080620329.1096013,295174.8096208211,False,False
Taklamakan,fft,high,12.26744541,0.2824712843952198,1.47e-06,0.013482054414865895,0.050486618,753.9,2668.943859600187,151640152168.98904,8272305.460682772,1120006097.6826396,307700.56635686266,False,False
Taklamakan,fft,high,12.22426387,0.2814769824310944,1.49e-06,0.013301087241511992,0.05113290754,951.1,3378.9619022679035,473224209662.8256,10294135.815147629,2207132593.4988647,299733.40864330414,False,False
Taklamakan,physics_colI,,12.60203155,0.29017549448525176,1.37e-06,0.014466145977994792,0.052691605839999996,563.8648481,1943.1856197927789,32550955192.375874,6092428.195362482,445325001.7683844,316344.22301990667,False,False
Taklamakan,physics_colI,,12.90956805,0.29725685716917266,1.28e-06,0.015483296867072551,0.05436435523,1801.983335,6062.041266804043,9275127572537.764,20522038.21901791,13796540237.678679,328169.10925150313,True,False
Taklamakan,physics_colI,,13.05406884,0.30058414515646226,1.24e-06,0.01598275805633296,0.05919251825,502.0158696,1670.1342292644445,15161508541.73336,5099306.881050916,278052485.75399065,311123.9239764218,False,False
Taklamakan,fft,high,13.22985476,0.30463180731769096,1.19e-06,0.016654302512481397,0.06721411192,951.1,3122.129656697758,305131783487.4762,9035054.188808855,1660386159.4632854,285505.5028615398,False,False
Taklamakan,physics_colI,,13.15864182,0.3029920518547514,1.21e-06,0.016379024785002368,0.07044555961,671.2145829,2215.2877568609206,52639770602.14412,5925494.164038106,558494989.6814739,267906.29337608995,False,False
Taklamakan,fft,high,13.00137241,0.29937075249257405,1.25e-06,0.015854895991882292,0.08238290754,532.0,1777.0607033938506,14679419910.641315,3883698.8169258,238768602.91946828,221755.6945381157,False,False
Taklamakan,physics_colI,,12.71087589,0.2926817538971655,1.33e-06,0.014901218037483357,0.1108196472,563.8648481,1926.545951675947,15279966785.529848,2956810.7546379557,212555804.72423097,154936.41588668068,False,False
Taklamakan,physics_colI,,12.52862735,0.28848528287549796,1.39e-06,0.014257999992699904,0.122642944,502.0158696,1740.1784402868682,7995409470.710212,2294129.110757951,135434491.98481944,133956.7314472752,False,False
Taklamakan,fft,high,12.65798053,0.2914637806534804,1.35e-06,0.014680459251742863,0.123783455,799.0,2741.335469568778,76856288305.84833,3777810.796457321,538839972.2899836,136655.00443677336,False,False
Taklamakan,physics_colI,,12.53143699,0.28854997789495496,1.39e-06,0.014257999992699904,0.1280033455,1132.193013,3923.732801019894,423772569781.02747,5142623.481506514,1476246174.6518667,128347.01975278616,False,False
Taklamakan,fft,high,12.53155535,0.28855270326279675,1.39e-06,0.014257999992699904,0.1346943431,951.1,3296.104972316944,170360969812.31216,4082836.83210747,834000025.3616644,121971.32808401671,False,False
Taklamakan,fft,high,12.53896036,0.28872321167883214,1.38e-06,0.014361318833226716,0.14020681270000002,1008.0,3491.2329844864425,218963801481.5353,4192707.52243169,958149872.2078254,118024.91774261295,False,False
Taklamakan,fft,high,12.41423356,0.28585124133643414,1.42e-06,0.013956774640741455,0.1422977494,2145.0,7503.903044015229,9156999989284.492,8779483.991643317,8966255339.739172,113014.85543463203,True,False
Taklamakan,fft,high,12.37540463,0.28495716295562873,1.44e-06,0.013762930548508934,0.1441225669,1909.8,6702.059987512505,5103872086510.309,7620910.419933059,6236677959.14555,110034.1337676392,True,False
Taklamakan,fft,high,12.19010944,0.28069053950125494,1.5e-06,0.013212413326568577,0.1529425182,1347.7,4801.373079387218,890132058693.3125,4906313.826227144,2089800762.4496243,99541.09499552967,False,False
Taklamakan,fft,high,12.10891282,0.2788208989384973,1.53e-06,0.012953346398596645,0.1583029197,1604.3,5753.872848512258,2059797454336.6826,5590811.34807814,3393514252.5777006,94284.77168003724,True,False
Taklamakan,fft,high,12.02109083,0.27679870201938794,1.56e-06,0.012704243583239013,0.1650319343,1132.2,4090.337099632414,359596901707.39,3709358.4828010644,1154934551.2786808,88701.16444651577,False,False
Taklamakan,fft,high,11.89465546,0.2738873899928619,1.61e-06,0.012309701857051469,0.17685523109999998,1271.7,4643.149142547758,607854799155.7787,3819710.2798899794,1523754975.386721,80200.69344504728,False,False
Taklamakan,fft,high,11.72711337,0.27002955099127307,1.67e-06,0.011867437119672374,0.1767791971,1700.3,6296.718243459773,2637028938373.494,5027962.53343215,3641274873.134173,77352.48696083314,True,False
Taklamakan,fft,high,11.58531835,0.266764566303622,1.73e-06,0.011455849705117262,0.173053528,951.1,3565.316088185009,156965735472.31897,2769041.3823124645,659275827.804996,76277.30648711263,False,False
Taklamakan,fft,high,11.44609182,0.26355872389417206,1.8e-06,0.011010344438807149,0.1777676399,753.9,2860.46308337233,49514906471.77531,2062255.1209873047,319550261.2056921,71366.87785979941,False,False
Taklamakan,physics_colI,,11.38041361,0.26204641161435904,1.83e-06,0.010829846988990637,0.1764370438,473.6839381,1807.633751524511,5093082370.1932,1261378.2383801648,80151751.49701579,70726.31764475173,False,False
Taklamakan,fft,high,11.29547346,0.2600905721983007,1.87e-06,0.010598192507942708,0.18518096109999999,1909.8,7342.826707858955,4800502146749.094,5011312.359365577,4904774789.851693,65945.31835426943,True,False
Taklamakan,fft,high,12.58600136,0.2898063819107048,1.37e-06,0.014466145977994792,0.058888382,633.3,2185.2520839072913,51992438328.607895,6171236.2984232735,566442956.2251071,283055.57977677113,False,False
Taklamakan,fft,high,12.77806466,0.29422884846531117,1.31e-06,0.015128717549506005,0.05672141119,951.1,3232.517834199158,389904514364.997,10082126.677542245,1982691782.8985648,307329.0309563287,False,False
Taklamakan,fft,high,12.84404374,0.2957480886043888,1.29e-06,0.015363271309963466,0.06246198297,1068.3,3612.1957881155577,622054059617.1117,10428059.59933386,2546923007.8066397,283410.82324620744,False,False
Taklamakan,physics_colI,,12.41910594,0.28596343318980405,1.42e-06,0.013956774640741455,0.0996426399,753.9090529,2636.382716805627,74861997212.49515,4283754.29786684,566295331.3474529,161394.3547988485,False,False
Taklamakan,physics_colI,,12.36403534,0.28469537267724326,1.44e-06,0.013762930548508934,0.1068658759,633.3336976,2224.6013050517863,29767662219.216724,3296698.568132884,313265078.5114024,148395.37571422392,False,False
Taklamakan,physics_colI,,12.27919883,0.2827419196850031,1.47e-06,0.013482054414865895,0.1244297445,597.5906703,2113.555255498595,19450858609.758755,2627905.771095994,226086318.89912584,124847.6480801789,False,False
Taklamakan,fft,high,12.29211552,0.28303934053282365,1.46e-06,0.01357439725332388,0.1286876521,799.0,2822.92913238095,79005561310.12053,3464256.6666442677,523159194.1948048,121543.62263259321,False,False
Taklamakan,fft,high,12.22309087,0.28144997282921547,1.49e-06,0.013301087241511992,0.13617700729999999,1271.7,4518.387361052157,745704463575.8378,5212707.4755459465,1971582925.4255955,112546.46415487138,False,False
Taklamakan,fft,high,12.19969663,0.2809112949872205,1.5e-06,0.013212413326568577,0.1368613139,2024.0,7205.121460467006,7375141404763.268,8292185.163661998,7820232613.962789,111237.17359695553,True,False
Taklamakan,fft,high,11.72871462,0.27006642151557714,1.67e-06,0.011867437119672374,0.1607740268,1909.8,7071.593681593047,5141752911655.46,6220956.96890611,5655671808.738226,85052.98281565653,True,False
Taklamakan,fft,low,13.27385793,0.3056450282069585,1.18e-06,0.016795440669366835,0.055809002430000004,78.2,255.85235414674955,1608106.25301448,530670.0829169074,923782.3762263444,346765.308268239,False,False
Taklamakan,physics_colI,,12.73590417,0.2932580572889083,1.33e-06,0.014901218037483357,0.07337287105,354.2784382,1208.0774232606211,2305611178.7866178,2699355.3708077027,78890201.66314657,234010.18252773452,False,False
Taklamakan,physics_colI,,12.5248753,0.2883988878399226,1.39e-06,0.014257999992699904,0.0758439781,597.5906703,2072.097693496294,30604096662.233955,4465126.993928876,369663601.3071201,216613.74211740104,False,False
Taklamakan,fft,high,12.47260049,0.2871952034354924,1.41e-06,0.014055758858051678,0.06113138686,897.4,3124.7039966723096,284300933612.566,8391234.652746117,1544550370.1523745,264934.519589211,False,False
Taklamakan,fft,high,12.46153996,0.28694052269221026,1.41e-06,0.014055758858051678,0.059382603410000005,1068.3,3723.0712134232886,694965212397.5122,10353030.59543591,2682348990.4773874,272736.6885172457,False,False
Taklamakan,physics_colI,,12.53608995,0.28865711736397337,1.39e-06,0.014257999992699904,0.05968673966,2553.427285,8845.883684829894,50237969524881.17,25263737.85590259,35625817779.93905,275251.22006825346,True,False
Taklamakan,fft,high,12.7543782,0.2936834419397177,1.32e-06,0.015014106052918837,0.0683926399,951.1,3238.521020177997,323869862406.4735,8314217.41948166,1640952300.240635,252952.2872912655,False,False
Taklamakan,fft,high,12.60775556,0.2903072960464206,1.36e-06,0.014572514698421225,0.07276459854,671.2,2312.032832590863,55991489348.13197,5338492.7904,546726771.0737796,230761.23976678084,False,False
Taklamakan,physics_colI,,12.57068509,0.2894537081213014,1.37e-06,0.014466145977994792,0.07409519465,711.3611955,2457.5991792162145,73782649580.73387,5548424.759179536,639826132.4231853,224963.10574340294,False,False
Taklamakan,physics_colI,,12.45839233,0.2868680450850814,1.41e-06,0.014055758858051678,0.07656630169999999,846.7915844,2951.850507256228,171402864221.4027,6315492.785714357,1040429503.8305316,211526.66708435657,False,False
Taklamakan,physics_colI,,12.28709621,0.2829237654562619,1.47e-06,0.013482054414865895,0.08082420924999999,1801.983335,6369.1480003244,6932987367262.837,12639675.00594585,9361127450.394552,192204.30482643514,True,False
Taklamakan,fft,high,12.26251531,0.2823577634760183,1.47e-06,0.013482054414865895,0.09032846715,633.3,2242.8991935749923,35922276959.47815,3853727.4159247684,372068089.9528789,171980.7879197757,False,False
Taklamakan,physics_colI,,12.2077121,0.2810958599092772,1.49e-06,0.013301087241511992,0.09500456204,397.9259817,1415.6237727173548,3476080884.2312517,2212657.2836209806,87700488.5217291,161321.1022893223,False,False
Taklamakan,physics_colI,,12.07815001,0.27811255175113403,1.54e-06,0.012869233759644718,0.1029881387,315.4184887,1134.1397096749836,1038685788.9649589,1549029.9644377148,40111786.43170047,143983.9154430942,False,False
Taklamakan,physics_colI,,12.02676864,0.27692943977526535,1.56e-06,0.012704243583239013,0.10781630169999999,671.2145829,2423.7747472594683,41586085754.80678,3300409.810564204,370474189.935181,135772.83316582994,False,False
Taklamakan,physics_colI,,12.01129267,0.2765730887195192,1.56e-06,0.012704243583239013,0.1135568735,799.0017781,2888.9353689443406,93919232580.67352,3763591.915005895,594536512.2548666,128909.19142178465,False,False
Taklamakan,physics_colI,,11.96730816,0.2755602974970642,1.58e-06,0.0125434303733246,0.1171304745,671.2145829,2435.8174562761574,38730613754.5592,3015120.3515790724,341727174.4543003,123394.2492200055,False,False
Taklamakan,physics_colI,,11.89334995,0.2738573292039881,1.61e-06,0.012309701857051469,0.1227569951,753.9090529,2752.9263324496815,66351095202.45304,3208288.6147537366,461382122.88131773,115544.63484585646,False,False
Taklamakan,fft,high,11.80724083,0.27187457298118767,1.64e-06,0.012084524384056624,0.1407770681,1428.4,5253.893309466782,1379644701194.5708,5345553.309648756,2715688549.6334085,98911.35362798734,True,False
Taklamakan,fft,high,11.72146758,0.2698995505307513,1.68e-06,0.011796797613007658,0.1441605839,1428.4,5292.339306201452,1363377695006.073,5133890.863578012,2645644022.1612825,94290.09972980038,True,False
Taklamakan,fft,high,11.571158,0.26643850883050496,1.74e-06,0.011390011488421186,0.1527144161,2409.3,9042.611785268165,17484201572825.809,8065528.213355068,11875155623.132423,85939.46094009443,True,False
Taklamakan,fft,high,11.34825092,0.2613058306661447,1.84e-06,0.010770989124920034,0.1690237226,1802.0,6896.133911004499,3921210580610.6255,5235250.938647505,4530841133.032177,73427.10810644267,True,False
Taklamakan,fft,high,11.2685249,0.259470052269221,1.88e-06,0.010541819143538758,0.17468826029999998,2145.0,8266.84999382661,9086233226959.826,5959140.444560626,7358406071.391202,69534.50069467678,True,False
Taklamakan,fft,high,11.16186863,0.25701417555089917,1.93e-06,0.010268715020649152,0.1779577251,2553.4,9934.8605754017,21523756195865.246,6863359.757025979,12154228979.854712,66488.68675696946,True,False
Taklamakan,fft,high,10.89946473,0.25097204011144625,2.08e-06,0.00952818268742926,0.19270833329999998,2553.4,10174.041693513514,20740734184860.363,6024116.047468138,11177861586.15718,56971.55576744935,True,False
Taklamakan,fft,high,10.79570256,0.24858280319602108,2.14e-06,0.00926103737843592,0.20069191,2024.0,8142.156150697061,6445879668414.948,4487154.800991026,5378072136.066843,53171.421368789095,True,False
Taklamakan,fft,high,10.6595032,0.24544666467107232,2.22e-06,0.008927306301735525,0.2006538929,1604.3,6536.246895633935,2101321492797.0386,3461279.6522630583,2696898464.140136,51265.04525782286,True,False
Taklamakan,fft,high,10.56346373,0.24323525132975662,2.29e-06,0.008654419209542736,0.1890206813,597.6,2456.880722399186,17277993075.364388,1300776.1404319634,149915980.29223794,52756.6369442457,False,False
Taklamakan,fft,low,12.93073723,0.29774430058256,1.27e-06,0.015605212590435328,0.07553984185,62.0,208.23236541788424,399442.5820731956,245178.87768319703,312945.49680668744,238035.71147678193,False,False
Taklamakan,fft,low,12.42642545,0.28613197287526765,1.42e-06,0.013956774640741455,0.09340784671999999,69.7,243.59388886045267,626588.4278781199,241300.14999950168,388839.1462223708,172167.11595248836,False,False
Taklamakan,fft,high,12.52242003,0.288342352575468,1.39e-06,0.014257999992699904,0.08770529197,951.1,3298.5095373773374,262577124773.93222,6274992.95367774,1283615833.3993022,187318.77568950772,False,False
Taklamakan,physics_colI,,12.46498721,0.287019899375993,1.41e-06,0.014055758858051678,0.07519768856,3039.553957,10590.046068611491,95558488016819.47,23715083.749378704,47604385788.31655,215376.49520508482,True,False
Taklamakan,fft,high,12.29782221,0.28317074328213865,1.46e-06,0.01357439725332388,0.06508515815,1068.3,3772.635504705349,653665519379.3947,9247589.183995672,2458623636.7048545,240318.43616741427,False,False
Taklamakan,fft,high,12.35424228,0.2844698768104262,1.44e-06,0.013762930548508934,0.06284215328000001,1428.4,5021.269794945289,2814835393495.992,13021347.215999657,6054167904.394156,252352.93473397236,True,False
Taklamakan,physics_colI,,12.48291598,0.287432728821755,1.4e-06,0.01415615713560919,0.06941909975999999,2023.989919,7041.612579391167,13910062679647.352,17112288.76557621,15428318421.700735,234971.341547756,True,False
Taklamakan,physics_colI,,12.47482168,0.28724634875313726,1.4e-06,0.01415615713560919,0.0715100365,711.3611955,2476.4847267435653,77692572037.14003,5671074.182491691,663777326.707685,228100.83448418745,False,False
Taklamakan,physics_colI,,12.40108807,0.28554855211955144,1.43e-06,0.013859174818078926,0.0743993309,1008.005486,3530.066878356909,420559751411.51935,7712541.197344842,1800995393.86042,214643.05561290844,False,False
Taklamakan,physics_colI,,12.36068414,0.2846182076492666,1.44e-06,0.013762930548508934,0.07766879562,4307.076464,15132.821261061365,527529748480460.5,32227752.40922344,130388259143.71353,204179.83410993608,True,False
Taklamakan,physics_colI,,12.24968681,0.2820623732989477,1.48e-06,0.013390959452603287,0.08006386860999999,1801.983335,6388.598783752497,7056954496548.21,12712880.77150778,9471759135.692434,192718.59602707328,True,False
Taklamakan,physics_colI,,12.05206963,0.27751202261161895,1.55e-06,0.012786206445066364,0.08344738443000001,799.0017781,2879.160947986068,126497855689.5185,5136481.95713584,806073168.741886,176553.9679766421,False,False
Taklamakan,fft,high,11.9376708,0.27487786502106887,1.59e-06,0.0124645408741213,0.08375152068,633.3,2303.9323299148105,40894759294.72069,3952639.1976200542,402047545.1554829,171487.34789049535,False,False
Taklamakan,physics_colI,,11.77452991,0.271121368440443,1.65e-06,0.01201128484233507,0.0885796837,532.0423875,1962.377183917443,16876204774.685846,3040589.726159504,226525086.58970588,156244.17675894566,False,False
Taklamakan,physics_colI,,11.70086757,0.2694252128761887,1.68e-06,0.011796797613007658,0.09124087591,397.9259817,1476.9441116962664,3957503022.016594,2139350.0275622974,92013500.09226404,148978.3575340213,False,False
Taklamakan,fft,high,11.69713622,0.2693392944806466,1.69e-06,0.011726994076836014,0.09473844282,951.1,3531.2337244885057,279916351594.2864,5126698.433921388,1197934356.0259955,142629.3696221837,False,False
Taklamakan,physics_colI,,11.67314792,0.2687869377604826,1.7e-06,0.011658011758736979,0.1003269465,799.0017781,2972.6213065159977,112315340217.99345,4026803.1822464406,672511538.492023,133892.23578311526,False,False
Taklamakan,fft,low,11.66616742,0.26862620414930116,1.7e-06,0.011658011758736979,0.10659975669999999,799.0,2974.3933676549277,106017592871.04922,3792194.1417930587,634065686.3548086,126013.41308856844,False,False
Taklamakan,fft,high,11.6610613,0.26850863017799165,1.7e-06,0.011658011758736979,0.1289157543,1428.4,5319.754523544097,1545584176044.8518,5703468.343645237,2969038635.738986,104199.82607337536,True,False
Taklamakan,fft,high,11.59015296,0.266875888461627,1.73e-06,0.011455849705117262,0.1355687348,1513.8,5672.299617346896,1982401587205.2734,5690186.222701922,3358605990.4933577,97368.00312701693,True,False
Taklamakan,fft,high,11.42428073,0.2630564998042782,1.81e-06,0.010949513806548544,0.1364811436,1700.3,6463.630441616434,3585861512989.0215,6170927.085544468,4704050375.529095,92442.28710066777,True,False
Taklamakan,fft,high,11.37014066,0.2618098657579037,1.83e-06,0.010829846988990637,0.1429440389,2273.3,8683.018851940922,14536941495109.998,7863209.94507036,10691446250.870596,87298.09581517131,True,False
Taklamakan,fft,high,11.20431427,0.2579915326164544,1.91e-06,0.0103762408323837,0.16183850360000002,2145.0,8314.22635559472,9929786617330.42,6368031.287765808,7951930071.372504,73876.5639772302,True,False
Taklamakan,fft,high,11.11156954,0.25585598425015543,1.96e-06,0.010111540811149422,0.1672749392,2024.0,7910.700255582435,7323522765873.826,5708590.184617904,6465832520.108535,69652.21909362938,True,False
Taklamakan,fft,high,10.99587051,0.25319188813926174,2.02e-06,0.009811198014778645,0.1740799878,2024.0,7993.936989350743,7190250898672.848,5379293.906768606,6219201946.179939,64941.40681852947,True,False
Taklamakan,fft,high,10.67546811,0.2458142741025582,2.21e-06,0.0089677013528746,0.19137773719999998,671.2,2730.5167791841213,29779376630.341427,1486495.0658109651,210396997.18372622,53993.0947065649,False,False
Taklamakan,fft,high,10.56867804,0.24335531649358721,2.28e-06,0.008692377188531957,0.20057785890000002,753.9,3097.9393048101597,51357472291.503044,1567538.5332427004,283733707.52675,49934.88700103019,False,False
Taklamakan,fft,high,10.48183959,0.24135576665361855,2.34e-06,0.008469495722159345,0.20612834549999998,1802.0,7466.156806545825,3741760697694.92,3659139.4326627483,3700219468.6968446,47344.36921735214,True,False
Taklamakan,fft,high,10.32246502,0.2376859936908517,2.46e-06,0.008056349589371082,0.21099452549999997,2024.0,8515.436558001533,6654383779706.995,3885411.395704618,5084783040.510729,43996.24534508079,True,False
Taklamakan,fft,high,10.13790283,0.23343624835939117,2.61e-06,0.007593340992280792,0.21665906329999998,2145.0,9188.804288430925,8892755972103.365,3852078.078661852,5852827550.767974,40383.55438114516,True,False
Taklamakan,fft,high,9.93950206,0.22886785465932902,2.79e-06,0.00710344802503687,0.2287104623,1700.3,7429.177865676704,2759916603233.1396,2752032.521818124,2755971743.2519894,35787.52582882016,True,False
Taklamakan,fft,high,16.73637725,0.38537330470422987,6.15e-07,0.03222539835748433,0.02805656934,1909.8,4955.714307885836,13835237200606.553,67378844.93938391,30531988176.9803,1323464.2907152958,False,False
Taklamakan,fft,high,16.78721419,0.38654388058670475,6.09e-07,0.032542889966917676,0.028512773720000002,2868.0,7419.597474022579,100777443270792.98,100999257.66465132,100888289507.21487,1315119.2941799117,True,False
Taklamakan,physics_colI,,16.47241615,0.37929531303967395,6.44e-07,0.030774254642628673,0.039841849150000004,951.1173591,2507.5905934026505,322408311667.01764,22418513.156811308,2688478189.7892265,890013.4203236455,False,False
Taklamakan,physics_colI,,15.81755184,0.36421634944391995,7.24e-07,0.02737378451637136,0.04919403893,446.9509568,1227.1578623046385,6825175375.235304,7524525.284780742,226619073.96338227,641166.5587395319,False,False
Taklamakan,fft,low,12.41976157,0.28597852978424554,1.42e-06,0.013956774640741455,0.1040526156,124.5,435.34736713951264,9880518.270452723,527997.9772010738,2284052.0266616717,154554.11172878288,False,False
Taklamakan,physics_colI,,12.57973408,0.2896620709664049,1.37e-06,0.014466145977994792,0.08960614355,502.0158696,1733.1087495339489,10882115280.574162,3171970.290403661,185789521.68173784,186021.67718360617,False,False
Taklamakan,fft,high,12.40845234,0.2857181224527389,1.43e-06,0.013859174818078926,0.07360097323999999,117.5,411.24447756874736,10471513.498854062,686284.8840106076,2680753.8915343517,216971.3118854932,False,False
Taklamakan,fft,high,12.30317218,0.2832939321651431,1.46e-06,0.01357439725332388,0.06443886861,951.1,3357.290404107797,371244752092.94147,8281080.013061944,1753370324.9772975,242728.70957715032,False,False
Taklamakan,fft,high,12.28447159,0.28286333072370995,1.47e-06,0.013482054414865895,0.06489507299,711.4,2514.995486264949,87987959011.1557,6048427.108390618,729512684.2591819,239382.7487402072,False,False
Taklamakan,fft,high,12.2292864,0.2815926316516613,1.49e-06,0.013301087241511992,0.06405869830000001,78.2,277.7061300976646,1662772.468560688,421075.2261050393,836751.034155576,239253.07690504703,False,False
Taklamakan,fft,low,12.09086195,0.2784052580073223,1.53e-06,0.012953346398596645,0.06649178832,69.7,250.35446707751055,935139.8110767135,330552.8173290461,555979.4053271754,224472.14937830644,False,False
Taklamakan,fft,low,12.07804379,0.27811010592000734,1.54e-06,0.012869233759644718,0.07318278589,73.8,265.362525233898,1125136.41029245,330331.9212572612,609646.185986924,202624.6373909729,False,False
Taklamakan,physics_colI,,11.98585413,0.2759873386446844,1.57e-06,0.012623324834301187,0.07732664234,2145.048581,7772.271697440474,18127393586379.78,15142959.801864265,16568113724.595238,188101.86621336298,True,False
Taklamakan,fft,high,11.88916231,0.27376090423449767,1.61e-06,0.012309701857051469,0.07941757908,375.5,1371.6348616322323,3293146794.892919,2367094.9129982293,88290379.01123458,178599.15069075776,False,False
Taklamakan,fft,high,11.80481004,0.27181860139538094,1.64e-06,0.012084524384056624,0.07930352798000001,563.9,2074.545292725439,24952248357.1617,3623888.587353927,300706115.7514743,175584.2485224874,False,False
Taklamakan,fft,high,11.7059138,0.2695414078150544,1.68e-06,0.011796797613007658,0.08006386860999999,502.0,1862.4225645673218,14167151435.130703,3125624.332399313,210430970.26443225,169775.90602385026,False,False
Taklamakan,physics_colI,,11.57169266,0.26645081995901354,1.74e-06,0.011390011488421186,0.084131691,563.8648481,2116.2060908153176,24454472244.604923,3287885.9477965417,283555136.8849048,155995.84938112416,False,False
Taklamakan,physics_colI,,11.5292393,0.2654732851320546,1.76e-06,0.011260579539689128,0.08671684915,711.3611955,2679.596160292163,75202141503.92545,4039320.1556893075,551149277.3539718,149625.5473950722,False,False
Taklamakan,physics_colI,,11.51630925,0.2651755566556909,1.76e-06,0.011260579539689128,0.08987226276999999,753.9090529,2843.0563601263225,97193794170.22978,4145451.3674690095,634753611.2165731,144372.19696637947,False,False
Taklamakan,physics_colI,,11.48972363,0.2645633938151926,1.78e-06,0.011134056174074645,0.09405413624999999,532.0423875,2011.020420578863,16625801416.344503,2724184.705506812,212818593.96020636,136403.02689106937,False,False
Taklamakan,fft,high,11.48907235,0.26454839738423636,1.78e-06,0.011134056174074645,0.1126064477,1347.7,5094.341955292848,1364750821140.5938,5966237.06139491,2853493810.867328,113930.1446601361,True,False
Taklamakan,fft,high,11.41921547,0.2629398666789472,1.81e-06,0.010949513806548544,0.1178908151,2553.4,9710.965599285608,30957941053993.508,10795448.362403676,18281270580.972313,107019.61005016977,True,False
Taklamakan,fft,high,11.32533975,0.26077827603674963,1.85e-06,0.010712767562082628,0.12055200729999999,1513.8,5804.931388482187,2336666096996.0674,6126612.778864598,3783628994.7345223,102394.28904816095,True,False
Taklamakan,fft,high,11.06405767,0.25476197172396325,1.99e-06,0.00995910552253913,0.145377129,1347.7,5290.035992735385,1138910768156.3523,4295959.791169657,2211948205.9329143,78935.56923875453,True,False
Taklamakan,physics_colI,,10.99991656,0.25328505284487324,2.02e-06,0.009811198014778645,0.1557937956,671.2145829,2650.0362945265924,34527595429.44421,1936411.0868327096,258572269.57129443,72563.8608594529,False,False
Taklamakan,fft,high,10.90306216,0.25105487485320865,2.08e-06,0.00952818268742926,0.16628649639999998,1700.3,6772.622921559131,3224965013172.602,4621737.154254036,3860691728.505291,66023.96343142368,True,False
Taklamakan,fft,high,10.82168389,0.24918105160146442,2.12e-06,0.009348405655590974,0.17609489050000002,2145.0,8608.198682099928,9760148416262.893,5461694.531652148,7301160814.090895,61170.114543481766,True,False
Taklamakan,fft,high,10.61414116,0.24440215432084553,2.25e-06,0.008808275551045717,0.1933166058,2553.4,10447.534749010254,21787059636073.88,5702302.64912854,11146138698.19973,52501.320894464414,True,False
Taklamakan,fft,high,10.51361212,0.24208736374312093,2.32e-06,0.008542508616315891,0.2018324209,2273.3,9390.411646649185,11953584932135.707,4755238.782155423,7539373359.575743,48768.90394600356,True,False
Taklamakan,fft,high,10.40229342,0.23952412949872204,2.4e-06,0.008257758329105361,0.207915146,2868.0,11973.741459794355,37224900484116.11,5704404.925058252,14572093386.208971,45764.05935874474,True,False
Taklamakan,fft,high,10.30344308,0.23724799281586034,2.48e-06,0.00799137902816648,0.2176094891,1909.8,8049.804667819838,4848906186659.078,3529902.6746675097,4137168949.5958123,42314.81040682697,True,False
Taklamakan,fft,high,10.15825349,0.23390484445877177,2.59e-06,0.00765197683005902,0.2279881387,1909.8,8164.8586818244485,4753160183689.32,3272867.9844789845,3944168580.3597474,38673.18070391542,True,False
Taklamakan,fft,high,10.00374607,0.23034714292293168,2.73e-06,0.007259567761850866,0.245209854,2273.3,9869.017566936303,10686553913468.078,3497759.917022262,6113836760.138926,34113.11228083468,True,False
Taklamakan,fft,high,9.887238513,0.22766442959773422,2.83e-06,0.007003045932810199,0.2612910584,2145.0,9421.761685784873,7695035791744.619,3021376.897811841,4821784251.603595,30882.39161628988,True,False
Taklamakan,fft,high,9.802752173,0.2257190396509245,2.92e-06,0.00678719862666194,0.2726961679,2553.4,11312.293388935397,17622053256708.227,3375442.1216382505,7712471771.905908,28678.737117517154,True,False
Taklamakan,physics_colI,,9.764720455,0.22484331794423082,2.96e-06,0.006695479726301644,0.2574893552,1199.911617,5336.656779356107,451436414169.7572,1645317.5706663316,861833083.7651249,29962.008213952104,True,False
Taklamakan,physics_colI,,9.863945242,0.22712807667687487,2.86e-06,0.006929587409039463,0.23996350360000002,897.4397893,3951.2498957878647,113720392270.74663,1342864.1645076377,390782598.8374316,33274.43440430721,False,False
Taklamakan,physics_colI,,10.02079197,0.2307396433258882,2.71e-06,0.007313143907694785,0.2181037105,1513.785733,6560.579322999059,1612968500844.0466,2618461.982528385,2055114765.2809901,38635.769331686584,True,False
Taklamakan,physics_colI,,12.54218674,0.28879750259043496,1.38e-06,0.014361318833226716,0.0683926399,897.4397893,3107.5053670831967,252663216720.8619,7619665.397438676,1387519070.014355,241954.3617568627,False,False
Taklamakan,physics_colI,,12.65155173,0.2913157505353565,1.35e-06,0.014680459251742863,0.05847019465,421.7266867,1447.6618099947732,6961855440.677164,4065429.600504453,168234756.16816497,289303.4424373023,False,False
Taklamakan,physics_colI,,12.67047874,0.2917515655437611,1.34e-06,0.014790014917800645,0.05314781022,1801.983335,6176.430730171052,9938627643320.746,20437233.83171159,14251949239.064066,320650.3627515675,True,False
Taklamakan,physics_colI,,12.69326633,0.29227627460913214,1.34e-06,0.014790014917800645,0.04965024331,1199.911617,4105.4020501823825,1416977229162.576,14408074.0381,4518397152.539403,343238.2902957916,False,False
Taklamakan,physics_colI,,12.49399064,0.2876877349236685,1.4e-06,0.01415615713560919,0.04501216545,951.1173591,3306.0754548759533,513748757810.7195,12168169.960375704,2500276425.1123776,362379.78858768067,False,False
Taklamakan,fft,high,13.42781667,0.3091900957885284,1.14e-06,0.017384754377063914,0.03839720195,354.3,1145.8969896704734,3960001947.3788857,5677035.993294121,149936898.6900314,521695.9679573776,False,False
Taklamakan,fft,high,10.68170555,0.2459578979483755,2.21e-06,0.0089677013528746,0.17723540150000003,3039.6,12358.212626447093,55428914526057.8,7502676.852697104,20392774063.00526,58301.42399269869,True,False
Taklamakan,fft,high,10.61621546,0.24444991733634205,2.25e-06,0.008808275551045717,0.1890206813,3414.0,13966.050949007398,93361692172960.12,7816903.015111193,27014797667.99476,53694.532712143395,True,False
Taklamakan,fft,high,10.54840638,0.24288853945520272,2.3e-06,0.00861679129993603,0.1998935523,3039.6,12514.382139304726,50242506968261.16,6473436.255875726,18034457746.060196,49670.12896254815,True,False
Taklamakan,fft,high,10.34375023,0.2381761088212945,2.44e-06,0.008122385241742977,0.2181037105,2024.0,8497.913623732193,6424593219319.127,3781673.9058512147,4929068525.919252,42911.038888881405,True,False
Taklamakan,fft,high,10.24983319,0.23601356674111768,2.52e-06,0.007864531742005106,0.2338807786,1428.4,6052.194455273862,1086336214666.0376,2418970.285595425,1621053676.9161463,38745.99675499585,True,False
Taklamakan,fft,high,10.16040498,0.23395438485804412,2.59e-06,0.00765197683005902,0.2515586983,1700.3,7267.656047702147,2425089048384.2188,2635803.0125349336,2528251771.362298,35049.57906794207,True,False
Taklamakan,fft,high,10.08494083,0.23221674065716458,2.65e-06,0.0074787245244727785,0.2693506691,2145.0,9237.06014445699,7229657064582.855,3067968.0045078066,4709602590.209075,31993.22179788676,True,False
Taklamakan,fft,low,9.932760741,0.228712628451035,2.79e-06,0.00710344802503687,0.2867244526,49.2,215.11711151766687,56246.09681547457,31468.116767494124,42070.87760322018,28546.50694303095,False,False
Taklamakan,fft,low,9.908316407,0.22814977105160145,2.81e-06,0.007052889676104222,0.2814400852,46.4,203.37517669261894,43126.89101246207,28268.405637536216,34916.01994824285,28875.508172458543,False,False
Taklamakan,fft,low,9.857797755,0.22698652409680167,2.86e-06,0.006929587409039463,0.2815161192,69.7,307.06668722886576,323715.44941415044,58667.32631347119,137809.72354479178,28363.029025323172,False,False
Taklamakan,physics_colI,,12.25955559,0.2822896127011904,1.47e-06,0.013482054414865895,0.07527372263,2553.427285,9045.417082713764,42051284797399.695,19374822.932559226,28543584165.907383,206376.94549002242,True,False
Taklamakan,physics_colI,,12.58102938,0.28969189665891454,1.37e-06,0.014466145977994792,0.07337287105,2273.34799,7847.468349025508,22958725068563.0,18468215.87456026,20591422747.61265,227177.76843933348,True,False
Taklamakan,physics_colI,,12.74192636,0.29339672476916345,1.32e-06,0.015014106052918837,0.07055961071,1428.353227,4868.333919282124,2347644907048.8677,12257443.979904534,5364338349.960755,245183.81723640984,False,False
Taklamakan,physics_colI,,12.85888649,0.296089859080338,1.29e-06,0.015363271309963466,0.055809002430000004,711.3611955,2402.517930568458,93020888644.18892,7639663.758615825,842999591.7966084,317196.1734546684,False,False
Taklamakan,physics_colI,,12.97992301,0.2988768567086509,1.26e-06,0.015729063484010212,0.04505018248,421.7266867,1411.0382829377277,8530974884.340749,5498567.6543641,216582876.88371986,402304.42541335087,False,False
Taklamakan,physics_colI,,12.93661857,0.2978797248382417,1.27e-06,0.015605212590435328,0.03995590024,563.8648481,1892.927920509517,40688367416.75137,8429344.20651322,585641745.572218,450025.6505698077,False,False
Taklamakan,fft,high,12.87430856,0.29644496902991085,1.29e-06,0.015363271309963466,0.03672445255,82.9,279.6471813007409,3467232.4637116864,858188.4617110124,1724975.0416824052,482033.10834971967,False,False
Taklamakan,fft,high,12.67565183,0.2918706815722213,1.34e-06,0.014790014917800645,0.03239051095,222.6,762.6665302623732,535387216.9142268,3606857.6640587393,43943890.20746977,526137.5670424385,False,False
Taklamakan,fft,high,12.387616,0.2852383430426673,1.43e-06,0.013859174818078926,0.08021593674,62.0,217.36208161441235,412875.8206312505,224149.51697705447,304213.60220410884,199078.89091531016,False,False
Taklamakan,fft,high,12.22080078,0.28139724101406893,1.49e-06,0.013301087241511992,0.07173813869,82.9,294.601324807784,1987289.6502517494,413924.3993133736,906966.1927228267,213641.45976850556,False,False
Taklamakan,fft,high,12.14476323,0.27964639365401,1.51e-06,0.01312491390056481,0.06960918491,124.5,445.2050976707267,15512244.616959516,764717.947574226,3444196.838996084,217259.31894166252,False,False
Taklamakan,fft,low,11.88030486,0.27355695180639666,1.61e-06,0.012309701857051469,0.07276459854,65.7,240.16936716891624,661543.9886440124,266187.9268295802,419636.77489433764,194928.74911976515,False,False
Taklamakan,fft,low,11.80523727,0.27182843883119573,1.64e-06,0.012084524384056624,0.07257451338,41.3,151.9340661248734,67939.8639392493,84131.00605816243,75603.2347500007,191864.1919463099,False,False
Taklamakan,fft,low,11.76321567,0.2708608457482327,1.66e-06,0.011938927704730644,0.07333485401,43.8,161.7066500660359,90356.74704065589,101516.85342283192,95774.38407575466,187587.28150517543,False,False
Taklamakan,physics_colI,,11.57147855,0.26644588984319234,1.74e-06,0.011390011488421186,0.07622414842,532.0423875,1996.8121400300656,20264686258.168472,3412983.2621045564,262988659.47209436,172178.95994193488,False,False
Taklamakan,physics_colI,,11.40134828,0.2625284551797186,1.82e-06,0.010889351642776301,0.07873327251000001,1801.983335,6863.954361695457,8316293453088.364,11308602.351180388,9697713941.785515,159364.73263206444,True,False
Taklamakan,physics_colI,,11.30742478,0.26036576435100967,1.86e-06,0.010655172037555305,0.08200273723000001,1700.286015,6530.37475659732,6109773365972.268,10099477.809496127,7855286152.0562935,149720.27495726524,True,False
Taklamakan,physics_colI,,11.3173892,0.2605952059683621,1.86e-06,0.010655172037555305,0.08291514599,3221.355423,12361.529871701065,140963808783337.5,19060302.22729311,51834474999.95315,148072.73410342546,True,False
Taklamakan,physics_colI,,11.36677673,0.26173240760781963,1.83e-06,0.010829846988990637,0.08770529197,532.0423875,2032.7722973351217,18287951770.596806,2874082.0008929553,229262018.2609207,142280.3815346534,False,False
Taklamakan,physics_colI,,11.47637544,0.2642560372101591,1.78e-06,0.011134056174074645,0.09143096107,897.4397893,3396.099475245967,227135481944.2218,4844337.015794881,1048961783.2804031,140316.46092293505,False,False
Taklamakan,physics_colI,,11.51377344,0.26511716687006376,1.77e-06,0.011196960446244556,0.09534671533,532.0423875,2006.8198290635726,16323725069.943777,2696464.128635401,209800712.81292108,135314.05435975705,False,False
Taklamakan,fft,high,11.48198432,0.2643851877777522,1.78e-06,0.011134056174074645,0.10123935519999999,1909.8,7223.551425299281,8508422868029.164,9471052.745953983,8976843641.725374,126722.15119091405,True,False
Taklamakan,fft,high,11.43392441,0.2632785560339865,1.8e-06,0.011010344438807149,0.10500304140000001,2409.3,9151.144082121846,26072085079001.438,11477115.775309965,17298333415.54703,120822.41880822419,True,False
Taklamakan,fft,high,11.19263663,0.2577226422436621,1.92e-06,0.010322197911381701,0.1133287713,2024.0,7853.403885586518,10645919315521.42,8538324.357678015,9534060635.510529,104949.5306220407,True,False
Taklamakan,fft,high,11.16711356,0.25713494577356144,1.93e-06,0.010268715020649152,0.11929744530000001,2024.0,7871.353284599356,10174893405579.701,8087814.306954475,9071529554.456858,99182.13596613186,True,False
Taklamakan,fft,high,11.10444028,0.25569182527804,1.96e-06,0.010111540811149422,0.12461982969999999,1700.3,6649.801956519685,4172258219891.067,6423939.666286957,5177097167.018409,93492.9115380739,True,False
Taklamakan,fft,high,10.90444054,0.2510866135531557,2.08e-06,0.00952818268742926,0.1421456813,1513.8,6028.995248205554,2124856914522.6677,4803188.99145333,3194697065.489742,77236.9125607277,True,False
Taklamakan,fft,high,10.82521133,0.24926227474728868,2.12e-06,0.009348405655590974,0.1549574209,1700.3,6821.329066838643,3517692862006.248,4901632.127549549,4152401274.83623,69514.2224221601,True,False
Taklamakan,fft,high,10.71731393,0.24677781965967438,2.19e-06,0.009049598168882586,0.164689781,1909.8,7738.945107116034,5973682148448.271,5074995.957322203,5506034212.907035,63315.66062910662,True,False
Taklamakan,fft,high,10.68747699,0.24609079163692463,2.21e-06,0.0089677013528746,0.17856599760000003,2409.3,9790.289120425981,17425224413775.66,5885477.187518552,10126981819.607853,57866.98715460085,True,False
Taklamakan,fft,high,10.64562112,0.24512701466761838,2.23e-06,0.008887273538050614,0.1913397202,2868.0,11700.056821109187,38837899745307.34,6517205.814321306,15909575294.021679,53519.483297635765,True,False
Taklamakan,fft,high,10.34147858,0.238123801607221,2.45e-06,0.008089232648919538,0.2514826642,2409.3,10117.846194871681,13129281710485.121,3897186.3186011612,7153129179.258758,37063.61470631162,True,False
Taklamakan,fft,high,10.15599169,0.23385276405167055,2.59e-06,0.00765197683005902,0.2953923358,563.9,2411.346311371391,8913289278.227362,721669.9283960932,80202573.74418856,29848.52827144486,False,False
Taklamakan,fft,high,10.11495823,0.23290792396785556,2.63e-06,0.00753559695431668,0.2979774939,799.0,3430.540216872453,49577935467.93597,1016568.7078794525,224498057.4481003,29139.540407905522,False,False
Taklamakan,physics_colI,,10.10259399,0.23262322388265905,2.64e-06,0.0075070530264594185,0.2971411192,1513.785733,6507.457457315574,1167518694732.5303,1956683.1749443447,1511444404.0109859,29110.872879476025,True,False
Taklamakan,physics_colI,,12.15582256,0.2799010467659859,1.51e-06,0.01312491390056481,0.10378649640000001,633.3336976,2262.7057130283088,31785907909.25638,3295489.0823982647,323651220.4350094,145714.94973050125,False,False
Taklamakan,physics_colI,,12.14483997,0.2796481606760459,1.51e-06,0.01312491390056481,0.09869221411,264.9724883,947.5209408115982,455148908.5228005,1348110.4534114446,24770769.09258969,153236.44567113311,False,False
Taklamakan,physics_colI,,12.05794099,0.27764721706693685,1.55e-06,0.012786206445066364,0.08724908759,799.0017781,2877.7590012990186,120695467347.16022,4910182.7838459965,769829075.7410197,168860.9846285358,False,False
Taklamakan,physics_colI,,12.27103005,0.2825538246333095,1.47e-06,0.013482054414865895,0.08074817517999999,1801.983335,6377.4869702739425,6984476997229.38,12668432.819041276,9406507195.316418,192385.28818036104,True,False
Taklamakan,physics_colI,,12.52992679,0.28851520389601415,1.39e-06,0.014257999992699904,0.06592153285,1271.680598,4407.672735535752,1460950274908.3892,11252898.344766155,4054617729.2443085,249218.2326933135,False,False
Taklamakan,fft,low,12.12315581,0.2791488592875728,1.52e-06,0.013038565782797938,0.0639446472,69.7,249.68756876844924,965985.0761415844,344334.932890207,576734.2597472027,234949.28405235024,False,False
Taklamakan,fft,low,12.00395722,0.27640418199820393,1.57e-06,0.012623324834301187,0.06592153285,69.7,252.16695165796338,952515.690640261,329119.54242842604,559903.1418552846,220645.44168388902,False,False
Taklamakan,fft,low,11.79489993,0.2715904103248981,1.65e-06,0.01201128484233507,0.06919099757,58.5,215.39788510948392,396664.94910134503,221088.84740985287,296138.8127292745,200026.88562587084,False,False
Taklamakan,fft,low,11.74584534,0.27046087499136523,1.67e-06,0.011867437119672374,0.07082572993,55.2,204.0960638087203,293438.92336887756,190472.9111843294,236415.24060192367,193069.8144888756,False,False
Taklamakan,fft,low,11.59630834,0.2670176227866172,1.73e-06,0.011455849705117262,0.07017944039,41.3,154.67143916940725,72740.09672761285,87885.7661944076,79955.10699112082,188090.08622150583,False,False
Taklamakan,fft,low,11.53411943,0.2655856554376108,1.76e-06,0.011260579539689128,0.07272658151,55.2,207.8425504910868,296627.68320974556,183031.83595959077,233007.10172507534,178408.71594742237,False,False
Taklamakan,physics_colI,,11.34132098,0.2611462612540008,1.85e-06,0.010712767562082628,0.07375304136,846.7915844,3242.595089563156,215624020981.55463,5508308.241488095,1089827312.850756,167367.16009527026,False,False
Taklamakan,physics_colI,,11.31403782,0.26051803679568947,1.86e-06,0.010655172037555305,0.07580596107,897.4397893,3444.827852759441,281268159892.6477,5674458.629752358,1263346562.577902,161959.1941323299,False,False
Taklamakan,physics_colI,,11.30033219,0.2602024497455617,1.87e-06,0.010598192507942708,0.0795696472,671.2145829,2579.585947620191,63932337304.37943,3981927.023571559,504553170.2332278,153473.31379004885,False,False
Taklamakan,physics_colI,,11.37325308,0.2618815326164544,1.83e-06,0.010829846988990637,0.08264902676000001,633.3336976,2418.397705528804,45741190025.883736,3661655.941484419,409253589.14595366,150984.74710822804,False,False
Taklamakan,physics_colI,,11.45047679,0.26365969260171773,1.79e-06,0.011071854742934562,0.08538625304,799.0017781,3030.4282395829305,137831977236.6178,4584259.2764182035,794894659.8348914,149410.43234425478,False,False
Taklamakan,physics_colI,,11.32357735,0.2607376948582744,1.85e-06,0.010712767562082628,0.09025243309,753.9090529,2891.446337706529,100074690663.61067,3996705.7229875466,632431094.1924512,136770.1308229873,False,False
Taklamakan,fft,high,11.29509167,0.26008178106795,1.87e-06,0.010598192507942708,0.09492852798,1700.3,6537.559043998444,5278189744611.234,8687355.045031138,6771521860.444668,128642.22897738314,True,False
Taklamakan,fft,high,11.29136468,0.2599959630661539,1.87e-06,0.010598192507942708,0.1059914842,2409.3,9266.68234224457,26450406390319.65,11084329.952565573,17122646752.466509,115215.08095731602,True,False
Taklamakan,fft,high,11.23241232,0.258638520804071,1.9e-06,0.010430852626238352,0.1101733577,3039.6,11752.309712220393,80925921952501.53,13344271.343596233,32861793336.104946,109091.70341911163,True,False
Taklamakan,fft,high,11.15506524,0.25685752009026225,1.94e-06,0.010215783499924158,0.114203163,2868.0,11165.723312255592,59385848204555.37,11972719.433451364,26664772619.89445,103072.31897862957,True,False
Taklamakan,fft,high,10.99306706,0.2531273356512929,2.02e-06,0.009811198014778645,0.12807937960000002,2273.3,8980.855402877894,17360193540724.297,8226564.118626333,11950512343.599798,88265.56891507964,True,False
Taklamakan,fft,high,10.95225065,0.2521874933799995,2.05e-06,0.0096676195072453,0.1387241484,1513.8,6002.676737497786,2161935595774.191,4971475.588844099,3278415781.905113,80300.08056218342,True,False
Taklamakan,fft,high,10.89463603,0.2508608540376246,2.08e-06,0.00952818268742926,0.1527904501,2273.3,9061.995777384407,14774259325745.969,6758401.423742058,9992515962.55197,71855.888573321,True,False
Taklamakan,fft,high,10.81057087,0.24892516221879388,2.13e-06,0.00930451642716097,0.1667046837,2145.0,8617.04771378091,10313690102507.197,5748236.342215496,7699709622.419545,64312.36851571235,True,False
Taklamakan,fft,high,10.72800682,0.24702403509175894,2.18e-06,0.009091110087088471,0.1803527981,2273.3,9202.748223085116,12886198094779.086,5548806.726431018,8455945994.767987,58082.12956651541,True,False
Taklamakan,fft,high,10.57085994,0.24340555711621265,2.28e-06,0.008692377188531957,0.2074969586,1909.8,7846.164330127337,4874174030048.564,3923387.8179976656,4373016694.719233,48269.78085200753,True,False
Taklamakan,physics_colI,,10.55594697,0.24306216974832487,2.29e-06,0.008654419209542736,0.21354166670000002,1909.763363,7857.0983093643745,4748042892894.936,3801045.846050479,4248238307.2172155,46698.59335839899,True,False
Taklamakan,physics_colI,,10.61266603,0.24436818784683045,2.26e-06,0.00876930088046587,0.21951034060000002,1909.763363,7815.106294429111,4558082327496.506,3726467.1883026273,4121352233.7938795,46031.8560813146,True,False
Taklamakan,fft,low,10.63175342,0.24480769577931796,2.24e-06,0.008847598209755742,0.2443354623,62.0,253.26001211943083,184007.8315556412,62715.819018300965,107425.33156473664,41724.13934028413,False,False
Taklamakan,fft,high,10.5916736,0.24388481429459577,2.27e-06,0.008730669599054126,0.26045468369999997,58.5,239.8673331474263,130271.44902919942,52621.82586315245,82795.66115295578,38624.5898413742,False,False
Taklamakan,fft,high,10.54219958,0.24274562112873885,2.3e-06,0.00861679129993603,0.2689324818,799.0,3291.5114854996896,51212235025.39732,1234037.7941580475,251391792.9142573,36919.07520827729,False,False
Taklamakan,fft,high,10.3804673,0.23902155932671715,2.42e-06,0.008189512392501184,0.2829227494,799.0,3342.7946928747615,49934695376.28151,1132821.2388785041,237838355.77799457,33353.28954625147,False,False
Taklamakan,physics_colI,,10.34036108,0.23809806995325702,2.45e-06,0.008089232648919538,0.2937576034,2145.048581,9009.096887770287,6338116541360.781,2966704.8181807767,4336279612.922385,31729.75427135972,True,False
Taklamakan,physics_colI,,12.16362988,0.28008081880770913,1.51e-06,0.01312491390056481,0.1008972019,446.9509568,1595.7928097420208,5834039339.856473,2339575.593152232,116829688.21758519,149887.64624632124,False,False
Taklamakan,physics_colI,,12.18692573,0.28061723111285086,1.5e-06,0.013212413326568577,0.08576642336000001,280.8209936,1000.7261225062377,690421741.7012881,1660854.043112012,33862807.6384257,177506.12811612204,False,False
Taklamakan,fft,low,11.77111088,0.2710426415528794,1.66e-06,0.011938927704730644,0.07208029197,73.8,272.28187999194176,1203340.7923359156,325014.8491818778,625382.7836896847,190852.2500025441,False,False
Taklamakan,fft,low,11.75474105,0.2706657083976145,1.66e-06,0.011938927704730644,0.07048357664,41.3,152.586747115114,70590.36809003825,86921.54355160311,78331.49911920461,195175.7637609409,False,False
Taklamakan,fft,low,11.57699471,0.26657290543185425,1.74e-06,0.011390011488421186,0.06949513382,58.5,219.4521603957786,410606.864119065,216780.27002048865,298347.8957123663,188850.55508214977,False,False
Taklamakan,fft,low,11.42651131,0.2631078613368947,1.81e-06,0.010949513806548544,0.07059762774,41.3,156.96984419297792,74332.82629580834,87819.4278755179,80795.21197241913,178711.79902763496,False,False
Taklamakan,fft,high,11.47992961,0.26433787584333046,1.78e-06,0.011134056174074645,0.0722323601,951.1,3598.0466172910624,382356686667.78253,6508770.1273237895,1577552465.1071877,177611.099213205,False,False
Taklamakan,fft,high,11.37679108,0.26196299891777386,1.83e-06,0.010829846988990637,0.07599604623,597.6,2281.238199550378,37290295894.65609,3745577.090640033,373729418.17070264,164202.52135661367,False,False
Taklamakan,fft,high,11.37420549,0.2619034628934583,1.83e-06,0.010829846988990637,0.07580596107,711.4,2716.2680177672787,88476818079.24738,4507385.069238855,631505414.6910871,164614.2628885976,False,False
Taklamakan,fft,high,11.3548129,0.26145692739874277,1.84e-06,0.010770989124920034,0.07747871046,354.3,1355.0989202120627,2781978830.725047,2095208.4962745036,76346746.3785519,160184.94729995506,False,False
Taklamakan,fft,high,11.35855542,0.2615431029956941,1.84e-06,0.010770989124920034,0.08055809002,597.6,2284.9006269144043,35265466908.64777,3520188.0063853115,352336591.4170709,154061.78508976992,False,False
Taklamakan,fft,high,11.39669528,0.26242131478965663,1.82e-06,0.010889351642776301,0.08363746959,315.4,1201.8840781009283,1441063933.2227204,1720751.1418514715,49796710.82083604,150020.16421960024,False,False
Taklamakan,physics_colI,,11.3717579,0.26184710446936377,1.83e-06,0.010829846988990637,0.09344586375000001,502.0158696,1917.2099329390753,12857795189.791132,2535378.0755737214,180552961.8267551,133539.8047952633,False,False
Taklamakan,physics_colI,,11.37793573,0.2619893557300421,1.83e-06,0.010829846988990637,0.0990343674,375.4685011,1433.1441063845684,2885033629.879894,1751450.378140348,71084409.27517623,126004.16129986582,False,False
Taklamakan,physics_colI,,11.45566105,0.26377906583158717,1.79e-06,0.011071854742934562,0.1076262165,753.9090529,2858.107979582209,81907646965.41652,3422350.1710343016,529449383.41744286,118536.14665495873,False,False
Taklamakan,fft,high,11.22420265,0.2584494842156163,1.9e-06,0.010430852626238352,0.1183850365,1428.4,5526.805380692231,1818218304510.5276,5777901.669236182,3241216835.7990427,101524.64887651659,True,False
Taklamakan,fft,high,11.11587698,0.2559551677450551,1.96e-06,0.010111540811149422,0.1215784672,2145.0,8380.37387132005,13394586857849.389,8327128.532723328,10561176374.251049,95831.69604256973,True,False
Taklamakan,fft,high,11.09204393,0.2554063858251399,1.97e-06,0.010060213192818713,0.1306645377,1271.7,4979.1237438779235,949236201870.1196,4538395.850290699,2075574532.3917074,88715.18184767403,False,False
Taklamakan,fft,high,10.93493495,0.25178878053834997,2.06e-06,0.009620689315462555,0.1425638686,1132.2,4496.626091040441,503073243327.3334,3583665.67543685,1342701126.2164245,77758.02428694817,False,False
Taklamakan,fft,high,10.90614342,0.25112582421883994,2.07e-06,0.009574212555484475,0.16168643549999998,1700.3,6770.709485131638,3328094773008.7417,4774818.654815744,3986357862.404843,68230.40941230323,True,False
Taklamakan,fft,high,10.98633255,0.2529722662276359,2.03e-06,0.009762866990075303,0.201946472,55.2,218.2057378192143,117757.28827457856,63213.21555716016,86277.55703036326,55704.41287494928,False,False
Taklamakan,fft,high,11.01876066,0.2537189587602754,2.01e-06,0.009860009945200431,0.21430200729999999,73.8,290.8730209228449,463099.0543203153,100638.55047839094,215883.34246696794,53015.103439629085,False,False
Taklamakan,fft,high,10.9764489,0.2527446844274563,2.03e-06,0.009762866990075303,0.2267715937,671.2,2655.644376935058,23851447336.43437,1326698.6409386396,177886713.29154128,49606.34386072749,False,False
Taklamakan,fft,low,11.25826424,0.25923378940339403,1.89e-06,0.010486042322673474,0.140586983,148.2,571.684734235728,21082658.582341317,416719.46526154206,2964043.5574945477,85943.88750478179,False,False
Taklamakan,fft,high,10.91597495,0.2513522058992839,2.07e-06,0.009574212555484475,0.1667046837,55.2,219.6121565852439,144402.25416287134,76074.79559556702,104811.12521569242,66176.49513935616,False,False
Tengger,fft,high,35.86282498,0.8257805839416058,2.78e-06,0.007128999996349952,0.03246654501,3221.4,3901.0362590794434,811806573309.428,10077377.28511491,2860223963.569182,253011.95289260027,False,False
Tengger,fft,high,34.50367662,0.7944847134403279,3.1e-06,0.006393103222533182,0.0222399635,3221.4,4054.7035650950293,1286046386390.4875,13727452.575578451,4201683088.854924,331227.3160517724,False,False
Tengger,fft,high,34.99024666,0.8056885182712011,2.98e-06,0.006650543620755996,0.01969282238,2706.2,3358.866284711124,596544450617.3976,13282329.094379053,2814871171.5682173,389132.65897255065,False,False
Tengger,fft,high,34.99730569,0.8058510601211172,2.98e-06,0.006650543620755996,0.02300030414,3221.4,3997.512889684395,1206013663031.8208,13607959.828243073,4051096824.176052,333174.73928862374,False,False
Tengger,fft,high,36.32327604,0.8363829708259458,2.69e-06,0.007367516724852367,0.02505322384,2868.0,3429.0511644059293,575282417011.4042,11815857.401918013,2607192935.944228,338848.84592741495,False,False
Tengger,fft,high,34.83044376,0.8020088825439222,3.02e-06,0.006562456950282405,0.030413625299999997,2145.0,2674.5339692450707,123799184318.2663,6698735.260765292,910657982.5855325,248626.13313038438,False,False
Tengger,fft,high,35.07466184,0.8076322696815491,2.96e-06,0.006695479726301644,0.03501368613,3221.4,3988.696490879697,788932132121.8761,8978984.473085077,2661542666.31971,220339.50229814407,False,False
Tengger,fft,high,35.17093579,0.8098490821801101,2.94e-06,0.006741027207432948,0.02482512165,2409.3,2974.9987411409734,263499987311.52158,9417784.845110776,1575305109.2373595,312883.8837340113,False,False
Tengger,fft,high,36.9745206,0.8513785857376407,2.56e-06,0.007741648433536276,0.023532542580000003,846.8,994.6221506926042,1430537170.0068445,3522444.472973494,70985827.7959323,379064.47996877256,False,False
Tengger,physics_colI,,37.61382781,0.8660993301710838,2.44e-06,0.008122385241742977,0.05828010949,951.1173591,1098.161984390546,988051336.3097225,1666953.2169367755,40583683.34146337,160587.49520161256,False,False
Tengger,fft,high,35.59216603,0.8195483669897994,2.84e-06,0.006978387320370727,0.024711070560000003,2145.0,2617.2951913486004,145615909127.58356,8571449.803635962,1117201618.1951663,325395.84916135046,False,False
Tengger,fft,high,35.58284174,0.8193336650625158,2.84e-06,0.006978387320370727,0.03136405109,1909.8,2330.9185029694595,64754406958.14532,5981861.886800322,622376027.0007892,256372.48726204806,False,False
Tengger,fft,high,35.99328553,0.8287845801192751,2.76e-06,0.007180659416613358,0.03877737226,2409.3,2907.0280236792823,160320140904.56006,6270059.5804027235,1002605024.6284183,213370.53765426346,False,False
Tengger,fft,high,36.50924199,0.840665039259481,2.65e-06,0.0074787245244727785,0.03737074209,3039.6,3615.7088234304365,508557142008.97974,8493111.619681222,2078276346.4150622,230592.0411527344,False,False
Tengger,fft,high,36.79394747,0.8472206928550047,2.59e-06,0.00765197683005902,0.03144008516,2706.2,3194.2090447301493,335457387775.2993,9087104.625017256,1745948561.6561358,280439.0141255722,False,False
Tengger,fft,high,36.89182598,0.8494744520942227,2.57e-06,0.007711525287880493,0.025015206810000003,2553.4,3005.8584972215035,314777184855.2285,10806958.496309621,1844392575.4338841,355209.59494340775,False,False
Tengger,fft,high,35.35637558,0.8141190352068893,2.9e-06,0.006834006893052712,0.04565845499,1802.0,2213.435532240152,33747432101.59306,3811202.843223756,358633948.72361445,172465.68593207598,False,False
Tengger,fft,high,35.66281157,0.821175057450091,2.83e-06,0.007003045932810199,0.027866484179999998,1199.9,1461.1987896051348,7295856029.814765,4110358.563137487,173172123.35583168,289569.81940100883,False,False
Tengger,fft,high,35.83654898,0.825175550438647,2.79e-06,0.00710344802503687,0.03394920925,1802.0,2183.777741647935,44137707852.8633,5252666.396803865,481498343.5804127,241094.91083014396,False,False
Tengger,fft,high,35.68245278,0.8216273176909438,2.82e-06,0.007027879429025839,0.03911952555,2145.0,2610.6726904214797,91484018808.7842,5438420.589908499,705357052.5182749,207004.23103132832,False,False
Tengger,fft,high,36.00237819,0.828993948513666,2.75e-06,0.007206770905401041,0.04067822384,1700.3,2051.0403037905535,27423650894.18586,4162828.217312976,337875639.49485487,204139.5879777571,False,False
Tengger,fft,high,36.0248118,0.8295105068042091,2.75e-06,0.007206770905401041,0.036952554740000004,1604.3,1934.032163354702,22590569310.603455,4306268.157653633,311899101.12970674,224721.56290118996,False,False
Tengger,fft,high,36.20738102,0.8337143618319556,2.71e-06,0.007313143907694785,0.0335310219,1604.3,1924.2801533067084,24640650556.78236,4789980.605001731,343552380.66648966,251307.71959153886,False,False
Tengger,fft,high,35.63803328,0.8206045103502269,2.83e-06,0.007003045932810199,0.02900699513,1068.3,1301.8451477241563,3963909514.73172,3482981.2333825314,117499882.76860976,278184.3743269408,False,False
Tengger,fft,high,35.85570202,0.8256165700338484,2.79e-06,0.00710344802503687,0.027562347929999998,1132.2,1371.3387558992215,5469786679.570716,3934919.2211578526,146707766.46475127,296962.421259249,False,False
Tengger,fft,high,36.3623352,0.8372823505031199,2.68e-06,0.007395007458900323,0.023342457419999997,1802.0,2152.2011050599417,62192817809.37551,7831915.020945306,697917519.479317,365040.07097155217,False,False
Tengger,fft,high,36.04245547,0.8299167715121232,2.75e-06,0.007206770905401041,0.02619373479,1700.3,2048.75965682923,42355023469.00878,6457172.874499055,522966259.56447166,317023.74330883176,False,False
Tengger,fft,high,36.13763467,0.8321083762002348,2.73e-06,0.007259567761850866,0.03147810219,1909.8,2295.1337285185964,62184808462.31682,6100429.941789439,615917256.9980149,265736.2007207169,False,False
Tengger,fft,high,33.85249985,0.7794906594671763,3.27e-06,0.006060740058058981,0.03174422141,846.8,1086.350413202941,1283205635.2798908,2256304.3114762236,53808014.341662936,219993.31157277216,False,False
Tengger,fft,high,36.27890637,0.8353613108752216,2.7e-06,0.007340229625871431,0.03908150852,1008.0,1206.6634962348232,2119960685.7138717,2493173.244926504,72700957.7785456,216414.73465088414,False,False
Tengger,fft,high,36.52182767,0.8409548382417279,2.65e-06,0.0074787245244727785,0.04679896594,897.4,1067.1203246494044,983425699.6090068,1851343.522843419,42669178.56215295,184136.45525787238,False,False
Tengger,fft,high,35.85398869,0.8255771187455387,2.79e-06,0.00710344802503687,0.058166058390000004,711.4,861.700238350803,261590647.29432717,1111088.4871487082,17048470.798124544,140717.48719851064,False,False
Tengger,fft,high,33.62158011,0.7741734810840681,3.33e-06,0.00595153753449035,0.046684914839999994,711.4,918.9154852008531,375042566.96817636,1248154.4161656876,21635873.825927276,146893.0015320961,False,False
Tengger,fft,high,36.04970212,0.8300836335167745,2.74e-06,0.007233072988997396,0.04501216545,1008.0,1214.3354709084626,1871407368.824018,2148004.84084594,63401830.31607806,185157.55621268353,False,False
Tengger,fft,high,35.78343235,0.8239524822123465,2.8e-06,0.007078078567804595,0.055048661799999996,799.0,969.7161150053847,493335410.21328026,1337958.3350278072,25691676.16289799,148155.27268316544,False,False
Tengger,fft,high,35.59212294,0.8195473747956435,2.84e-06,0.006978387320370727,0.06554136253000001,473.7,578.0019734894745,31772827.784570396,603005.9633010612,4377122.870680419,122684.04986052473,False,False
Thar,physics_colI,,21.97595443,0.5060202728591494,1.45e-06,0.013668013786105424,0.13454227489999998,397.9259817,786.3834771907698,138550756.33798215,831631.916891037,10734208.45149092,117056.3938256877,False,False
Thar,physics_colI,,20.47010495,0.47134644937714426,1.77e-06,0.011196960446244556,0.1675410584,421.7266867,894.727619688843,172356060.39281574,634756.3874596034,10459641.975312203,77006.5006416833,False,False
Thar,physics_colI,,21.02180158,0.4840498648368602,1.64e-06,0.012084524384056624,0.1449969586,297.6174279,614.8486953927903,33741117.6291634,509189.8959137414,4144953.096671543,96032.7064787851,False,False
Thar,physics_colI,,20.00013964,0.46052498652973817,1.89e-06,0.010486042322673474,0.1689857056,532.0423875,1155.2953760645594,565064095.3154701,785122.6666381333,21062873.245014466,71500.67402854144,False,False
Thar,fft,high,22.2986451,0.5134505768035184,1.39e-06,0.014257999992699904,0.10002281019999999,532.0,1036.1269887200456,758453838.5094473,1597924.4930857592,34813100.48572458,164251.01314851095,False,False
Thar,fft,high,20.26302034,0.4665781008082157,1.82e-06,0.010889351642776301,0.1485325426,397.9,852.804705816132,149196657.65216947,659110.2365488261,9916503.633711614,84475.13725388567,False,False
Thar,fft,high,19.68273362,0.453216367404269,1.97e-06,0.010060213192818713,0.16123023109999998,532.0,1173.8322758442127,614636380.3692182,803474.6293093566,22222617.709828928,71896.74134938185,False,False
Thar,fft,high,25.48974696,0.5869291708305511,9.58e-07,0.02068749477020132,0.03995590024,951.1,1620.4681029128583,25047899291.595108,9466751.649669167,486951991.411325,596589.3279996406,False,False
Thar,fft,high,22.20467919,0.5112869094383937,1.41e-06,0.014055758858051678,0.08683090024000001,1008.0,1971.4958106539525,20612805888.811172,3647668.3639814146,274205543.2216977,186521.325528253,False,False
Thar,fft,high,20.36136427,0.46884257684957054,1.79e-06,0.011071854742934562,0.13401003649999998,187.0,398.8545606428562,3950604.8059226023,288723.0322926128,1068003.0893942877,95198.81731367442,False,False
Thar,fft,high,19.77093334,0.4552472619678095,1.95e-06,0.010163394866591215,0.1457953163,210.0,461.28778258275184,6832980.212712108,296299.4846566382,1422887.386863628,80323.70374998605,False,False
Thar,fft,high,26.57635767,0.611949565267448,8.48e-07,0.023371014138977436,0.0266879562,1132.2,1850.152470498415,81498177593.30997,18446738.006349612,1226122151.3612504,1009045.4793243853,False,False
Thar,fft,high,23.46801237,0.5403765311197587,1.21e-06,0.016379024785002368,0.05942062044,1008.0,1865.3659845501436,26711050647.580647,5857185.845673795,395539615.93762666,317613.79501205846,False,False
Thar,physics_colI,,25.77469306,0.5934903649635036,9.28e-07,0.021356271540789725,0.03231447689,3414.030779,5752.462012100136,16616291219858.266,45144152.7515138,27388471826.535324,761512.091126215,True,False
Thar,fft,high,20.79033873,0.4787201807547951,1.69e-06,0.011726994076836014,0.100973236,1802.0,3764.2031241691084,359998581615.9635,5137706.584841639,1359987898.2189457,133822.43566407933,False,False
Thar,fft,high,20.68890748,0.4763846158097124,1.72e-06,0.011522453482472595,0.1146213504,1513.8,3177.6844796446444,135054356220.9477,3733204.403807837,710060220.9654293,115831.83643366596,False,False
Thar,fft,high,20.14987189,0.46397273457827715,1.85e-06,0.010712767562082628,0.129752129,1271.7,2740.893818159159,53461873587.653145,2629525.8608354367,374939167.28910697,95133.98489833032,False,False
Thar,physics_colI,,19.93160715,0.4589469513458749,1.9e-06,0.010430852626238352,0.1294860097,354.2784382,771.937665477608,100257103.95145881,645361.0781177817,8043757.374205165,92820.8328509184,False,False
Thar,fft,high,23.0653484,0.5311047548872873,1.27e-06,0.015605212590435328,0.0677843674,1802.0,3392.927635118662,427427058830.66486,9149449.112176945,1977554581.7849452,265270.3077318729,False,False
Thar,fft,high,22.01122875,0.5068325024753045,1.45e-06,0.013668013786105424,0.08816149635000001,1428.4,2818.2880794421803,115179007996.78867,5082872.238727332,765140629.0552284,178638.45520923188,False,False
Thar,fft,high,21.50851548,0.49525698220083353,1.54e-06,0.012869233759644718,0.1002889294,1132.2,2286.085892153818,33932400774.269165,3380304.031866835,338676587.8359226,147859.145998845,False,False
Thar,fft,high,20.01589491,0.4608877687720187,1.88e-06,0.010541819143538758,0.12173053530000001,1347.7,2924.139218514712,77178929614.11754,2950194.808274363,477171748.3838938,99784.83153176626,False,False
Thar,fft,high,20.35695765,0.46874110962720755,1.79e-06,0.011071854742934562,0.1041666667,1428.4,3047.3111290281636,116123020300.45529,3779479.0633278675,662483602.8129057,122472.93099724712,False,False
Thar,fft,high,20.58988423,0.47410449768587803,1.74e-06,0.011390011488421186,0.09652524331000001,1700.3,3586.3401598154596,288034577177.9329,4965928.804826433,1195976255.4473643,135966.449266185,False,False
Thar,fft,high,21.97089938,0.5059038748301825,1.45e-06,0.013668013786105424,0.08234489051,1068.3,2111.665976779873,29665977650.363228,4021952.306472657,345420247.28531,191256.96104952335,False,False
Thar,fft,high,22.17669174,0.5106424679361716,1.42e-06,0.013956774640741455,0.08188868613,176.4,345.44717894879307,4008512.0903899837,485406.44650791347,1394904.157847488,196385.60999237877,False,False
Thar,fft,high,22.12812352,0.5095241318013308,1.42e-06,0.013956774640741455,0.08105231144,354.3,695.3547003700024,127958825.92309956,1219860.9027040936,12493677.156846507,198412.10313933148,False,False
Thar,fft,high,22.22469069,0.5117476960095788,1.41e-06,0.014055758858051678,0.0834093674,265.0,517.8333035329186,29229558.315371364,831627.958717567,4930326.349850319,194172.6105163615,False,False
Thar,fft,high,24.12873441,0.5555903753252435,1.12e-06,0.017695196419511484,0.03585006083,753.9,1356.9349533073998,9943711800.705925,7450056.716208185,272178648.8409548,568740.2832101659,False,False
Thar,physics_colI,,22.23835238,0.5120622712933753,1.41e-06,0.014055758858051678,0.0558850365,446.9509568,872.8449289401539,574020889.5149658,2322207.901056359,36510215.625261,289805.9234438597,False,False
Thar,fft,high,21.97162397,0.5059205593036911,1.45e-06,0.013668013786105424,0.07424726277,711.4,1406.1496156216986,4421582235.407674,2888238.3527343865,113007005.94243476,212116.01518139488,False,False
Thar,fft,high,22.41192806,0.5160590402726288,1.38e-06,0.014361318833226716,0.07481751824999999,1347.7,2611.5228972406408,97904695828.99683,5812737.85091933,754383411.2889503,221176.77681552133,False,False
Thar,fft,high,22.40000377,0.5157844705150936,1.38e-06,0.014361318833226716,0.07215632603000001,897.4,1739.8740196729887,13676329369.983805,3926816.49425899,231742175.16665167,229333.981458416,False,False
Thar,fft,high,22.42469256,0.5163529567800318,1.37e-06,0.014466145977994792,0.07173813869,502.0,972.2032059823254,783550901.195201,2104415.8912885804,40606858.63384004,232354.58033217024,False,False
Thar,physics_colI,,22.07608297,0.5083258414884064,1.43e-06,0.013859174818078926,0.07611009732,264.9724883,521.2650364658735,32631489.70400622,906203.1915299342,5437900.340586118,209818.41151496608,False,False
Thar,physics_colI,,21.45098975,0.4939323896474706,1.55e-06,0.012786206445066364,0.05915450122,2553.427285,5169.588669458248,3207362192176.2456,13239509.9980729,6516433365.788253,249059.1000606321,True,False
Thar,fft,high,21.88555416,0.5039387082364319,1.47e-06,0.013482054414865895,0.06443886861,597.6,1185.8584987276374,2167283832.1806536,2724598.6342886975,76843858.37056455,241077.49386574115,False,False
Thar,fft,low,22.13571505,0.5096989350434042,1.42e-06,0.013956774640741455,0.06702402676000001,397.9,780.6569185123295,273936339.0296968,1690228.3389294369,21517782.49008423,239940.217777427,False,False
Thar,fft,high,22.33280248,0.5142370876603192,1.39e-06,0.014257999992699904,0.06599756691,671.2,1305.2345233476492,3592889370.601297,3125583.3853855766,105971106.07273974,248931.11492602466,False,False
Thar,fft,high,22.55063876,0.5192530051348176,1.35e-06,0.014680459251742863,0.06291818735,1068.3,2057.378560038625,36671111143.85378,5500335.38180317,449114027.9645866,268851.1749095095,False,False
Thar,physics_colI,,23.2857182,0.5361790094176703,1.24e-06,0.01598275805633296,0.0447080292,502.0158696,936.2840782320554,1153540096.2788067,3575282.8342782133,64220184.5596636,411921.72586274415,False,False
Thar,physics_colI,,22.44256196,0.5167644191669161,1.37e-06,0.014466145977994792,0.05318582725,502.0158696,971.4598199491124,1052886810.625443,2836031.5896556936,54644489.7063335,313404.6412547992,False,False
Thar,physics_colI,,22.12576808,0.509469895231297,1.42e-06,0.013956774640741455,0.05763381995,3414.030779,6701.143307888772,12934072736915.604,19323028.273828622,15809030747.998947,279033.37989857636,True,False
Thar,physics_colI,,22.37345714,0.5151732054617881,1.38e-06,0.014361318833226716,0.0573296837,446.9509568,867.5741518803652,554881263.9024531,2296916.513949078,35700363.2802032,288644.49387972883,False,False
Thar,physics_colI,,22.56559658,0.5195974252227774,1.35e-06,0.014680459251742863,0.04828163017,563.8648481,1085.195616314386,2032886442.6827142,3589056.8089752565,85417474.37722497,350353.3027502194,False,False
Thar,physics_colI,,23.76154249,0.5471353816574178,1.17e-06,0.01693899144431869,0.03824513382,334.2842646,610.9717554499299,173796417.0569894,2685166.0175408875,21602597.831089467,510340.2980072996,False,False
Thar,physics_colI,,24.65981144,0.5678190020493218,1.05e-06,0.018874876180812253,0.03125,473.6839381,834.2164252876746,1102484877.0026503,5294225.81314447,76398978.35985005,695957.2906515073,False,False
Thar,physics_colI,,23.63912726,0.5443166377305486,1.19e-06,0.016654302512481397,0.035583941609999996,334.2842646,614.1356729306513,188396950.9325563,2855403.262106217,23193733.383474212,539288.171991563,False,False
Thar,physics_colI,,26.31771711,0.6059940848281102,8.73e-07,0.02270174111094257,0.02493917275,446.9509568,737.5500322363332,904714347.0654409,6913643.802233503,79087753.40329699,1048879.5601560802,False,False
Thar,physics_colI,,23.6778568,0.5452084275484124,1.18e-06,0.016795440669366835,0.037674878349999996,532.0423875,975.8513636562537,1764545122.404417,4671996.5630034655,90796193.46171933,513674.54333882016,False,False
Thar,fft,low,23.29914813,0.5364882481751825,1.23e-06,0.016112699178742165,0.0395377129,1271.7,2370.4153899467055,128861080995.6919,11151326.607137945,1198737669.8560102,469575.31073411705,False,False
Thar,physics_colI,,25.25777668,0.5815878026203688,9.83e-07,0.020161363163634656,0.026117700730000002,532.0423875,914.8100856016241,2221337537.495974,7519524.455382522,129241641.6518305,889474.3944874174,False,False
Thar,physics_colI,,27.14688463,0.6250865695733265,7.96e-07,0.024897763806347818,0.01623327251,421.7266867,674.6692493935096,981903980.8661747,10481284.365957184,101447596.53892131,1767269.4191577465,False,False
Thar,physics_colI,,25.68925594,0.5915230822722144,9.37e-07,0.021151141931539878,0.01494069343,563.8648481,953.2423416750349,4991232232.900698,14448820.814624012,268546867.7481789,1631216.3436111882,False,False
Thar,physics_colI,,26.87485236,0.6188227304335812,8.21e-07,0.02413961021906561,0.018742396589999998,354.2784382,572.5039187745626,366634601.7600888,7208628.714222288,51409461.365348205,1484067.4131607774,False,False
Thar,physics_colI,,26.45650932,0.6091899265467774,8.6e-07,0.02304490696494519,0.0215176399,250.0184145,410.4112750472443,58964212.68632303,3892487.9392964044,15149834.544694554,1234038.823313398,False,False
Thar,physics_colI,,28.4731393,0.6556250270556541,6.88e-07,0.028806133706181486,0.01437043796,334.2842646,509.8711165759442,322093323.19209516,9699239.527284594,55893293.799696766,2309741.976600606,False,False
WesternSahara,physics_colI,,33.30880613,0.7669715197218449,1.15e-06,0.01723358259987206,0.026041666669999998,563.8648481,735.1835545399327,647369436.6494452,5007204.591270241,56934271.009991266,762527.1183553525,False,False
WesternSahara,physics_colI,,33.81574889,0.7786444286076124,1.1e-06,0.018016927263502607,0.02033911192,1068.296199,1371.994918027409,18844801413.76916,13531859.058594277,504980392.4097672,1020697.9398887857,False,False
WesternSahara,fft,high,34.31268223,0.7900868597020424,1.06e-06,0.01869681131118195,0.018400243309999998,1068.3,1352.129815705171,20115122095.691032,15277805.8096276,554359927.4973949,1170826.324514171,False,False
WesternSahara,fft,high,34.21765169,0.7878986780722558,1.06e-06,0.01869681131118195,0.01832420925,897.4,1138.9789385047072,8661398973.405104,12708208.161642553,331769289.0022661,1175684.5248213785,False,False
WesternSahara,fft,high,33.85895328,0.7796392567178614,1.1e-06,0.018016927263502607,0.01604318735,1802.0,2311.3253783372716,313503004580.7216,29926422.561302967,3063008878.4266977,1294012.7907881998,False,False
WesternSahara,fft,high,32.90252307,0.7576164100025329,1.19e-06,0.016654302512481397,0.01440845499,1909.8,2520.800730799396,495142504647.7864,33732946.02448369,4086883333.7534165,1331856.8046629555,False,False
WesternSahara,physics_colI,,31.82437895,0.7327909680167629,1.32e-06,0.015014106052918837,0.0454303528,250.0184145,341.1865394256343,7310926.804592869,924187.2970982136,2599358.7060695495,380804.3220081018,False,False
WesternSahara,fft,high,31.62681109,0.7282417529761219,1.34e-06,0.014790014917800645,0.047939476890000006,1008.0,1384.1557365814083,6855426927.801316,4758275.818050941,180610110.9378217,355487.0793771497,False,False
WesternSahara,fft,high,32.35359008,0.7449766303622003,1.25e-06,0.015854895991882292,0.035469890510000004,1132.2,1519.7792170333391,15755624006.648127,7628040.497142688,346676416.82189095,515053.1511917561,False,False
WesternSahara,fft,high,31.93952123,0.7354422443528518,1.3e-06,0.01524509229988682,0.03372110706,1199.9,1631.5353234241327,22618450907.295376,8326704.179904074,433978282.53581023,520926.83851302555,False,False
WesternSahara,fft,high,31.22621192,0.7190175210113058,1.39e-06,0.014257999992699904,0.03508972019,1199.9,1668.8049525028653,22726335555.12432,7667163.23615813,417428466.27996343,468195.4664885919,False,False
WesternSahara,fft,high,30.68627469,0.7065848785373828,1.46e-06,0.01357439725332388,0.04238899027,597.6,845.7582636597327,625548071.9755857,2851704.4589928067,42235982.59975883,368991.1773007382,False,False
WesternSahara,physics_colI,,30.92258214,0.7120261148080775,1.43e-06,0.013859174818078926,0.06246198297,473.6839381,665.2620293676711,132536884.93190277,1491018.655035695,14057559.102269012,255664.30908224298,False,False
WesternSahara,physics_colI,,30.96202156,0.7129342503856869,1.42e-06,0.013956774640741455,0.05896441606,4307.076464,6041.337559066541,7579353515040.222,16996246.19575042,11349914464.2702,272736.68852669204,True,False
WesternSahara,physics_colI,,30.98641335,0.7134958979023233,1.42e-06,0.013956774640741455,0.06443886861,597.5906703,837.5530567967043,403211054.3287269,1907226.9742248917,27731119.68748118,249566.1380159433,False,False
WesternSahara,fft,high,30.56968763,0.7039003345690668,1.47e-06,0.013482054414865895,0.06656782238,166.5,236.5391687190099,734640.2963897765,309777.3734673483,477048.1542348731,233367.419822793,False,False
WesternSahara,fft,high,30.17408632,0.6947911837712127,1.53e-06,0.012953346398596645,0.06607360097,1513.8,2178.784122998426,40889976857.6534,4909611.675404096,448055697.19326013,225892.8591915939,False,False
WesternSahara,fft,high,29.57570062,0.6810127016509705,1.62e-06,0.012233716043119054,0.06873479319,2273.3,3338.116887524811,304924414469.1632,6955431.249532278,1456324414.800545,205083.2846942735,False,False
WesternSahara,physics_colI,,31.27699527,0.7201868629256948,1.38e-06,0.014361318833226716,0.05383211679,597.5906703,829.7716899088402,474285311.46493053,2324057.601296274,33200397.336376,307398.2321821947,False,False
WesternSahara,physics_colI,,30.09015156,0.69285849455433,1.54e-06,0.012869233759644718,0.08576642336000001,532.0423875,767.894731293188,181968910.5286508,1194757.3353044658,14744785.201944027,172895.5793338851,False,False
WesternSahara,physics_colI,,29.91797352,0.6888939077574893,1.57e-06,0.012623324834301187,0.07953163016999999,1428.353227,2073.400869009894,25919323182.754726,3772407.190391678,312695124.9135644,182886.8049237328,False,False
WesternSahara,fft,high,30.04687942,0.6918621064265813,1.55e-06,0.012786206445066364,0.08090024331000001,1428.4,2064.5732534443673,25271770461.54485,3739550.0279842857,307416736.59168667,182112.76302265006,False,False
WesternSahara,fft,high,30.64934054,0.705734429528656,1.46e-06,0.01357439725332388,0.09226733576999999,1199.9,1700.2146271953688,9021827087.53465,2832002.5913426266,159843165.91754317,169520.05055512226,False,False
WesternSahara,fft,high,30.94213586,0.7124763604964425,1.42e-06,0.013956774640741455,0.10325425790000001,1700.3,2386.4651436508816,44188295652.23375,3724945.278426273,405708002.4494122,155749.11780092795,False,False
WesternSahara,fft,high,31.26957572,0.7200160197103318,1.38e-06,0.014361318833226716,0.1276231752,1909.8,2652.4409842552222,61973138912.932076,3463390.3861384434,463289513.7059236,129662.16762699258,False,False
WesternSahara,fft,high,31.08492089,0.7157641412420271,1.41e-06,0.014055758858051678,0.05170316302,1132.2,1581.8059815560948,11673956491.386848,4843381.541523144,237784409.46985433,313246.10843076237,False,False
WesternSahara,fft,high,30.94236472,0.7124816302470699,1.42e-06,0.013956774640741455,0.056341240880000004,1068.3,1499.407078929939,8168871558.384693,4166252.608224832,184481929.83697313,285434.9553884816,False,False
WesternSahara,fft,high,31.08108321,0.7156757744824886,1.41e-06,0.014055758858051678,0.05980079075,897.4,1253.9197664597739,3206891039.2840867,3254520.04390691,102161103.97786196,270829.4389832346,False,False
WesternSahara,physics_colI,,31.37089637,0.72234903797002,1.37e-06,0.014466145977994792,0.056949513380000004,1347.742218,1865.7769958239164,24641957527.54859,5398867.385829275,364744651.52826065,292692.31850855146,False,False
WesternSahara,physics_colI,,31.29327112,0.720561632089157,1.38e-06,0.014361318833226716,0.05493461071,2553.427285,3543.6625699827127,601516655094.317,10866771.690858578,2556666610.8741803,301228.9942897357,False,False
WesternSahara,fft,high,31.3928666,0.7228549264316471,1.37e-06,0.014466145977994792,0.05428832117,1428.4,1976.053489807777,34320483073.99657,6019271.372787642,454515457.67723936,307039.98115781066,False,False
WesternSahara,fft,high,30.71406472,0.7072247742292016,1.45e-06,0.013668013786105424,0.05596107056,1604.3,2268.444288802684,62162438118.29419,6381752.351192511,629845445.8176886,281428.38153913856,False,False
WesternSahara,fft,high,30.16111523,0.6944925103041746,1.53e-06,0.012953346398596645,0.06269008516,354.3,510.1566895873698,33292786.591006435,1000497.5686397973,5771425.477084979,238084.77213109864,False,False
WesternSahara,physics_colI,,29.84634863,0.6872446666973682,1.58e-06,0.0125434303733246,0.1096791363,502.0158696,730.4761956356735,108384736.20355543,858810.5460572037,9647898.967300674,131777.35938927613,False,False
WesternSahara,physics_colI,,30.10951501,0.6933043590688249,1.54e-06,0.012869233759644718,0.09169708029000001,375.4685011,541.5637391985977,30368918.361534696,732927.0827038332,4717859.974563732,161713.27819081704,False,False
WesternSahara,physics_colI,,30.49820739,0.7022544242326556,1.48e-06,0.013390959452603287,0.0625,502.0158696,714.863235142372,182513102.3132285,1568430.191626427,16919192.062136732,246876.74161624417,False,False
WesternSahara,physics_colI,,30.37638376,0.6994493025397776,1.5e-06,0.013212413326568577,0.06941909975999999,532.0423875,760.658972091466,220277597.55614203,1498797.7593636413,18170073.463119283,219306.58544457227,False,False
WesternSahara,physics_colI,,30.22333108,0.6959250979760068,1.52e-06,0.013038565782797938,0.07603406326,563.8648481,810.2378398766131,271045273.36781216,1453326.1613446472,19847347.094618287,197592.34788289704,False,False
WesternSahara,physics_colI,,30.06615523,0.6923059529346749,1.54e-06,0.012869233759644718,0.08264902676000001,597.5906703,863.188692465841,336385400.9943227,1419460.6345816073,21851449.25993216,179416.93974549178,False,False
WesternSahara,fft,high,29.95699322,0.6897923788252089,1.56e-06,0.012704243583239013,0.08538625304,354.3,513.6328131131446,24790456.29579813,726694.757664514,4244419.233566324,171438.89352321537,False,False
WesternSahara,fft,high,29.87725808,0.6879563904303576,1.57e-06,0.012623324834301187,0.08397962287,532.0,773.3048306553303,188717065.80809897,1206707.4177445206,15090602.478549818,173200.1792230393,False,False
WesternSahara,fft,high,29.75178912,0.6850673310460752,1.59e-06,0.0124645408741213,0.08025395377000001,532.0,776.5660043774874,199086664.55301216,1252975.6587149398,15794009.771418741,178960.97934776146,False,False
WesternSahara,physics_colI,,29.5452329,0.6803111492320799,1.62e-06,0.012233716043119054,0.08968217762,753.9090529,1108.182709854154,1011440235.2003936,1648144.2538582257,40828904.12154777,157181.25422774255,False,False
WesternSahara,physics_colI,,29.7414326,0.684828860899399,1.59e-06,0.0124645408741213,0.08770529197,397.9259817,581.0590125792831,43528565.50811931,810142.3355375614,5938378.038096557,163756.66553988412,False,False
WesternSahara,fft,high,28.89632328,0.6653692988556034,1.72e-06,0.011522453482472595,0.08337135036,1132.2,1701.6114238323266,8509624377.035276,2662750.9706929666,150529102.07060698,159248.96806887598,False,False
WesternSahara,fft,high,30.13790653,0.6939581047226507,1.53e-06,0.012953346398596645,0.05470650852,1132.2,1631.510594508437,11845274093.362377,4360947.153739892,227280915.04285514,272829.5964042592,False,False
WesternSahara,physics_colI,,30.4876919,0.7020122936286813,1.48e-06,0.013390959452603287,0.07725060827,2706.152597,3854.8507220749298,604281909666.699,7858525.29784886,2179166050.155007,199736.89135348034,False,False
WesternSahara,physics_colI,,30.73485629,0.7077035227612885,1.45e-06,0.013668013786105424,0.09481447689,421.7266867,595.9087006583268,50009074.98908059,847669.5657092641,6510850.242289095,166103.67987548714,False,False
WesternSahara,fft,high,30.79313795,0.7090455214257754,1.44e-06,0.013762930548508934,0.1034443431,1909.8,2693.4800972435482,79041510602.43561,4160979.9478464094,573489442.5045887,153303.71221826752,False,False
WesternSahara,fft,high,30.81300265,0.7095029277671602,1.44e-06,0.013762930548508934,0.1067138078,1700.3,2396.4665027541546,43041287197.661385,3569744.28913551,391977536.5641417,148606.84040936385,False,False
WesternSahara,fft,high,31.15756436,0.717436836215432,1.4e-06,0.01415615713560919,0.1269768856,1802.0,2511.7193724060403,46914322360.290726,3241356.1378601477,389956442.1010094,128460.38019099677,False,False
WesternSahara,fft,high,31.12617157,0.7167139830527988,1.4e-06,0.01415615713560919,0.13636709249999998,1199.9,1674.1685363652325,5898818873.828148,1965548.471432946,107677362.61959952,119614.62769798884,False,False
WesternSahara,fft,high,30.97813853,0.713305361164199,1.42e-06,0.013956774640741455,0.052957725059999995,633.3,887.8385534161404,654236227.64991,2481152.634607963,40289700.17125405,303671.6467501993,False,False
WesternSahara,fft,high,30.90226744,0.7115583467268415,1.43e-06,0.013859174818078926,0.0573296837,1428.4,2007.4249800745367,33653403452.235336,5552602.881810416,432277671.169366,278552.0290587593,False,False
WesternSahara,fft,high,31.33376494,0.7214940463745423,1.37e-06,0.014466145977994792,0.0610553528,1132.2,1569.2437182111576,9781784807.423288,4185210.979247247,202333470.2234454,273009.39794300846,False,False
WesternSahara,fft,high,31.49911877,0.7253014983075824,1.35e-06,0.014680459251742863,0.060599148420000006,1347.7,1858.1238328401657,23028976625.809208,5126436.442536669,343593633.539496,279139.7079540699,False,False
WesternSahara,fft,high,31.44576022,0.7240728596099381,1.36e-06,0.014572514698421225,0.06135948905,334.3,461.693869012145,23380508.832595,1010626.0172016716,4860961.89263339,273653.66351958713,False,False
WesternSahara,fft,high,30.87695082,0.7109754039927237,1.43e-06,0.013859174818078926,0.06006690998,1909.8,2686.1688734587296,135246674096.63615,7195527.63470497,986494389.7277279,265858.5188625326,False,False
WesternSahara,fft,high,30.46629618,0.7015196338851919,1.49e-06,0.013301087241511992,0.061435523109999994,1428.4,2036.1511367674234,32329294972.127857,5048156.365153706,403984326.6693387,249468.70955042655,False,False
WesternSahara,physics_colI,,29.78096347,0.6857391022128071,1.59e-06,0.0124645408741213,0.1067138078,446.9509568,651.7798902785867,63064139.48126611,765840.1868572995,6949608.072713715,134587.32716319748,False,False
WesternSahara,physics_colI,,29.78121039,0.6857447878145939,1.59e-06,0.0124645408741213,0.1119221411,3834.64361,5591.939855963994,2434996876535.7334,7390922.538862951,4242272185.615727,128324.26204549418,True,False
WesternSahara,physics_colI,,30.3550005,0.6989569297013516,1.5e-06,0.013212413326568577,0.07196624088,3039.553957,4348.69993820468,1160334816666.4492,9420749.741063034,3306240149.1205797,211544.54570424304,False,False
WesternSahara,physics_colI,,29.98483985,0.6904335777936401,1.56e-06,0.012704243583239013,0.07409519465,1199.911617,1737.9102865107684,11716223066.454168,3378748.217017817,198962729.66554576,197563.75312080898,False,False
WesternSahara,physics_colI,,30.00320998,0.6908565700338484,1.55e-06,0.012786206445066364,0.08013990268,532.0423875,770.1198925761577,196271544.91847858,1274688.5188264193,15817240.115769517,183840.5880927726,False,False
WesternSahara,physics_colI,,30.01603946,0.6911519827764857,1.55e-06,0.012786206445066364,0.08291514599,375.4685011,543.250269776661,33884821.28422493,808474.0946159421,5234023.329044947,177687.2809241105,False,False
WesternSahara,fft,low,29.87187455,0.6878324287918212,1.57e-06,0.012623324834301187,0.08614659367,39.0,56.69985648758022,461.016600536567,-94909.68850437054,,168843.42273457244,False,True
WesternSahara,fft,high,29.81725798,0.6865748228142485,1.58e-06,0.0125434303733246,0.08599452554999999,633.3,922.404927993315,437218044.37553906,1434270.5846830085,25041744.750325724,168071.47744895605,False,False
WesternSahara,fft,high,29.72147597,0.684369337769693,1.59e-06,0.0124645408741213,0.08150851582,375.5,548.680338636628,35293175.32376562,811789.4034824378,5352627.928698275,176206.44933501593,False,False
WesternSahara,fft,high,29.67620082,0.683326828156301,1.6e-06,0.01238663749365804,0.08276307786,280.8,410.9307412349558,8291564.1613762565,544897.1946345617,2125570.5235692356,172450.83186529423,False,False
WesternSahara,fft,high,30.21298192,0.6956867973013424,1.52e-06,0.013038565782797938,0.08869373479,1428.4,2053.222808799801,22875110836.679806,3458077.570162031,281254169.21228534,169389.06805753332,False,False
WesternSahara,fft,high,29.79078864,0.6859653374473278,1.58e-06,0.0125434303733246,0.08941605839,1802.0,2626.9548935311436,73661914357.16937,4274267.281911852,561115594.561265,161640.17092624272,False,False
WesternSahara,fft,high,29.84881421,0.6873014393607958,1.58e-06,0.0125434303733246,0.08648874696,1428.4,2078.2729646666257,23959494768.638474,3455555.451374453,287738358.16579336,167111.06900872252,False,False
WesternSahara,fft,high,29.72640301,0.6844827882290635,1.59e-06,0.0124645408741213,0.08945407543,1428.4,2086.8311439877775,23491252951.47878,3334431.0490454203,279874906.3821026,160555.30275362407,False,False
WesternSahara,physics_colI,,30.26926863,0.6969828600704597,1.51e-06,0.01312491390056481,0.07170012165,532.0423875,763.3507478881396,215583741.21506944,1447471.2677436385,17664973.003135134,210923.54876961146,False,False
WesternSahara,fft,high,29.52624783,0.6798739973289737,1.62e-06,0.012233716043119054,0.07002737226,1271.7,1870.4936576426483,17159914347.727188,3723022.3448049775,252758272.96357256,201297.81691435387,False,False
WesternSahara,fft,high,29.99107559,0.6905771624951069,1.55e-06,0.012786206445066364,0.09884428224000001,1347.7,1951.5559928606083,15665936088.79076,2883685.3586968873,212545596.35411668,149052.29219648955,False,False
WesternSahara,fft,high,29.99180997,0.6905940723940224,1.55e-06,0.012786206445066364,0.11804288319999999,1513.8,2192.0257652259324,23278402820.40667,2730022.5572600425,252092373.5393358,124810.29299688239,False,False
WesternSahara,fft,high,30.13088472,0.693796419903751,1.53e-06,0.012953346398596645,0.1244297445,1428.4,2058.8171962578867,16417869798.504755,2455863.66525537,200798530.61972672,119951.6618809562,False,False
WesternSahara,fft,high,30.5301475,0.7029898800340786,1.48e-06,0.013390959452603287,0.1208941606,1513.8,2153.373815177277,21803302096.436043,2739880.6021460895,244414493.18065464,127630.61734691644,False,False
WesternSahara,physics_colI,,30.825567,0.7097922356029381,1.44e-06,0.013762930548508934,0.1134428224,250.0184145,352.2416870165113,3141294.507561186,355503.61334996356,1056759.9292338805,139792.02447285134,False,False
WesternSahara,fft,high,30.95566271,0.7127878309424578,1.42e-06,0.013956774640741455,0.1159519465,375.5,526.8047288398692,22725297.747880913,607087.3316896517,3714329.0607610247,138693.3127260136,False,False
WesternSahara,fft,high,31.26897597,0.7200022098137189,1.38e-06,0.014361318833226716,0.1194875304,1428.4,1983.8827999841278,15785381612.676727,2726388.628272849,207453813.94842842,138490.58123868832,False,False
WesternSahara,fft,high,31.09465317,0.7159882375831818,1.4e-06,0.01415615713560919,0.05113290754,447.0,624.3119321468862,120857871.69744314,1723147.770972294,14431076.613333624,319001.98491323076,False,False
WesternSahara,fft,high,31.11455736,0.7164465532248037,1.4e-06,0.01415615713560919,0.05170316302,711.4,992.9561344079491,1180780615.9462216,2926098.6185489255,58779933.04801893,315483.58063383924,False,False
WesternSahara,fft,high,31.08176886,0.7156915623201087,1.41e-06,0.014055758858051678,0.05717761557,671.2,937.8341667521172,799725083.9622942,2463125.9581399783,44382694.97994912,283254.45977628237,False,False
WesternSahara,fft,high,31.03591806,0.7146357977388381,1.41e-06,0.014055758858051678,0.05991484185,502.0,702.4557146288586,183294783.9835126,1682089.4735218505,17558992.75841664,270313.9006879696,False,False
WesternSahara,fft,high,31.08668594,0.715804783439637,1.41e-06,0.014055758858051678,0.06447688564,1347.7,1882.7759064754139,22115887484.048447,4678159.666887847,321654555.1135646,251187.91717087507,False,False
WesternSahara,fft,high,31.09901555,0.7160886861313869,1.4e-06,0.01415615713560919,0.06690997567,1604.3,2240.3649590766545,50636480434.74279,5456167.467645318,525624502.11543816,243782.76686413723,False,False
WesternSahara,fft,high,30.96897647,0.7130943947592623,1.42e-06,0.013956774640741455,0.06938108273,1909.8,2678.1868067336873,116195472419.18547,6253983.540545364,852457959.0780292,231788.8240472908,False,False
WesternSahara,physics_colI,,30.98432686,0.7134478541988072,1.42e-06,0.013956774640741455,0.06808850364999999,446.9509568,626.4661869393667,91017591.41061753,1281164.541833799,10798542.068186786,236189.05857853286,False,False
WesternSahara,physics_colI,,30.87429904,0.7109143438716065,1.43e-06,0.013859174818078926,0.06557937956,951.1173591,1337.8789826074674,3970418033.549918,3141049.9521215116,111674891.42230834,243510.9912151764,False,False
WesternSahara,physics_colI,,29.9765229,0.6902420709664049,1.56e-06,0.012704243583239013,0.08804744526000001,397.9259817,576.5020685320812,42508763.100690946,814552.9999897163,5884355.573002023,166257.2343813498,False,False
WesternSahara,physics_colI,,29.59849482,0.681537562918787,1.61e-06,0.012309701857051469,0.1063716545,753.9090529,1106.1885564623485,850449917.9860436,1395391.01220518,34448659.94328891,133342.96848418476,False,False
WesternSahara,fft,high,29.47764494,0.6787548628796426,1.63e-06,0.01215866257046188,0.1123783455,633.3,933.0319893594593,343171417.0175723,1077790.3536670506,19231922.496614635,124667.0466545766,False,False
WesternSahara,fft,high,29.55117278,0.6804479214349859,1.62e-06,0.012233716043119054,0.10724604619999999,421.7,619.738831901615,48022792.14312454,703678.6030371191,5813141.258322889,131439.4111452734,False,False
WesternSahara,fft,high,29.46515427,0.6784672516060696,1.63e-06,0.01215866257046188,0.1130626521,711.4,1048.5399233580868,606826156.302022,1221649.9591205814,27227360.302454304,123912.50498017135,False,False
WesternSahara,fft,high,29.53333703,0.6800372338759815,1.62e-06,0.012233716043119054,0.10975517030000001,799.0,1174.9356655752085,1103074849.1551015,1436796.1728684946,39810723.701705575,128434.56141206298,False,False
WesternSahara,fft,high,29.94433014,0.6895007976237076,1.56e-06,0.012704243583239013,0.09211526764,711.4,1031.7609529267634,718679027.7704087,1538725.7146163373,33254321.532483514,158915.29296186156,False,False
WesternSahara,fft,high,29.7745534,0.6855915033733219,1.59e-06,0.0124645408741213,0.08994829684000001,846.8,1235.1378274577246,1754967625.353551,1887260.3468021732,57550680.354374,159673.13076262994,False,False
WesternSahara,physics_colI,,29.75796483,0.6852095334914458,1.59e-06,0.0124645408741213,0.09207725061,397.9259817,580.7362014833493,41348197.87731399,771146.5820901755,5646726.615365661,155981.26646984572,False,False
WesternSahara,fft,high,30.18939889,0.6951437723640884,1.53e-06,0.012953346398596645,0.08158454988000001,897.4,1290.9559657681546,2500967961.635545,2269625.274027161,75340958.94837165,182945.84773895633,False,False
WesternSahara,fft,high,28.94902609,0.6665828384259366,1.72e-06,0.011522453482472595,0.12473388079999999,1068.3,1602.6515211862866,4231613630.9422374,1669093.6871995197,84041415.9689919,106441.02008360437,False,False
WesternSahara,fft,high,29.63288457,0.6823294243477861,1.61e-06,0.012309701857051469,0.08793339416,1347.7,1975.145658254761,17989356312.434208,3160674.930645938,238450220.20364764,161302.90783266738,False,False
WesternSahara,fft,high,29.62958848,0.6822535282875497,1.61e-06,0.012309701857051469,0.09078467153,1513.8,2218.8232632517484,30940901032.10976,3461417.2527909935,327260398.84080595,156236.86173625672,False,False
WesternSahara,fft,high,29.56327705,0.6807266354279399,1.62e-06,0.012233716043119054,0.1087287105,1909.8,2805.5314727025498,81740307172.17604,3671523.341910883,547824283.6508892,129647.05545907105,False,False
WesternSahara,fft,high,29.80550014,0.6863040857491537,1.58e-06,0.0125434303733246,0.1169403893,1068.3,1556.598630523769,4254979612.316352,1878277.4423981237,89398166.78029655,123594.8250918855,False,False
WesternSahara,fft,high,29.96219725,0.6899122072808491,1.56e-06,0.012704243583239013,0.1260264599,1347.7,1953.436952959116,12266434177.69853,2249511.388553371,166112863.37810552,116154.37547707302,False,False
WesternSahara,fft,high,30.24554345,0.6964365619747173,1.52e-06,0.013038565782797938,0.1240115572,1604.3,2303.5838259999923,28868715221.459717,2791915.37830876,283899647.72575814,121147.97538096007,False,False
WesternSahara,physics_colI,,30.72426864,0.7074597305947637,1.45e-06,0.013668013786105424,0.1125684307,421.7266867,596.1140520965808,42193487.84905542,714279.5358129101,5489803.722825704,139906.30782506178,False,False
WesternSahara,fft,high,31.0802741,0.7156571438439752,1.41e-06,0.014055758858051678,0.11389902680000001,2273.3,3176.521075147147,165492563959.97897,4581122.078665435,870713293.0029329,142194.49511201883,False,False
WesternSahara,fft,high,30.7814053,0.7087753643878514,1.45e-06,0.013668013786105424,0.05953467153,447.0,630.6652607572794,105358533.27545129,1446595.6212513463,12345492.81712691,264535.49019687244,False,False
WesternSahara,physics_colI,,30.66145803,0.7060134479265007,1.46e-06,0.01357439725332388,0.0633363747,473.6839381,670.9276423716403,133493749.81712829,1454920.5303682392,13936383.93862559,246953.8791634823,False,False
WesternSahara,physics_colI,,30.6653106,0.7061021575444979,1.46e-06,0.01357439725332388,0.06649178832,563.8648481,798.5598713660152,300366938.80862975,1701327.9564542319,22605810.54042742,235234.51270466356,False,False
WesternSahara,physics_colI,,30.76394356,0.7083732888162287,1.45e-06,0.013668013786105424,0.07112986618,597.5906703,843.6098307696514,370675953.1424764,1706161.3369194716,25148220.21093077,221412.38782938386,False,False
WesternSahara,fft,high,30.63941017,0.7055057719496189,1.46e-06,0.01357439725332388,0.07105383212,563.9,799.2847435417847,282343345.7088904,1593769.9585900505,21212975.80252791,220131.1731913502,False,False
WesternSahara,fft,high,30.6638297,0.7060680582099519,1.46e-06,0.01357439725332388,0.07055961071,502.0,710.979620396209,159532621.747738,1399263.5571900553,14940822.728169806,221673.04024113767,False,False
WesternSahara,physics_colI,,30.73340701,0.7076701515116627,1.45e-06,0.013668013786105424,0.07189020681,563.8648481,796.7904918633654,276681663.58938664,1580350.4802788934,20910619.310241636,219070.63862706302,False,False
WesternSahara,physics_colI,,30.19529458,0.695279527044141,1.53e-06,0.012953346398596645,0.08086222628,2553.427285,3672.519016711809,439641629072.23254,6908584.080280489,1742785460.0142283,184580.0607630484,False,False
WesternSahara,fft,high,29.84377269,0.6871853528748072,1.58e-06,0.0125434303733246,0.09219130169999999,265.0,385.63103665027944,5508502.509857681,453689.9988281088,1580870.8034630676,156774.30186139242,False,False
WesternSahara,fft,high,29.32161408,0.6751620824794492,1.66e-06,0.011938927704730644,0.1177007299,532.0,787.9589417200324,139713603.42589992,832302.8369730337,10783507.244635295,116878.50971699721,False,False
WesternSahara,fft,high,29.38460511,0.67661251951461,1.65e-06,0.01201128484233507,0.117776764,671.2,992.0005625694115,437730600.83742464,1088729.956752594,21830492.851033308,117510.95281641712,False,False
WesternSahara,fft,high,29.18260775,0.6719613104146998,1.68e-06,0.011796797613007658,0.13051246960000001,633.3,942.4649755640842,301288923.09962595,910738.4919736979,16564885.133079939,104150.32275994302,False,False
WesternSahara,fft,high,29.12417547,0.6706158435607543,1.69e-06,0.011726994076836014,0.1317670316,799.0,1191.4421761310725,943533137.4796016,1164991.8146751605,33154311.66588305,102548.29462519285,False,False
WesternSahara,fft,high,29.51817345,0.67968807594004,1.62e-06,0.012233716043119054,0.11557177619999999,711.4,1046.656584369383,592039325.6325732,1200091.0813019709,26655226.775844254,121970.58506561902,False,False
WesternSahara,fft,high,29.58175772,0.6811521729719772,1.62e-06,0.012233716043119054,0.1145833333,846.8,1243.1876952036644,1396201444.400732,1464475.4300684202,45218389.07735338,123022.75343378217,False,False
WesternSahara,fft,high,29.61005077,0.6818036512468627,1.61e-06,0.012309701857051469,0.1160659976,951.1,1394.9763957125426,2449030636.9708505,1649643.2241194833,63561205.117115155,122205.57671408918,False,False
WesternSahara,physics_colI,,28.56976052,0.6578498358239885,1.78e-06,0.011134056174074645,0.1172065085,1132.193013,1721.050840701167,6186342040.015149,1852579.952477635,107054627.37547433,109458.67290403118,False,False
WesternSahara,fft,high,28.04019978,0.6456561233277303,1.87e-06,0.010598192507942708,0.1152676399,1132.2,1753.56503112618,6567135592.751365,1829272.463667604,109604198.39126374,105943.15493475356,False,False
WesternSahara,fft,high,29.10435077,0.6701593582629118,1.69e-06,0.011726994076836014,0.1128725669,1700.3,2537.157735747012,45949839694.50389,3052674.2979612295,374526226.89319193,119714.51300806642,False,False
WesternSahara,fft,high,29.65811831,0.682910458679684,1.6e-06,0.01238663749365804,0.116560219,1909.8,2796.55989409262,75990505974.22928,3456107.327188837,512475701.3696561,122447.96507021932,False,False
WesternSahara,fft,high,29.7107766,0.6841229731285546,1.6e-06,0.01238663749365804,0.1169784063,1513.8,2212.7600730571276,23838559536.654335,2695355.743557874,253482540.55312684,122010.22458868218,False,False
WesternSahara,fft,high,29.74687527,0.6849541843008128,1.59e-06,0.0124645408741213,0.12043795619999999,1428.4,2085.394954493316,17388702017.67336,2474815.5107772737,207445967.58101156,119250.82935946713,False,False
WesternSahara,fft,high,29.82524752,0.6867587906698289,1.58e-06,0.0125434303733246,0.1229850973,334.3,486.77935330677184,13037094.984629586,464986.4445513831,2462127.625486051,117520.14901817295,False,False
WesternSahara,fft,high,29.98987333,0.6905494791498769,1.55e-06,0.012786206445066364,0.12728102189999999,532.0,770.4009865519495,123801176.55450918,802923.5210169794,9970099.126146702,115751.48139495544,False,False
WesternSahara,fft,high,31.38897405,0.7227652962306294,1.37e-06,0.014466145977994792,0.05170316302,447.0,618.4580282578556,116592682.70190921,1721630.4318341033,14167904.244057572,322391.9802097627,False,False
WesternSahara,fft,high,31.2396316,0.7193265237514103,1.39e-06,0.014257999992699904,0.05341392944,711.4,988.9806318970805,1128614032.68273,2839909.569031691,56614148.33024631,307576.0964518774,False,False
WesternSahara,fft,high,30.57906312,0.7041162154320846,1.47e-06,0.013482054414865895,0.06348844282,846.8,1202.642378403907,2357737996.4411416,2808535.3345722044,81374384.62236394,244686.43838196085,False,False
WesternSahara,physics_colI,,30.46194977,0.701419553063621,1.49e-06,0.013301087241511992,0.06702402676000001,2553.427285,3640.370836323686,521521271778.6793,8481492.86484752,2103159277.2438974,228667.85855298417,False,False
WesternSahara,physics_colI,,30.40264986,0.7000541080844597,1.5e-06,0.013212413326568577,0.06862074209,250.0184145,357.14155750634626,5337215.123823035,575626.6291083443,1752781.546728607,221858.07482283557,False,False
WesternSahara,fft,high,30.26882926,0.6969727430979299,1.51e-06,0.01312491390056481,0.07166210462,110.9,159.1166958797666,93864.61396194692,108463.58919758639,100900.41094543987,211035.44454665852,False,False
WesternSahara,fft,high,30.31899518,0.6981278680144604,1.51e-06,0.01312491390056481,0.07272658151,93.1,133.35665895244225,38682.509641155,50594.01452476719,44239.162001998215,207946.5828261347,False,False
WesternSahara,fft,high,30.31686556,0.6980788311957448,1.51e-06,0.01312491390056481,0.07287864964,711.4,1019.0826138953925,882896910.3294238,1981636.0510792392,41827985.21199964,207512.68279990664,False,False
WesternSahara,fft,high,30.2226851,0.6959102235833199,1.52e-06,0.013038565782797938,0.07732664234,799.0,1148.1366028592872,1489061368.963882,2118807.2485974296,56169689.53240782,194289.42760196046,False,False
WesternSahara,fft,high,30.13425412,0.6938740040065394,1.53e-06,0.012953346398596645,0.07880930657,633.3,912.7017244387663,467614545.75661784,1596873.082553013,27326197.70712708,189388.22443438953,False,False
WesternSahara,fft,high,30.02780143,0.6914228149393262,1.55e-06,0.012786206445066364,0.08295316302,563.9,815.5646412238847,251637698.41776606,1316262.1708149617,18199483.047005743,177605.84770994986,False,False
WesternSahara,fft,high,29.88534192,0.6881425296460889,1.57e-06,0.012623324834301187,0.09181113139000001,597.6,868.4247437915881,306030221.97877884,1262107.4329993045,19653066.37351647,158426.168068674,False,False
WesternSahara,fft,low,29.43598748,0.6777956545165673,1.64e-06,0.012084524384056624,0.10724604619999999,69.7,102.83335329099005,6695.749066772732,-10049.352200363974,,129836.49149716027,False,True
WesternSahara,fft,high,29.45448823,0.6782216544244629,1.63e-06,0.01215866257046188,0.1116940389,87.9,129.60364716545612,20266.336199600606,25571.67240127359,22764.975512182278,125430.83390471457,False,False
WesternSahara,physics_colI,,29.12105204,0.6705439231849685,1.69e-06,0.011726994076836014,0.122642944,4564.690847,6807.444955012794,5519622188772.381,7752830.251488066,6541612483.3178005,110177.43000693049,True,False
WesternSahara,physics_colI,,28.8681486,0.6647205461788206,1.73e-06,0.011455849705117262,0.1364431265,2706.152597,4071.1132107416474,383188470641.11285,4026159.01961285,1242086034.5738416,96744.02318780146,False,False
WesternSahara,physics_colI,,28.94575382,0.6665074908471298,1.72e-06,0.011522453482472595,0.1409671533,3618.230411,5428.641779256278,1543954612701.553,5262976.076971325,2850578220.392803,94183.6534294171,True,False
WesternSahara,physics_colI,,29.15908962,0.6714197798705933,1.68e-06,0.011796797613007658,0.140586983,1132.193013,1686.2669926379206,4940642670.788911,1601082.2544556288,88940290.67754607,96686.87344287951,False,False
WesternSahara,physics_colI,,29.15390085,0.6713003027930645,1.68e-06,0.011796797613007658,0.1364431265,951.1173591,1416.828437500634,2155673800.7941895,1367680.0905768885,54297993.87753126,99623.30959220033,False,False
WesternSahara,fft,high,28.6867126,0.6605427847751502,1.76e-06,0.011260579539689128,0.123745438,2145.0,3247.3293924937225,136061230715.61813,3456081.138270259,685739493.6315727,104852.80291661863,False,False
WesternSahara,fft,high,28.38894588,0.6536863819107048,1.81e-06,0.010949513806548544,0.1189172749,1271.7,1945.4283203557964,10979303778.18432,2045784.775272551,149870919.5024234,106095.84747975643,False,False
WesternSahara,physics_colI,,28.15406972,0.6482781026503027,1.85e-06,0.010712767562082628,0.1072080292,250.0184145,385.6653702753032,4047365.1370467916,333243.2275985628,1161359.9879190656,115139.11012937647,False,False
WesternSahara,fft,high,28.55449169,0.6574982543922263,1.78e-06,0.011134056174074645,0.1016195255,315.4,479.6970910463439,13027957.63705588,490125.4135422127,2526921.6696352977,126248.06908909499,False,False
WesternSahara,fft,high,28.7215349,0.6613446061387552,1.75e-06,0.011324925708487352,0.11515358880000001,297.6,449.99232962302443,8529615.964198498,404567.8876863801,1857635.2476769525,113319.95238446066,False,False
WesternSahara,fft,high,29.36346951,0.6761258493172765,1.65e-06,0.01201128484233507,0.1280413625,753.9,1115.029104065843,717017389.5467288,1141172.6053738927,28604905.217941694,108090.5379874749,False,False
WesternSahara,fft,high,30.68738314,0.7066104018052454,1.46e-06,0.01357439725332388,0.06652980535,82.9,117.32066183600952,23237.25615343384,17589.14041370009,20216.907807868745,235100.0929888763,False,False
WesternSahara,fft,low,30.52263381,0.7028168691427387,1.48e-06,0.013390959452603287,0.06945711679000001,421.7,600.0140556022351,69187904.13521537,1143262.9767161466,8893816.348136367,222148.52939643967,False,False
WesternSahara,fft,low,30.2433137,0.6963852195537544,1.52e-06,0.013038565782797938,0.07158607056,265.0,380.5365084712923,6905590.468495835,596109.3740779762,2028912.8152323083,209869.7269048723,False,False
WesternSahara,fft,high,29.30480886,0.6747751239954869,1.66e-06,0.011938927704730644,0.09945255473999999,117.5,174.13208611523427,96016.68270026591,92915.50829443686,94453.3688009108,138324.1078047626,False,False
WesternSahara,physics_colI,,29.29281227,0.6744988894517487,1.66e-06,0.011938927704730644,0.10317822380000001,633.3336976,938.9692221951486,378688887.40848964,1160996.3173793408,20967985.208735157,133329.35377895905,False,False
WesternSahara,physics_colI,,29.30193649,0.6747089845494946,1.66e-06,0.011938927704730644,0.10732208030000001,2868.012698,4250.740339429423,628299644867.6333,5576390.939207776,1871802459.328263,128181.31986316717,False,False
WesternSahara,fft,low,28.7577824,0.6621792442837735,1.75e-06,0.011324925708487352,0.10431873480000001,73.8,111.45018608945313,9596.559426381238,1643.1138844661077,3970.9243302524815,125089.69960893125,False,False
WesternSahara,fft,high,28.59612565,0.6584569216422206,1.77e-06,0.011196960446244556,0.09105079075000001,1347.7,2046.7550050788088,18839942622.62398,2883143.189372301,233062764.63773286,141698.39179774394,False,False
WesternSahara,fft,low,28.94678223,0.666531171106864,1.72e-06,0.011522453482472595,0.08166058394,354.3,531.5580356304081,27847732.912939988,719786.5310595206,4477099.850492181,162585.18946048466,False,False
WesternSahara,fft,high,28.77420862,0.6625574758801722,1.74e-06,0.011390011488421186,0.09253345499,176.4,266.2410529224835,800519.3976159411,232532.7934658846,431447.5770603678,141831.8877084358,False,False
WesternSahara,fft,high,28.69570213,0.660749778489028,1.76e-06,0.011260579539689128,0.1362530414,473.7,716.9128396580551,71402612.93553172,607040.5125371446,6583637.197847138,95227.64328139725,False,False
WesternSahara,fft,high,28.9311201,0.6661705335144719,1.72e-06,0.011522453482472595,0.13594890510000002,799.0,1199.3925876378357,928545268.5010234,1117619.264363232,32214283.787010904,97660.231258006,False,False
WesternSahara,fft,high,31.18813504,0.7181407594004006,1.39e-06,0.014257999992699904,0.055656934309999996,104.6,145.65389671982132,84865.20483243563,109957.0949110458,96599.85187569114,295180.611670151,False,False
WesternSahara,fft,high,31.28024782,0.7202617564300352,1.38e-06,0.014361318833226716,0.05767183698,110.9,153.97180123747498,108509.72546313959,131960.79103848015,119662.14609258942,286932.03480947,False,False
WesternSahara,fft,high,30.53139768,0.7030186667894724,1.48e-06,0.013390959452603287,0.0669479927,110.9,157.74830063397218,98232.34384827696,115140.75888924659,106351.05367677381,230474.36866640006,False,False
WesternSahara,fft,high,30.28971439,0.6974536459508623,1.51e-06,0.01312491390056481,0.06938108273,117.5,168.46997744173842,128526.43633307463,133450.49615619867,130965.3263189799,217973.59612394232,False,False
WesternSahara,fft,high,30.19407501,0.6952514451173178,1.53e-06,0.012953346398596645,0.07063564477,117.5,169.003604127961,126553.52790470989,130551.5293284349,128536.98537723933,211303.43877793654,False,False
WesternSahara,fft,high,30.27189592,0.6970433562826682,1.51e-06,0.01312491390056481,0.07565389294,124.5,178.61155820200113,157292.67024923256,143686.05387220893,150335.50176566685,199900.4085305283,False,False
WesternSahara,fft,low,30.20694882,0.6955478786064611,1.52e-06,0.013038565782797938,0.07515967153,139.9,201.13640527563885,282672.8707669297,190986.50627028532,232350.3905853566,199891.0954876032,False,False
WesternSahara,fft,low,30.12749315,0.6937183253125792,1.53e-06,0.012953346398596645,0.07500760341,73.8,106.38323553979465,12133.268794417452,-7979.79992381826,,198987.2221168434,False,True
WesternSahara,fft,low,29.6614809,0.6829878859748094,1.6e-06,0.01238663749365804,0.08732512164999999,139.9,204.8352582422815,252880.7358986023,162512.64271770002,202722.2648928297,163441.64605797737,False,False
WesternSahara,fft,high,29.52246726,0.6797869455893527,1.62e-06,0.012233716043119054,0.09264750608,124.5,183.1456176200363,135489.067235709,116612.15493753385,125696.74658014199,152150.4221388836,False,False
WesternSahara,fft,high,29.4377358,0.6778359114877155,1.64e-06,0.012084524384056624,0.09321776156,139.9,206.39213359609,239918.3910716751,150969.91230618206,190316.73195158402,149375.50669019044,False,False
WesternSahara,fft,high,29.39199857,0.6767827619793225,1.64e-06,0.012084524384056624,0.09565085158,235.9,348.5608872632713,3105973.2564046746,364582.37311285996,1064134.9071640747,145575.81177313713,False,False
WesternSahara,physics_colI,,29.17596487,0.6718083508715375,1.68e-06,0.011796797613007658,0.09914841849,421.7266867,627.748503204662,53367354.00914147,745502.9169610852,6307576.244827313,137096.64803587584,False,False
WesternSahara,physics_colI,,29.26748825,0.6739157763245757,1.66e-06,0.011938927704730644,0.1015815085,711.3611955,1055.5639450669123,685425327.7843027,1345146.704670159,30364413.72670512,135425.09957227908,False,False
WesternSahara,fft,high,29.22170444,0.6728615542609776,1.67e-06,0.011867437119672374,0.10481295619999999,73.8,109.68080957018948,9248.678543037853,-711.6862910753886,,130463.93341421949,False,True
WesternSahara,fft,low,28.92869217,0.6661146277832785,1.72e-06,0.011522453482472595,0.09576490268,315.4,473.4920790579244,13416204.455007095,529193.4662354112,2664538.9355887016,138639.53431564968,False,False
WesternSahara,fft,low,29.09135067,0.6698600168090446,1.69e-06,0.011726994076836014,0.09078467153,69.7,104.05159025914696,8135.242564721457,-9615.16926256769,,148841.03396175936,False,True
WesternSahara,fft,high,28.94789506,0.6665567952289945,1.72e-06,0.011522453482472595,0.09249543796,711.4,1067.2758947054162,767162572.9513714,1443414.225481131,33276618.98472733,143540.06861484688,False,False
WesternSahara,physics_colI,,28.77833857,0.6626525724746137,1.74e-06,0.011390011488421186,0.09690541362999999,1801.983335,2719.3485845390483,73200892844.85228,3712742.9917098917,521321495.7170211,135433.03831843188,False,False
WesternSahara,fft,high,31.1448373,0.7171437818047848,1.4e-06,0.01415615713560919,0.059382603410000005,132.0,184.06350769409863,250716.10468296843,213174.87728810645,231184.72019133065,274684.80772094027,False,False
WesternSahara,fft,low,31.0872525,0.7158178291003707,1.41e-06,0.014055758858051678,0.05881234793,139.9,195.44078718439334,337946.5798442089,246634.13503254027,288702.5500529598,275381.19424942846,False,False
WesternSahara,fft,high,30.72735624,0.7075308259457965,1.45e-06,0.013668013786105424,0.06402068126999999,132.0,186.56430951054057,239999.03457371137,197376.5250808118,217646.90548433893,245999.1553429206,False,False
WesternSahara,fft,low,30.50389621,0.702385415505768,1.48e-06,0.013390959452603287,0.06679592457,124.5,177.25311097234422,175040.81273029966,162742.36168953002,168779.60556827864,230999.06843635836,False,False
WesternSahara,fft,low,30.23760117,0.6962536823320823,1.52e-06,0.013038565782797938,0.06919099757,132.0,189.5860709244218,229322.2387834389,181110.85917067647,203795.84807598914,217134.44821229397,False,False
WesternSahara,fft,high,30.31570538,0.6980521167883211,1.51e-06,0.01312491390056481,0.07227037713,124.5,178.35344525966627,163485.58413065382,149845.57057354169,156517.06180032442,209259.238794716,False,False
WesternSahara,fft,high,30.16436814,0.694567412097907,1.53e-06,0.012953346398596645,0.07698448905000001,104.6,150.59733321501625,65722.61800983356,82290.8213706832,73541.60875763366,193877.42679572632,False,False
WesternSahara,fft,low,30.14716111,0.694171201501301,1.53e-06,0.012953346398596645,0.07333485401,124.5,179.35056903936783,163442.7973289641,147872.44670051566,155462.81335615416,203526.07012979814,False,False
WesternSahara,fft,low,30.01207105,0.69106060581639,1.55e-06,0.012786206445066364,0.07204227494,132.0,191.01074332555933,224113.72407470382,173637.42952241504,197267.66326244996,204504.46422824697,False,False
WesternSahara,fft,high,29.65656655,0.6828747277165028,1.6e-06,0.01238663749365804,0.08823753041,124.5,182.31748071322167,140852.59921929863,122563.3387066354,131390.12453691056,161751.598876022,False,False
WesternSahara,fft,high,29.53169998,0.679999539017707,1.62e-06,0.012233716043119054,0.09409215328000001,132.0,194.117778654204,177789.9037904294,132092.7313796285,153247.36214173213,149814.3752565504,False,False
WesternSahara,fft,high,29.47017726,0.6785829114186372,1.63e-06,0.01215866257046188,0.09618309002,166.5,245.36426897623625,549402.4601876771,206856.3862225385,337116.3115249616,145658.41499269218,False,False
WesternSahara,fft,high,29.57002599,0.6808820371180547,1.62e-06,0.012233716043119054,0.08884580292000001,139.9,205.4687778108375,249254.24453981782,158815.18534133807,198960.69723366568,158660.9237228646,False,False
WesternSahara,fft,low,29.49953473,0.679258899122706,1.63e-06,0.01215866257046188,0.08728710462,187.0,275.30003691010756,1068577.4904985563,278421.5463371526,545449.3535477717,160503.39282536542,False,False
WesternSahara,fft,low,29.41595644,0.6773344180156117,1.64e-06,0.012084524384056624,0.09397810219,148.2,218.7988622137081,317444.9376799206,169062.82422661985,231663.8463390667,148166.96699619057,False,False
WesternSahara,physics_colI,,29.12581405,0.6706535736489442,1.69e-06,0.011726994076836014,0.10310218980000001,397.9259817,593.3405819862159,38625923.0725109,665291.9785552137,5069271.819939453,131059.14049561627,False,False
WesternSahara,physics_colI,,29.19679281,0.6722879368624651,1.68e-06,0.011796797613007658,0.1037484793,502.0158696,746.7274691003433,120122769.82238208,876232.7712637371,10259410.679631744,131017.97659830618,False,False
WesternSahara,fft,low,29.03547132,0.6685733339473623,1.7e-06,0.011658011758736979,0.1026459854,354.3,529.9343871646166,22079142.476532977,577134.4836819288,3569682.68804576,130867.26308711525,False,False
WesternSahara,fft,high,29.02890323,0.6684220965253632,1.7e-06,0.011658011758736979,0.1005170316,87.9,131.50373163443834,23200.79955796371,29913.03433662654,26343.999578927993,133639.03571718678,False,False
WesternSahara,fft,low,29.05508659,0.669024996891478,1.7e-06,0.011658011758736979,0.1005930657,447.0,668.1364703515069,70715344.69772999,782818.622104855,7440247.892237655,133538.02354766082,False,False
WesternSahara,fft,low,28.93367394,0.6662293384604756,1.72e-06,0.011522453482472595,0.10306417270000001,78.2,117.37699840824295,12762.827020338244,9714.04351443376,11134.570357349074,128820.72560738373,False,False
WesternSahara,fft,low,30.76606848,0.7084222174123281,1.45e-06,0.013668013786105424,0.06561739659,124.5,175.74265309572633,174348.83502162102,165283.8355772206,169755.83695647572,240013.08091059598,False,False
WesternSahara,fft,low,30.5111665,0.7025528218471528,1.48e-06,0.013390959452603287,0.06907694647,148.2,210.94499287662435,399561.4435245113,236440.56406437836,307363.84479198704,223371.14101759542,False,False
WesternSahara,fft,high,30.35096308,0.6988639637108844,1.5e-06,0.013212413326568577,0.07048357664,139.9,200.18202005601728,298358.1163233158,204206.66314253965,246833.37569274948,215994.51189544122,False,False
WesternSahara,fft,low,30.32401223,0.698243391052062,1.51e-06,0.01312491390056481,0.07386709245999999,132.0,189.04582799002517,213203.47561054412,169607.13935219432,190160.0157715857,204735.87902245222,False,False
WesternSahara,fft,high,30.18687679,0.6950856982661355,1.53e-06,0.012953346398596645,0.07903740876,117.5,169.04390392882377,113233.92719449538,116753.71721308198,114980.35447237422,188841.64947157828,False,False
WesternSahara,fft,high,30.15860276,0.6944346579474544,1.53e-06,0.012953346398596645,0.0735629562,132.0,190.08267875073136,217068.3157291829,170292.44410124232,192263.08543884003,202894.98153960498,False,False
WesternSahara,fft,high,29.98016607,0.690325958921458,1.56e-06,0.012704243583239013,0.07116788320999999,104.6,151.52262296991339,71867.27334156871,89304.34652972005,80112.79474991222,205690.03998722258,False,False
WesternSahara,fft,low,29.14610643,0.6711208277878836,1.68e-06,0.011796797613007658,0.1008591849,210.0,312.90937682889677,1688154.176697422,287040.02939467423,696109.0607814052,134771.22432145744,False,False
WesternSahara,fft,high,30.79488506,0.7090857505353565,1.44e-06,0.013762930548508934,0.06352645985,117.5,165.70633369982127,135655.44293258438,145585.7135161751,140532.89455388396,249634.590730466,False,False
WesternSahara,fft,high,30.74422307,0.707919203067075,1.45e-06,0.013668013786105424,0.06246198297,157.1,221.91798063869564,579292.4418447532,295959.7625856545,414061.89580307587,252137.90481903963,False,False
WesternSahara,fft,high,29.66678018,0.6831099076653848,1.6e-06,0.01238663749365804,0.09572688564,157.1,229.97763352153575,408506.65458797564,187635.5734671613,276858.0509914176,149096.68824246433,False,False
WesternSahara,fft,high,29.64899858,0.6827004669690759,1.6e-06,0.01238663749365804,0.0989203163,148.2,217.07909569470525,297315.8536611173,162024.48684374648,219482.22848320307,144283.42082332296,False,False
WesternSahara,fft,high,29.44421173,0.6779850268253931,1.64e-06,0.012084524384056624,0.10230383209999999,157.1,231.71603174720144,387043.5667152189,173776.558400743,259343.59250792972,136108.785758284,False,False
WesternSahara,fft,low,29.49633819,0.6791852953095857,1.63e-06,0.01215866257046188,0.1019996959,139.9,205.9820802454666,218452.23539900043,138226.4475697515,173769.60741992528,137352.13931566858,False,False
WesternSahara,fft,high,29.75055761,0.6850389741877547,1.59e-06,0.0124645408741213,0.09511861314,139.9,204.22195710233615,230188.94212943412,149162.62453201794,185298.64205189198,150993.8558720367,False,False
WesternSahara,physics_colI,,29.54203876,0.6802376006815722,1.62e-06,0.012233716043119054,0.09679136253,2553.427285,3753.7285243296797,386428236148.52405,5575244.513018353,1467798318.3197951,145636.5195377603,False,False
WesternSahara,fft,high,29.31068994,0.6749105422643855,1.66e-06,0.011938927704730644,0.1056113139,87.9,130.23948285810977,21560.812764972503,27425.928486731533,24317.181354094973,130257.69110628226,False,False
WesternSahara,fft,high,30.02166727,0.6912815692279352,1.55e-06,0.012786206445066364,0.08306721411,148.2,214.3844224944673,343626.3017052668,194148.84364000498,258291.79065616668,177361.99529791556,False,False
WesternSahara,fft,high,30.00521885,0.6909028264523704,1.55e-06,0.012786206445066364,0.09097475668999999,132.0,191.05436386443822,177674.22948825484,137576.4905327884,156345.1212897651,161945.65805316655,False,False
WesternSahara,fft,high,29.63524688,0.6823838191070483,1.61e-06,0.012309701857051469,0.1011253041,148.2,217.17982732054094,289689.19741430104,157655.64983955238,213708.0687991214,140260.76163467468,False,False
WesternSahara,fft,high,29.58836614,0.681304339036128,1.61e-06,0.012309701857051469,0.10340632599999999,78.2,114.77983555870652,12168.767308062073,6600.400123496569,8962.071928016083,137166.77424168508,False,False
WesternSahara,physics_colI,,29.66990022,0.6831817499827304,1.6e-06,0.01238663749365804,0.10602950119999999,421.7266867,617.2979396927107,48232255.86293594,717197.0724518546,5881499.188357204,134609.34422172984,False,False
WesternSahara,fft,low,29.79055248,0.6859598996062538,1.58e-06,0.0125434303733246,0.09222931873000001,87.9,128.1416013537457,23941.288730357013,29541.22349367004,26594.26556816263,156709.67931598966,False,False
WesternSahara,fft,high,29.56534077,0.6807741548274194,1.62e-06,0.012233716043119054,0.1050410584,117.5,172.5976216441222,89170.93056470578,87980.67625933878,88573.80410571376,134198.54459679342,False,False
WhiteSands,fft,high,42.70551655,0.983341006009809,3.73e-06,0.005313302946341251,0.02068126521,69.7,70.88080286901483,2432.6580617451414,-122295.94820951919,,296030.1694669317,False,True
